path,row,timestamp,value,z
A_global_madz,2156,2013-12-10 08:55:00,49.87833928,5.029352287431497
A_global_madz,2161,2013-12-10 09:20:00,49.5653685,5.0691712606935635
A_global_madz,2163,2013-12-10 09:30:00,50.06264833,5.005902823127171
A_global_madz,2164,2013-12-10 09:35:00,49.05232909,5.134444774563377
A_global_madz,2165,2013-12-10 09:40:00,49.19075321,5.116833206054952
A_global_madz,2166,2013-12-10 09:45:00,50.02294496,5.01095424495142
A_global_madz,2167,2013-12-10 09:50:00,48.84619029,5.1606716170995215
A_global_madz,2168,2013-12-10 09:55:00,48.90238468,5.153522058559623
A_global_madz,2169,2013-12-10 10:00:00,49.26750333,5.10706836163037
A_global_madz,2170,2013-12-10 10:05:00,49.0532739,5.134324567289944
A_global_madz,2171,2013-12-10 10:10:00,49.08672459,5.130068667966986
A_global_madz,2172,2013-12-10 10:15:00,48.38789019,5.21898070086735
A_global_madz,2173,2013-12-10 10:20:00,48.99979912,5.141128112448426
A_global_madz,2174,2013-12-10 10:25:00,49.33466939,5.098522888000983
A_global_madz,2176,2013-12-10 10:35:00,49.85691601,5.0320779496013515
A_global_madz,2177,2013-12-10 10:40:00,49.2447705,5.109960637867598
A_global_madz,2178,2013-12-10 10:45:00,49.96490569,5.018338525810737
A_global_madz,2179,2013-12-10 10:50:00,49.74429909,5.04640609271534
A_global_madz,2180,2013-12-10 10:55:00,49.06922138,5.132295584649081
A_global_madz,2181,2013-12-10 11:00:00,50.00490871,5.013248979803337
A_global_madz,2182,2013-12-10 11:05:00,49.21118333,5.114233901410536
A_global_madz,2183,2013-12-10 11:10:00,49.3951279,5.09083080954831
A_global_madz,2184,2013-12-10 11:15:00,49.77422634,5.042598477296554
A_global_madz,2185,2013-12-10 11:20:00,49.50621606,5.076697169108227
A_global_madz,2186,2013-12-10 11:25:00,48.90221944,5.153543081886917
A_global_madz,2187,2013-12-10 11:30:00,48.45973964,5.209839364003748
A_global_madz,2188,2013-12-10 11:35:00,49.85036764,5.032911092458778
A_global_madz,2189,2013-12-10 11:40:00,50.04796176,5.0077713813936695
A_global_madz,2190,2013-12-10 11:45:00,50.09367246,5.001955652714173
A_global_madz,2191,2013-12-10 11:50:00,49.89225214,5.027582167548935
A_global_madz,2193,2013-12-10 12:00:00,49.59618902,5.065249995386294
A_global_madz,2194,2013-12-10 12:05:00,49.38520694,5.092093043808562
A_global_madz,2195,2013-12-10 12:10:00,49.54424707,5.071858520048659
A_global_madz,2202,2013-12-10 12:45:00,49.52384528,5.074454220294248
A_global_madz,2204,2013-12-10 12:55:00,49.8900245,5.027865588057384
A_global_madz,2205,2013-12-10 13:00:00,49.62962429,5.0609960579352
A_global_madz,2207,2013-12-10 13:10:00,49.57538032,5.067897466402337
A_global_madz,2213,2013-12-10 13:40:00,49.6258836,5.061471982349268
A_global_madz,2214,2013-12-10 13:45:00,49.78787651,5.040861779211664
A_global_madz,2216,2013-12-10 13:55:00,50.0099379,5.012609120765571
A_global_madz,3871,2013-12-16 07:50:00,49.21029401,5.114347048744294
A_global_madz,3872,2013-12-16 07:55:00,48.84738522,5.1605195872975065
A_global_madz,3876,2013-12-16 08:15:00,50.02062105,5.011249913799972
A_global_madz,3877,2013-12-16 08:20:00,49.74401138,5.046442697783701
A_global_madz,3878,2013-12-16 08:25:00,49.97094575,5.017570054748866
A_global_madz,3879,2013-12-16 08:30:00,49.33884328,5.097991847964885
A_global_madz,3880,2013-12-16 08:35:00,48.78436052,5.168538159651608
A_global_madz,3881,2013-12-16 08:40:00,49.53339906,5.073238701994516
A_global_madz,3882,2013-12-16 08:45:00,49.78162577,5.041657054888608
A_global_madz,3883,2013-12-16 08:50:00,49.62187665,5.0619817827686955
A_global_madz,3884,2013-12-16 08:55:00,49.68919324,5.053417157351256
A_global_madz,3885,2013-12-16 09:00:00,48.30739042,5.229222609678239
A_global_madz,3886,2013-12-16 09:05:00,48.82902834,5.162855115597928
A_global_madz,3889,2013-12-16 09:20:00,48.10254852,5.2552844488667105
A_global_madz,3890,2013-12-16 09:25:00,49.46442467,5.082014247721747
A_global_madz,3891,2013-12-16 09:30:00,48.33883452,5.225222006883467
A_global_madz,3892,2013-12-16 09:35:00,48.00434093,5.267779306694467
A_global_madz,3893,2013-12-16 09:40:00,48.90008594,5.153814525053129
A_global_madz,3895,2013-12-16 09:50:00,49.56887872,5.068724658757357
A_global_madz,3896,2013-12-16 09:55:00,49.37605213,5.0932578015364545
A_global_madz,3897,2013-12-16 10:00:00,48.80167321,5.166335482647051
A_global_madz,3898,2013-12-16 10:05:00,47.80191086,5.293534291056804
A_global_madz,3899,2013-12-16 10:10:00,49.07504767,5.131554311340031
A_global_madz,3900,2013-12-16 10:15:00,49.24019399,5.11054290286155
A_global_madz,3901,2013-12-16 10:20:00,48.20736299,5.241949004010141
A_global_madz,3902,2013-12-16 10:25:00,48.62104883,5.189316149908376
A_global_madz,3903,2013-12-16 10:30:00,49.51150583,5.076024156726073
A_global_madz,3904,2013-12-16 10:35:00,47.52778085,5.328411590268315
A_global_madz,3905,2013-12-16 10:40:00,49.15285659,5.121654756803245
A_global_madz,3906,2013-12-16 10:45:00,48.22976589,5.239098704451528
A_global_madz,3907,2013-12-16 10:50:00,48.76461254,5.171050676275684
A_global_madz,3908,2013-12-16 10:55:00,48.41482013,5.215554430335612
A_global_madz,3909,2013-12-16 11:00:00,48.5520704,5.198092209640947
A_global_madz,3910,2013-12-16 11:05:00,48.61894249,5.189584137533741
A_global_madz,3911,2013-12-16 11:10:00,47.50916129,5.330780539094117
A_global_madz,3912,2013-12-16 11:15:00,48.65187261,5.1853944698344225
A_global_madz,3913,2013-12-16 11:20:00,47.07105491,5.386520395163623
A_global_madz,3914,2013-12-16 11:25:00,47.48283583,5.3341299022131015
A_global_madz,3915,2013-12-16 11:30:00,47.15190756,5.3762335897675495
A_global_madz,3916,2013-12-16 11:35:00,47.97227843,5.27185858793029
A_global_madz,3917,2013-12-16 11:40:00,47.95899435,5.27354870873432
A_global_madz,3918,2013-12-16 11:45:00,46.96989176,5.399391286065822
A_global_madz,3919,2013-12-16 11:50:00,48.74477405,5.173574708400568
A_global_madz,3920,2013-12-16 11:55:00,47.42435797,5.3415699844589986
A_global_madz,3921,2013-12-16 12:00:00,46.61640041,5.444365652727215
A_global_madz,3922,2013-12-16 12:05:00,47.59462942,5.3199065105882335
A_global_madz,3923,2013-12-16 12:10:00,48.31961709,5.227667022138039
A_global_madz,3924,2013-12-16 12:15:00,47.22434182,5.367017848086497
A_global_madz,3925,2013-12-16 12:20:00,47.90009631,5.28104225008009
A_global_madz,3926,2013-12-16 12:25:00,48.16424514,5.247434846861885
A_global_madz,3927,2013-12-16 12:30:00,47.60611477,5.318445240483224
A_global_madz,3928,2013-12-16 12:35:00,47.14741295,5.3768054347027645
A_global_madz,3929,2013-12-16 12:40:00,47.88889085,5.282467910047864
A_global_madz,3930,2013-12-16 12:45:00,47.25605389,5.3629831517247
A_global_madz,3931,2013-12-16 12:50:00,46.88716102,5.409917039057878
A_global_madz,3932,2013-12-16 12:55:00,46.76427792,5.425551338442824
A_global_madz,3933,2013-12-16 13:00:00,46.26625835,5.488913892422514
A_global_madz,3934,2013-12-16 13:05:00,47.21476764,5.368235961858735
A_global_madz,3935,2013-12-16 13:10:00,47.12237735,5.379990690166549
A_global_madz,3936,2013-12-16 13:15:00,47.84390938,5.288190859491319
A_global_madz,3937,2013-12-16 13:20:00,46.28042599,5.487111357124022
A_global_madz,3938,2013-12-16 13:25:00,47.89438575,5.281768799171834
A_global_madz,3939,2013-12-16 13:30:00,45.88065187,5.537974236384335
A_global_madz,3940,2013-12-16 13:35:00,45.93348708,5.531252063105777
A_global_madz,3941,2013-12-16 13:40:00,46.44069985,5.46671986707518
A_global_madz,3942,2013-12-16 13:45:00,45.69180477,5.562001072453565
A_global_madz,3943,2013-12-16 13:50:00,47.54428761,5.326311450967505
A_global_madz,3944,2013-12-16 13:55:00,45.66502197,5.565408622503711
A_global_madz,3945,2013-12-16 14:00:00,45.78300206,5.5503981283957105
A_global_madz,3946,2013-12-16 14:05:00,46.93858357,5.403374597161171
A_global_madz,3947,2013-12-16 14:10:00,46.25313734,5.490583265986274
A_global_madz,3948,2013-12-16 14:15:00,47.62256048,5.316352868515573
A_global_madz,3949,2013-12-16 14:20:00,46.27868176,5.487333273840123
A_global_madz,3950,2013-12-16 14:25:00,46.96455654,5.400070081008045
A_global_madz,3951,2013-12-16 14:30:00,47.48451206,5.3339166370720195
A_global_madz,3952,2013-12-16 14:35:00,47.34018048,5.352279806071029
A_global_madz,3953,2013-12-16 14:40:00,46.41420425,5.470090876943777
A_global_madz,3954,2013-12-16 14:45:00,47.49389536,5.332722808779774
A_global_madz,3955,2013-12-16 14:50:00,46.9063076,5.407481037981101
A_global_madz,3956,2013-12-16 14:55:00,45.33579904,5.607295341279595
A_global_madz,3957,2013-12-16 15:00:00,45.20852682,5.623488064207863
A_global_madz,3958,2013-12-16 15:05:00,46.34479413,5.478921860182522
A_global_madz,3959,2013-12-16 15:10:00,46.21011068,5.49605750682146
A_global_madz,3960,2013-12-16 15:15:00,45.54831103,5.580257643870021
A_global_madz,3961,2013-12-16 15:20:00,45.7257248,5.557685459450911
A_global_madz,3962,2013-12-16 15:25:00,43.17745454,5.881899449483654
A_global_madz,3963,2013-12-16 15:30:00,41.30898865,6.119622579147686
A_global_madz,3964,2013-12-16 15:35:00,40.46142699,6.227457039212913
A_global_madz,3965,2013-12-16 15:40:00,37.79127513,6.567177908742641
A_global_madz,3966,2013-12-16 15:45:00,36.24965328,6.763316983532204
A_global_madz,3967,2013-12-16 15:50:00,35.07245553,6.913090728325296
A_global_madz,3968,2013-12-16 15:55:00,32.45494267,7.246114388187265
A_global_madz,3969,2013-12-16 16:00:00,30.69964858,7.469438777885158
A_global_madz,3970,2013-12-16 16:05:00,30.50446055,7.494272364418845
A_global_madz,3971,2013-12-16 16:10:00,27.21222794,7.913139973305827
A_global_madz,3972,2013-12-16 16:15:00,25.68067158,8.107998425421352
A_global_madz,3973,2013-12-16 16:20:00,23.82904352,8.343579294064845
A_global_madz,3974,2013-12-16 16:25:00,22.9838387,8.451113895629089
A_global_madz,3975,2013-12-16 16:30:00,21.73703176,8.609743951146791
A_global_madz,3976,2013-12-16 16:35:00,19.27717911,8.922708653151794
A_global_madz,3977,2013-12-16 16:40:00,18.5919706,9.009887077088466
A_global_madz,3978,2013-12-16 16:45:00,16.45710857,9.281503533074456
A_global_madz,3979,2013-12-16 16:50:00,14.6710595,9.50874084948805
A_global_madz,3980,2013-12-16 16:55:00,12.41409266,9.795892583766026
A_global_madz,3981,2013-12-16 17:00:00,9.633951608,10.149607273087378
A_global_madz,3982,2013-12-16 17:05:00,10.00196599,10.10278515494295
A_global_madz,3983,2013-12-16 17:10:00,6.918644935,10.495073146324803
A_global_madz,3984,2013-12-16 17:15:00,6.440237831,10.55594042499714
A_global_madz,3985,2013-12-16 17:20:00,4.117241297,10.851493054144242
A_global_madz,3986,2013-12-16 17:25:00,2.084721206,11.110088643030023
A_global_madz,3987,2013-12-16 17:30:00,12.12038123,9.833261208331976
A_global_madz,3988,2013-12-16 17:35:00,32.00170328,7.303779602657848
A_global_madz,3989,2013-12-16 17:40:00,41.29106488,6.1219030032766915
A_global_madz,3990,2013-12-16 17:45:00,41.16242458,6.138269785716011
A_global_madz,3991,2013-12-16 17:50:00,41.14081509,6.141019140478513
A_global_madz,3992,2013-12-16 17:55:00,40.78222417,6.186642320557816
A_global_madz,3993,2013-12-16 18:00:00,42.95940386,5.909641829129113
A_global_madz,3994,2013-12-16 18:05:00,42.1564866,6.011796224844878
A_global_madz,3995,2013-12-16 18:10:00,41.81195211,6.055631018767715
A_global_madz,3996,2013-12-16 18:15:00,42.55128466,5.961566444943203
A_global_madz,3997,2013-12-16 18:20:00,42.49538316,5.96867873936829
A_global_madz,3998,2013-12-16 18:25:00,41.79045369,6.058366242200257
A_global_madz,3999,2013-12-16 18:30:00,43.92541428,5.786737246519651
A_global_madz,16637,2014-01-29 14:40:00,49.72371475,5.049025018622983
A_global_madz,16638,2014-01-29 14:45:00,48.94140441,5.148557615599283
A_global_madz,16639,2014-01-29 14:50:00,48.92701514,5.150388348670883
A_global_madz,16640,2014-01-29 14:55:00,49.50547939,5.07679089492836
A_global_madz,16641,2014-01-29 15:00:00,49.54793659,5.071389105944793
A_global_madz,16643,2014-01-29 15:10:00,49.31933643,5.100473685849487
A_global_madz,16644,2014-01-29 15:15:00,49.70718542,5.0511280294833245
A_global_madz,16645,2014-01-29 15:20:00,49.3111998,5.101508901508959
A_global_madz,16647,2014-01-29 15:30:00,50.03042991,5.010001941915596
A_global_madz,16965,2014-01-30 18:00:00,49.66754302,5.056171694152737
A_global_madz,16970,2014-01-30 18:25:00,48.62839923,5.188380965540476
A_global_madz,16971,2014-01-30 18:30:00,48.74219155,5.173903277407709
A_global_madz,16972,2014-01-30 18:35:00,48.44266497,5.212011757951159
A_global_madz,16973,2014-01-30 18:40:00,49.01703528,5.138935172282635
A_global_madz,16974,2014-01-30 18:45:00,48.87283426,5.157281730257609
A_global_madz,16975,2014-01-30 18:50:00,48.42704879,5.2139985896096155
A_global_madz,16976,2014-01-30 18:55:00,47.19916354,5.370221256590335
A_global_madz,16977,2014-01-30 19:00:00,46.62703434,5.443012707975181
A_global_madz,16978,2014-01-30 19:05:00,48.48863623,5.206162878471857
A_global_madz,16979,2014-01-30 19:10:00,48.63583292,5.1874351842654685
A_global_madz,16980,2014-01-30 19:15:00,49.97946841,5.016485724861386
A_global_madz,17998,2014-02-03 08:05:00,49.81559975,5.03733457787901
A_global_madz,18004,2014-02-03 08:35:00,48.93508502,5.1493616255501236
A_global_madz,18006,2014-02-03 08:45:00,49.52295139,5.07456794906474
A_global_madz,18007,2014-02-03 08:50:00,48.63095252,5.18805611289372
A_global_madz,18009,2014-02-03 09:00:00,49.49746594,5.0778104385141445
A_global_madz,18010,2014-02-03 09:05:00,49.06554792,5.132762955454495
A_global_madz,18011,2014-02-03 09:10:00,49.91850516,5.0242420209019265
A_global_madz,18012,2014-02-03 09:15:00,49.86739198,5.0307451019491705
A_global_madz,18013,2014-02-03 09:20:00,48.96407003,5.145673890426126
A_global_madz,18014,2014-02-03 09:25:00,49.87075617,5.030317079270318
A_global_madz,18015,2014-02-03 09:30:00,48.31568935,5.22816674474486
A_global_madz,18016,2014-02-03 09:35:00,49.27527992,5.10607895351604
A_global_madz,18017,2014-02-03 09:40:00,49.47535323,5.080623817476364
A_global_madz,18018,2014-02-03 09:45:00,48.51089795,5.203330541109731
A_global_madz,18019,2014-02-03 09:50:00,48.73634681,5.174646898092631
A_global_madz,18020,2014-02-03 09:55:00,48.15278578,5.248892810284031
A_global_madz,18021,2014-02-03 10:00:00,48.4171427,5.215258931973978
A_global_madz,18022,2014-02-03 10:05:00,47.84020769,5.288661821972655
A_global_madz,18023,2014-02-03 10:10:00,47.47862847,5.334665200605315
A_global_madz,18024,2014-02-03 10:15:00,46.55879317,5.451694966822483
A_global_madz,18025,2014-02-03 10:20:00,48.22882113,5.239218905363508
A_global_madz,18026,2014-02-03 10:25:00,46.24988012,5.4909976789742485
A_global_madz,18027,2014-02-03 10:30:00,48.20282348,5.242526561529449
A_global_madz,18028,2014-02-03 10:35:00,46.00798634,5.521773593448054
A_global_madz,18029,2014-02-03 10:40:00,47.54683829,5.325986930388554
A_global_madz,18030,2014-02-03 10:45:00,45.83463393,5.543829054915431
A_global_madz,18031,2014-02-03 10:50:00,45.74162255,5.555662803910426
A_global_madz,18032,2014-02-03 10:55:00,46.83084682,5.417081840909587
A_global_madz,18033,2014-02-03 11:00:00,47.12750298,5.379338561159741
A_global_madz,18034,2014-02-03 11:05:00,45.43152885,5.595115729033453
A_global_madz,18035,2014-02-03 11:10:00,44.67244412,5.691693353844028
A_global_madz,18036,2014-02-03 11:15:00,46.08151724,5.51241832730776
A_global_madz,18037,2014-02-03 11:20:00,44.6126224,5.699304414113524
A_global_madz,18038,2014-02-03 11:25:00,44.80696725,5.674578104565487
A_global_madz,18039,2014-02-03 11:30:00,45.03879087,5.645083406925358
A_global_madz,18040,2014-02-03 11:35:00,45.22417529,5.6214971243235645
A_global_madz,18041,2014-02-03 11:40:00,43.9247014,5.786827945560818
A_global_madz,18042,2014-02-03 11:45:00,44.21495123,5.749899737054933
A_global_madz,18043,2014-02-03 11:50:00,49.97062583,5.017610757864747
A_global_madz,19296,2014-02-07 20:15:00,49.47553976,5.080600085442715
A_global_madz,19301,2014-02-07 20:40:00,49.59730685,5.065107774943601
A_global_madz,19303,2014-02-07 20:50:00,48.62938293,5.188255810329507
A_global_madz,19304,2014-02-07 20:55:00,49.12552808,5.125131737015206
A_global_madz,19306,2014-02-07 21:05:00,48.93097271,5.149884830821668
A_global_madz,19308,2014-02-07 21:15:00,49.92951294,5.022841511571648
A_global_madz,19309,2014-02-07 21:20:00,49.44730018,5.08419298022015
A_global_madz,19310,2014-02-07 21:25:00,49.59755235,5.0650765402132025
A_global_madz,19311,2014-02-07 21:30:00,49.71708375,5.049868674416347
A_global_madz,19312,2014-02-07 21:35:00,49.10182838,5.128147027198587
A_global_madz,19313,2014-02-07 21:40:00,48.97980874,5.143671469392861
A_global_madz,19314,2014-02-07 21:45:00,49.57133942,5.068411586247821
A_global_madz,19315,2014-02-07 21:50:00,49.35000845,5.09657131405531
A_global_madz,19316,2014-02-07 21:55:00,49.51040382,5.076164364405283
A_global_madz,19317,2014-02-07 22:00:00,47.52361042,5.32894219009192
A_global_madz,19318,2014-02-07 22:05:00,48.46513678,5.2091526910390975
A_global_madz,19319,2014-02-07 22:10:00,48.92819317,5.150238469039717
A_global_madz,19320,2014-02-07 22:15:00,47.53537232,5.327445734794683
A_global_madz,19321,2014-02-07 22:20:00,47.44274773,5.3392302728675975
A_global_madz,19322,2014-02-07 22:25:00,48.501459,5.204531449698297
A_global_madz,19323,2014-02-07 22:30:00,47.59503947,5.31985434031858
A_global_madz,19324,2014-02-07 22:35:00,48.28377166,5.232227601942766
A_global_madz,19325,2014-02-07 22:40:00,47.47392072,5.335264163139052
A_global_madz,19326,2014-02-07 22:45:00,46.41796917,5.469611869769964
A_global_madz,19327,2014-02-07 22:50:00,48.16173707,5.247753946211254
A_global_madz,19328,2014-02-07 22:55:00,46.94337792,5.402764616592188
A_global_madz,19329,2014-02-07 23:00:00,47.16443489,5.3746397495428635
A_global_madz,19330,2014-02-07 23:05:00,46.13365072,5.505785434466523
A_global_madz,19331,2014-02-07 23:10:00,47.05679088,5.388335194069703
A_global_madz,19332,2014-02-07 23:15:00,45.76381338,5.552839485815258
A_global_madz,19333,2014-02-07 23:20:00,47.34047672,5.352242115738918
A_global_madz,19334,2014-02-07 23:25:00,46.2342002,5.492992620211995
A_global_madz,19335,2014-02-07 23:30:00,46.41004714,5.4706197820765095
A_global_madz,19336,2014-02-07 23:35:00,45.40564636,5.598408733502643
A_global_madz,19337,2014-02-07 23:40:00,46.33290026,5.4804351058967455
A_global_madz,19338,2014-02-07 23:45:00,47.03048844,5.3916816283760856
A_global_madz,19339,2014-02-07 23:50:00,45.35114179,5.605343297858748
A_global_madz,19340,2014-02-07 23:55:00,45.40691829,5.598246907064209
A_global_madz,19341,2014-02-08 00:00:00,44.80688124,5.674589047535595
A_global_madz,19342,2014-02-08 00:05:00,46.36014108,5.476969282399688
A_global_madz,19343,2014-02-08 00:10:00,45.61237411,5.572106959420803
A_global_madz,19344,2014-02-08 00:15:00,44.892107,5.663745855533199
A_global_madz,19345,2014-02-08 00:20:00,44.4510149,5.719865581905128
A_global_madz,19346,2014-02-08 00:25:00,44.50873845,5.712521469799705
A_global_madz,19347,2014-02-08 00:30:00,44.92545998,5.65950238776017
A_global_madz,19348,2014-02-08 00:35:00,45.63077534,5.569765788512263
A_global_madz,19349,2014-02-08 00:40:00,44.85854179,5.668016325126323
A_global_madz,19350,2014-02-08 00:45:00,44.19545717,5.752379947680056
A_global_madz,19351,2014-02-08 00:50:00,45.37164579,5.602734593532531
A_global_madz,19352,2014-02-08 00:55:00,44.79635945,5.67592772482259
A_global_madz,19353,2014-02-08 01:00:00,45.29413471,5.612596254170735
A_global_madz,19354,2014-02-08 01:05:00,43.2713445,5.8699539195948365
A_global_madz,19355,2014-02-08 01:10:00,45.16192645,5.629416984751284
A_global_madz,19356,2014-02-08 01:15:00,44.3891277,5.7277394312212335
A_global_madz,19357,2014-02-08 01:20:00,45.02539706,5.646787488572427
A_global_madz,19358,2014-02-08 01:25:00,44.10650919,5.763696714176068
A_global_madz,19359,2014-02-08 01:30:00,43.90195256,5.789722258735047
A_global_madz,19360,2014-02-08 01:35:00,42.61768752,5.953118072520497
A_global_madz,19361,2014-02-08 01:40:00,43.5560632,5.833729431473261
A_global_madz,19362,2014-02-08 01:45:00,44.05794739,5.769875185584031
A_global_madz,19363,2014-02-08 01:50:00,42.69159807,5.943714503873498
A_global_madz,19364,2014-02-08 01:55:00,43.89784601,5.790244731167295
A_global_madz,19365,2014-02-08 02:00:00,42.01888967,6.029302550760072
A_global_madz,19366,2014-02-08 02:05:00,43.37673591,5.856545071213395
A_global_madz,19367,2014-02-08 02:10:00,42.93136273,5.913209475302689
A_global_madz,19368,2014-02-08 02:15:00,43.11795765,5.889469181942658
A_global_madz,19369,2014-02-08 02:20:00,43.77390143,5.806014081638282
A_global_madz,19370,2014-02-08 02:25:00,42.76450933,5.93443807393827
A_global_madz,19371,2014-02-08 02:30:00,43.21855143,5.876670731441465
A_global_madz,19372,2014-02-08 02:35:00,41.42083316,6.105392709019878
A_global_madz,19373,2014-02-08 02:40:00,41.29397229,6.121533096280735
A_global_madz,19374,2014-02-08 02:45:00,41.54173341,6.090010685745606
A_global_madz,19375,2014-02-08 02:50:00,42.097787200000006,6.01926449341327
A_global_madz,19376,2014-02-08 02:55:00,41.12757419,6.142703767532405
A_global_madz,19377,2014-02-08 03:00:00,41.5399956,6.090231785651241
A_global_madz,19378,2014-02-08 03:05:00,41.94835863,6.038276147579256
A_global_madz,19379,2014-02-08 03:10:00,42.2700777,5.997344137740424
A_global_madz,19380,2014-02-08 03:15:00,40.50350095,6.222104009488318
A_global_madz,19381,2014-02-08 03:20:00,40.65499531,6.202829526834718
A_global_madz,19382,2014-02-08 03:25:00,40.79634379,6.184845894798035
A_global_madz,19383,2014-02-08 03:30:00,41.80214643,6.056878586063731
A_global_madz,19384,2014-02-08 03:35:00,40.23128179,6.256738193080354
A_global_madz,19385,2014-02-08 03:40:00,41.05704826,6.151676714211172
A_global_madz,19386,2014-02-08 03:45:00,40.28389419,6.2500443677051765
A_global_madz,19387,2014-02-08 03:50:00,40.69634404,6.197568767429989
A_global_madz,19388,2014-02-08 03:55:00,40.33576107,6.243445394127174
A_global_madz,19389,2014-02-08 04:00:00,41.54545549,6.089537129064054
A_global_madz,19390,2014-02-08 04:05:00,41.20191724,6.133245172323707
A_global_madz,19391,2014-02-08 04:10:00,40.46801319,6.226619083280737
A_global_madz,19392,2014-02-08 04:15:00,39.26537555,6.3796295209679705
A_global_madz,19393,2014-02-08 04:20:00,39.51530054,6.3478318033205525
A_global_madz,19394,2014-02-08 04:25:00,39.34890418,6.369002253193686
A_global_madz,19395,2014-02-08 04:30:00,39.32321689,6.3722704225534095
A_global_madz,19396,2014-02-08 04:35:00,40.4303953,6.231405171477486
A_global_madz,19397,2014-02-08 04:40:00,39.89494125,6.299530478574894
A_global_madz,19398,2014-02-08 04:45:00,40.72720565,6.193642274281285
A_global_madz,19399,2014-02-08 04:50:00,40.37632385,6.2382846303898845
A_global_madz,19400,2014-02-08 04:55:00,40.10114535,6.27329532798215
A_global_madz,19401,2014-02-08 05:00:00,38.07540386,6.531028481940385
A_global_madz,19402,2014-02-08 05:05:00,40.12608065,6.270122833591519
A_global_madz,19403,2014-02-08 05:10:00,39.46909278,6.353710772468855
A_global_madz,19404,2014-02-08 05:15:00,39.16355231,6.3925843944900835
A_global_madz,19405,2014-02-08 05:20:00,38.78312964,6.440985207259295
A_global_madz,19406,2014-02-08 05:25:00,39.11268638,6.399056018156101
A_global_madz,19407,2014-02-08 05:30:00,38.47910082,6.479666503495569
A_global_madz,19408,2014-02-08 05:35:00,38.01951263,6.538139469723188
A_global_madz,19409,2014-02-08 05:40:00,37.71402559,6.5770062938965745
A_global_madz,19410,2014-02-08 05:45:00,38.50288978,6.476639856847686
A_global_madz,19411,2014-02-08 05:50:00,38.21991984,6.51264185190559
A_global_madz,19412,2014-02-08 05:55:00,37.02328168,6.664888981485574
A_global_madz,19413,2014-02-08 06:00:00,38.55219768,6.470366459849702
A_global_madz,19414,2014-02-08 06:05:00,36.94350456,6.675038948227532
A_global_madz,19415,2014-02-08 06:10:00,36.79074012,6.694475021945833
A_global_madz,19416,2014-02-08 06:15:00,37.38743031,6.6185586992739625
A_global_madz,19417,2014-02-08 06:20:00,37.76166671,6.570944959725203
A_global_madz,19418,2014-02-08 06:25:00,37.54001524,6.599145464441419
A_global_madz,19419,2014-02-08 06:30:00,37.52627528,6.600893586422205
A_global_madz,19420,2014-02-08 06:35:00,36.86034799,6.6856188791635605
A_global_madz,19421,2014-02-08 06:40:00,36.64729792,6.712725035977342
A_global_madz,19422,2014-02-08 06:45:00,37.13821984,6.650265509224582
A_global_madz,19423,2014-02-08 06:50:00,36.91895932,6.678161815657107
A_global_madz,19424,2014-02-08 06:55:00,35.79444832,6.821232275595571
A_global_madz,19425,2014-02-08 07:00:00,36.83927414,6.688300084960725
A_global_madz,19426,2014-02-08 07:05:00,36.93841282,6.675686765442024
A_global_madz,19427,2014-02-08 07:10:00,37.61005781,6.590234015193548
A_global_madz,19428,2014-02-08 07:15:00,36.3088873,6.755780695772097
A_global_madz,19429,2014-02-08 07:20:00,36.52423117,6.72838270097629
A_global_madz,19430,2014-02-08 07:25:00,35.41025841,6.870112390709979
A_global_madz,19431,2014-02-08 07:30:00,35.87612205,6.810841004975729
A_global_madz,19432,2014-02-08 07:35:00,35.19517988,6.897476626551148
A_global_madz,19433,2014-02-08 07:40:00,34.896682500000004,6.935454162962108
A_global_madz,19434,2014-02-08 07:45:00,36.72271914,6.703129266229851
A_global_madz,19435,2014-02-08 07:50:00,34.50600617,6.985159539094642
A_global_madz,19436,2014-02-08 07:55:00,36.37180059,6.747776298005832
A_global_madz,19437,2014-02-08 08:00:00,34.66410663,6.965044568650883
A_global_madz,19438,2014-02-08 08:05:00,34.31753233,7.009138885650762
A_global_madz,19439,2014-02-08 08:10:00,34.91045416,6.933702007820615
A_global_madz,19440,2014-02-08 08:15:00,34.43275866,6.994478749796047
A_global_madz,19441,2014-02-08 08:20:00,34.82385733,6.944719639748905
A_global_madz,19442,2014-02-08 08:25:00,35.450041799999994,6.865050788017599
A_global_madz,19443,2014-02-08 08:30:00,34.75154534,6.953919825134699
A_global_madz,19444,2014-02-08 08:35:00,35.49786592,6.858966170931103
A_global_madz,19445,2014-02-08 08:40:00,34.67205532,6.9640332644180125
A_global_madz,19446,2014-02-08 08:45:00,34.66278524,6.965212687837852
A_global_madz,19447,2014-02-08 08:50:00,34.70927264,6.959298140359576
A_global_madz,19448,2014-02-08 08:55:00,33.41287418,7.124237677576834
A_global_madz,19449,2014-02-08 09:00:00,34.12959421,7.033050073063219
A_global_madz,19450,2014-02-08 09:05:00,32.81618429,7.200153962079992
A_global_madz,19451,2014-02-08 09:10:00,34.56199658,6.978035932735217
A_global_madz,19452,2014-02-08 09:15:00,33.63998163,7.0953430137389955
A_global_madz,19453,2014-02-08 09:20:00,33.20924363,7.1501453978623815
A_global_madz,19454,2014-02-08 09:25:00,34.03420212,7.045186717516489
A_global_madz,19455,2014-02-08 09:30:00,33.37793471,7.128682992956502
A_global_madz,19456,2014-02-08 09:35:00,33.73597375,7.083130028042219
A_global_madz,19457,2014-02-08 09:40:00,33.49156022,7.114226527900631
A_global_madz,19458,2014-02-08 09:45:00,34.03521109,7.045058347227569
A_global_madz,19459,2014-02-08 09:50:00,32.13076877,7.287358723701142
A_global_madz,19460,2014-02-08 09:55:00,33.85643289,7.067804126771718
A_global_madz,19461,2014-02-08 10:00:00,33.61549172,7.098458841585545
A_global_madz,19462,2014-02-08 10:05:00,31.55514265,7.360595084875905
A_global_madz,19463,2014-02-08 10:10:00,31.45281656,7.37361393552299
A_global_madz,19464,2014-02-08 10:15:00,32.70383369,7.214448221554877
A_global_madz,19465,2014-02-08 10:20:00,32.35902129,7.258318373701442
A_global_madz,19466,2014-02-08 10:25:00,31.24466023,7.400097466473068
A_global_madz,19467,2014-02-08 10:30:00,31.68283609,7.344348770529559
A_global_madz,19468,2014-02-08 10:35:00,31.08796919,7.4200331177570815
A_global_madz,19469,2014-02-08 10:40:00,31.56471764,7.359376868048141
A_global_madz,19470,2014-02-08 10:45:00,31.71067997,7.340806220284988
A_global_madz,19471,2014-02-08 10:50:00,31.04573726,7.425406245853817
A_global_madz,19472,2014-02-08 10:55:00,32.31308445,7.264162873957037
A_global_madz,19473,2014-02-08 11:00:00,30.81680427,7.454533171401355
A_global_madz,19474,2014-02-08 11:05:00,30.79737598,7.457005014172229
A_global_madz,19475,2014-02-08 11:10:00,31.477618,7.370458472012241
A_global_madz,19476,2014-02-08 11:15:00,31.76443225,7.33396736906669
A_global_madz,19477,2014-02-08 11:20:00,31.14882249,7.412290810549972
A_global_madz,19478,2014-02-08 11:25:00,30.32212341,7.517470944498243
A_global_madz,19479,2014-02-08 11:30:00,31.19156563,7.406852641693452
A_global_madz,19480,2014-02-08 11:35:00,30.66658199,7.473645808532166
A_global_madz,19481,2014-02-08 11:40:00,31.66734549,7.346319624764619
A_global_madz,19482,2014-02-08 11:45:00,30.02190974,7.555666842845804
A_global_madz,19483,2014-02-08 11:50:00,30.77339762,7.46005575800112
A_global_madz,19484,2014-02-08 11:55:00,29.60027776,7.609310676746376
A_global_madz,19485,2014-02-08 12:00:00,29.13736079,7.668207160472386
A_global_madz,19486,2014-02-08 12:05:00,31.10798131,7.41748699485322
A_global_madz,19487,2014-02-08 12:10:00,30.57627902,7.485134969111039
A_global_madz,19488,2014-02-08 12:15:00,30.80034788,7.456626902175199
A_global_madz,19489,2014-02-08 12:20:00,29.93062046,7.567281490703452
A_global_madz,19490,2014-02-08 12:25:00,30.13984525,7.540662020608603
A_global_madz,19491,2014-02-08 12:30:00,29.02950232,7.681929890540086
A_global_madz,19492,2014-02-08 12:35:00,29.74236248,7.591233373598049
A_global_madz,19493,2014-02-08 12:40:00,29.65401173,7.602474155091879
A_global_madz,19494,2014-02-08 12:45:00,28.2004452,7.7874100356641955
A_global_madz,19495,2014-02-08 12:50:00,29.26456305,7.652023338488064
A_global_madz,19496,2014-02-08 12:55:00,28.87987444,7.70096690272691
A_global_madz,19497,2014-02-08 13:00:00,28.88453303,7.700374194772994
A_global_madz,19498,2014-02-08 13:05:00,27.96898542,7.816858442288814
A_global_madz,19499,2014-02-08 13:10:00,29.46889572,7.626026288145867
A_global_madz,19500,2014-02-08 13:15:00,28.52259684,7.746422990357631
A_global_madz,19501,2014-02-08 13:20:00,28.43934042,7.757015625113743
A_global_madz,19502,2014-02-08 13:25:00,28.65628801,7.729413590554863
A_global_madz,19503,2014-02-08 13:30:00,28.19350637,7.788292856374295
A_global_madz,19504,2014-02-08 13:35:00,28.58495502,7.7384892187061975
A_global_madz,19505,2014-02-08 13:40:00,28.68956624,7.7251796331529
A_global_madz,19506,2014-02-08 13:45:00,26.90880571,7.951744093676064
A_global_madz,19507,2014-02-08 13:50:00,28.42258634,7.759147230701813
A_global_madz,19508,2014-02-08 13:55:00,27.86689974,7.829846705801336
A_global_madz,19509,2014-02-08 14:00:00,27.00944268,7.938940148152441
A_global_madz,19510,2014-02-08 14:05:00,27.05223016,7.933496337960093
A_global_madz,19511,2014-02-08 14:10:00,26.90334248,7.952439175208258
A_global_madz,19512,2014-02-08 14:15:00,26.43806278,8.011636266814326
A_global_madz,19513,2014-02-08 14:20:00,27.60635926,7.862995022097209
A_global_madz,19514,2014-02-08 14:25:00,27.02299853,7.937215450311019
A_global_madz,19515,2014-02-08 14:30:00,25.88775208,8.081651771294101
A_global_madz,19516,2014-02-08 14:35:00,26.57709669,7.99394711530692
A_global_madz,19517,2014-02-08 14:40:00,27.86252302,7.830403551704509
A_global_madz,19518,2014-02-08 14:45:00,26.7177708,7.976049282720904
A_global_madz,19519,2014-02-08 14:50:00,27.13922521,7.922428040881745
A_global_madz,19520,2014-02-08 14:55:00,27.44186472,7.883923505229136
A_global_madz,19521,2014-02-08 15:00:00,26.43479209,8.012052393577529
A_global_madz,19522,2014-02-08 15:05:00,27.01604579,7.938100040777125
A_global_madz,19523,2014-02-08 15:10:00,26.63045192,7.987158780380697
A_global_madz,19524,2014-02-08 15:15:00,26.81343428,7.963878109577276
A_global_madz,19525,2014-02-08 15:20:00,26.71674166,7.97618021921965
A_global_madz,19526,2014-02-08 15:25:00,28.13966046,7.795143620048021
A_global_madz,19527,2014-02-08 15:30:00,27.30947589,7.900767209558231
A_global_madz,19528,2014-02-08 15:35:00,29.25443175,7.6533123341055145
A_global_madz,19529,2014-02-08 15:40:00,27.8822206,7.827897447424271
A_global_madz,19530,2014-02-08 15:45:00,28.76582717,7.7154770279045435
A_global_madz,19531,2014-02-08 15:50:00,28.51500186,7.747389292405209
A_global_madz,19532,2014-02-08 15:55:00,29.08801264,7.674485678439407
A_global_madz,19533,2014-02-08 16:00:00,30.87096441,7.44764242854501
A_global_madz,19534,2014-02-08 16:05:00,30.281602000000003,7.522626444769965
A_global_madz,19535,2014-02-08 16:10:00,30.04490016,7.55274179367903
A_global_madz,19536,2014-02-08 16:15:00,30.24229096,7.527627950823228
A_global_madz,19537,2014-02-08 16:20:00,30.54091457,7.489634354289993
A_global_madz,19538,2014-02-08 16:25:00,31.65497151,7.347893954415348
A_global_madz,19539,2014-02-08 16:30:00,31.07138954,7.422142530782938
A_global_madz,19540,2014-02-08 16:35:00,31.61677641,7.3527534804888095
A_global_madz,19541,2014-02-08 16:40:00,30.09155091,7.546806463336353
A_global_madz,19542,2014-02-08 16:45:00,30.19489085,7.53365862152261
A_global_madz,19543,2014-02-08 16:50:00,31.30731434,7.392126043930527
A_global_madz,19544,2014-02-08 16:55:00,31.04771674,7.425154398505024
A_global_madz,19545,2014-02-08 17:00:00,31.97747291,7.3068624094782155
A_global_madz,19546,2014-02-08 17:05:00,30.4335528,7.503293889691343
A_global_madz,19547,2014-02-08 17:10:00,31.32774235,7.389527007739394
A_global_madz,19548,2014-02-08 17:15:00,31.771592,7.333056440916103
A_global_madz,19549,2014-02-08 17:20:00,31.68724275,7.343788115388798
A_global_madz,19550,2014-02-08 17:25:00,30.97404213,7.434527948731288
A_global_madz,19551,2014-02-08 17:30:00,32.21898830000001,7.276134637202517
A_global_madz,19552,2014-02-08 17:35:00,32.42664943,7.249714110075224
A_global_madz,19553,2014-02-08 17:40:00,30.81792026,7.4543911850601035
A_global_madz,19554,2014-02-08 17:45:00,31.7571751,7.3348906893262
A_global_madz,19555,2014-02-08 17:50:00,30.49232606,7.495816223985732
A_global_madz,19556,2014-02-08 17:55:00,32.482214,7.242644682932062
A_global_madz,19557,2014-02-08 18:00:00,32.26613405,7.270136328482867
A_global_madz,19558,2014-02-08 18:05:00,32.68969593,7.216246955249523
A_global_madz,19559,2014-02-08 18:10:00,31.24735179,7.399755021866344
A_global_madz,19560,2014-02-08 18:15:00,31.65539567,7.3478399889438775
A_global_madz,19561,2014-02-08 18:20:00,30.94754751,7.437898833915422
A_global_madz,19562,2014-02-08 18:25:00,31.57327092,7.358288642407323
A_global_madz,19563,2014-02-08 18:30:00,32.40552021,7.252402360544575
A_global_madz,19564,2014-02-08 18:35:00,31.51350875,7.365892126187224
A_global_madz,19565,2014-02-08 18:40:00,31.20747208,7.40482887926028
A_global_madz,19566,2014-02-08 18:45:00,32.80990187,7.200953268373063
A_global_madz,19567,2014-02-08 18:50:00,32.05204694,7.297374426904844
A_global_madz,19568,2014-02-08 18:55:00,30.82959784,7.45290545771589
A_global_madz,19569,2014-02-08 19:00:00,32.00308397,7.303603938788546
A_global_madz,19570,2014-02-08 19:05:00,32.86862643,7.193481798721913
A_global_madz,19571,2014-02-08 19:10:00,31.56908839,7.358820781702363
A_global_madz,19572,2014-02-08 19:15:00,32.41766216,7.250857551849018
A_global_madz,19573,2014-02-08 19:20:00,31.64681807,7.3489313087950565
A_global_madz,19574,2014-02-08 19:25:00,32.82323411,7.199257020218256
A_global_madz,19575,2014-02-08 19:30:00,31.08794276,7.420036480420723
A_global_madz,19576,2014-02-08 19:35:00,31.97895463,7.3066738916585585
A_global_madz,19577,2014-02-08 19:40:00,32.85257126,7.195524482658567
A_global_madz,19578,2014-02-08 19:45:00,31.84616818,7.323568184800285
A_global_madz,19579,2014-02-08 19:50:00,31.79928547,7.3295330271921
A_global_madz,19580,2014-02-08 19:55:00,32.33982306,7.260760946158363
A_global_madz,19581,2014-02-08 20:00:00,32.79175195,7.2032624653504564
A_global_madz,19582,2014-02-08 20:05:00,32.75479137,7.2079649246240365
A_global_madz,19583,2014-02-08 20:10:00,33.39425162,7.12660700808977
A_global_madz,19584,2014-02-08 20:15:00,33.47059509,7.116893901356088
A_global_madz,19585,2014-02-08 20:20:00,33.55600437,7.106027360279467
A_global_madz,19586,2014-02-08 20:25:00,33.02089301,7.174109067255651
A_global_madz,19587,2014-02-08 20:30:00,32.48597077,7.242166712674961
A_global_madz,19588,2014-02-08 20:35:00,32.37352649,7.256472890966725
A_global_madz,19589,2014-02-08 20:40:00,33.71018249,7.086411425405688
A_global_madz,19590,2014-02-08 20:45:00,33.20641473,7.150505316106063
A_global_madz,19591,2014-02-08 20:50:00,31.79080695,7.330611741189559
A_global_madz,19592,2014-02-08 20:55:00,32.01247028,7.302409727536877
A_global_madz,19593,2014-02-08 21:00:00,32.72379014,7.211909181491918
A_global_madz,19594,2014-02-08 21:05:00,31.96246545,7.3087717942727695
A_global_madz,19595,2014-02-08 21:10:00,32.60499863,7.227022911791119
A_global_madz,19596,2014-02-08 21:15:00,32.807984399999995,7.201197226248814
A_global_madz,19597,2014-02-08 21:20:00,32.21157653,7.277077629616872
A_global_madz,19598,2014-02-08 21:25:00,32.89711276,7.189857510177774
A_global_madz,19599,2014-02-08 21:30:00,33.57320645,7.103838756079509
A_global_madz,19600,2014-02-08 21:35:00,34.00083928,7.049431439767897
A_global_madz,19601,2014-02-08 21:40:00,34.39073063,6.999825935890631
A_global_madz,19602,2014-02-08 21:45:00,33.62566204,7.097164881490783
A_global_madz,19603,2014-02-08 21:50:00,32.33442622,7.2614475809543
A_global_madz,19604,2014-02-08 21:55:00,32.88137963,7.1918592212729715
A_global_madz,19605,2014-02-08 22:00:00,33.39889347,7.126016429950058
A_global_madz,19606,2014-02-08 22:05:00,32.63991739,7.22258023132496
A_global_madz,19607,2014-02-08 22:10:00,33.66054894,7.0927262545419785
A_global_madz,19608,2014-02-08 22:15:00,32.68991757,7.216218756204124
A_global_madz,19609,2014-02-08 22:20:00,34.52993116,6.982115585479851
A_global_madz,19610,2014-02-08 22:25:00,33.12343341,7.161062950152063
A_global_madz,19611,2014-02-08 22:30:00,32.7765795,7.205192841665045
A_global_madz,19612,2014-02-08 22:35:00,33.14127672,7.158792762871969
A_global_madz,19613,2014-02-08 22:40:00,33.95895848,7.054759893930276
A_global_madz,19614,2014-02-08 22:45:00,34.40905618,6.99749439367617
A_global_madz,19615,2014-02-08 22:50:00,33.51633481,7.111074480489724
A_global_madz,19616,2014-02-08 22:55:00,33.62106205,7.0977501338226965
A_global_madz,19617,2014-02-08 23:00:00,33.17277264,7.154785567068118
A_global_madz,19618,2014-02-08 23:05:00,35.02164686,6.9195550668562325
A_global_madz,19619,2014-02-08 23:10:00,34.20195241,7.023844008423283
A_global_madz,19620,2014-02-08 23:15:00,33.75380103,7.080861880243708
A_global_madz,19621,2014-02-08 23:20:00,34.08313728,7.0389607438725115
A_global_madz,19622,2014-02-08 23:25:00,33.27561114,7.141701522986395
A_global_madz,19623,2014-02-08 23:30:00,34.15093414,7.030335014161924
A_global_madz,19624,2014-02-08 23:35:00,34.93813896,6.930179697172426
A_global_madz,19625,2014-02-08 23:40:00,33.57399823,7.10373801866674
A_global_madz,19626,2014-02-08 23:45:00,35.60656429,6.845136581189018
A_global_madz,19627,2014-02-08 23:50:00,35.70630711,6.83244639751544
A_global_madz,19628,2014-02-08 23:55:00,33.86527719,7.0666788749344
A_global_madz,19629,2014-02-09 00:00:00,35.24360884,6.891315056249442
A_global_madz,19630,2014-02-09 00:05:00,35.41470784,6.869546293982989
A_global_madz,19631,2014-02-09 00:10:00,35.65706533,6.8387113821290075
A_global_madz,19632,2014-02-09 00:15:00,34.06766503,7.040929263454609
A_global_madz,19633,2014-02-09 00:20:00,33.68182589,7.090019208525899
A_global_madz,19634,2014-02-09 00:25:00,35.26670386,6.888376698924624
A_global_madz,19635,2014-02-09 00:30:00,34.86762689,6.93915088045664
A_global_madz,19636,2014-02-09 00:35:00,35.84027351,6.815401980462783
A_global_madz,19637,2014-02-09 00:40:00,35.69880674,6.833400662423127
A_global_madz,19638,2014-02-09 00:45:00,35.50477858,6.858086679805095
A_global_madz,19639,2014-02-09 00:50:00,35.32467369,6.881001252850149
A_global_madz,19640,2014-02-09 00:55:00,34.49045616,6.98713795200723
A_global_madz,19641,2014-02-09 01:00:00,35.35994363,6.87651389208818
A_global_madz,19642,2014-02-09 01:05:00,33.57565861,7.103526770106013
A_global_madz,19643,2014-02-09 01:10:00,34.080054,7.039353026640506
A_global_madz,19644,2014-02-09 01:15:00,34.87488318,6.938227669614108
A_global_madz,19645,2014-02-09 01:20:00,33.24968612,7.144999938506843
A_global_madz,19646,2014-02-09 01:25:00,34.8372465,6.943016148444601
A_global_madz,19647,2014-02-09 01:30:00,33.53836862,7.108271139899106
A_global_madz,19648,2014-02-09 01:35:00,33.88047495,7.064745278452699
A_global_madz,19649,2014-02-09 01:40:00,35.17879383,6.8995614080340095
A_global_madz,19650,2014-02-09 01:45:00,32.89429465,7.190216055620065
A_global_madz,19651,2014-02-09 01:50:00,34.83487287,6.943318143121242
A_global_madz,19652,2014-02-09 01:55:00,33.22510702,7.148127113911862
A_global_madz,19653,2014-02-09 02:00:00,33.84525593,7.069226160711727
A_global_madz,19654,2014-02-09 02:05:00,34.27752887,7.014228487638941
A_global_madz,19655,2014-02-09 02:10:00,34.73131416,6.956493818833025
A_global_madz,19656,2014-02-09 02:15:00,33.18397705,7.15336004069084
A_global_madz,19657,2014-02-09 02:20:00,34.05587785,7.042428935102087
A_global_madz,19658,2014-02-09 02:25:00,33.85905904,7.067470004216788
A_global_madz,19659,2014-02-09 02:30:00,34.41294062,6.997000180086972
A_global_madz,19660,2014-02-09 02:35:00,34.76213872,6.952572039520416
A_global_madz,19661,2014-02-09 02:40:00,32.83038455,7.198347276570073
A_global_madz,19662,2014-02-09 02:45:00,32.53890559,7.235431866111291
A_global_madz,19663,2014-02-09 02:50:00,33.87651268,7.065249394278423
A_global_madz,19664,2014-02-09 02:55:00,33.20007261,7.151312217973084
A_global_madz,19665,2014-02-09 03:00:00,32.59371201,7.228458897668136
A_global_madz,19666,2014-02-09 03:05:00,33.92571243,7.058989757101591
A_global_madz,19667,2014-02-09 03:10:00,32.16713992,7.282731257043199
A_global_madz,19668,2014-02-09 03:15:00,32.15556743,7.284203613887137
A_global_madz,19669,2014-02-09 03:20:00,33.09459729,7.16473174214364
A_global_madz,19670,2014-02-09 03:25:00,33.90626907,7.061463517214163
A_global_madz,19671,2014-02-09 03:30:00,33.68414188,7.089724547331377
A_global_madz,19672,2014-02-09 03:35:00,32.48968314,7.241694391387432
A_global_madz,19673,2014-02-09 03:40:00,32.68721261,7.216562905680043
A_global_madz,19674,2014-02-09 03:45:00,32.23851375,7.273650432857691
A_global_madz,19675,2014-02-09 03:50:00,33.37451325,7.129118302042728
A_global_madz,19676,2014-02-09 03:55:00,34.00517853,7.048879361137018
A_global_madz,19677,2014-02-09 04:00:00,33.61901353,7.098010765064715
A_global_madz,19678,2014-02-09 04:05:00,32.95856944,7.18203843550986
A_global_madz,19679,2014-02-09 04:10:00,32.75826772,7.207522631935563
A_global_madz,19680,2014-02-09 04:15:00,32.7049341,7.214308217442137
A_global_madz,19681,2014-02-09 04:20:00,32.58980702,7.228955725814196
A_global_madz,19682,2014-02-09 04:25:00,31.65797734,7.3475115255368415
A_global_madz,19683,2014-02-09 04:30:00,33.1051823,7.163385021436459
A_global_madz,19684,2014-02-09 04:35:00,32.73642516,7.2103016399714415
A_global_madz,19685,2014-02-09 04:40:00,33.38664638,7.127574615507342
A_global_madz,19686,2014-02-09 04:45:00,32.62814228,7.224078367317873
A_global_madz,19687,2014-02-09 04:50:00,31.31787296,7.390782680797827
A_global_madz,19688,2014-02-09 04:55:00,32.02004341,7.30144620544392
A_global_madz,19689,2014-02-09 05:00:00,32.56562591,7.232032265331838
A_global_madz,19690,2014-02-09 05:05:00,32.38219045,7.255370583615273
A_global_madz,19691,2014-02-09 05:10:00,31.31242532,7.39147577882922
A_global_madz,19692,2014-02-09 05:15:00,31.25437694,7.398861218745132
A_global_madz,19693,2014-02-09 05:20:00,33.19498125,7.151959986840541
A_global_madz,19694,2014-02-09 05:25:00,32.15461056,7.284325355542844
A_global_madz,19695,2014-02-09 05:30:00,32.89047391,7.190702164719137
A_global_madz,19696,2014-02-09 05:35:00,30.85579742,7.449572110189015
A_global_madz,19697,2014-02-09 05:40:00,32.38311623,7.255252797510556
A_global_madz,19698,2014-02-09 05:45:00,32.86380858,7.1940947691734385
A_global_madz,19699,2014-02-09 05:50:00,30.84735142,7.450646686697952
A_global_madz,19700,2014-02-09 05:55:00,31.61899359,7.352471390796164
A_global_madz,19701,2014-02-09 06:00:00,30.67199471,7.472957153339003
A_global_madz,19702,2014-02-09 06:05:00,31.86207774,7.321544026684785
A_global_madz,19703,2014-02-09 06:10:00,32.04210451,7.29863939277268
A_global_madz,19704,2014-02-09 06:15:00,30.79829419,7.456888191191378
A_global_madz,19705,2014-02-09 06:20:00,32.11113412,7.289856821457617
A_global_madz,19706,2014-02-09 06:25:00,31.85660645,7.322240133683078
A_global_madz,19707,2014-02-09 06:30:00,31.96266078,7.308746942623528
A_global_madz,19708,2014-02-09 06:35:00,31.76931259,7.333346448072181
A_global_madz,19709,2014-02-09 06:40:00,31.56246065,7.359664022729044
A_global_madz,19710,2014-02-09 06:45:00,32.40106536,7.252969146852986
A_global_madz,19711,2014-02-09 06:50:00,30.7490175,7.463157617370886
A_global_madz,19712,2014-02-09 06:55:00,30.64807823,7.476000024234628
A_global_madz,19713,2014-02-09 07:00:00,30.68700009,7.471048033180862
A_global_madz,19714,2014-02-09 07:05:00,32.21416306,7.276748547876681
A_global_madz,19715,2014-02-09 07:10:00,30.22603884,7.529695692520174
A_global_madz,19716,2014-02-09 07:15:00,31.77508786,7.332611665988974
A_global_madz,19717,2014-02-09 07:20:00,31.16640691,7.410053561597182
A_global_madz,19718,2014-02-09 07:25:00,30.18797053,7.534539087223099
A_global_madz,19719,2014-02-09 07:30:00,29.81913504,7.581465674153709
A_global_madz,19720,2014-02-09 07:35:00,31.65603994,7.347758019087447
A_global_madz,19721,2014-02-09 07:40:00,31.66608085,7.3464805237033195
A_global_madz,19722,2014-02-09 07:45:00,30.08070418,7.548186482429033
A_global_madz,19723,2014-02-09 07:50:00,30.74814355,7.463268809194232
A_global_madz,19724,2014-02-09 07:55:00,30.33908486,7.515312955423238
A_global_madz,19725,2014-02-09 08:00:00,30.20230209,7.53271569653965
A_global_madz,19726,2014-02-09 08:05:00,30.28800307,7.521812042750779
A_global_madz,19727,2014-02-09 08:10:00,30.08058068,7.548202195216016
A_global_madz,19728,2014-02-09 08:15:00,31.75949762,7.334595197326018
A_global_madz,19729,2014-02-09 08:20:00,31.70716786,7.341253062684089
A_global_madz,19730,2014-02-09 08:25:00,31.76282306,7.334172104772635
A_global_madz,19731,2014-02-09 08:30:00,30.03444646,7.554071807940392
A_global_madz,19732,2014-02-09 08:35:00,30.02144253,7.555726285527634
A_global_madz,19733,2014-02-09 08:40:00,29.42616166,7.631463301762663
A_global_madz,19734,2014-02-09 08:45:00,30.44556784,7.50176522763381
A_global_madz,19735,2014-02-09 08:50:00,31.62264517,7.352006803762243
A_global_madz,19736,2014-02-09 08:55:00,30.24051153,7.52785434600169
A_global_madz,19737,2014-02-09 09:00:00,30.98434971,7.433216525177892
A_global_madz,19738,2014-02-09 09:05:00,31.2150728,7.403861846917987
A_global_madz,19739,2014-02-09 09:10:00,29.9492614,7.564909821720681
A_global_madz,19740,2014-02-09 09:15:00,30.6985552,7.4695778875777155
A_global_madz,19741,2014-02-09 09:20:00,29.58859552,7.610796996977935
A_global_madz,19742,2014-02-09 09:25:00,31.67843945,7.344908150835295
A_global_madz,19743,2014-02-09 09:30:00,30.22828132,7.529410383932706
A_global_madz,19744,2014-02-09 09:35:00,30.95195602,7.437337943400928
A_global_madz,19745,2014-02-09 09:40:00,31.555293,7.360575955989081
A_global_madz,19746,2014-02-09 09:45:00,30.47071162,7.498566208532003
A_global_madz,19747,2014-02-09 09:50:00,29.83845524,7.579007583570244
A_global_madz,19748,2014-02-09 09:55:00,29.8409167,7.578694414366635
A_global_madz,19749,2014-02-09 10:00:00,31.00616551,7.4304409217912415
A_global_madz,19750,2014-02-09 10:05:00,30.63659232,7.477461365587902
A_global_madz,19751,2014-02-09 10:10:00,29.66527319,7.601041370297619
A_global_madz,19752,2014-02-09 10:15:00,29.54228857,7.616688585975151
A_global_madz,19753,2014-02-09 10:20:00,31.05835626,7.423800742542633
A_global_madz,19754,2014-02-09 10:25:00,31.32606052,7.389740985363124
A_global_madz,19755,2014-02-09 10:30:00,30.72721278,7.465931811059724
A_global_madz,19756,2014-02-09 10:35:00,31.72620384,7.338831133139621
A_global_madz,19757,2014-02-09 10:40:00,30.87167037,7.44755260992883
A_global_madz,19758,2014-02-09 10:45:00,30.95263689,7.437251316961473
A_global_madz,19759,2014-02-09 10:50:00,30.5728712,7.485568542793099
A_global_madz,19760,2014-02-09 10:55:00,29.60733531,7.608412751404126
A_global_madz,19761,2014-02-09 11:00:00,31.09676165,7.418914461473424
A_global_madz,19762,2014-02-09 11:05:00,29.78973653,7.585206018487563
A_global_madz,19763,2014-02-09 11:10:00,31.08115456,7.420900136619866
A_global_madz,19764,2014-02-09 11:15:00,31.4758338,7.3706854740732455
A_global_madz,19765,2014-02-09 11:20:00,29.81358016,7.582172416227823
A_global_madz,19766,2014-02-09 11:25:00,31.6290113,7.351196847125866
A_global_madz,19767,2014-02-09 11:30:00,30.25417261,7.526116259847925
A_global_madz,19768,2014-02-09 11:35:00,31.08622547,7.4202549695863675
A_global_madz,19769,2014-02-09 11:40:00,30.93886148,7.439003949211883
A_global_madz,19770,2014-02-09 11:45:00,30.97552758,7.434338956347295
A_global_madz,19771,2014-02-09 11:50:00,35.62412938,6.842901791573656
A_global_madz,19772,2014-02-09 11:55:00,43.97130304,5.7808988634365095
B_rolling_med_resid,0,2013-12-02 21:15:00,73.96732207,5.593654560431658
B_rolling_med_resid,1,2013-12-02 21:20:00,74.93588199999998,5.4051007946209095
B_rolling_med_resid,22397,2014-02-18 14:40:00,83.73185038,4.533785230850997
B_rolling_med_resid,22398,2014-02-18 14:45:00,82.95390561,5.027508230153008
B_rolling_med_resid,22399,2014-02-18 14:50:00,80.96953884,6.226722623449808
B_rolling_med_resid,22400,2014-02-18 14:55:00,82.22203864,5.3356635048315715
C_seasonal_resid,0,2013-12-02 21:15:00,73.96732207,4.629140136745298
C_seasonal_resid,312,2013-12-03 23:15:00,71.36444054,5.059108369935033
C_seasonal_resid,313,2013-12-03 23:20:00,70.60517297,5.450047760836146
C_seasonal_resid,314,2013-12-03 23:25:00,70.08010776,5.605998515843535
C_seasonal_resid,315,2013-12-03 23:30:00,70.80451005,5.372254110809944
C_seasonal_resid,316,2013-12-03 23:35:00,69.41110478,5.997599132781922
C_seasonal_resid,317,2013-12-03 23:40:00,68.23720056,6.582726127930499
C_seasonal_resid,318,2013-12-03 23:45:00,68.81053857,6.142382892071981
C_seasonal_resid,319,2013-12-03 23:50:00,67.95144903,6.673346556362034
C_seasonal_resid,320,2013-12-03 23:55:00,65.90649636,7.527209544923234
C_seasonal_resid,321,2013-12-04 00:00:00,66.20465117,7.317388452460362
C_seasonal_resid,322,2013-12-04 00:05:00,66.09439847,7.322470437132784
C_seasonal_resid,323,2013-12-04 00:10:00,64.92515067,7.99203672571093
C_seasonal_resid,324,2013-12-04 00:15:00,65.91054219,7.529883160690808
C_seasonal_resid,325,2013-12-04 00:20:00,65.0764574,8.121674831885995
C_seasonal_resid,326,2013-12-04 00:25:00,64.4365387,8.369624437597404
C_seasonal_resid,327,2013-12-04 00:30:00,64.22546298,8.4684580870313
C_seasonal_resid,328,2013-12-04 00:35:00,64.67301299,8.251304473566236
C_seasonal_resid,329,2013-12-04 00:40:00,62.87339214,9.00733759377884
C_seasonal_resid,330,2013-12-04 00:45:00,64.07636038,8.583378039370436
C_seasonal_resid,331,2013-12-04 00:50:00,64.24233104,8.536417781081584
C_seasonal_resid,332,2013-12-04 00:55:00,63.61616805,8.673656951568448
C_seasonal_resid,333,2013-12-04 01:00:00,62.35719049,9.537983170464013
C_seasonal_resid,334,2013-12-04 01:05:00,61.94124256,9.538024783768368
C_seasonal_resid,335,2013-12-04 01:10:00,62.19962941,9.443588542414705
C_seasonal_resid,336,2013-12-04 01:15:00,61.91339759,9.53082093479871
C_seasonal_resid,337,2013-12-04 01:20:00,61.92579229,9.724343702098338
C_seasonal_resid,338,2013-12-04 01:25:00,62.48497727,9.287571513644156
C_seasonal_resid,339,2013-12-04 01:30:00,61.935635,9.56529657285543
C_seasonal_resid,340,2013-12-04 01:35:00,61.63262008,9.682487421421218
C_seasonal_resid,341,2013-12-04 01:40:00,60.37118114,10.132301711323024
C_seasonal_resid,342,2013-12-04 01:45:00,59.96038979,10.448608746918447
C_seasonal_resid,343,2013-12-04 01:50:00,61.13922001,10.015278649734377
C_seasonal_resid,344,2013-12-04 01:55:00,60.52991525,10.40850132673123
C_seasonal_resid,345,2013-12-04 02:00:00,59.63744866,10.522986379051206
C_seasonal_resid,346,2013-12-04 02:05:00,60.00666098,10.361655007309233
C_seasonal_resid,347,2013-12-04 02:10:00,60.12505135,10.386749701432917
C_seasonal_resid,348,2013-12-04 02:15:00,59.72064235,10.34888807784874
C_seasonal_resid,349,2013-12-04 02:20:00,60.43677303,10.301359297416083
C_seasonal_resid,350,2013-12-04 02:25:00,62.87329018,9.096182003986268
C_seasonal_resid,351,2013-12-04 02:30:00,66.49930690000001,7.745979932203835
C_seasonal_resid,352,2013-12-04 02:35:00,69.81211169,6.128968741051667
C_seasonal_resid,353,2013-12-04 02:40:00,72.92970657,4.81187274750751
C_seasonal_resid,804,2013-12-05 16:15:00,60.82411582,4.638972934627385
C_seasonal_resid,806,2013-12-05 16:25:00,60.11903873,4.80201222151916
C_seasonal_resid,807,2013-12-05 16:30:00,59.99923502,4.8397455309087825
C_seasonal_resid,808,2013-12-05 16:35:00,61.12918756,4.573690418459145
C_seasonal_resid,810,2013-12-05 16:45:00,60.47558897,4.693171379151272
C_seasonal_resid,811,2013-12-05 16:50:00,60.67434851,4.688797337891324
C_seasonal_resid,812,2013-12-05 16:55:00,59.66856035,5.038191947163874
C_seasonal_resid,813,2013-12-05 17:00:00,60.45000400000001,4.860310475453821
C_seasonal_resid,814,2013-12-05 17:05:00,60.80958974,4.590594164284011
C_seasonal_resid,815,2013-12-05 17:10:00,59.64651164,5.146302247024126
C_seasonal_resid,816,2013-12-05 17:15:00,59.54190124,5.336985418118676
C_seasonal_resid,817,2013-12-05 17:20:00,60.15249910000001,5.061886565479659
C_seasonal_resid,818,2013-12-05 17:25:00,60.17481249,4.99905751556134
C_seasonal_resid,819,2013-12-05 17:30:00,58.24862344,5.74224848117893
C_seasonal_resid,820,2013-12-05 17:35:00,59.74236722,5.102293455937412
C_seasonal_resid,821,2013-12-05 17:40:00,58.22633431,5.838349371817175
C_seasonal_resid,822,2013-12-05 17:45:00,58.3855254,5.742419620989546
C_seasonal_resid,823,2013-12-05 17:50:00,57.14889801,6.329681550196598
C_seasonal_resid,824,2013-12-05 17:55:00,57.78556067,6.033629172409377
C_seasonal_resid,825,2013-12-05 18:00:00,57.09208687,6.1978226960773
C_seasonal_resid,826,2013-12-05 18:05:00,58.39042981,5.691235735925998
C_seasonal_resid,827,2013-12-05 18:10:00,56.55757397,6.526816593257997
C_seasonal_resid,828,2013-12-05 18:15:00,58.05195686,5.924767341217252
C_seasonal_resid,829,2013-12-05 18:20:00,57.14054744,6.2004168783187925
C_seasonal_resid,830,2013-12-05 18:25:00,57.55458171,6.135051919532333
C_seasonal_resid,831,2013-12-05 18:30:00,57.74679739999999,6.06371659014717
C_seasonal_resid,832,2013-12-05 18:35:00,56.24537782,6.560854551002854
C_seasonal_resid,833,2013-12-05 18:40:00,57.78431077,5.953790618192499
C_seasonal_resid,834,2013-12-05 18:45:00,57.54979774,6.1687170534732205
C_seasonal_resid,835,2013-12-05 18:50:00,55.62290214,6.9365759252739645
C_seasonal_resid,836,2013-12-05 18:55:00,56.95010972,6.357430472859677
C_seasonal_resid,837,2013-12-05 19:00:00,56.90507469,6.465759991858816
C_seasonal_resid,838,2013-12-05 19:05:00,56.27583477,6.87113160452903
C_seasonal_resid,839,2013-12-05 19:10:00,56.77215799,6.495346239067345
C_seasonal_resid,840,2013-12-05 19:15:00,55.06048213,7.385956036254362
C_seasonal_resid,841,2013-12-05 19:20:00,55.59128069,7.151461739437475
C_seasonal_resid,842,2013-12-05 19:25:00,54.1752324,7.841732646484631
C_seasonal_resid,843,2013-12-05 19:30:00,54.10044932,7.813384049170439
C_seasonal_resid,844,2013-12-05 19:35:00,55.7142578,7.172076038515232
C_seasonal_resid,845,2013-12-05 19:40:00,54.48448692,7.761431766678084
C_seasonal_resid,846,2013-12-05 19:45:00,54.28460214,7.711007050076456
C_seasonal_resid,847,2013-12-05 19:50:00,53.49095412,8.1707671810479
C_seasonal_resid,848,2013-12-05 19:55:00,53.83973553,7.829550598869905
C_seasonal_resid,849,2013-12-05 20:00:00,53.21226224,8.31950120600259
C_seasonal_resid,850,2013-12-05 20:05:00,54.30013819,7.732875105010864
C_seasonal_resid,851,2013-12-05 20:10:00,52.69490606,8.559892038430013
C_seasonal_resid,852,2013-12-05 20:15:00,54.52217181,7.587684634659825
C_seasonal_resid,853,2013-12-05 20:20:00,53.39950217,8.230958056339965
C_seasonal_resid,854,2013-12-05 20:25:00,53.76591516,7.967010118396181
C_seasonal_resid,855,2013-12-05 20:30:00,55.48784973,7.39163011049702
C_seasonal_resid,856,2013-12-05 20:35:00,58.38399867,6.012864895842447
C_seasonal_resid,857,2013-12-05 20:40:00,60.82231136,4.872854496791147
C_seasonal_resid,1332,2013-12-07 12:15:00,75.80671939,4.682365348704039
C_seasonal_resid,1333,2013-12-07 12:20:00,74.38138161,5.334677416261896
C_seasonal_resid,1334,2013-12-07 12:25:00,75.02540318,5.108103028243216
C_seasonal_resid,1335,2013-12-07 12:30:00,74.02520067,5.4646061671216115
C_seasonal_resid,1336,2013-12-07 12:35:00,74.90274690000003,5.129723475558752
C_seasonal_resid,1337,2013-12-07 12:40:00,74.62257438,5.2293345724693525
C_seasonal_resid,1338,2013-12-07 12:45:00,72.37723298,5.957076212815999
C_seasonal_resid,1339,2013-12-07 12:50:00,72.54924689,6.187829523886088
C_seasonal_resid,1340,2013-12-07 12:55:00,73.79459427,5.664914351509466
C_seasonal_resid,1341,2013-12-07 13:00:00,73.33293528,5.854556170699218
C_seasonal_resid,1342,2013-12-07 13:05:00,74.38012896,5.197822782808994
C_seasonal_resid,1785,2013-12-09 02:00:00,83.71409756,4.829818079458402
C_seasonal_resid,1786,2013-12-09 02:05:00,83.53669169,4.757959484675064
C_seasonal_resid,1787,2013-12-09 02:10:00,83.72711159999999,4.770870736700238
C_seasonal_resid,1791,2013-12-09 02:30:00,83.48160223,4.58657025447813
C_seasonal_resid,1793,2013-12-09 02:40:00,83.13850500000002,4.6016176669701565
C_seasonal_resid,1794,2013-12-09 02:45:00,84.50630383,5.378801640460141
C_seasonal_resid,1795,2013-12-09 02:50:00,84.14410224,5.021372024344335
C_seasonal_resid,1796,2013-12-09 02:55:00,84.90683838,5.462759658067936
C_seasonal_resid,1797,2013-12-09 03:00:00,83.49244737,4.869748457676991
C_seasonal_resid,1798,2013-12-09 03:05:00,83.07915217,4.756416026440477
C_seasonal_resid,1799,2013-12-09 03:10:00,83.20051548,4.793980055692617
C_seasonal_resid,1800,2013-12-09 03:15:00,83.89593469,5.255693473487512
C_seasonal_resid,1801,2013-12-09 03:20:00,84.4746911,5.399807396941575
C_seasonal_resid,1802,2013-12-09 03:25:00,85.62180149,5.831957272890144
C_seasonal_resid,1803,2013-12-09 03:30:00,85.63030744,5.82773212150877
C_seasonal_resid,1804,2013-12-09 03:35:00,84.9337467,5.723257522785867
C_seasonal_resid,1805,2013-12-09 03:40:00,83.6346136,5.068279171886016
C_seasonal_resid,1806,2013-12-09 03:45:00,85.94402502,6.13829397936997
C_seasonal_resid,1807,2013-12-09 03:50:00,84.93906472,5.729879661655517
C_seasonal_resid,1808,2013-12-09 03:55:00,84.88098134,5.569296542148265
C_seasonal_resid,1809,2013-12-09 04:00:00,84.85610203,5.710630268333705
C_seasonal_resid,1810,2013-12-09 04:05:00,84.32707803,5.357340798644232
C_seasonal_resid,1811,2013-12-09 04:10:00,84.68683219,5.708482188608962
C_seasonal_resid,1812,2013-12-09 04:15:00,84.46556668,5.525026607407704
C_seasonal_resid,1813,2013-12-09 04:20:00,82.35852343,4.628130782062325
C_seasonal_resid,1814,2013-12-09 04:25:00,82.65142333,4.906843159642956
C_seasonal_resid,1815,2013-12-09 04:30:00,82.15302074,4.543277877804876
C_seasonal_resid,1817,2013-12-09 04:40:00,82.40596509999997,4.736399935962427
C_seasonal_resid,1818,2013-12-09 04:45:00,82.191331,4.594561766656733
C_seasonal_resid,2022,2013-12-09 21:45:00,76.36738709999999,4.826347125844061
C_seasonal_resid,2024,2013-12-09 21:55:00,76.03586863,4.784029934663838
C_seasonal_resid,2025,2013-12-09 22:00:00,77.86638729,5.5169463373126755
C_seasonal_resid,2026,2013-12-09 22:05:00,78.00381459,5.612975946624716
C_seasonal_resid,2027,2013-12-09 22:10:00,77.49319215,5.515117401357033
C_seasonal_resid,2028,2013-12-09 22:15:00,77.09296003,5.2490601462169195
C_seasonal_resid,2029,2013-12-09 22:20:00,79.36759785,6.425403066427064
C_seasonal_resid,2030,2013-12-09 22:25:00,79.15969836,6.351233026951816
C_seasonal_resid,2031,2013-12-09 22:30:00,80.10745686,6.9073929788219806
C_seasonal_resid,2032,2013-12-09 22:35:00,79.10119114,6.545676561262128
C_seasonal_resid,2033,2013-12-09 22:40:00,79.34162196,6.617885416538079
C_seasonal_resid,2034,2013-12-09 22:45:00,80.01628199999998,7.1177574558525265
C_seasonal_resid,2035,2013-12-09 22:50:00,78.61015087,6.461085436092028
C_seasonal_resid,2036,2013-12-09 22:55:00,80.6229513,7.307413434582829
C_seasonal_resid,2037,2013-12-09 23:00:00,79.88548667,7.058708593374247
C_seasonal_resid,2038,2013-12-09 23:05:00,80.72213046,7.565020152738971
C_seasonal_resid,2039,2013-12-09 23:10:00,80.30614275,7.426519132750912
C_seasonal_resid,2040,2013-12-09 23:15:00,79.21340552,6.937805349232118
C_seasonal_resid,2041,2013-12-09 23:20:00,79.19811193,6.927780741516296
C_seasonal_resid,2042,2013-12-09 23:25:00,80.27521522,7.518694510353733
C_seasonal_resid,2043,2013-12-09 23:30:00,78.71434107,6.787812106511939
C_seasonal_resid,2044,2013-12-09 23:35:00,79.49185126,7.138434280069502
C_seasonal_resid,2045,2013-12-09 23:40:00,79.37551928,7.096176097457022
C_seasonal_resid,2046,2013-12-09 23:45:00,79.63231051,7.47798629537408
C_seasonal_resid,2047,2013-12-09 23:50:00,79.70011148,7.3625817263076545
C_seasonal_resid,2048,2013-12-09 23:55:00,79.09017175,7.147315805795031
C_seasonal_resid,2049,2013-12-10 00:00:00,80.14151889,7.747376570598374
C_seasonal_resid,2050,2013-12-10 00:05:00,78.77010987,7.270829317538148
C_seasonal_resid,2051,2013-12-10 00:10:00,77.87972098,6.803776213167771
C_seasonal_resid,2052,2013-12-10 00:15:00,77.44741149,6.750692806979897
C_seasonal_resid,2053,2013-12-10 00:20:00,75.34787891,5.653711866939107
C_seasonal_resid,2054,2013-12-10 00:25:00,75.08867938,5.585663984260094
C_seasonal_resid,2055,2013-12-10 00:30:00,74.50570879,5.352192295143845
C_seasonal_resid,2056,2013-12-10 00:35:00,73.66254409,5.030543504018775
C_seasonal_resid,2057,2013-12-10 00:40:00,74.32006665,5.3656173287762865
C_seasonal_resid,2059,2013-12-10 00:50:00,72.92744601,4.714961070820469
C_seasonal_resid,2398,2013-12-11 05:05:00,101.2026128,4.96901874752388
C_seasonal_resid,2399,2013-12-11 05:10:00,100.9526448,4.961419426858995
C_seasonal_resid,2400,2013-12-11 05:15:00,100.9086505,4.828426628630264
C_seasonal_resid,2402,2013-12-11 05:25:00,101.3228187,4.972382519987458
C_seasonal_resid,2403,2013-12-11 05:30:00,101.8510617,5.138013163285013
C_seasonal_resid,2404,2013-12-11 05:35:00,101.4601172,4.883026287606812
C_seasonal_resid,2405,2013-12-11 05:40:00,101.9073125,5.112891954451154
C_seasonal_resid,2406,2013-12-11 05:45:00,102.1787448,5.227457881408356
C_seasonal_resid,2407,2013-12-11 05:50:00,101.3611415,4.819519191097324
C_seasonal_resid,2408,2013-12-11 05:55:00,101.26307690000002,4.854155613350301
C_seasonal_resid,2409,2013-12-11 06:00:00,102.7362135,5.41525097294892
C_seasonal_resid,2410,2013-12-11 06:05:00,101.9777781,5.041776691088083
C_seasonal_resid,2411,2013-12-11 06:10:00,101.4234284,4.904341859129559
C_seasonal_resid,2412,2013-12-11 06:15:00,102.04249509999998,5.0613218212374695
C_seasonal_resid,2413,2013-12-11 06:20:00,102.0593721,5.0760726012226
C_seasonal_resid,2414,2013-12-11 06:25:00,102.1514454,5.163494268212451
C_seasonal_resid,2415,2013-12-11 06:30:00,101.7575724,4.987057425307897
C_seasonal_resid,2416,2013-12-11 06:35:00,101.6938573,4.89159966494855
C_seasonal_resid,2417,2013-12-11 06:40:00,101.6810386,4.9828432042503685
C_seasonal_resid,2419,2013-12-11 06:50:00,101.5506073,4.7429023986295675
C_seasonal_resid,3963,2013-12-16 15:30:00,41.30898865,4.531658403548566
C_seasonal_resid,3964,2013-12-16 15:35:00,40.46142699,4.8862802287498335
C_seasonal_resid,3965,2013-12-16 15:40:00,37.79127513,5.987002051523475
C_seasonal_resid,3966,2013-12-16 15:45:00,36.24965328,6.681017754749776
C_seasonal_resid,3967,2013-12-16 15:50:00,35.07245553,7.232942419748801
C_seasonal_resid,3968,2013-12-16 15:55:00,32.45494267,8.438389334339579
C_seasonal_resid,3969,2013-12-16 16:00:00,30.69964858,9.075105759928327
C_seasonal_resid,3970,2013-12-16 16:05:00,30.50446055,9.29631712599761
C_seasonal_resid,3971,2013-12-16 16:10:00,27.21222794,10.739109646840339
C_seasonal_resid,3972,2013-12-16 16:15:00,25.68067158,11.491330622512326
C_seasonal_resid,3973,2013-12-16 16:20:00,23.82904352,12.128283985641911
C_seasonal_resid,3974,2013-12-16 16:25:00,22.9838387,12.518280060317636
C_seasonal_resid,3975,2013-12-16 16:30:00,21.73703176,13.044843142612972
C_seasonal_resid,3976,2013-12-16 16:35:00,19.27717911,14.335840937459313
C_seasonal_resid,3977,2013-12-16 16:40:00,18.5919706,14.482111320553066
C_seasonal_resid,3978,2013-12-16 16:45:00,16.45710857,15.395013962144104
C_seasonal_resid,3979,2013-12-16 16:50:00,14.6710595,16.251536781035668
C_seasonal_resid,3980,2013-12-16 16:55:00,12.41409266,17.14362139662601
C_seasonal_resid,3981,2013-12-16 17:00:00,9.633951608,18.510552392812016
C_seasonal_resid,3982,2013-12-16 17:05:00,10.00196599,18.23718021709356
C_seasonal_resid,3983,2013-12-16 17:10:00,6.918644935,19.625780258463156
C_seasonal_resid,3984,2013-12-16 17:15:00,6.440237831,19.978595136961264
C_seasonal_resid,3985,2013-12-16 17:20:00,4.117241297,20.975922345972933
C_seasonal_resid,3986,2013-12-16 17:25:00,2.084721206,21.804362954506516
C_seasonal_resid,3987,2013-12-16 17:30:00,12.12038123,17.359185501361136
C_seasonal_resid,3988,2013-12-16 17:35:00,32.00170328,8.743746936458276
C_seasonal_resid,3989,2013-12-16 17:40:00,41.29106488,4.7930385167292044
C_seasonal_resid,3990,2013-12-16 17:45:00,41.16242458,4.821953619282197
C_seasonal_resid,3991,2013-12-16 17:50:00,41.14081509,4.882210027721243
C_seasonal_resid,3992,2013-12-16 17:55:00,40.78222417,5.017841933123696
C_seasonal_resid,3995,2013-12-16 18:10:00,41.81195211,4.531761411007228
C_seasonal_resid,3998,2013-12-16 18:25:00,41.79045369,4.581766664503398
C_seasonal_resid,4003,2013-12-16 18:50:00,81.63368993,6.973647582473823
C_seasonal_resid,4004,2013-12-16 18:55:00,87.73037905,9.511831433782149
C_seasonal_resid,4005,2013-12-16 19:00:00,90.42082444,10.422678068445832
C_seasonal_resid,4006,2013-12-16 19:05:00,90.72679849,10.043762324381005
C_seasonal_resid,4007,2013-12-16 19:10:00,92.39017485,10.630572616510511
C_seasonal_resid,4008,2013-12-16 19:15:00,93.81792191,11.064116252968745
C_seasonal_resid,4009,2013-12-16 19:20:00,94.79157436,11.44339228566456
C_seasonal_resid,4010,2013-12-16 19:25:00,97.17508218,12.318784687558425
C_seasonal_resid,4011,2013-12-16 19:30:00,96.57597809,11.958939541440678
C_seasonal_resid,4012,2013-12-16 19:35:00,98.32644166,12.542362695370674
C_seasonal_resid,4013,2013-12-16 19:40:00,98.13878016,12.371497488537818
C_seasonal_resid,4014,2013-12-16 19:45:00,99.00484834,12.81723763143401
C_seasonal_resid,4015,2013-12-16 19:50:00,98.33838178,12.148730177857049
C_seasonal_resid,4016,2013-12-16 19:55:00,100.4016355,12.951084713629262
C_seasonal_resid,4017,2013-12-16 20:00:00,99.59652462,12.206337641830912
C_seasonal_resid,4018,2013-12-16 20:05:00,100.1124855,12.420531827825258
C_seasonal_resid,4019,2013-12-16 20:10:00,99.09488149,11.68106774696924
C_seasonal_resid,4020,2013-12-16 20:15:00,99.02416157,11.588824780277575
C_seasonal_resid,4021,2013-12-16 20:20:00,100.7365703,12.05262726814509
C_seasonal_resid,4022,2013-12-16 20:25:00,101.03139190000002,12.152627841338184
C_seasonal_resid,4023,2013-12-16 20:30:00,100.3720819,11.571541868241564
C_seasonal_resid,4024,2013-12-16 20:35:00,99.79124934,11.34294084095034
C_seasonal_resid,4025,2013-12-16 20:40:00,100.87877009999998,11.787001968993458
C_seasonal_resid,4026,2013-12-16 20:45:00,99.2141362,10.851308376863525
C_seasonal_resid,4027,2013-12-16 20:50:00,101.0045686,11.01724912581021
C_seasonal_resid,4028,2013-12-16 20:55:00,99.55025731,10.271265860409684
C_seasonal_resid,4029,2013-12-16 21:00:00,99.72446638,10.037351846678296
C_seasonal_resid,4030,2013-12-16 21:05:00,99.40226732,9.771381561349063
C_seasonal_resid,4031,2013-12-16 21:10:00,100.2072874,9.875814235557
C_seasonal_resid,4032,2013-12-16 21:15:00,99.52078102,9.514335330247459
C_seasonal_resid,4033,2013-12-16 21:20:00,100.4465293,9.713856986748704
C_seasonal_resid,4034,2013-12-16 21:25:00,100.4795992,9.420643220569932
C_seasonal_resid,4035,2013-12-16 21:30:00,100.6708725,9.433616640980688
C_seasonal_resid,4036,2013-12-16 21:35:00,100.5846324,9.236850007303802
C_seasonal_resid,4037,2013-12-16 21:40:00,101.4208016,9.433681381462314
C_seasonal_resid,4038,2013-12-16 21:45:00,101.5008296,9.496699781891511
C_seasonal_resid,4039,2013-12-16 21:50:00,100.8198199,9.135562328838407
C_seasonal_resid,4040,2013-12-16 21:55:00,100.5288984,8.938776519383064
C_seasonal_resid,4041,2013-12-16 22:00:00,100.5179726,8.802315512048864
C_seasonal_resid,4042,2013-12-16 22:05:00,100.1548013,8.62202280222396
C_seasonal_resid,4043,2013-12-16 22:10:00,100.6109197,8.892537003178534
C_seasonal_resid,4044,2013-12-16 22:15:00,101.6400774,9.165587967474963
C_seasonal_resid,4045,2013-12-16 22:20:00,101.1290288,9.034983202110077
C_seasonal_resid,4046,2013-12-16 22:25:00,101.8814094,9.299504902897578
C_seasonal_resid,4047,2013-12-16 22:30:00,102.6964292,9.722931664742587
C_seasonal_resid,4048,2013-12-16 22:35:00,101.7138867,9.20410102860104
C_seasonal_resid,4049,2013-12-16 22:40:00,102.7085554,9.444198970639384
C_seasonal_resid,4050,2013-12-16 22:45:00,102.9848334,9.71064074980116
C_seasonal_resid,4051,2013-12-16 22:50:00,101.5080214,8.973112283994007
C_seasonal_resid,4052,2013-12-16 22:55:00,102.0260435,9.10111599879686
C_seasonal_resid,4053,2013-12-16 23:00:00,101.4248327,8.848593449209192
C_seasonal_resid,4054,2013-12-16 23:05:00,102.632546,9.394453494506566
C_seasonal_resid,4055,2013-12-16 23:10:00,100.8237332,8.526067868277204
C_seasonal_resid,4056,2013-12-16 23:15:00,102.0523921,8.953449477197385
C_seasonal_resid,4057,2013-12-16 23:20:00,99.81043131,7.836867508376829
C_seasonal_resid,4058,2013-12-16 23:25:00,100.3277196,8.098238244033583
C_seasonal_resid,4059,2013-12-16 23:30:00,100.0920323,7.907849911918585
C_seasonal_resid,4060,2013-12-16 23:35:00,99.39926996,7.565907528044054
C_seasonal_resid,4061,2013-12-16 23:40:00,98.54638137,7.109486447268996
C_seasonal_resid,4062,2013-12-16 23:45:00,100.034402,7.940790980219338
C_seasonal_resid,4063,2013-12-16 23:50:00,97.95170435,6.841408034283632
C_seasonal_resid,4064,2013-12-16 23:55:00,97.59331335,6.675355352531509
C_seasonal_resid,4065,2013-12-17 00:00:00,97.39754211,6.668760211995497
C_seasonal_resid,4066,2013-12-17 00:05:00,97.85054326,6.922387086466829
C_seasonal_resid,4067,2013-12-17 00:10:00,99.00989219,7.240524547925133
C_seasonal_resid,4068,2013-12-17 00:15:00,97.10450939,6.339160633907367
C_seasonal_resid,4069,2013-12-17 00:20:00,97.12141706,6.019830403028285
C_seasonal_resid,4070,2013-12-17 00:25:00,97.489756,6.179775308733652
C_seasonal_resid,4071,2013-12-17 00:30:00,97.59276131,6.110298581157273
C_seasonal_resid,4072,2013-12-17 00:35:00,97.3476109,5.913749853462304
C_seasonal_resid,4073,2013-12-17 00:40:00,95.44921015,5.101811494801694
C_seasonal_resid,4074,2013-12-17 00:45:00,95.56860991,5.065981051779363
C_seasonal_resid,4075,2013-12-17 00:50:00,95.05862086,4.825755077479414
C_seasonal_resid,4097,2013-12-17 02:40:00,77.1638884,4.801877358889513
C_seasonal_resid,4098,2013-12-17 02:45:00,76.49140641,4.982011958543824
C_seasonal_resid,4099,2013-12-17 02:50:00,76.89895858,5.078813424385166
C_seasonal_resid,4106,2013-12-17 03:25:00,78.70762502,4.536681206156034
C_seasonal_resid,4107,2013-12-17 03:30:00,78.2513514,4.789339859962706
C_seasonal_resid,4108,2013-12-17 03:35:00,77.77803963,4.842935503632738
C_seasonal_resid,4109,2013-12-17 03:40:00,75.59522227,5.913950823948416
C_seasonal_resid,4110,2013-12-17 03:45:00,74.69370974,6.268590997563335
C_seasonal_resid,4111,2013-12-17 03:50:00,73.43719522,6.823646078033649
C_seasonal_resid,4112,2013-12-17 03:55:00,73.05764279,7.1499849388286005
C_seasonal_resid,4113,2013-12-17 04:00:00,70.68106999,8.056681981227554
C_seasonal_resid,4114,2013-12-17 04:05:00,69.37844415,8.761828154672319
C_seasonal_resid,4115,2013-12-17 04:10:00,68.95964025,8.767550996810272
C_seasonal_resid,4116,2013-12-17 04:15:00,68.00019556,9.290515615890001
C_seasonal_resid,4117,2013-12-17 04:20:00,68.21831109,9.19125389897369
C_seasonal_resid,4118,2013-12-17 04:25:00,65.86761677,10.06560610705659
C_seasonal_resid,4119,2013-12-17 04:30:00,65.72196238,10.279052883362006
C_seasonal_resid,4120,2013-12-17 04:35:00,66.63913056,9.941036478796617
C_seasonal_resid,4121,2013-12-17 04:40:00,67.97618906,9.232980347355731
C_seasonal_resid,4122,2013-12-17 04:45:00,66.2277498,10.065703280671766
C_seasonal_resid,4123,2013-12-17 04:50:00,68.52912895,9.066459411831362
C_seasonal_resid,4124,2013-12-17 04:55:00,68.14932989,9.27657084752748
C_seasonal_resid,4125,2013-12-17 05:00:00,69.11418862,8.908258471826036
C_seasonal_resid,4126,2013-12-17 05:05:00,70.33109073,8.355288283398819
C_seasonal_resid,4127,2013-12-17 05:10:00,69.06934767,8.784862428533518
C_seasonal_resid,4128,2013-12-17 05:15:00,71.25453284,7.9381386091843735
C_seasonal_resid,4129,2013-12-17 05:20:00,71.92223632,7.735069893435961
C_seasonal_resid,4130,2013-12-17 05:25:00,72.48763801,7.466078288761587
C_seasonal_resid,4131,2013-12-17 05:30:00,71.1506885,8.10319387936729
C_seasonal_resid,4132,2013-12-17 05:35:00,72.97955178,7.384096704672953
C_seasonal_resid,4133,2013-12-17 05:40:00,73.56509864,7.094097457819415
C_seasonal_resid,4134,2013-12-17 05:45:00,75.57849976,6.199508386235284
C_seasonal_resid,4135,2013-12-17 05:50:00,76.1061437,5.996625767925176
C_seasonal_resid,4136,2013-12-17 05:55:00,78.83362503,4.765890405123927
C_seasonal_resid,4139,2013-12-17 06:10:00,79.14670673,4.710430557854136
C_seasonal_resid,4141,2013-12-17 06:20:00,79.6522743,4.603386456866997
C_seasonal_resid,4143,2013-12-17 06:30:00,79.37430051,4.699854621567414
C_seasonal_resid,4144,2013-12-17 06:35:00,79.4973783,4.711946509191426
C_seasonal_resid,4147,2013-12-17 06:50:00,80.10887212,4.527606571536442
C_seasonal_resid,5203,2013-12-20 22:50:00,79.49567569999998,4.919546154299478
C_seasonal_resid,5204,2013-12-20 22:55:00,78.57907807,5.347576083233656
C_seasonal_resid,5205,2013-12-20 23:00:00,78.80108482,5.1967824198382475
C_seasonal_resid,5206,2013-12-20 23:05:00,77.25956934,5.770772269463445
C_seasonal_resid,5207,2013-12-20 23:10:00,74.6881569,6.889073584730816
C_seasonal_resid,5208,2013-12-20 23:15:00,73.77393927,7.296589536092323
C_seasonal_resid,5209,2013-12-20 23:20:00,75.12640336,6.734318112684943
C_seasonal_resid,5210,2013-12-20 23:25:00,75.45786814,6.4982174464629745
C_seasonal_resid,5211,2013-12-20 23:30:00,75.03852509,6.734045010736337
C_seasonal_resid,5212,2013-12-20 23:35:00,75.75675378,6.38181283083855
C_seasonal_resid,5213,2013-12-20 23:40:00,76.94324551,5.882076188742008
C_seasonal_resid,5214,2013-12-20 23:45:00,75.47560225,6.289843767435713
C_seasonal_resid,5215,2013-12-20 23:50:00,76.85962531,5.79903920381248
C_seasonal_resid,5216,2013-12-20 23:55:00,77.92799067,5.267503759968633
C_seasonal_resid,5217,2013-12-21 00:00:00,77.62195233,5.277378177661223
C_seasonal_resid,5218,2013-12-21 00:05:00,78.05083567,4.975755973595012
C_seasonal_resid,5927,2013-12-23 11:10:00,75.74113708,4.652024357212299
C_seasonal_resid,5929,2013-12-23 11:20:00,74.93669477,4.850534657306558
C_seasonal_resid,5930,2013-12-23 11:25:00,75.4124062,4.655049597594235
C_seasonal_resid,5931,2013-12-23 11:30:00,75.67821926,4.5770026047822165
C_seasonal_resid,5932,2013-12-23 11:35:00,74.31361275,5.101640140288293
C_seasonal_resid,5933,2013-12-23 11:40:00,75.26551373,4.784640553735445
C_seasonal_resid,5934,2013-12-23 11:45:00,73.16689236,5.525178610476743
C_seasonal_resid,5935,2013-12-23 11:50:00,73.10554712,5.570940022605269
C_seasonal_resid,5936,2013-12-23 11:55:00,73.07170026,5.52961152909718
C_seasonal_resid,5937,2013-12-23 12:00:00,72.85390906,5.681876505168026
C_seasonal_resid,5938,2013-12-23 12:05:00,72.68118188,5.7110205567999754
C_seasonal_resid,5939,2013-12-23 12:10:00,72.46152349,5.8756348643208005
C_seasonal_resid,5940,2013-12-23 12:15:00,71.57180759999999,6.189619362246851
C_seasonal_resid,5941,2013-12-23 12:20:00,70.85694455,6.533767982108866
C_seasonal_resid,5942,2013-12-23 12:25:00,70.52484602,6.730578864078896
C_seasonal_resid,5943,2013-12-23 12:30:00,70.96480665,6.462421308175272
C_seasonal_resid,5944,2013-12-23 12:35:00,70.73778761,6.60663608121653
C_seasonal_resid,5945,2013-12-23 12:40:00,69.85628764,6.967068756096752
C_seasonal_resid,5946,2013-12-23 12:45:00,70.81077737,6.306906011631179
C_seasonal_resid,5947,2013-12-23 12:50:00,71.32337357,6.389934135191016
C_seasonal_resid,5948,2013-12-23 12:55:00,72.34316514,5.964852218695894
C_seasonal_resid,5949,2013-12-23 13:00:00,73.49665194,5.453935841849837
C_seasonal_resid,5950,2013-12-23 13:05:00,73.23407403,5.365306725407049
C_seasonal_resid,5951,2013-12-23 13:10:00,75.66032144,4.573510986566536
C_seasonal_resid,6247,2013-12-24 13:50:00,69.80861369,4.803953067508739
C_seasonal_resid,6248,2013-12-24 13:55:00,69.07325646,5.021978101042278
C_seasonal_resid,6249,2013-12-24 14:00:00,69.55191269,4.853814199046379
C_seasonal_resid,6250,2013-12-24 14:05:00,68.88510075,5.180907373634594
C_seasonal_resid,6251,2013-12-24 14:10:00,68.39481654,5.1516249449702824
C_seasonal_resid,6252,2013-12-24 14:15:00,69.00474763,5.063826101565345
C_seasonal_resid,6253,2013-12-24 14:20:00,69.84202057,4.55263813870249
C_seasonal_resid,6335,2013-12-24 21:10:00,71.26817231,4.7330126752305395
C_seasonal_resid,6338,2013-12-24 21:25:00,71.11293312,4.801301394800031
C_seasonal_resid,6339,2013-12-24 21:30:00,69.59334041,5.328803564326426
C_seasonal_resid,6340,2013-12-24 21:35:00,70.54477891,4.9492058005844495
C_seasonal_resid,6341,2013-12-24 21:40:00,69.84691559,5.3408099872278205
C_seasonal_resid,6342,2013-12-24 21:45:00,69.04371794,5.592986039043475
C_seasonal_resid,6343,2013-12-24 21:50:00,68.5879911,5.788766030990097
C_seasonal_resid,6344,2013-12-24 21:55:00,69.49714222,5.388978059313724
C_seasonal_resid,6345,2013-12-24 22:00:00,68.39254161,5.939528276210595
C_seasonal_resid,6346,2013-12-24 22:05:00,68.1805954,6.0061769017716395
C_seasonal_resid,6347,2013-12-24 22:10:00,69.61334202,5.294472488477394
C_seasonal_resid,6348,2013-12-24 22:15:00,70.51807129,5.039615030869721
C_seasonal_resid,6349,2013-12-24 22:20:00,69.55316554,5.304672694881995
C_seasonal_resid,6350,2013-12-24 22:25:00,69.12795083,5.510705339269212
C_seasonal_resid,6351,2013-12-24 22:30:00,70.462528,4.84289016013851
C_seasonal_resid,6352,2013-12-24 22:35:00,70.72928215,4.7891557360551005
C_seasonal_resid,6353,2013-12-24 22:40:00,71.05650355,4.8062900770136405
C_seasonal_resid,6354,2013-12-24 22:45:00,71.04556373,4.644364908922687
C_seasonal_resid,6355,2013-12-24 22:50:00,71.46161372,4.522715743914538
C_seasonal_resid,6846,2013-12-26 15:45:00,108.5105428,4.539069900477969
C_seasonal_resid,7150,2013-12-27 17:05:00,75.37826856,4.587845159643929
C_seasonal_resid,7151,2013-12-27 17:10:00,74.0336015,5.1781631217335455
C_seasonal_resid,7152,2013-12-27 17:15:00,74.93721187,4.891632667369799
C_seasonal_resid,7153,2013-12-27 17:20:00,72.78828863,5.765586949856394
C_seasonal_resid,7154,2013-12-27 17:25:00,72.47907949,5.783606419331219
C_seasonal_resid,7155,2013-12-27 17:30:00,70.11856261,6.681464713908972
C_seasonal_resid,7156,2013-12-27 17:35:00,67.89905429999999,7.565612451590213
C_seasonal_resid,7157,2013-12-27 17:40:00,68.97973831,7.093443609750745
C_seasonal_resid,7158,2013-12-27 17:45:00,67.25745219,7.804524593373588
C_seasonal_resid,7159,2013-12-27 17:50:00,66.33263226,8.235292144446934
C_seasonal_resid,7160,2013-12-27 17:55:00,66.92997041,7.93715618452051
C_seasonal_resid,7161,2013-12-27 18:00:00,65.33383879,8.474805495247326
C_seasonal_resid,7162,2013-12-27 18:05:00,64.72163698,8.758672652589706
C_seasonal_resid,7163,2013-12-27 18:10:00,65.20511067,8.50402300342668
C_seasonal_resid,7164,2013-12-27 18:15:00,64.01552646,9.005257658333985
C_seasonal_resid,7165,2013-12-27 18:20:00,64.19683116,8.803088036542421
C_seasonal_resid,7166,2013-12-27 18:25:00,65.09867845,8.476094930803955
C_seasonal_resid,7167,2013-12-27 18:30:00,62.57971724,9.509196989345787
C_seasonal_resid,7168,2013-12-27 18:35:00,62.20756384,9.446546267444118
C_seasonal_resid,7169,2013-12-27 18:40:00,63.53212992,8.789123543716535
C_seasonal_resid,7170,2013-12-27 18:45:00,61.30842268,9.744424377994857
C_seasonal_resid,7171,2013-12-27 18:50:00,60.63279687,9.943365957438518
C_seasonal_resid,7172,2013-12-27 18:55:00,61.32437167,9.639921780076325
C_seasonal_resid,7173,2013-12-27 19:00:00,61.65867838,9.58371447106845
C_seasonal_resid,7174,2013-12-27 19:05:00,60.02576845,10.42442093460735
C_seasonal_resid,7175,2013-12-27 19:10:00,61.25192005,9.732077611050416
C_seasonal_resid,7176,2013-12-27 19:15:00,62.28035363,9.434184092863612
C_seasonal_resid,7177,2013-12-27 19:20:00,66.33870010000001,7.669640548752789
C_seasonal_resid,7227,2013-12-27 23:30:00,72.56032539,5.078357370719413
C_seasonal_resid,7228,2013-12-27 23:35:00,71.26782341,5.63746877894815
C_seasonal_resid,7229,2013-12-27 23:40:00,69.62985649999999,6.405990874172722
C_seasonal_resid,7230,2013-12-27 23:45:00,67.99668051,6.910278658053131
C_seasonal_resid,7231,2013-12-27 23:50:00,70.47995338,5.979428067956493
C_seasonal_resid,7232,2013-12-27 23:55:00,70.61343106,5.883625440698866
C_seasonal_resid,7245,2013-12-28 01:00:00,73.68176977,4.776569567909531
C_seasonal_resid,7247,2013-12-28 01:10:00,71.94070344,5.367662708999915
C_seasonal_resid,7248,2013-12-28 01:15:00,71.93789424,5.3253675649768715
C_seasonal_resid,7249,2013-12-28 01:20:00,70.94219354,5.936574605593952
C_seasonal_resid,7250,2013-12-28 01:25:00,69.82225674,6.213880133385248
C_seasonal_resid,7251,2013-12-28 01:30:00,69.60030838,6.346725187901314
C_seasonal_resid,7252,2013-12-28 01:35:00,66.46993588,7.69026262267401
C_seasonal_resid,7253,2013-12-28 01:40:00,67.37400264,7.200803952766252
C_seasonal_resid,7254,2013-12-28 01:45:00,68.46894672,6.864008771163071
C_seasonal_resid,7255,2013-12-28 01:50:00,70.81276109999997,5.925374938184438
C_seasonal_resid,7256,2013-12-28 01:55:00,69.65666767,6.5557633785691225
C_seasonal_resid,7257,2013-12-28 02:00:00,71.62183874,5.430768071649473
C_seasonal_resid,7258,2013-12-28 02:05:00,71.37677611,5.535874165495042
C_seasonal_resid,7259,2013-12-28 02:10:00,69.30283851,6.511875791544683
C_seasonal_resid,7260,2013-12-28 02:15:00,69.39622658,6.258098168605977
C_seasonal_resid,7261,2013-12-28 02:20:00,69.30053479,6.562691709641607
C_seasonal_resid,7262,2013-12-28 02:25:00,67.65616521,7.127570508668463
C_seasonal_resid,7263,2013-12-28 02:30:00,68.79764525,6.855018854143772
C_seasonal_resid,7264,2013-12-28 02:35:00,68.86690179,6.644874043007413
C_seasonal_resid,7265,2013-12-28 02:40:00,67.05317081,7.466706169720623
C_seasonal_resid,7266,2013-12-28 02:45:00,67.30083786,7.22550832263988
C_seasonal_resid,7267,2013-12-28 02:50:00,66.04289709,8.030782035615886
C_seasonal_resid,7268,2013-12-28 02:55:00,66.3249604,7.808127668361758
C_seasonal_resid,7269,2013-12-28 03:00:00,66.69118215,7.649807678912563
C_seasonal_resid,7270,2013-12-28 03:05:00,64.82885806,8.382785798854242
C_seasonal_resid,7271,2013-12-28 03:10:00,64.10208218,8.734174120883125
C_seasonal_resid,7272,2013-12-28 03:15:00,63.24460168,8.971037268279249
C_seasonal_resid,7273,2013-12-28 03:20:00,62.77629153,9.287827257197529
C_seasonal_resid,7274,2013-12-28 03:25:00,63.97166024,8.804904302864747
C_seasonal_resid,7275,2013-12-28 03:30:00,61.66005989,9.80015915435569
C_seasonal_resid,7276,2013-12-28 03:35:00,62.76162141,9.142784772370899
C_seasonal_resid,7277,2013-12-28 03:40:00,61.39990482,9.818788399271973
C_seasonal_resid,7278,2013-12-28 03:45:00,59.15989372,10.700710325059344
C_seasonal_resid,7279,2013-12-28 03:50:00,61.41747059,9.664845616322344
C_seasonal_resid,7280,2013-12-28 03:55:00,64.83900573,8.282065059370694
C_seasonal_resid,7281,2013-12-28 04:00:00,67.74370333,6.861685934211023
C_seasonal_resid,7282,2013-12-28 04:05:00,69.70160272,6.115397356021606
C_seasonal_resid,7283,2013-12-28 04:10:00,72.25481958,4.7887801471394384
C_seasonal_resid,7299,2013-12-28 05:30:00,72.38601817,4.978118550081616
C_seasonal_resid,7300,2013-12-28 05:35:00,72.16277773,5.161432763592437
C_seasonal_resid,7301,2013-12-28 05:40:00,71.30631063,5.477531283742102
C_seasonal_resid,7302,2013-12-28 05:45:00,70.11070953,5.9701720636974
C_seasonal_resid,7303,2013-12-28 05:50:00,67.95295064,6.954304089690416
C_seasonal_resid,7304,2013-12-28 05:55:00,66.20564689,7.6179576933214035
C_seasonal_resid,7305,2013-12-28 06:00:00,65.92505305,7.807166296499218
C_seasonal_resid,7306,2013-12-28 06:05:00,64.99982552,8.250001403298091
C_seasonal_resid,7307,2013-12-28 06:10:00,65.04849841,8.118528598891496
C_seasonal_resid,7308,2013-12-28 06:15:00,68.80547831,6.5794135913599465
C_seasonal_resid,7309,2013-12-28 06:20:00,72.18400956,5.079430865149942
C_seasonal_resid,7456,2013-12-28 18:35:00,74.13937297,4.636080869614778
C_seasonal_resid,7465,2013-12-28 19:20:00,74.8234959,4.740891391455108
C_seasonal_resid,7466,2013-12-28 19:25:00,74.81778379,4.81943883912042
C_seasonal_resid,7467,2013-12-28 19:30:00,75.0111843,4.674767484331311
C_seasonal_resid,8777,2014-01-02 08:40:00,78.31514811,5.004855332347238
C_seasonal_resid,8778,2014-01-02 08:45:00,78.62598237,4.796486806186927
C_seasonal_resid,8779,2014-01-02 08:50:00,76.35530338,5.797738965886204
C_seasonal_resid,8780,2014-01-02 08:55:00,74.72282209,6.3429540027974625
C_seasonal_resid,8781,2014-01-02 09:00:00,75.24190297,6.213123696419933
C_seasonal_resid,8782,2014-01-02 09:05:00,73.07248748,7.066244997446857
C_seasonal_resid,8783,2014-01-02 09:10:00,70.73611835,8.146107154890872
C_seasonal_resid,8784,2014-01-02 09:15:00,70.64496345,8.0711926259015
C_seasonal_resid,8785,2014-01-02 09:20:00,70.07096215,8.41870259360367
C_seasonal_resid,8786,2014-01-02 09:25:00,68.92669167,8.864164821088194
C_seasonal_resid,8787,2014-01-02 09:30:00,68.15031702,9.17771208871075
C_seasonal_resid,8788,2014-01-02 09:35:00,67.06756693,9.71039954097604
C_seasonal_resid,8789,2014-01-02 09:40:00,68.09456879999999,9.206336646340002
C_seasonal_resid,8790,2014-01-02 09:45:00,67.41543115,9.465612685192927
C_seasonal_resid,8791,2014-01-02 09:50:00,67.58208041,9.326616335025234
C_seasonal_resid,8792,2014-01-02 09:55:00,71.05345659,7.833321292759806
C_seasonal_resid,8793,2014-01-02 10:00:00,74.39194308,6.407598059014662
C_seasonal_resid,8794,2014-01-02 10:05:00,78.37222676,4.615109775705962
C_seasonal_resid,8883,2014-01-02 17:30:00,75.15478849,5.031035761129182
C_seasonal_resid,8884,2014-01-02 17:35:00,75.69149767,4.80618780366502
C_seasonal_resid,8885,2014-01-02 17:40:00,74.72032183,5.305915774154447
C_seasonal_resid,8886,2014-01-02 17:45:00,75.31921247,5.019269417152369
C_seasonal_resid,9683,2014-01-05 12:10:00,69.61036102,5.043611237509569
C_seasonal_resid,9684,2014-01-05 12:15:00,70.02446773,4.7797078222013685
C_seasonal_resid,9685,2014-01-05 12:20:00,70.05985166,4.792790506813689
C_seasonal_resid,9686,2014-01-05 12:25:00,67.95470144,5.754085117547896
C_seasonal_resid,9687,2014-01-05 12:30:00,67.58051827,5.830915953516061
C_seasonal_resid,9688,2014-01-05 12:35:00,67.64253240000001,5.834339133590959
C_seasonal_resid,9689,2014-01-05 12:40:00,65.91116429,6.542143238656064
C_seasonal_resid,9690,2014-01-05 12:45:00,64.67911136,6.778102086094878
C_seasonal_resid,9691,2014-01-05 12:50:00,65.59153017,6.6088839847262255
C_seasonal_resid,9692,2014-01-05 12:55:00,63.29321309,7.58192056091138
C_seasonal_resid,9693,2014-01-05 13:00:00,62.39914178,7.929798605100291
C_seasonal_resid,9694,2014-01-05 13:05:00,61.0153558,8.30117366838641
C_seasonal_resid,9695,2014-01-05 13:10:00,61.31925478,8.42493222541157
C_seasonal_resid,9696,2014-01-05 13:15:00,60.75081018,8.703306088260298
C_seasonal_resid,9697,2014-01-05 13:20:00,59.84844405,8.854472874742356
C_seasonal_resid,9698,2014-01-05 13:25:00,59.67109773,9.046538770840044
C_seasonal_resid,9699,2014-01-05 13:30:00,59.57175481,9.107371024089252
C_seasonal_resid,9700,2014-01-05 13:35:00,59.57632406,9.14019891365777
C_seasonal_resid,9701,2014-01-05 13:40:00,59.40820587,9.115437201873899
C_seasonal_resid,9702,2014-01-05 13:45:00,59.43847202,9.060896115553376
C_seasonal_resid,9703,2014-01-05 13:50:00,57.63138241,10.028874148707061
C_seasonal_resid,9704,2014-01-05 13:55:00,59.57893470000001,8.960256856862886
C_seasonal_resid,9705,2014-01-05 14:00:00,57.42226464,9.810813444148415
C_seasonal_resid,9706,2014-01-05 14:05:00,59.20921649,9.06766775262617
C_seasonal_resid,9707,2014-01-05 14:10:00,58.40056351,9.131870956785772
C_seasonal_resid,9708,2014-01-05 14:15:00,57.63746967,9.595362907429859
C_seasonal_resid,9709,2014-01-05 14:20:00,58.41919197,9.106750166513905
C_seasonal_resid,9710,2014-01-05 14:25:00,58.57633044,9.216896048343193
C_seasonal_resid,9711,2014-01-05 14:30:00,57.43165297,9.750616424886603
C_seasonal_resid,9712,2014-01-05 14:35:00,57.15864247,9.792487487525504
C_seasonal_resid,9713,2014-01-05 14:40:00,56.0382358,10.175354816918055
C_seasonal_resid,9714,2014-01-05 14:45:00,57.72582723,9.401391077317449
C_seasonal_resid,9715,2014-01-05 14:50:00,56.27682749,10.008226122857234
C_seasonal_resid,9716,2014-01-05 14:55:00,57.48599536,9.703724134127368
C_seasonal_resid,9717,2014-01-05 15:00:00,56.19439786,10.174950004567116
C_seasonal_resid,9718,2014-01-05 15:05:00,55.35927839,10.450487637056519
C_seasonal_resid,9719,2014-01-05 15:10:00,56.97334681,9.819606540517851
C_seasonal_resid,9720,2014-01-05 15:15:00,56.68936415,9.90858405452702
C_seasonal_resid,9721,2014-01-05 15:20:00,55.18598038,10.40206907838251
C_seasonal_resid,9722,2014-01-05 15:25:00,56.45429684,9.93331796338396
C_seasonal_resid,9723,2014-01-05 15:30:00,54.37813925,10.871449467739508
C_seasonal_resid,9724,2014-01-05 15:35:00,55.88751894,10.203764458139075
C_seasonal_resid,9725,2014-01-05 15:40:00,55.51314535,10.308708504511866
C_seasonal_resid,9726,2014-01-05 15:45:00,53.58513187,11.170318876251734
C_seasonal_resid,9727,2014-01-05 15:50:00,54.41692991,10.850855660850241
C_seasonal_resid,9728,2014-01-05 15:55:00,53.08527732,11.49856967189594
C_seasonal_resid,9729,2014-01-05 16:00:00,54.03061877,10.963904310300903
C_seasonal_resid,9730,2014-01-05 16:05:00,54.2302424,11.013868878702773
C_seasonal_resid,9731,2014-01-05 16:10:00,53.51657988,11.33822464802335
C_seasonal_resid,9732,2014-01-05 16:15:00,53.42621889,11.46533720636643
C_seasonal_resid,9733,2014-01-05 16:20:00,52.89904267,11.52781884223064
C_seasonal_resid,9734,2014-01-05 16:25:00,53.67904336,11.212893387641166
C_seasonal_resid,9735,2014-01-05 16:30:00,52.39037967,11.757611542657168
C_seasonal_resid,9736,2014-01-05 16:35:00,52.49113278,11.937964488542544
C_seasonal_resid,9737,2014-01-05 16:40:00,52.72927693,11.683737109886595
C_seasonal_resid,9738,2014-01-05 16:45:00,54.22834567,11.020447682308326
C_seasonal_resid,9739,2014-01-05 16:50:00,53.11560297,11.584928569835531
C_seasonal_resid,9740,2014-01-05 16:55:00,52.86051460000001,11.608712392823046
C_seasonal_resid,9741,2014-01-05 17:00:00,54.35474691,11.121663822454757
C_seasonal_resid,9742,2014-01-05 17:05:00,52.7009885,11.725221462439057
C_seasonal_resid,9743,2014-01-05 17:10:00,55.01586888,10.772389366502042
C_seasonal_resid,9744,2014-01-05 17:15:00,54.04971674,11.336760244874053
C_seasonal_resid,9745,2014-01-05 17:20:00,53.18042117,11.703554822577345
C_seasonal_resid,9746,2014-01-05 17:25:00,53.51341572,11.505969991267978
C_seasonal_resid,9747,2014-01-05 17:30:00,53.12210213,11.58341945537243
C_seasonal_resid,9748,2014-01-05 17:35:00,53.27858232,11.523493164400628
C_seasonal_resid,9749,2014-01-05 17:40:00,55.81175174,10.503235874839806
C_seasonal_resid,9750,2014-01-05 17:45:00,61.76616859,7.893667461061629
C_seasonal_resid,9751,2014-01-05 17:50:00,64.37043560000001,6.814968293327694
C_seasonal_resid,9752,2014-01-05 17:55:00,68.30337843,5.089177433837357
C_seasonal_resid,10026,2014-01-06 16:45:00,72.54461682,4.718669783918645
C_seasonal_resid,10048,2014-01-06 18:35:00,73.35308341,4.7656874036361785
C_seasonal_resid,10049,2014-01-06 18:40:00,74.01133788,4.569481136650136
C_seasonal_resid,10050,2014-01-06 18:45:00,73.99988264,4.73973807096107
C_seasonal_resid,10051,2014-01-06 18:50:00,73.44021392,4.982341527326149
C_seasonal_resid,10053,2014-01-06 19:00:00,74.84853007,4.500349339949145
C_seasonal_resid,11665,2014-01-12 08:20:00,85.64137234,4.8084400912322
C_seasonal_resid,11666,2014-01-12 08:25:00,83.99317009,5.660420541876617
C_seasonal_resid,11667,2014-01-12 08:30:00,82.10022740000002,6.450323675625088
C_seasonal_resid,11668,2014-01-12 08:35:00,81.57650504,6.748806751407307
C_seasonal_resid,11669,2014-01-12 08:40:00,81.48579622,6.888823863699142
C_seasonal_resid,11670,2014-01-12 08:45:00,79.01787179,7.88572249492975
C_seasonal_resid,11671,2014-01-12 08:50:00,80.36376545,7.318311548671003
C_seasonal_resid,11672,2014-01-12 08:55:00,78.82394937,7.823333698503707
C_seasonal_resid,11673,2014-01-12 09:00:00,78.54755531,8.005458211325543
C_seasonal_resid,11674,2014-01-12 09:05:00,77.995418,8.157096407060248
C_seasonal_resid,11675,2014-01-12 09:10:00,79.35174503,7.635277418210998
C_seasonal_resid,11676,2014-01-12 09:15:00,82.79152146,6.008474119692829
C_seasonal_resid,12011,2014-01-13 13:10:00,65.91014187,4.6334956148887825
C_seasonal_resid,12012,2014-01-13 13:15:00,65.3609912,4.927032760337143
C_seasonal_resid,12013,2014-01-13 13:20:00,65.38611617,4.707201258735861
C_seasonal_resid,12014,2014-01-13 13:25:00,64.08654685,5.400407948837922
C_seasonal_resid,12015,2014-01-13 13:30:00,64.20724591,5.381744253883098
C_seasonal_resid,12016,2014-01-13 13:35:00,64.29474901,5.422586035685156
C_seasonal_resid,12017,2014-01-13 13:40:00,65.39571981,4.884919532469789
C_seasonal_resid,12018,2014-01-13 13:45:00,64.68689268,5.1609061258423745
C_seasonal_resid,12019,2014-01-13 13:50:00,63.66325922,5.795932382876564
C_seasonal_resid,12020,2014-01-13 13:55:00,64.40677583,5.372506226103039
C_seasonal_resid,12021,2014-01-13 14:00:00,64.46178832,5.388094834929252
C_seasonal_resid,12022,2014-01-13 14:05:00,64.38639449,5.458664538503436
C_seasonal_resid,12023,2014-01-13 14:10:00,63.4938718,5.603850238765724
C_seasonal_resid,12024,2014-01-13 14:15:00,64.06214671,5.534119472246001
C_seasonal_resid,12025,2014-01-13 14:20:00,64.75561327,5.085306521456353
C_seasonal_resid,12026,2014-01-13 14:25:00,65.09440382,5.1222336186172255
C_seasonal_resid,12027,2014-01-13 14:30:00,63.54102977,5.891450717615925
C_seasonal_resid,12028,2014-01-13 14:35:00,63.9894804,5.620393058357374
C_seasonal_resid,12029,2014-01-13 14:40:00,63.59568957,5.747093351560248
C_seasonal_resid,12030,2014-01-13 14:45:00,64.66158722,5.248176626887206
C_seasonal_resid,12031,2014-01-13 14:50:00,64.07489176,5.480993218754925
C_seasonal_resid,12032,2014-01-13 14:55:00,64.23319655,5.642500501480612
C_seasonal_resid,12033,2014-01-13 15:00:00,66.34994201,4.635381438408863
C_seasonal_resid,12035,2014-01-13 15:10:00,66.22161007,4.673564718218532
C_seasonal_resid,12074,2014-01-13 18:25:00,65.87015952,5.011134083382257
C_seasonal_resid,12075,2014-01-13 18:30:00,65.93994838,4.9929005357075695
C_seasonal_resid,12077,2014-01-13 18:40:00,65.1815213,5.228208170066501
C_seasonal_resid,12078,2014-01-13 18:45:00,65.30754236,5.286755464056326
C_seasonal_resid,12079,2014-01-13 18:50:00,64.97799787,5.3617744578808635
C_seasonal_resid,12080,2014-01-13 18:55:00,65.65923749,5.062813092597513
C_seasonal_resid,12081,2014-01-13 19:00:00,64.41788616,5.878633857828877
C_seasonal_resid,12082,2014-01-13 19:05:00,64.64844603,5.911073321857349
C_seasonal_resid,12083,2014-01-13 19:10:00,63.44601056,6.497144960484938
C_seasonal_resid,12084,2014-01-13 19:15:00,63.49904305,6.743143363508054
C_seasonal_resid,12085,2014-01-13 19:20:00,63.13483438,6.934825639938261
C_seasonal_resid,12086,2014-01-13 19:25:00,62.43381708,7.327598022292182
C_seasonal_resid,12087,2014-01-13 19:30:00,63.06992427,7.011250282084012
C_seasonal_resid,12088,2014-01-13 19:35:00,63.64970631,6.860416760959085
C_seasonal_resid,12089,2014-01-13 19:40:00,61.04041691,8.103972600964095
C_seasonal_resid,12090,2014-01-13 19:45:00,60.82395579,8.089104956515508
C_seasonal_resid,12091,2014-01-13 19:50:00,62.07181212,7.7178457427341955
C_seasonal_resid,12092,2014-01-13 19:55:00,60.8073309,8.154763644983769
C_seasonal_resid,12093,2014-01-13 20:00:00,61.96491425,7.9036106031653866
C_seasonal_resid,12094,2014-01-13 20:05:00,60.14783736,8.617755186317591
C_seasonal_resid,12095,2014-01-13 20:10:00,61.01216949999999,8.416007686476114
C_seasonal_resid,12096,2014-01-13 20:15:00,60.14169561,8.613925993507966
C_seasonal_resid,12097,2014-01-13 20:20:00,60.40370533,8.656604422132022
C_seasonal_resid,12098,2014-01-13 20:25:00,60.11510869,8.770283590783574
C_seasonal_resid,12099,2014-01-13 20:30:00,59.26487556,9.310563342498781
C_seasonal_resid,12100,2014-01-13 20:35:00,59.42804546,9.117208682061767
C_seasonal_resid,12101,2014-01-13 20:40:00,61.6108692,8.088014829124909
C_seasonal_resid,12102,2014-01-13 20:45:00,60.94256521,8.319055092642262
C_seasonal_resid,12103,2014-01-13 20:50:00,62.63720253,7.758015459261172
C_seasonal_resid,12104,2014-01-13 20:55:00,60.81125971,8.469678923962219
C_seasonal_resid,12105,2014-01-13 21:00:00,61.39523263,8.411429796845187
C_seasonal_resid,12106,2014-01-13 21:05:00,61.6263093,8.243063798800069
C_seasonal_resid,12107,2014-01-13 21:10:00,63.57203666,7.471918359707121
C_seasonal_resid,12108,2014-01-13 21:15:00,66.59543434,6.078410131236013
C_seasonal_resid,12109,2014-01-13 21:20:00,68.42178675,5.297610098660857
C_seasonal_resid,12483,2014-01-15 04:30:00,105.5947708,4.755737405139802
C_seasonal_resid,12485,2014-01-15 04:40:00,104.9860644,4.582141819676054
C_seasonal_resid,12824,2014-01-16 08:55:00,77.56169801,5.1265889210948
C_seasonal_resid,12825,2014-01-16 09:00:00,76.84255045,5.527327969743363
C_seasonal_resid,12826,2014-01-16 09:05:00,75.94220869,5.829997411607023
C_seasonal_resid,12827,2014-01-16 09:10:00,73.67659219,6.879171110371658
C_seasonal_resid,12828,2014-01-16 09:15:00,72.71784414,7.180569045445992
C_seasonal_resid,12829,2014-01-16 09:20:00,72.14756919,7.514168003004091
C_seasonal_resid,12830,2014-01-16 09:25:00,71.23101053,7.855364633003638
C_seasonal_resid,12831,2014-01-16 09:30:00,72.17089466,7.401596216040058
C_seasonal_resid,12832,2014-01-16 09:35:00,70.48807688,8.194558834181102
C_seasonal_resid,12833,2014-01-16 09:40:00,70.80388164,7.989170475997896
C_seasonal_resid,12834,2014-01-16 09:45:00,68.98356067,8.739918307514566
C_seasonal_resid,12835,2014-01-16 09:50:00,69.90468696,8.26787041599772
C_seasonal_resid,12836,2014-01-16 09:55:00,68.68089133,8.801414120338437
C_seasonal_resid,12837,2014-01-16 10:00:00,68.70544314,8.79927401714764
C_seasonal_resid,12838,2014-01-16 10:05:00,67.62523714,9.180005966810768
C_seasonal_resid,12839,2014-01-16 10:10:00,68.22186958,8.85874240020232
C_seasonal_resid,12840,2014-01-16 10:15:00,67.07536512,9.338005027638383
C_seasonal_resid,12841,2014-01-16 10:20:00,65.92649551,9.857413697907944
C_seasonal_resid,12842,2014-01-16 10:25:00,66.6018399,9.50217748115524
C_seasonal_resid,12843,2014-01-16 10:30:00,66.49476870000001,9.595790198512274
C_seasonal_resid,12844,2014-01-16 10:35:00,64.20854584,10.586146833569144
C_seasonal_resid,12845,2014-01-16 10:40:00,64.74983017,10.186050125787204
C_seasonal_resid,12846,2014-01-16 10:45:00,62.72363404,11.174735961083607
C_seasonal_resid,12847,2014-01-16 10:50:00,62.52510046,11.111612265201382
C_seasonal_resid,12848,2014-01-16 10:55:00,63.85956231,10.635382264790731
C_seasonal_resid,12849,2014-01-16 11:00:00,62.28232175,11.283138189507813
C_seasonal_resid,12850,2014-01-16 11:05:00,61.41414665,11.558992525961877
C_seasonal_resid,12851,2014-01-16 11:10:00,60.17635431,12.142517391543297
C_seasonal_resid,12852,2014-01-16 11:15:00,61.96665698,11.334969581317223
C_seasonal_resid,12853,2014-01-16 11:20:00,59.21560066,12.398071334157487
C_seasonal_resid,12854,2014-01-16 11:25:00,60.18400304,11.988885018947256
C_seasonal_resid,12855,2014-01-16 11:30:00,59.91868037,12.117402805965186
C_seasonal_resid,12856,2014-01-16 11:35:00,57.76805281,12.982971477374582
C_seasonal_resid,12857,2014-01-16 11:40:00,59.27332331,12.425951729748592
C_seasonal_resid,12858,2014-01-16 11:45:00,59.21693982,12.280683381924534
C_seasonal_resid,12859,2014-01-16 11:50:00,59.3825915,12.227986466782873
C_seasonal_resid,12860,2014-01-16 11:55:00,58.26907922,12.654955301999168
C_seasonal_resid,12861,2014-01-16 12:00:00,58.11825979,12.801983371238105
C_seasonal_resid,12862,2014-01-16 12:05:00,57.54414908,13.010669919941831
C_seasonal_resid,12863,2014-01-16 12:10:00,57.71760448,13.004773869039102
C_seasonal_resid,12864,2014-01-16 12:15:00,57.59727673,12.985041639505056
C_seasonal_resid,12865,2014-01-16 12:20:00,58.38544809,12.682569702520862
C_seasonal_resid,12866,2014-01-16 12:25:00,59.73954181,12.151913026352064
C_seasonal_resid,12867,2014-01-16 12:30:00,59.23410160000001,12.29451397394588
C_seasonal_resid,12868,2014-01-16 12:35:00,61.11321455,11.52819088638156
C_seasonal_resid,12869,2014-01-16 12:40:00,64.39941776,10.093908653875436
C_seasonal_resid,12870,2014-01-16 12:45:00,70.20186963,7.370634406009822
C_seasonal_resid,12871,2014-01-16 12:50:00,73.8112017,6.143129320417359
C_seasonal_resid,13444,2014-01-18 12:35:00,75.48021184,4.61137275653899
C_seasonal_resid,13445,2014-01-18 12:40:00,74.86824834,4.854895871701354
C_seasonal_resid,13446,2014-01-18 12:45:00,74.2829394,4.862610036671624
C_seasonal_resid,13447,2014-01-18 12:50:00,73.70164938,5.420103661547986
C_seasonal_resid,13448,2014-01-18 12:55:00,73.43263699,5.554031453558121
C_seasonal_resid,13449,2014-01-18 13:00:00,74.40004166,5.123826899827
C_seasonal_resid,13450,2014-01-18 13:05:00,73.82876727,5.1690927236987925
C_seasonal_resid,13451,2014-01-18 13:10:00,72.21453603,6.129826355080128
C_seasonal_resid,13452,2014-01-18 13:15:00,71.70537164,6.406019731095156
C_seasonal_resid,13453,2014-01-18 13:20:00,71.87592994,6.123107539231051
C_seasonal_resid,13454,2014-01-18 13:25:00,72.21484573,6.105632766396503
C_seasonal_resid,13455,2014-01-18 13:30:00,73.66054305,5.512260338320945
C_seasonal_resid,13456,2014-01-18 13:35:00,75.19738539,4.924461356109811
C_seasonal_resid,13458,2014-01-18 13:45:00,74.6505829,5.070042779638262
C_seasonal_resid,13459,2014-01-18 13:50:00,74.95163128,5.130497548514851
C_seasonal_resid,13460,2014-01-18 13:55:00,75.25359108,4.898593571457944
C_seasonal_resid,13461,2014-01-18 14:00:00,74.48929818,5.269550165994479
C_seasonal_resid,13462,2014-01-18 14:05:00,72.19186536,6.303913748730263
C_seasonal_resid,13463,2014-01-18 14:10:00,72.77284144,5.809979657724561
C_seasonal_resid,13464,2014-01-18 14:15:00,75.22694271,4.922284890073786
C_seasonal_resid,13465,2014-01-18 14:20:00,75.90007382,4.526621378507809
C_seasonal_resid,14023,2014-01-20 12:50:00,75.32262225,5.414590944042372
C_seasonal_resid,14029,2014-01-20 13:20:00,75.88958547,4.924803260543333
C_seasonal_resid,14030,2014-01-20 13:25:00,77.06764235,4.529777309996005
C_seasonal_resid,14031,2014-01-20 13:30:00,73.7368686,5.996825606342022
C_seasonal_resid,14032,2014-01-20 13:35:00,74.87245502,5.572679139058468
C_seasonal_resid,14033,2014-01-20 13:40:00,72.86555515,6.379670244469025
C_seasonal_resid,14034,2014-01-20 13:45:00,71.66754158,6.858770942627275
C_seasonal_resid,14035,2014-01-20 13:50:00,72.69246073,6.586627147498171
C_seasonal_resid,14036,2014-01-20 13:55:00,72.88482383,6.372486796601823
C_seasonal_resid,14037,2014-01-20 14:00:00,72.33352948,6.630447436041591
C_seasonal_resid,14038,2014-01-20 14:05:00,72.63230974,6.53408793047124
C_seasonal_resid,14039,2014-01-20 14:10:00,75.00117508,5.254897424941838
C_seasonal_resid,14040,2014-01-20 14:15:00,75.28165612,5.299176925884466
C_seasonal_resid,14042,2014-01-20 14:25:00,75.54687208,5.212833828118364
C_seasonal_resid,14045,2014-01-20 14:40:00,76.7629115,4.564875171918556
C_seasonal_resid,14048,2014-01-20 14:55:00,75.7698132,5.041152834179823
C_seasonal_resid,14052,2014-01-20 15:15:00,75.07637951,5.07440180579957
C_seasonal_resid,14054,2014-01-20 15:25:00,75.92336329,4.57111387763022
C_seasonal_resid,14055,2014-01-20 15:30:00,73.12806433,5.78194777088118
C_seasonal_resid,14056,2014-01-20 15:35:00,74.11499667,5.289634726059653
C_seasonal_resid,14057,2014-01-20 15:40:00,73.56780082,5.439813653077927
C_seasonal_resid,14058,2014-01-20 15:45:00,72.75386658,5.808732247528142
C_seasonal_resid,14059,2014-01-20 15:50:00,71.02464328,6.597375352411695
C_seasonal_resid,14060,2014-01-20 15:55:00,71.57809654,6.3809737810108995
C_seasonal_resid,14061,2014-01-20 16:00:00,71.94931244,6.029888929447476
C_seasonal_resid,14062,2014-01-20 16:05:00,69.05976999,7.387193293611275
C_seasonal_resid,14063,2014-01-20 16:10:00,69.21426591,7.315040507209835
C_seasonal_resid,14064,2014-01-20 16:15:00,69.20617607,7.394562949521252
C_seasonal_resid,14065,2014-01-20 16:20:00,67.45955812,7.971337076852434
C_seasonal_resid,14066,2014-01-20 16:25:00,67.20458367,8.082140067413455
C_seasonal_resid,14067,2014-01-20 16:30:00,67.18190156,8.06224329421562
C_seasonal_resid,14068,2014-01-20 16:35:00,66.66837159,8.500045908588188
C_seasonal_resid,14069,2014-01-20 16:40:00,66.2392275,8.506574872953216
C_seasonal_resid,14070,2014-01-20 16:45:00,65.95768311,8.57643354052727
C_seasonal_resid,14071,2014-01-20 16:50:00,65.66706514,8.767021931183702
C_seasonal_resid,14072,2014-01-20 16:55:00,64.88749964,9.007107702393201
C_seasonal_resid,14073,2014-01-20 17:00:00,64.64769075,9.248645057477342
C_seasonal_resid,14074,2014-01-20 17:05:00,66.18678172,8.452698866476588
C_seasonal_resid,14075,2014-01-20 17:10:00,66.20944312,8.4723646097134
C_seasonal_resid,14076,2014-01-20 17:15:00,65.82848381,8.755416800808733
C_seasonal_resid,14077,2014-01-20 17:20:00,68.08315209999999,7.735989914408664
C_seasonal_resid,14078,2014-01-20 17:25:00,70.43482298,6.606450165950274
C_seasonal_resid,14079,2014-01-20 17:30:00,72.7334359,5.476188883826567
C_seasonal_resid,14080,2014-01-20 17:35:00,74.35141881,4.743213955149067
C_seasonal_resid,14569,2014-01-22 10:20:00,70.75474092,4.532940370050563
C_seasonal_resid,14571,2014-01-22 10:30:00,70.95336054,4.548521024029967
C_seasonal_resid,14572,2014-01-22 10:35:00,70.55425199,4.7629953722247675
C_seasonal_resid,14573,2014-01-22 10:40:00,68.66965776,5.41933215418179
C_seasonal_resid,14574,2014-01-22 10:45:00,69.47914079,5.1784403952055555
C_seasonal_resid,14575,2014-01-22 10:50:00,68.36821036,5.511062455070088
C_seasonal_resid,14576,2014-01-22 10:55:00,69.86562015,4.964154924741756
C_seasonal_resid,14587,2014-01-22 11:50:00,69.72532542,4.7103231305542135
C_seasonal_resid,14588,2014-01-22 11:55:00,69.73244599,4.651225300658838
C_seasonal_resid,14589,2014-01-22 12:00:00,68.40128002,5.286408800377621
C_seasonal_resid,14590,2014-01-22 12:05:00,68.59669252,5.155874839221632
C_seasonal_resid,14591,2014-01-22 12:10:00,67.66761098,5.628196478964175
C_seasonal_resid,14592,2014-01-22 12:15:00,66.36986838,6.119159710117778
C_seasonal_resid,14593,2014-01-22 12:20:00,66.60852046,6.04972780771274
C_seasonal_resid,14594,2014-01-22 12:25:00,66.04559892,6.346656556744881
C_seasonal_resid,14595,2014-01-22 12:30:00,65.26442828,6.60815615311239
C_seasonal_resid,14596,2014-01-22 12:35:00,66.73753677,6.014952494441916
C_seasonal_resid,14597,2014-01-22 12:40:00,65.56827407,6.500200241907719
C_seasonal_resid,14598,2014-01-22 12:45:00,65.42188897,6.317534259493587
C_seasonal_resid,14599,2014-01-22 12:50:00,67.42481997,5.754140081462076
C_seasonal_resid,14600,2014-01-22 12:55:00,67.15669054,5.887684895744379
C_seasonal_resid,14601,2014-01-22 13:00:00,66.81224447,6.026486430239281
C_seasonal_resid,14602,2014-01-22 13:05:00,66.14683056,6.112584612846241
C_seasonal_resid,14603,2014-01-22 13:10:00,67.2409491,5.898590459368753
C_seasonal_resid,14604,2014-01-22 13:15:00,67.18371599,5.978761801825462
C_seasonal_resid,14605,2014-01-22 13:20:00,67.61308709,5.583591367144177
C_seasonal_resid,14606,2014-01-22 13:25:00,68.86752854,5.1690137390967275
C_seasonal_resid,14919,2014-01-23 15:30:00,77.27603544,4.531405431613032
C_seasonal_resid,14920,2014-01-23 15:35:00,76.02310915,5.061851331450634
C_seasonal_resid,14921,2014-01-23 15:40:00,76.38258829,4.81717181079707
C_seasonal_resid,14922,2014-01-23 15:45:00,73.96576388,5.890800506482407
C_seasonal_resid,14923,2014-01-23 15:50:00,73.82962228,5.9816330493423235
C_seasonal_resid,14924,2014-01-23 15:55:00,72.95514605,6.425268501995743
C_seasonal_resid,14925,2014-01-23 16:00:00,73.15671413,6.20737777915387
C_seasonal_resid,14926,2014-01-23 16:05:00,73.93132197,6.007946965788582
C_seasonal_resid,14927,2014-01-23 16:10:00,73.22300946,6.329982205669911
C_seasonal_resid,14928,2014-01-23 16:15:00,73.99006943,6.074763638572578
C_seasonal_resid,14929,2014-01-23 16:20:00,75.02896809,5.457971242592403
C_seasonal_resid,14930,2014-01-23 16:25:00,73.90352267,5.969519718548259
C_seasonal_resid,14931,2014-01-23 16:30:00,73.38648413,6.166942081654126
C_seasonal_resid,14932,2014-01-23 16:35:00,74.43069254,5.938077886213571
C_seasonal_resid,14933,2014-01-23 16:40:00,74.48799139,5.7622908922671305
C_seasonal_resid,14934,2014-01-23 16:45:00,74.82988958,5.6009161017655344
C_seasonal_resid,14935,2014-01-23 16:50:00,74.49830211,5.826576368800805
C_seasonal_resid,14936,2014-01-23 16:55:00,73.05130207,6.3673435468136415
C_seasonal_resid,14937,2014-01-23 17:00:00,74.8918117,5.7300996094826475
C_seasonal_resid,14938,2014-01-23 17:05:00,77.35914745,4.546161465310355
C_seasonal_resid,15129,2014-01-24 09:00:00,73.04721391,5.0615675540021865
C_seasonal_resid,15130,2014-01-24 09:05:00,72.25045618,5.289762282288297
C_seasonal_resid,15131,2014-01-24 09:10:00,71.54547941,5.658343684922782
C_seasonal_resid,15132,2014-01-24 09:15:00,71.189712,5.6866973613676155
C_seasonal_resid,15133,2014-01-24 09:20:00,69.77137802,6.382905017424085
C_seasonal_resid,15134,2014-01-24 09:25:00,68.23157646,6.979912118666061
C_seasonal_resid,15135,2014-01-24 09:30:00,68.61348249,6.751360409039399
C_seasonal_resid,15136,2014-01-24 09:35:00,67.87181542,7.105634835367561
C_seasonal_resid,15137,2014-01-24 09:40:00,67.43571206,7.219528098484342
C_seasonal_resid,15138,2014-01-24 09:45:00,67.89662521,6.965018216500029
C_seasonal_resid,15139,2014-01-24 09:50:00,65.39660450000001,7.956499764052514
C_seasonal_resid,15140,2014-01-24 09:55:00,66.09241432,7.64613817184504
C_seasonal_resid,15141,2014-01-24 10:00:00,66.00717024,7.696545895479917
C_seasonal_resid,15142,2014-01-24 10:05:00,65.42845678,7.869341431118701
C_seasonal_resid,15143,2014-01-24 10:10:00,65.32240431,7.84897434278496
C_seasonal_resid,15144,2014-01-24 10:15:00,63.82026461,8.390498541147462
C_seasonal_resid,15145,2014-01-24 10:20:00,62.34346248,8.971895268339003
C_seasonal_resid,15146,2014-01-24 10:25:00,61.7368304,9.19175008796448
C_seasonal_resid,15147,2014-01-24 10:30:00,61.88615877,9.22929451420132
C_seasonal_resid,15148,2014-01-24 10:35:00,61.57570413,9.392676204331076
C_seasonal_resid,15149,2014-01-24 10:40:00,60.46569053,9.69869110169101
C_seasonal_resid,15150,2014-01-24 10:45:00,60.47116115,9.797535204331448
C_seasonal_resid,15151,2014-01-24 10:50:00,60.34411664,9.684788809781441
C_seasonal_resid,15152,2014-01-24 10:55:00,58.28986383,10.659239377334591
C_seasonal_resid,15153,2014-01-24 11:00:00,57.8949299,10.78961269092337
C_seasonal_resid,15154,2014-01-24 11:05:00,58.39421275,10.43561405141306
C_seasonal_resid,15155,2014-01-24 11:10:00,56.52922416,11.24758535068654
C_seasonal_resid,15156,2014-01-24 11:15:00,56.00629598,11.41167871767174
C_seasonal_resid,15157,2014-01-24 11:20:00,57.51595042,10.63217215880062
C_seasonal_resid,15158,2014-01-24 11:25:00,55.25262352,11.5820902434131
C_seasonal_resid,15159,2014-01-24 11:30:00,56.52854482,11.044967636582163
C_seasonal_resid,15160,2014-01-24 11:35:00,55.85324393,11.265638628260259
C_seasonal_resid,15161,2014-01-24 11:40:00,55.2498157,11.61874524490914
C_seasonal_resid,15162,2014-01-24 11:45:00,54.56231825,11.699336454936649
C_seasonal_resid,15163,2014-01-24 11:50:00,53.25275183,12.270061191283249
C_seasonal_resid,15164,2014-01-24 11:55:00,54.51277941,11.667523704014151
C_seasonal_resid,15165,2014-01-24 12:00:00,54.72002154,11.635433444314062
C_seasonal_resid,15166,2014-01-24 12:05:00,53.90919104,11.941350350453247
C_seasonal_resid,15167,2014-01-24 12:10:00,53.38264868,12.207769744138282
C_seasonal_resid,15168,2014-01-24 12:15:00,52.8586542,12.351106742775972
C_seasonal_resid,15169,2014-01-24 12:20:00,52.41811964,12.552055094977957
C_seasonal_resid,15170,2014-01-24 12:25:00,53.00771536,12.349087538942978
C_seasonal_resid,15171,2014-01-24 12:30:00,52.3794133,12.544281457334904
C_seasonal_resid,15172,2014-01-24 12:35:00,51.33484803,13.02524645234767
C_seasonal_resid,15173,2014-01-24 12:40:00,53.69156982,11.981123075015743
C_seasonal_resid,15174,2014-01-24 12:45:00,59.50969268,9.204792642673546
C_seasonal_resid,15175,2014-01-24 12:50:00,65.00306123,7.113274149306656
C_seasonal_resid,15176,2014-01-24 12:55:00,69.57042962,5.149455585813475
C_seasonal_resid,16103,2014-01-27 18:10:00,76.11214345,5.040534290623428
C_seasonal_resid,16470,2014-01-29 00:45:00,79.26712959,4.639255524704341
C_seasonal_resid,16471,2014-01-29 00:50:00,80.19115166,5.037709762650508
C_seasonal_resid,16472,2014-01-29 00:55:00,80.30849368,5.2465175967433035
C_seasonal_resid,16474,2014-01-29 01:05:00,79.32530652,4.6876843630876825
C_seasonal_resid,16527,2014-01-29 05:30:00,78.97005077,4.642557785903004
C_seasonal_resid,16528,2014-01-29 05:35:00,78.91604061,4.561231038817097
C_seasonal_resid,16529,2014-01-29 05:40:00,79.74600225,4.976609195975516
C_seasonal_resid,16530,2014-01-29 05:45:00,78.65357806,4.528720679493689
C_seasonal_resid,16615,2014-01-29 12:50:00,58.96383656,4.9381985827796155
C_seasonal_resid,16616,2014-01-29 12:55:00,58.40377506,5.198366891727496
C_seasonal_resid,16617,2014-01-29 13:00:00,58.17764528,5.28584956250295
C_seasonal_resid,16618,2014-01-29 13:05:00,58.40074556,4.986560926190852
C_seasonal_resid,16619,2014-01-29 13:10:00,58.46331863,5.219992409498818
C_seasonal_resid,16620,2014-01-29 13:15:00,57.11967742,5.858134272933603
C_seasonal_resid,16621,2014-01-29 13:20:00,57.97793508,5.276937290904167
C_seasonal_resid,16622,2014-01-29 13:25:00,55.88667457,6.313534500498495
C_seasonal_resid,16623,2014-01-29 13:30:00,57.31617447,5.727187590122883
C_seasonal_resid,16624,2014-01-29 13:35:00,56.81824200000001,6.0219579580338065
C_seasonal_resid,16625,2014-01-29 13:40:00,56.46505687,6.115021424448966
C_seasonal_resid,16626,2014-01-29 13:45:00,55.87217344,6.340718248429453
C_seasonal_resid,16627,2014-01-29 13:50:00,55.32752643,6.785321554150321
C_seasonal_resid,16628,2014-01-29 13:55:00,53.45964153,7.494572547822001
C_seasonal_resid,16629,2014-01-29 14:00:00,53.03863187,7.739764400296831
C_seasonal_resid,16630,2014-01-29 14:05:00,52.81191986,7.9844472857117905
C_seasonal_resid,16631,2014-01-29 14:10:00,51.59174470000001,8.386370901700808
C_seasonal_resid,16632,2014-01-29 14:15:00,52.46963468,8.222937633021049
C_seasonal_resid,16633,2014-01-29 14:20:00,52.27280069,8.188022808479868
C_seasonal_resid,16634,2014-01-29 14:25:00,52.22426631,8.403328370934855
C_seasonal_resid,16635,2014-01-29 14:30:00,50.80550224,9.114159332074621
C_seasonal_resid,16636,2014-01-29 14:35:00,50.19299418,9.303285088168876
C_seasonal_resid,16637,2014-01-29 14:40:00,49.72371475,9.462728033932711
C_seasonal_resid,16638,2014-01-29 14:45:00,48.94140441,9.765458605367446
C_seasonal_resid,16639,2014-01-29 14:50:00,48.92701514,9.750041387922801
C_seasonal_resid,16640,2014-01-29 14:55:00,49.50547939,9.729307441920168
C_seasonal_resid,16641,2014-01-29 15:00:00,49.54793659,9.621896411696554
C_seasonal_resid,16642,2014-01-29 15:05:00,50.13502776,9.280560120785317
C_seasonal_resid,16643,2014-01-29 15:10:00,49.31933643,9.720791819628898
C_seasonal_resid,16644,2014-01-29 15:15:00,49.70718542,9.550832173861163
C_seasonal_resid,16645,2014-01-29 15:20:00,49.3111998,9.589721680545333
C_seasonal_resid,16646,2014-01-29 15:25:00,51.53678822,8.724470027564287
C_seasonal_resid,16647,2014-01-29 15:30:00,50.03042991,9.434995208557094
C_seasonal_resid,16648,2014-01-29 15:35:00,51.05547169,8.990709497058415
C_seasonal_resid,16649,2014-01-29 15:40:00,51.946774,8.577286298802761
C_seasonal_resid,16650,2014-01-29 15:45:00,51.13580036,9.009384975726453
C_seasonal_resid,16651,2014-01-29 15:50:00,51.28848463,9.01547064931379
C_seasonal_resid,16652,2014-01-29 15:55:00,51.31023834,9.103931086353183
C_seasonal_resid,16653,2014-01-29 16:00:00,52.20388192,8.591689314486281
C_seasonal_resid,16654,2014-01-29 16:05:00,52.19211957,8.733341074058718
C_seasonal_resid,16655,2014-01-29 16:10:00,53.96996124,7.97702431736414
C_seasonal_resid,16656,2014-01-29 16:15:00,53.88055753,8.10372166219891
C_seasonal_resid,16657,2014-01-29 16:20:00,54.95548033,7.443527099430503
C_seasonal_resid,16658,2014-01-29 16:25:00,55.31800467,7.278691054892613
C_seasonal_resid,16659,2014-01-29 16:30:00,54.76122214,7.450964345513675
C_seasonal_resid,16660,2014-01-29 16:35:00,55.16737972,7.468239407885562
C_seasonal_resid,16661,2014-01-29 16:40:00,56.12479151,6.9020347182864725
C_seasonal_resid,16662,2014-01-29 16:45:00,55.34944918,7.211934078159036
C_seasonal_resid,16663,2014-01-29 16:50:00,56.25236313,6.902137983822226
C_seasonal_resid,16664,2014-01-29 16:55:00,55.32814204,7.196613315400519
C_seasonal_resid,16665,2014-01-29 17:00:00,55.63758459,7.185301774825223
C_seasonal_resid,16666,2014-01-29 17:05:00,56.34992542,6.723832361329148
C_seasonal_resid,16667,2014-01-29 17:10:00,56.25121973,6.79448000852218
C_seasonal_resid,16668,2014-01-29 17:15:00,56.3671062,6.85758358740362
C_seasonal_resid,16669,2014-01-29 17:20:00,57.74253294,6.210154684313045
C_seasonal_resid,16670,2014-01-29 17:25:00,57.56256326,6.120443554727012
C_seasonal_resid,16671,2014-01-29 17:30:00,58.82888969,5.370423268553778
C_seasonal_resid,16672,2014-01-29 17:35:00,58.18674823,5.63376157202258
C_seasonal_resid,16673,2014-01-29 17:40:00,57.80067947,5.862369363536038
C_seasonal_resid,16674,2014-01-29 17:45:00,59.80192473,4.9127558641085365
C_seasonal_resid,16675,2014-01-29 17:50:00,58.60799667,5.4054061462888106
C_seasonal_resid,16676,2014-01-29 17:55:00,60.47095412,4.542007172355761
C_seasonal_resid,16677,2014-01-29 18:00:00,59.17371318,4.960778289629236
C_seasonal_resid,16678,2014-01-29 18:05:00,59.66415502,4.790303218368229
C_seasonal_resid,16679,2014-01-29 18:10:00,60.08135703,4.6238734144189015
C_seasonal_resid,16722,2014-01-29 21:45:00,81.37092275,4.523266855613921
C_seasonal_resid,16723,2014-01-29 21:50:00,81.49260443,4.667986060931855
C_seasonal_resid,16724,2014-01-29 21:55:00,82.53462403,5.125404807015792
C_seasonal_resid,16725,2014-01-29 22:00:00,81.75012959,4.713698403713687
C_seasonal_resid,16726,2014-01-29 22:05:00,84.00067776,5.715139501867985
C_seasonal_resid,16727,2014-01-29 22:10:00,83.65872527,5.657080581904281
C_seasonal_resid,16728,2014-01-29 22:15:00,83.62449681,5.504671687734094
C_seasonal_resid,16729,2014-01-29 22:20:00,83.53328853,5.618574193914408
C_seasonal_resid,16730,2014-01-29 22:25:00,85.26255106,6.347030991904153
C_seasonal_resid,16731,2014-01-29 22:30:00,84.54758591,6.125871516679817
C_seasonal_resid,16732,2014-01-29 22:35:00,85.50220064,6.4779606589765875
C_seasonal_resid,16733,2014-01-29 22:40:00,84.58303394,5.920214192287599
C_seasonal_resid,16734,2014-01-29 22:45:00,84.77659207,6.117164485767093
C_seasonal_resid,16735,2014-01-29 22:50:00,84.15204391,5.787461477320858
C_seasonal_resid,16736,2014-01-29 22:55:00,84.87636852,6.018476519766564
C_seasonal_resid,16737,2014-01-29 23:00:00,84.23108265,5.729671543084618
C_seasonal_resid,16738,2014-01-29 23:05:00,84.6357348,5.981822578772185
C_seasonal_resid,16739,2014-01-29 23:10:00,86.7396788,6.871447982102076
C_seasonal_resid,16740,2014-01-29 23:15:00,85.48117616,6.272931617840028
C_seasonal_resid,16741,2014-01-29 23:20:00,86.41278933,6.596038318981549
C_seasonal_resid,16742,2014-01-29 23:25:00,84.86563788,5.909968445035696
C_seasonal_resid,16743,2014-01-29 23:30:00,85.74149975,6.145861322331457
C_seasonal_resid,16744,2014-01-29 23:35:00,86.39550527,6.388534934459647
C_seasonal_resid,16745,2014-01-29 23:40:00,85.68302534,5.943260669508374
C_seasonal_resid,16746,2014-01-29 23:45:00,87.51434248,6.896518132877561
C_seasonal_resid,16747,2014-01-29 23:50:00,85.33299079,5.717609592403121
C_seasonal_resid,16748,2014-01-29 23:55:00,86.65496292,6.239027854760581
C_seasonal_resid,16749,2014-01-30 00:00:00,86.8371494,6.3761401597545335
C_seasonal_resid,16750,2014-01-30 00:05:00,86.88579289,6.40184905349837
C_seasonal_resid,16751,2014-01-30 00:10:00,85.07674644,5.4837085172257085
C_seasonal_resid,16752,2014-01-30 00:15:00,85.92312823,5.905475030108991
C_seasonal_resid,16753,2014-01-30 00:20:00,86.08648913,5.761083090398008
C_seasonal_resid,16754,2014-01-30 00:25:00,84.58908272,5.148274468898662
C_seasonal_resid,16755,2014-01-30 00:30:00,85.57246406,5.577882580448458
C_seasonal_resid,16756,2014-01-30 00:35:00,84.57559972,5.178489262861744
C_seasonal_resid,16757,2014-01-30 00:40:00,84.35502174,5.128119875602789
C_seasonal_resid,16758,2014-01-30 00:45:00,84.03527508,4.909588455780305
C_seasonal_resid,16759,2014-01-30 00:50:00,84.17286899,4.966934976706472
C_seasonal_resid,16761,2014-01-30 01:00:00,83.51200215,4.524578461944488
C_seasonal_resid,16763,2014-01-30 01:10:00,83.11180798,4.515079247136283
C_seasonal_resid,16764,2014-01-30 01:15:00,83.48569891,4.720765439294519
C_seasonal_resid,16766,2014-01-30 01:25:00,83.49888018,4.755613131261375
C_seasonal_resid,16879,2014-01-30 10:50:00,78.62450925,4.761862073308058
C_seasonal_resid,16882,2014-01-30 11:05:00,77.95845577,4.581284385650939
C_seasonal_resid,16883,2014-01-30 11:10:00,79.22350898,5.138543516043961
C_seasonal_resid,16884,2014-01-30 11:15:00,79.02005667,5.120181098983665
C_seasonal_resid,16886,2014-01-30 11:25:00,77.72940457,4.761445554233289
C_seasonal_resid,16888,2014-01-30 11:35:00,77.84954054,4.915953276609453
C_seasonal_resid,16931,2014-01-30 15:10:00,56.16716379,4.6766770129912425
C_seasonal_resid,16932,2014-01-30 15:15:00,55.66228321,4.861467455654522
C_seasonal_resid,16933,2014-01-30 15:20:00,55.47554906,4.7838649106296645
C_seasonal_resid,16935,2014-01-30 15:30:00,56.23537140000001,4.573282228334516
C_seasonal_resid,16936,2014-01-30 15:35:00,56.0900326,4.62331979676928
C_seasonal_resid,16938,2014-01-30 15:45:00,55.17260842,4.989156242670321
C_seasonal_resid,16939,2014-01-30 15:50:00,56.18934861,4.589475662510082
C_seasonal_resid,16940,2014-01-30 15:55:00,55.51126862,4.9537071269836686
C_seasonal_resid,16942,2014-01-30 16:05:00,56.47469234,4.54774862965934
C_seasonal_resid,16943,2014-01-30 16:10:00,54.78836648,5.29399032348247
C_seasonal_resid,16944,2014-01-30 16:15:00,56.16278364,4.7857655985226835
C_seasonal_resid,16946,2014-01-30 16:25:00,54.61565588,5.314038477328126
C_seasonal_resid,16947,2014-01-30 16:30:00,55.58805909,4.878034670037389
C_seasonal_resid,16948,2014-01-30 16:35:00,55.62257424,5.087117868048609
C_seasonal_resid,16949,2014-01-30 16:40:00,54.71336593,5.330546598563358
C_seasonal_resid,16950,2014-01-30 16:45:00,54.38386568,5.46038618812565
C_seasonal_resid,16951,2014-01-30 16:50:00,55.14880825,5.210434215400529
C_seasonal_resid,16952,2014-01-30 16:55:00,55.41908727,5.006343605458725
C_seasonal_resid,16953,2014-01-30 17:00:00,54.42256239,5.599643555077349
C_seasonal_resid,16954,2014-01-30 17:05:00,54.17087728,5.595061702119678
C_seasonal_resid,16955,2014-01-30 17:10:00,53.88281165,5.771239242609467
C_seasonal_resid,16956,2014-01-30 17:15:00,52.78464292,6.392871394056523
C_seasonal_resid,16957,2014-01-30 17:20:00,54.27830705,5.7347487197157765
C_seasonal_resid,16958,2014-01-30 17:25:00,52.54134265,6.4349941133052795
C_seasonal_resid,16959,2014-01-30 17:30:00,51.90680442,6.617940564793055
C_seasonal_resid,16960,2014-01-30 17:35:00,52.0157283,6.578641490850198
C_seasonal_resid,16961,2014-01-30 17:40:00,52.38282002,6.517053805835098
C_seasonal_resid,16962,2014-01-30 17:45:00,52.58689904,6.423716131426646
C_seasonal_resid,16963,2014-01-30 17:50:00,50.90716465,7.203172624426506
C_seasonal_resid,16964,2014-01-30 17:55:00,51.62702323,6.871034597904913
C_seasonal_resid,16965,2014-01-30 18:00:00,49.66754302,7.5843495521276365
C_seasonal_resid,16966,2014-01-30 18:05:00,50.14181856,7.43519606623621
C_seasonal_resid,16967,2014-01-30 18:10:00,50.16286418,7.466660124647078
C_seasonal_resid,16968,2014-01-30 18:15:00,50.34757204,7.451045258103414
C_seasonal_resid,16969,2014-01-30 18:20:00,50.67824832,7.187948805399376
C_seasonal_resid,16970,2014-01-30 18:25:00,48.62839923,8.191276030693855
C_seasonal_resid,16971,2014-01-30 18:30:00,48.74219155,8.184857241390725
C_seasonal_resid,16972,2014-01-30 18:35:00,48.44266497,8.224730879517502
C_seasonal_resid,16973,2014-01-30 18:40:00,49.01703528,8.083399628920287
C_seasonal_resid,16974,2014-01-30 18:45:00,48.87283426,8.30416941749677
C_seasonal_resid,16975,2014-01-30 18:50:00,48.42704879,8.486594097831043
C_seasonal_resid,16976,2014-01-30 18:55:00,47.19916354,9.067710823307038
C_seasonal_resid,16977,2014-01-30 19:00:00,46.62703434,9.432569796805028
C_seasonal_resid,16978,2014-01-30 19:05:00,48.48863623,8.761470309098831
C_seasonal_resid,16979,2014-01-30 19:10:00,48.63583292,8.553446267058609
C_seasonal_resid,16980,2014-01-30 19:15:00,49.97946841,8.206239146316296
C_seasonal_resid,16981,2014-01-30 19:20:00,50.5490169,7.954937338236101
C_seasonal_resid,16982,2014-01-30 19:25:00,50.67751096,7.975273797807218
C_seasonal_resid,16983,2014-01-30 19:30:00,50.56659629,7.962597025084359
C_seasonal_resid,16984,2014-01-30 19:35:00,51.26191674,7.719676776921648
C_seasonal_resid,16985,2014-01-30 19:40:00,53.08435057,6.985160047992205
C_seasonal_resid,16986,2014-01-30 19:45:00,51.86265649,7.3779379724974214
C_seasonal_resid,16987,2014-01-30 19:50:00,52.10914701,7.386545282639165
C_seasonal_resid,16988,2014-01-30 19:55:00,52.94417072,6.83442450182267
C_seasonal_resid,16989,2014-01-30 20:00:00,53.95208324,6.615037945728656
C_seasonal_resid,16990,2014-01-30 20:05:00,53.93373971,6.508226811365089
C_seasonal_resid,16991,2014-01-30 20:10:00,54.98521325,6.18291623162935
C_seasonal_resid,16992,2014-01-30 20:15:00,56.36701989,5.403923602922481
C_seasonal_resid,16993,2014-01-30 20:20:00,55.48418812,5.943169025032211
C_seasonal_resid,16994,2014-01-30 20:25:00,56.2721662,5.496370176173399
C_seasonal_resid,16995,2014-01-30 20:30:00,57.64797474,5.071119914257003
C_seasonal_resid,16996,2014-01-30 20:35:00,57.7632861,4.898523560998752
C_seasonal_resid,16997,2014-01-30 20:40:00,57.32655973,5.005541256795826
C_seasonal_resid,16998,2014-01-30 20:45:00,57.20724499,4.998461270733079
C_seasonal_resid,16999,2014-01-30 20:50:00,56.80423069,5.3472633642828935
C_seasonal_resid,17000,2014-01-30 20:55:00,56.94732129,5.204872347221395
C_seasonal_resid,17001,2014-01-30 21:00:00,57.12145548,5.324387904340331
C_seasonal_resid,17002,2014-01-30 21:05:00,57.23661242,5.206301278867368
C_seasonal_resid,17003,2014-01-30 21:10:00,57.84436998,5.095321264771793
C_seasonal_resid,17004,2014-01-30 21:15:00,56.69657217,5.599822141171087
C_seasonal_resid,17005,2014-01-30 21:20:00,56.44837741,5.740421865748384
C_seasonal_resid,17006,2014-01-30 21:25:00,58.49346052,5.046119096217265
C_seasonal_resid,17007,2014-01-30 21:30:00,58.42026449,4.97318534793638
C_seasonal_resid,17008,2014-01-30 21:35:00,57.05290695,5.619003128882832
C_seasonal_resid,17009,2014-01-30 21:40:00,57.03736024,5.731485916118715
C_seasonal_resid,17010,2014-01-30 21:45:00,58.00216834,5.231911537282086
C_seasonal_resid,17011,2014-01-30 21:50:00,57.37256916,5.56666188951526
C_seasonal_resid,17012,2014-01-30 21:55:00,58.11633745,5.238607564273428
C_seasonal_resid,17013,2014-01-30 22:00:00,59.11150257,4.878399073805189
C_seasonal_resid,17014,2014-01-30 22:05:00,57.24007657,5.664835457993443
C_seasonal_resid,17015,2014-01-30 22:10:00,58.34690682,5.0944949919288405
C_seasonal_resid,17016,2014-01-30 22:15:00,58.13930355,5.320286415259742
C_seasonal_resid,17017,2014-01-30 22:20:00,58.13423089,5.092176616023642
C_seasonal_resid,17018,2014-01-30 22:25:00,57.58096993,5.336919765692364
C_seasonal_resid,17019,2014-01-30 22:30:00,57.64509018,5.200502423266981
C_seasonal_resid,17020,2014-01-30 22:35:00,58.61288987,4.8157658653618896
C_seasonal_resid,17021,2014-01-30 22:40:00,58.366883400000006,4.960513921096111
C_seasonal_resid,17022,2014-01-30 22:45:00,58.48830129,4.539500733072055
C_seasonal_resid,17023,2014-01-30 22:50:00,57.1351124,5.0041930393021765
C_seasonal_resid,17024,2014-01-30 22:55:00,57.94598993,4.600499404839219
C_seasonal_resid,17058,2014-01-31 01:45:00,75.05520859999999,4.762848934078556
C_seasonal_resid,17059,2014-01-31 01:50:00,75.71899571,4.893435024638176
C_seasonal_resid,17060,2014-01-31 01:55:00,77.4867876,5.456202086182713
C_seasonal_resid,17061,2014-01-31 02:00:00,76.06465453,4.986118173254504
C_seasonal_resid,17062,2014-01-31 02:05:00,77.99699293,5.728852374952164
C_seasonal_resid,17063,2014-01-31 02:10:00,79.41752567,6.224044639487074
C_seasonal_resid,17064,2014-01-31 02:15:00,77.51959831,5.544537474028048
C_seasonal_resid,17065,2014-01-31 02:20:00,77.59878846,5.228943462060098
C_seasonal_resid,17066,2014-01-31 02:25:00,77.85178449,5.163770357566048
C_seasonal_resid,17067,2014-01-31 02:30:00,78.83438043,5.07792748910687
C_seasonal_resid,17068,2014-01-31 02:35:00,79.03652587,5.231617741454475
C_seasonal_resid,17069,2014-01-31 02:40:00,78.0165427,4.651121843191813
C_seasonal_resid,17070,2014-01-31 02:45:00,79.17327589,5.191880756231605
C_seasonal_resid,17071,2014-01-31 02:50:00,80.36267623,5.329858920708649
C_seasonal_resid,17072,2014-01-31 02:55:00,80.69269843,5.490405045190239
C_seasonal_resid,17073,2014-01-31 03:00:00,80.50131906,5.340265516133895
C_seasonal_resid,17074,2014-01-31 03:05:00,79.46736335,4.85094098558933
C_seasonal_resid,17075,2014-01-31 03:10:00,80.88231399,5.169196713585361
C_seasonal_resid,17077,2014-01-31 03:20:00,81.15584469,4.8895152977344924
C_seasonal_resid,17082,2014-01-31 03:45:00,80.78466647,4.6038002173362305
C_seasonal_resid,17083,2014-01-31 03:50:00,82.13121003,5.1549653278420555
C_seasonal_resid,17084,2014-01-31 03:55:00,81.72039735,4.796036652510473
C_seasonal_resid,17085,2014-01-31 04:00:00,81.14840326,4.596046239095088
C_seasonal_resid,17087,2014-01-31 04:10:00,81.35853771,4.626722505258459
C_seasonal_resid,17088,2014-01-31 04:15:00,82.38281014,4.966147013130495
C_seasonal_resid,17089,2014-01-31 04:20:00,81.64143136,4.605882198963734
C_seasonal_resid,17091,2014-01-31 04:30:00,82.17373655,4.634958051013542
C_seasonal_resid,17092,2014-01-31 04:35:00,82.46208935,4.6178155405054175
C_seasonal_resid,17160,2014-01-31 10:15:00,66.79788601,5.797539038552038
C_seasonal_resid,17161,2014-01-31 10:20:00,66.37112862,6.032924128568929
C_seasonal_resid,17162,2014-01-31 10:25:00,67.23473463,5.646459306460731
C_seasonal_resid,17163,2014-01-31 10:30:00,66.84581678,5.941917159210722
C_seasonal_resid,17164,2014-01-31 10:35:00,66.27179481,6.235060494199577
C_seasonal_resid,17165,2014-01-31 10:40:00,64.78121920000001,6.733975405826845
C_seasonal_resid,17166,2014-01-31 10:45:00,64.46045027,7.00274896355283
C_seasonal_resid,17167,2014-01-31 10:50:00,64.01506128,7.076840243972377
C_seasonal_resid,17168,2014-01-31 10:55:00,63.15215724,7.57700761890212
C_seasonal_resid,17169,2014-01-31 11:00:00,63.45572483,7.412261132536515
C_seasonal_resid,17170,2014-01-31 11:05:00,63.48439842,7.302574784076263
C_seasonal_resid,17171,2014-01-31 11:10:00,63.85027248,7.209356837919501
C_seasonal_resid,17172,2014-01-31 11:15:00,63.40204231,7.4220254510722405
C_seasonal_resid,17173,2014-01-31 11:20:00,62.75319433,7.613539777871665
C_seasonal_resid,17174,2014-01-31 11:25:00,61.01903957,8.386850944608067
C_seasonal_resid,17175,2014-01-31 11:30:00,60.73066944,8.568961653558631
C_seasonal_resid,17176,2014-01-31 11:35:00,61.69178576,8.11354480929904
C_seasonal_resid,17177,2014-01-31 11:40:00,60.7301061,8.638081495217921
C_seasonal_resid,17178,2014-01-31 11:45:00,60.52103078,8.564854358827862
C_seasonal_resid,17179,2014-01-31 11:50:00,59.46652454,9.050546937943395
C_seasonal_resid,17180,2014-01-31 11:55:00,59.13293325,9.14621590729259
C_seasonal_resid,17181,2014-01-31 12:00:00,58.76536582,9.376274004223173
C_seasonal_resid,17182,2014-01-31 12:05:00,58.58133263,9.425200432587232
C_seasonal_resid,17183,2014-01-31 12:10:00,58.70968788,9.454920811568428
C_seasonal_resid,17184,2014-01-31 12:15:00,58.84471077,9.336239134060472
C_seasonal_resid,17185,2014-01-31 12:20:00,59.7643527,8.989801049433558
C_seasonal_resid,17186,2014-01-31 12:25:00,59.17453438,9.317613105348602
C_seasonal_resid,17187,2014-01-31 12:30:00,60.50829836,8.677426327963934
C_seasonal_resid,17188,2014-01-31 12:35:00,61.95315204,8.112126417608211
C_seasonal_resid,17189,2014-01-31 12:40:00,61.30088219,8.386919330699683
C_seasonal_resid,17190,2014-01-31 12:45:00,60.87545358,8.33837769094053
C_seasonal_resid,17191,2014-01-31 12:50:00,61.57738713,8.342723357817151
C_seasonal_resid,17192,2014-01-31 12:55:00,61.74457762,8.305046466465146
C_seasonal_resid,17193,2014-01-31 13:00:00,62.76504768,7.869463072177056
C_seasonal_resid,17194,2014-01-31 13:05:00,63.04535274,7.566356159282537
C_seasonal_resid,17195,2014-01-31 13:10:00,63.66896087,7.577720553612281
C_seasonal_resid,17196,2014-01-31 13:15:00,65.0363306,7.051750954286601
C_seasonal_resid,17197,2014-01-31 13:20:00,64.63584327,7.059448461356586
C_seasonal_resid,17198,2014-01-31 13:25:00,67.61703509,5.931664632555594
C_seasonal_resid,17199,2014-01-31 13:30:00,69.71530257,5.058062982051515
C_seasonal_resid,17910,2014-02-03 00:45:00,68.36768599999999,4.545149654557589
C_seasonal_resid,17912,2014-02-03 00:55:00,67.42533793,4.798308865147162
C_seasonal_resid,17913,2014-02-03 01:00:00,67.33857823,5.149561974298892
C_seasonal_resid,17914,2014-02-03 01:05:00,67.62976359999999,4.842023335577225
C_seasonal_resid,17915,2014-02-03 01:10:00,66.52378621,5.338890108375318
C_seasonal_resid,17916,2014-02-03 01:15:00,67.06989527,5.0585055061884345
C_seasonal_resid,17917,2014-02-03 01:20:00,66.82157148,5.34554303649251
C_seasonal_resid,17918,2014-02-03 01:25:00,65.64012744,5.649526899678866
C_seasonal_resid,17919,2014-02-03 01:30:00,65.81380399,5.610772415024897
C_seasonal_resid,17920,2014-02-03 01:35:00,63.50375258,6.598501311312328
C_seasonal_resid,17921,2014-02-03 01:40:00,63.29867633,6.5901256687338385
C_seasonal_resid,17922,2014-02-03 01:45:00,62.32450495,7.150794854138289
C_seasonal_resid,17923,2014-02-03 01:50:00,62.86278248,6.995300008577097
C_seasonal_resid,17924,2014-02-03 01:55:00,61.2671666,7.816328239249229
C_seasonal_resid,17925,2014-02-03 02:00:00,62.63358627,6.951037166619109
C_seasonal_resid,17926,2014-02-03 02:05:00,60.60212365,7.830981768629796
C_seasonal_resid,17927,2014-02-03 02:10:00,61.15558054,7.6673694009551925
C_seasonal_resid,17928,2014-02-03 02:15:00,61.22673277,7.423236418180979
C_seasonal_resid,17929,2014-02-03 02:20:00,59.46361368,8.451064894750722
C_seasonal_resid,17930,2014-02-03 02:25:00,59.77500259,8.1676471201066
C_seasonal_resid,17931,2014-02-03 02:30:00,58.58201649,8.907653835154889
C_seasonal_resid,17932,2014-02-03 02:35:00,60.15318782,8.04606398271245
C_seasonal_resid,17933,2014-02-03 02:40:00,59.23844462,8.477966444057785
C_seasonal_resid,17934,2014-02-03 02:45:00,58.42980744,8.69493317284099
C_seasonal_resid,17935,2014-02-03 02:50:00,59.87904039,8.325989208762136
C_seasonal_resid,17936,2014-02-03 02:55:00,58.62164145,8.771065831120541
C_seasonal_resid,17937,2014-02-03 03:00:00,59.26754636,8.49880233593305
C_seasonal_resid,17938,2014-02-03 03:05:00,59.66820096,8.289678344391756
C_seasonal_resid,17939,2014-02-03 03:10:00,59.12791737,8.560176939272857
C_seasonal_resid,17940,2014-02-03 03:15:00,59.26888175,8.363971599412498
C_seasonal_resid,17941,2014-02-03 03:20:00,57.44314814,9.269534525289167
C_seasonal_resid,17942,2014-02-03 03:25:00,58.73754878,8.79070076776008
C_seasonal_resid,17943,2014-02-03 03:30:00,57.32320038,9.412079047254855
C_seasonal_resid,17944,2014-02-03 03:35:00,58.31850562,8.80079258395527
C_seasonal_resid,17945,2014-02-03 03:40:00,57.89453521,9.07617523572988
C_seasonal_resid,17946,2014-02-03 03:45:00,58.25755107,8.864356299108529
C_seasonal_resid,17947,2014-02-03 03:50:00,58.36580995,8.8164433242989
C_seasonal_resid,17948,2014-02-03 03:55:00,57.24896251,9.436257953737615
C_seasonal_resid,17949,2014-02-03 04:00:00,58.2927741,8.831387020162444
C_seasonal_resid,17950,2014-02-03 04:05:00,58.19406663,8.998029703012202
C_seasonal_resid,17951,2014-02-03 04:10:00,56.17257156,9.679738520879452
C_seasonal_resid,17952,2014-02-03 04:15:00,57.64487343,9.128621089573969
C_seasonal_resid,17953,2014-02-03 04:20:00,56.86077004,9.45170099840976
C_seasonal_resid,17954,2014-02-03 04:25:00,55.7943082,9.762602273188328
C_seasonal_resid,17955,2014-02-03 04:30:00,56.918643,9.422316555558277
C_seasonal_resid,17956,2014-02-03 04:35:00,55.714123,9.998282447249563
C_seasonal_resid,17957,2014-02-03 04:40:00,57.16981026,9.229965302103228
C_seasonal_resid,17958,2014-02-03 04:45:00,56.44556635,9.592843164163696
C_seasonal_resid,17959,2014-02-03 04:50:00,54.80554442,10.265555622843591
C_seasonal_resid,17960,2014-02-03 04:55:00,56.76640281,9.435402896624185
C_seasonal_resid,17961,2014-02-03 05:00:00,55.78266146,9.890346008937312
C_seasonal_resid,17962,2014-02-03 05:05:00,56.7649007,9.415032065088266
C_seasonal_resid,17963,2014-02-03 05:10:00,54.48414675,10.2743152797957
C_seasonal_resid,17964,2014-02-03 05:15:00,56.16947655,9.634662817412366
C_seasonal_resid,17965,2014-02-03 05:20:00,54.17798824,10.558593475869918
C_seasonal_resid,17966,2014-02-03 05:25:00,55.53970615,9.923910233651359
C_seasonal_resid,17967,2014-02-03 05:30:00,56.1214043,9.724730613875263
C_seasonal_resid,17968,2014-02-03 05:35:00,53.73629886,10.817153643572519
C_seasonal_resid,17969,2014-02-03 05:40:00,54.90622261,10.2543192976436
C_seasonal_resid,17970,2014-02-03 05:45:00,55.21377671,10.094977017126174
C_seasonal_resid,17971,2014-02-03 05:50:00,54.8638041,10.263535414895529
C_seasonal_resid,17972,2014-02-03 05:55:00,55.0147672,10.103829041820907
C_seasonal_resid,17973,2014-02-03 06:00:00,53.81547716,10.691515699773547
C_seasonal_resid,17974,2014-02-03 06:05:00,53.54966189,10.848335348296365
C_seasonal_resid,17975,2014-02-03 06:10:00,53.84124637,10.611501339755625
C_seasonal_resid,17976,2014-02-03 06:15:00,52.97369337,11.078245150660658
C_seasonal_resid,17977,2014-02-03 06:20:00,54.61781056,10.330552398876266
C_seasonal_resid,17978,2014-02-03 06:25:00,54.52809362,10.309606150851408
C_seasonal_resid,17979,2014-02-03 06:30:00,52.18800178,11.30991406936832
C_seasonal_resid,17980,2014-02-03 06:35:00,54.43020747,10.380758533941242
C_seasonal_resid,17981,2014-02-03 06:40:00,53.9730706,10.461437401262286
C_seasonal_resid,17982,2014-02-03 06:45:00,53.93649222,10.532755244298025
C_seasonal_resid,17983,2014-02-03 06:50:00,51.98615458,11.485189465603549
C_seasonal_resid,17984,2014-02-03 06:55:00,52.72023489,11.214001598862204
C_seasonal_resid,17985,2014-02-03 07:00:00,53.67776283,10.695901689569057
C_seasonal_resid,17986,2014-02-03 07:05:00,52.35162439,11.140539827022323
C_seasonal_resid,17987,2014-02-03 07:10:00,51.97540589,11.409657813566145
C_seasonal_resid,17988,2014-02-03 07:15:00,52.88545179,11.034727306780464
C_seasonal_resid,17989,2014-02-03 07:20:00,52.43903981,11.216566828757795
C_seasonal_resid,17990,2014-02-03 07:25:00,52.75928256,11.190490389862413
C_seasonal_resid,17991,2014-02-03 07:30:00,50.63527694,11.964421780909362
C_seasonal_resid,17992,2014-02-03 07:35:00,51.43447038,11.598598873212008
C_seasonal_resid,17993,2014-02-03 07:40:00,51.12552639,11.68642792681757
C_seasonal_resid,17994,2014-02-03 07:45:00,50.59661334,12.02007857786756
C_seasonal_resid,17995,2014-02-03 07:50:00,50.22150673,12.125303142110077
C_seasonal_resid,17996,2014-02-03 07:55:00,50.2662818,12.156732856749429
C_seasonal_resid,17997,2014-02-03 08:00:00,51.81597989,11.446492681782152
C_seasonal_resid,17998,2014-02-03 08:05:00,49.81559975,12.25106500845563
C_seasonal_resid,17999,2014-02-03 08:10:00,50.81262286,11.767449399067104
C_seasonal_resid,18000,2014-02-03 08:15:00,50.12846268,12.314450667765978
C_seasonal_resid,18001,2014-02-03 08:20:00,50.48572661,11.920082145835863
C_seasonal_resid,18002,2014-02-03 08:25:00,50.60703532,12.004549587018033
C_seasonal_resid,18003,2014-02-03 08:30:00,51.37155247,11.641798091646011
C_seasonal_resid,18004,2014-02-03 08:35:00,48.93508502,12.76992097952638
C_seasonal_resid,18005,2014-02-03 08:40:00,50.88528478,12.02470826183563
C_seasonal_resid,18006,2014-02-03 08:45:00,49.52295139,12.542064507895084
C_seasonal_resid,18007,2014-02-03 08:50:00,48.63095252,12.945323802951703
C_seasonal_resid,18008,2014-02-03 08:55:00,50.43692539,11.999133383838219
C_seasonal_resid,18009,2014-02-03 09:00:00,49.49746594,12.501934749942878
C_seasonal_resid,18010,2014-02-03 09:05:00,49.06554792,12.6014286690107
C_seasonal_resid,18011,2014-02-03 09:10:00,49.91850516,12.297942807860913
C_seasonal_resid,18012,2014-02-03 09:15:00,49.86739198,12.205660462725753
C_seasonal_resid,18013,2014-02-03 09:20:00,48.96407003,12.696010960310575
C_seasonal_resid,18014,2014-02-03 09:25:00,49.87075617,12.25188509070147
C_seasonal_resid,18015,2014-02-03 09:30:00,48.31568935,12.903184643758523
C_seasonal_resid,18016,2014-02-03 09:35:00,49.27527992,12.550021111351914
C_seasonal_resid,18017,2014-02-03 09:40:00,49.47535323,12.404632699125342
C_seasonal_resid,18018,2014-02-03 09:45:00,48.51089795,12.787663265530867
C_seasonal_resid,18019,2014-02-03 09:50:00,48.73634681,12.623162999890857
C_seasonal_resid,18020,2014-02-03 09:55:00,48.15278578,12.888668627177397
C_seasonal_resid,18021,2014-02-03 10:00:00,48.4171427,12.79632760528789
C_seasonal_resid,18022,2014-02-03 10:05:00,47.84020769,12.980501072375754
C_seasonal_resid,18023,2014-02-03 10:10:00,47.47862847,13.088624655615684
C_seasonal_resid,18024,2014-02-03 10:15:00,46.55879317,13.474054391236841
C_seasonal_resid,18025,2014-02-03 10:20:00,48.22882113,12.779645794917503
C_seasonal_resid,18026,2014-02-03 10:25:00,46.24988012,13.615789247295062
C_seasonal_resid,18027,2014-02-03 10:30:00,48.20282348,12.892652619614095
C_seasonal_resid,18028,2014-02-03 10:35:00,46.00798634,13.886011691014165
C_seasonal_resid,18029,2014-02-03 10:40:00,47.54683829,13.057452623360952
C_seasonal_resid,18030,2014-02-03 10:45:00,45.83463393,13.910325142409812
C_seasonal_resid,18031,2014-02-03 10:50:00,45.74162255,13.801431929910928
C_seasonal_resid,18032,2014-02-03 10:55:00,46.83084682,13.43157201553752
C_seasonal_resid,18033,2014-02-03 11:00:00,47.12750298,13.266538337081622
C_seasonal_resid,18034,2014-02-03 11:05:00,45.43152885,13.901444716222798
C_seasonal_resid,18035,2014-02-03 11:10:00,44.67244412,14.277333502283364
C_seasonal_resid,18036,2014-02-03 11:15:00,46.08151724,13.640451456263794
C_seasonal_resid,18037,2014-02-03 11:20:00,44.6126224,14.152869826597078
C_seasonal_resid,18038,2014-02-03 11:25:00,44.80696725,14.07942555411893
C_seasonal_resid,18039,2014-02-03 11:30:00,45.03879087,14.016121243310042
C_seasonal_resid,18040,2014-02-03 11:35:00,45.22417529,13.868461047852369
C_seasonal_resid,18041,2014-02-03 11:40:00,43.9247014,14.527979573344089
C_seasonal_resid,18042,2014-02-03 11:45:00,44.21495123,14.232361446045882
C_seasonal_resid,18043,2014-02-03 11:50:00,49.97062583,11.755031165371319
C_seasonal_resid,18044,2014-02-03 11:55:00,60.11197269,7.3002835236153105
C_seasonal_resid,18511,2014-02-05 02:50:00,78.27571127,4.53697745588472
C_seasonal_resid,18512,2014-02-05 02:55:00,76.32761764,5.252213572839236
C_seasonal_resid,18513,2014-02-05 03:00:00,75.31922192,5.697491411832907
C_seasonal_resid,18514,2014-02-05 03:05:00,76.89386828,4.952929161184042
C_seasonal_resid,18515,2014-02-05 03:10:00,75.88731690000002,5.41643468364693
C_seasonal_resid,18516,2014-02-05 03:15:00,74.18020352,6.021820153542197
C_seasonal_resid,18517,2014-02-05 03:20:00,73.06701566,6.61832134127511
C_seasonal_resid,18518,2014-02-05 03:25:00,73.24239954,6.624853281117174
C_seasonal_resid,18519,2014-02-05 03:30:00,71.76496162,7.273596198896378
C_seasonal_resid,18520,2014-02-05 03:35:00,71.49616996,7.210602929537163
C_seasonal_resid,18521,2014-02-05 03:40:00,71.02424536,7.506785376009416
C_seasonal_resid,18522,2014-02-05 03:45:00,69.83593132,7.929482148369131
C_seasonal_resid,18523,2014-02-05 03:50:00,70.08380138,7.779428001624239
C_seasonal_resid,18524,2014-02-05 03:55:00,68.81851316,8.451266431271469
C_seasonal_resid,18525,2014-02-05 04:00:00,68.6038139,8.392265781497414
C_seasonal_resid,18526,2014-02-05 04:05:00,68.74318586,8.45564317583472
C_seasonal_resid,18527,2014-02-05 04:10:00,68.94454649,8.173203872286939
C_seasonal_resid,18528,2014-02-05 04:15:00,67.71716215,8.793056462913857
C_seasonal_resid,18529,2014-02-05 04:20:00,67.94087601,8.670402167879615
C_seasonal_resid,18530,2014-02-05 04:25:00,68.14824495,8.428788246310686
C_seasonal_resid,18531,2014-02-05 04:30:00,67.04043949,9.05667776309368
C_seasonal_resid,18532,2014-02-05 04:35:00,66.69135649,9.26160383580845
C_seasonal_resid,18533,2014-02-05 04:40:00,67.96152382,8.573754663456997
C_seasonal_resid,18534,2014-02-05 04:45:00,67.60006407,8.779277432092762
C_seasonal_resid,18535,2014-02-05 04:50:00,65.83920135,9.504403738720058
C_seasonal_resid,18536,2014-02-05 04:55:00,66.23358874,9.353696858626032
C_seasonal_resid,18537,2014-02-05 05:00:00,66.08796681,9.445111531232321
C_seasonal_resid,18538,2014-02-05 05:05:00,71.11490961,7.215435691982371
C_seasonal_resid,18539,2014-02-05 05:10:00,73.78692264,5.926490850512606
C_seasonal_resid,21013,2014-02-13 19:20:00,84.56932409999997,4.727389056143488
C_seasonal_resid,21014,2014-02-13 19:25:00,81.53946494,6.12731961000761
C_seasonal_resid,21015,2014-02-13 19:30:00,79.86047368,6.870570024442103
C_seasonal_resid,21016,2014-02-13 19:35:00,76.59064111,8.425621412691942
C_seasonal_resid,21017,2014-02-13 19:40:00,75.98288572,8.747988229585756
C_seasonal_resid,21018,2014-02-13 19:45:00,77.16500834,8.146583899182536
C_seasonal_resid,21019,2014-02-13 19:50:00,79.33194830000002,7.376595842586897
C_seasonal_resid,21020,2014-02-13 19:55:00,84.17805308,5.096239208115481
C_seasonal_resid,21021,2014-02-13 20:00:00,85.91550951,4.574293766913546
C_seasonal_resid,21053,2014-02-13 22:40:00,87.50607956,4.595692944570126
C_seasonal_resid,21054,2014-02-13 22:45:00,84.65184573,5.691861909021921
C_seasonal_resid,21055,2014-02-13 22:50:00,83.76029982,6.1495569689214715
C_seasonal_resid,21056,2014-02-13 22:55:00,81.71258771,7.100410036471769
C_seasonal_resid,21057,2014-02-13 23:00:00,80.60090239,7.5694418330780255
C_seasonal_resid,21058,2014-02-13 23:05:00,78.30848915,8.494824782411332
C_seasonal_resid,21059,2014-02-13 23:10:00,77.82404881,8.7166549501141
C_seasonal_resid,21060,2014-02-13 23:15:00,73.79891394,10.493553017578735
C_seasonal_resid,21061,2014-02-13 23:20:00,74.83498879,10.092825480469642
C_seasonal_resid,21062,2014-02-13 23:25:00,75.93165384,9.541897555822528
C_seasonal_resid,21063,2014-02-13 23:30:00,78.56977593,8.475499514424842
C_seasonal_resid,21064,2014-02-13 23:35:00,80.87615140000003,7.473622986000541
C_seasonal_resid,21065,2014-02-13 23:40:00,82.02614426,7.032887019702643
C_seasonal_resid,21066,2014-02-13 23:45:00,83.4573914,6.21417126386206
C_seasonal_resid,21067,2014-02-13 23:50:00,87.23360038,4.722518674082689
C_seasonal_resid,21424,2014-02-15 05:35:00,87.95835624,4.56229273110034
C_seasonal_resid,21427,2014-02-15 05:50:00,87.92600299,4.511755014685472
D_diff_madz,3987,2013-12-16 17:30:00,12.12038123,9.205915178502721
D_diff_madz,3988,2013-12-16 17:35:00,32.00170328,18.228102640123534
D_diff_madz,3989,2013-12-16 17:40:00,41.29106488,8.522035895844095
D_diff_madz,4000,2013-12-16 18:35:00,51.00312098,6.495360081102674
D_diff_madz,4001,2013-12-16 18:40:00,60.53594765,8.745137958061543
D_diff_madz,4002,2013-12-16 18:45:00,72.36676911,10.85093234003986
D_diff_madz,4003,2013-12-16 18:50:00,81.63368993,8.50147202483061
D_diff_madz,7178,2013-12-27 19:25:00,73.90275684,6.941032624123056
D_diff_madz,18044,2014-02-03 11:55:00,60.11197269,9.302762545810227
D_diff_madz,18045,2014-02-03 12:00:00,68.16056591,7.38504329024279
D_diff_madz,18046,2014-02-03 12:05:00,77.27662004,8.363223570303147
D_diff_madz,19772,2014-02-09 11:55:00,43.97130304,7.658650965881
D_diff_madz,19773,2014-02-09 12:00:00,53.13574860000001,8.407567622723699
D_diff_madz,19774,2014-02-09 12:05:00,64.13476858,10.088701332760127
