timestamp,value,resid
2013-12-03 23:55:00,65.90649636,-23.879057329999995
2013-12-04 00:05:00,66.09439847,-23.697199850000004
2013-12-04 00:10:00,64.92515067,-24.93897662500001
2013-12-04 00:15:00,65.91054219,-23.966674929999996
2013-12-04 00:20:00,65.0764574,-24.810509230000008
2013-12-04 00:25:00,64.4365387,-25.46937113
2013-12-04 00:30:00,64.22546298,-25.734804330000003
2013-12-04 00:35:00,64.67301299,-25.36736338
2013-12-04 00:40:00,62.87339214,-27.103571249999995
2013-12-04 00:45:00,64.07636038,-25.964015990000007
2013-12-04 00:50:00,64.24233104,-25.756742029999998
2013-12-04 00:55:00,63.61616805,-26.382905019999995
2013-12-04 01:00:00,62.35719049,-27.627595730000003
2013-12-04 01:05:00,61.94124256,-28.035720829999995
2013-12-04 01:10:00,62.19962941,-27.799443659999994
2013-12-04 01:15:00,61.91339759,-28.085675479999992
2013-12-04 01:20:00,61.92579229,-28.234933540000007
2013-12-04 01:25:00,62.48497727,-27.875430030000004
2013-12-04 01:30:00,61.935635,-28.424772300000008
2013-12-04 01:35:00,61.63262008,-28.692676209999995
2013-12-04 01:40:00,60.37118114,-29.904050169999998
2013-12-04 01:45:00,59.96038979,-30.208995624999993
2013-12-04 01:50:00,61.13922001,-29.01934179
2013-12-04 01:55:00,60.52991525,-29.578114995000007
2013-12-04 02:00:00,59.63744866,-30.227771589999996
2013-12-04 02:05:00,60.00666098,-29.847272620000005
2013-12-04 02:10:00,60.12505135,-29.717595600000003
2013-12-04 02:15:00,59.72064235,-30.418827025000006
2013-12-04 02:20:00,60.43677303,-29.724147085000013
2013-12-04 02:25:00,62.87329018,-27.434098390000003
2013-12-04 02:30:00,66.49930690000001,-23.80975877499999
2013-12-05 13:05:00,64.08989013,-23.58646607
2013-12-05 15:55:00,64.56349701,-23.95655615999999
2013-12-05 16:00:00,63.28974329,-25.13971181500002
2013-12-05 16:05:00,63.28361665,-25.118693060000012
2013-12-05 16:10:00,61.58298516,-26.81932455000001
2013-12-05 16:15:00,60.82411582,-27.56903842
2013-12-05 16:20:00,61.3940652,-26.99908904
2013-12-05 16:25:00,60.11903873,-28.243375560000004
2013-12-05 16:30:00,59.99923502,-28.408004590000004
2013-12-05 16:35:00,61.12918756,-27.275170929999994
2013-12-05 16:40:00,61.36189498,-27.247980319999996
2013-12-05 16:45:00,60.47558897,-28.239167650000006
2013-12-05 16:50:00,60.67434851,-28.114690859999996
2013-12-05 16:55:00,59.66856035,-29.227166539999992
2013-12-05 17:00:00,60.45000400000001,-28.533522364999982
2013-12-05 17:05:00,60.80958974,-28.193903775000003
2013-12-05 17:10:00,59.64651164,-29.453949975
2013-12-05 17:15:00,59.54190124,-29.653095414999996
2013-12-05 17:20:00,60.15249910000001,-29.038968629999992
2013-12-05 17:25:00,60.17481249,-28.987729089999995
2013-12-05 17:30:00,58.24862344,-30.913918139999993
2013-12-05 17:35:00,59.74236722,-29.368999005
2013-12-05 17:40:00,58.22633431,-30.936207269999997
2013-12-05 17:45:00,58.3855254,-30.82533498499999
2013-12-05 17:50:00,57.14889801,-32.17116601
2013-12-05 17:55:00,57.78556067,-31.579770735000004
2013-12-05 18:00:00,57.09208687,-32.36458720499999
2013-12-05 18:05:00,58.39042981,-31.131729465000006
2013-12-05 18:10:00,56.55757397,-33.03624914499999
2013-12-05 18:15:00,58.05195686,-31.486938610000003
2013-12-05 18:20:00,57.14054744,-32.350635974999996
2013-12-05 18:25:00,57.55458171,-31.767226224999995
2013-12-05 18:30:00,57.74679739999999,-31.493891415000007
2013-12-05 18:35:00,56.24537782,-32.97879417499999
2013-12-05 18:40:00,57.78431077,-31.381168265000007
2013-12-05 18:45:00,57.54979774,-31.754102759999995
2013-12-05 18:50:00,55.62290214,-33.72492484000001
2013-12-05 18:55:00,56.95010972,-32.591578999999996
2013-12-05 19:00:00,56.90507469,-32.806311920000006
2013-12-05 19:05:00,56.27583477,-33.555888870000004
2013-12-05 19:10:00,56.77215799,-33.05096998500001
2013-12-05 19:15:00,55.06048213,-34.830599160000006
2013-12-05 19:20:00,55.59128069,-34.280850705
2013-12-05 19:25:00,54.1752324,-35.777724905
2013-12-05 19:30:00,54.10044932,-35.8713481
2013-12-05 19:35:00,55.7142578,-34.33605931000001
2013-12-05 19:40:00,54.48448692,-35.59476954000001
2013-12-05 19:45:00,54.28460214,-35.816048200000004
2013-12-05 19:50:00,53.49095412,-36.766473794999996
2013-12-05 19:55:00,53.83973553,-36.50458901500001
2013-12-05 20:00:00,53.21226224,-37.19763091499999
2013-12-05 20:05:00,54.30013819,-36.05912685
2013-12-05 20:10:00,52.69490606,-37.649418485000005
2013-12-05 20:15:00,54.52217181,-36.001440349999996
2013-12-05 20:20:00,53.39950217,-37.11992658500001
2013-12-05 20:25:00,53.76591516,-36.75351359500001
2013-12-05 20:30:00,55.48784973,-35.06601640499999
2013-12-05 20:35:00,58.38399867,-32.18470018500001
2013-12-05 20:40:00,60.82231136,-29.839839769999998
2013-12-05 20:45:00,62.91385509,-27.951007950000005
2013-12-05 20:50:00,63.24062362,-27.617857144999995
2013-12-05 20:55:00,65.13339739999999,-25.83674311
2013-12-05 21:00:00,65.13108334,-25.871462879999996
2013-12-05 21:05:00,63.75501432,-26.986848484999996
2013-12-05 21:10:00,65.98616848,-24.740447419999995
2013-12-05 21:15:00,64.59238537,-26.17029368
2013-12-05 21:20:00,66.02308663,-24.669276940000003
2013-12-05 21:25:00,64.22520873,-26.520542199999994
2013-12-05 21:30:00,65.30499142,-25.350646850000004
2013-12-05 21:35:00,64.81862084,-25.793787780000002
2013-12-05 21:40:00,65.37620261,-25.27943565999999
2013-12-08 20:10:00,66.33179456,-24.012529985
2013-12-08 20:15:00,66.91563668,-23.607975479999993
2013-12-08 20:20:00,66.16866541,-24.350763345000004
2013-12-08 20:25:00,65.4285179,-25.090910855000004
2013-12-08 20:30:00,65.35053472,-25.203331414999994
2013-12-08 20:35:00,66.33117909,-24.237519765000002
2013-12-08 20:40:00,65.41414556,-25.248005570000004
2013-12-08 20:45:00,64.09396412,-26.770898920000008
2013-12-08 20:50:00,65.69491286,-25.163567904999994
2013-12-08 20:55:00,63.4411211,-27.529019409999997
2013-12-08 21:00:00,64.13364395,-26.868902269999992
2013-12-08 21:05:00,65.06555891,-25.676303895000004
2013-12-08 21:10:00,63.7086663,-27.0179496
2013-12-08 21:15:00,65.33955353,-25.42312552
2013-12-08 21:20:00,63.89784787,-26.794515699999998
2013-12-08 21:25:00,63.75194642,-26.993804509999997
2013-12-08 21:30:00,64.76514892,-25.890489349999996
2013-12-08 21:35:00,64.46942496,-26.14298366
2013-12-08 21:40:00,66.28240191,-24.373236359999993
2013-12-08 21:45:00,64.88735598,-25.72462945000001
2013-12-08 21:50:00,65.71863076,-24.828427360000006
2013-12-08 21:55:00,65.65587933,-24.8708544
2013-12-08 22:00:00,65.68733353,-24.719901399999998
2013-12-08 22:05:00,66.5135166,-23.88090878
2013-12-08 22:10:00,66.32794279,-23.985759040000005
2013-12-08 22:15:00,65.41711769,-24.885732689999998
2013-12-08 22:20:00,66.24131668,-24.01258612000001
2013-12-08 22:25:00,65.12586785,-25.121699029999988
2013-12-08 22:30:00,66.47994568,-23.707472909999993
2013-12-08 22:35:00,65.62675545,-24.58392569
2013-12-08 22:45:00,66.57410904,-23.63624619000001
2013-12-08 22:50:00,66.68194387,-23.600275760000002
2013-12-08 23:00:00,66.26570296,-24.01139132
2013-12-09 17:00:00,64.91926629999999,-24.064260065
2013-12-09 17:05:00,65.2114591,-23.792034415000003
2013-12-09 17:10:00,65.47933776,-23.621123854999993
2013-12-09 17:15:00,64.47453309,-24.720463565000003
2013-12-09 17:25:00,64.52239163,-24.640149949999994
2013-12-09 17:30:00,65.00536341,-24.157178169999995
2013-12-09 17:40:00,64.52086934,-24.64167223999999
2013-12-09 17:45:00,64.26153105,-24.949329334999987
2013-12-09 17:50:00,63.25362211,-26.06644191
2013-12-09 17:55:00,64.4695029,-24.89582850500001
2013-12-09 18:00:00,63.89467056,-25.562003514999994
2013-12-09 18:05:00,63.45775429,-26.06440498500001
2013-12-09 18:10:00,64.55806857,-25.03575454499999
2013-12-09 18:15:00,63.30912566,-26.22976981
2013-12-09 18:20:00,62.91648858,-26.574694834999995
2013-12-09 18:25:00,64.15346282,-25.168345114999994
2013-12-09 18:30:00,62.856899,-26.383789815
2013-12-09 18:35:00,62.20477835,-27.019393644999994
2013-12-09 18:40:00,61.60722412,-27.558254915000006
2013-12-09 18:45:00,61.40999827,-27.893902229999995
2013-12-09 18:50:00,62.25726822,-27.090558760000008
2013-12-09 18:55:00,63.07185214,-26.46983658
2013-12-09 19:00:00,61.59296542,-28.118421190000007
2013-12-09 19:05:00,61.61405275,-28.217670890000008
2013-12-09 19:10:00,62.84143351,-26.981694465000004
2013-12-09 19:15:00,62.26190857,-27.62917272
2013-12-09 19:20:00,61.11654378,-28.755587614999996
2013-12-09 19:25:00,61.40587144,-28.547085865
2013-12-09 19:30:00,61.57664647,-28.39515095
2013-12-09 19:35:00,60.94102725,-29.10928986000001
2013-12-09 19:40:00,59.97230661,-30.106949850000014
2013-12-09 19:45:00,61.65830682,-28.44234352
2013-12-09 19:50:00,60.91248286,-29.344945054999997
2013-12-09 19:55:00,61.06136253,-29.28296201500001
2013-12-09 20:00:00,60.10791972,-30.301973434999994
2013-12-09 20:05:00,59.34736561,-31.01189943
2013-12-09 20:10:00,60.74294508,-29.601379465000008
2013-12-09 20:15:00,58.55879836,-31.9648138
2013-12-09 20:20:00,59.33387384,-31.185554915000004
2013-12-09 20:25:00,58.4427247,-32.07670405500001
2013-12-09 20:30:00,58.67596455,-31.87790158499999
2013-12-09 20:35:00,58.86526295,-31.703435905000006
2013-12-09 20:40:00,59.2551318,-31.407019329999997
2013-12-09 20:45:00,58.32773148,-32.537131560000006
2013-12-09 20:50:00,58.83395643,-32.024524334999995
2013-12-09 20:55:00,57.97016230000001,-32.99997820999998
2013-12-09 21:00:00,58.30628695,-32.69625927
2013-12-09 21:05:00,59.77711498,-30.964747824999996
2013-12-09 21:10:00,58.91662356,-31.80999234
2013-12-09 21:15:00,57.91541573,-32.84726332
2013-12-09 21:20:00,59.72499198,-30.96737159
2013-12-09 21:25:00,64.08813968,-26.657611250000002
2013-12-10 01:25:00,66.52442921,-23.83597809000001
2013-12-10 01:35:00,66.40612717,-23.919169119999992
2013-12-10 01:40:00,64.96807877,-25.30715253999999
2013-12-10 01:45:00,64.32071027,-25.848675144999987
2013-12-10 01:50:00,63.27067243,-26.887889370000003
2013-12-10 01:55:00,62.06163618,-28.04639406500001
2013-12-10 02:00:00,62.61793425,-27.247285999999995
2013-12-10 02:05:00,62.06531427,-27.788619330000003
2013-12-10 02:10:00,62.56746,-27.275186950000005
2013-12-10 02:15:00,62.56315401,-27.576315365000006
2013-12-10 02:20:00,61.68927886,-28.47164125500001
2013-12-10 02:25:00,63.18613948,-27.12124909
2013-12-10 02:30:00,61.45957212,-28.849493555000002
2013-12-10 02:35:00,60.82967554,-29.57201148
2013-12-10 02:40:00,62.64815066,-27.777223225
2013-12-10 02:45:00,62.2552738,-28.316338959999996
2013-12-10 02:50:00,61.29565352,-29.281387359999997
2013-12-10 02:55:00,60.51263728,-30.073302910000002
2013-12-10 03:00:00,61.69379862,-28.941976930000003
2013-12-10 03:05:00,60.74123479,-29.829234410000005
2013-12-10 03:10:00,61.82265382,-28.645841520000005
2013-12-10 03:15:00,60.72056394,-29.71862873
2013-12-10 03:20:00,59.48155529,-30.828305380000003
2013-12-10 03:25:00,59.71199822,-30.55886873
2013-12-10 03:30:00,60.04633364,-30.145693539999996
2013-12-10 03:35:00,60.7566715,-29.353032519999992
2013-12-10 03:40:00,60.97937137,-29.130332649999993
2013-12-10 03:45:00,60.18598201,-29.91944137000001
2013-12-10 03:50:00,59.29836235,-30.745852680000006
2013-12-10 03:55:00,59.67425517,-30.24531312
2013-12-10 04:00:00,59.32579954,-30.404060160000007
2013-12-10 04:05:00,58.90673875,-30.62778802999999
2013-12-10 04:10:00,58.94988105,-30.49424165000002
2013-12-10 04:15:00,59.2542368,-30.14612229999996
2013-12-10 04:20:00,59.28168799,-30.097780769999993
2013-12-10 04:25:00,58.09451548,-31.226718579999996
2013-12-10 04:30:00,59.08989145,-30.255702089999993
2013-12-10 04:35:00,58.68651335,-30.57972975
2013-12-10 04:40:00,57.78580283,-31.466275419999995
2013-12-10 04:45:00,56.95245586,-32.299622389999996
2013-12-10 04:50:00,57.73083515,-31.659717730000004
2013-12-10 04:55:00,56.9352584,-32.46420025
2013-12-10 05:00:00,57.15975259,-32.31600347
2013-12-10 05:05:00,56.59854411,-32.877211949999996
2013-12-10 05:10:00,57.77320899,-31.82750206
2013-12-10 05:15:00,57.83848952,-31.949288189999997
2013-12-10 05:20:00,56.89427668,-32.90476268
2013-12-10 05:25:00,56.82228388,-32.96549383
2013-12-10 05:30:00,57.610312,-32.14884964
2013-12-10 05:35:00,55.86646153,-33.93257782999999
2013-12-10 05:40:00,56.37814179,-33.434929749999995
2013-12-10 05:45:00,56.61167207,-33.36041037
2013-12-10 05:50:00,57.21032115,-32.7794375
2013-12-10 05:55:00,56.25115796,-33.74464304999999
2013-12-10 06:00:00,56.50458106,-33.543591420000006
2013-12-10 06:05:00,56.05846509,-34.035221539999995
2013-12-10 06:10:00,56.18518163,-33.885558669999995
2013-12-10 06:15:00,55.598353,-34.44981948
2013-12-10 06:20:00,56.15791731,-33.82754698999997
2013-12-10 06:25:00,53.88619592,-35.916870249999995
2013-12-10 06:30:00,54.11372732,-35.59229625999999
2013-12-10 06:35:00,53.51457736,-36.23191972
2013-12-10 06:40:00,54.9203419,-34.9037926
2013-12-10 06:45:00,55.16262921,-34.69464179
2013-12-10 06:50:00,54.0278047,-35.8294663
2013-12-10 06:55:00,53.03716417,-36.71086153
2013-12-10 07:00:00,53.89180944,-35.93232506
2013-12-10 07:05:00,54.25642075,-35.577000000000005
2013-12-10 07:10:00,54.86829058,-34.921073439999994
2013-12-10 07:15:00,54.43037047,-35.31765523
2013-12-10 07:20:00,53.71551274,-36.028032790000005
2013-12-10 07:25:00,52.92298404,-36.80323146000002
2013-12-10 07:30:00,52.54610122,-37.23626419
2013-12-10 07:35:00,53.21926838,-36.50710072
2013-12-10 07:40:00,52.44991954,-37.27629596000002
2013-12-10 07:45:00,53.12267549,-36.50064158
2013-12-10 07:50:00,51.76834722,-37.853507279999995
2013-12-10 07:55:00,51.95083115,-37.56855402000001
2013-12-10 08:00:00,51.85404217,-37.62834594
2013-12-10 08:05:00,51.42590381,-37.90411859
2013-12-10 08:10:00,51.45992235,-37.71252278
2013-12-10 08:15:00,52.50696678,-36.52867151999999
2013-12-10 08:20:00,52.78088106,-36.19199286
2013-12-10 08:25:00,50.68415185,-38.26463557
2013-12-10 08:30:00,50.36338045,-38.50837902999999
2013-12-10 08:35:00,51.09138109,-37.85740633
2013-12-10 08:40:00,50.16161341,-38.81028911
2013-12-10 08:45:00,51.38691568,-37.58498684
2013-12-10 08:50:00,51.58570654,-37.363080880000005
2013-12-10 08:55:00,49.87833928,-39.04400915
2013-12-10 09:00:00,51.67185689,-37.24941319
2013-12-10 09:05:00,50.79296151,-38.11663838
2013-12-10 09:10:00,50.22280774,-38.566154469999994
2013-12-10 09:15:00,50.2661417,-38.522820509999995
2013-12-10 09:20:00,49.5653685,-39.179365080000004
2013-12-10 09:25:00,50.507408,-38.20174952000001
2013-12-10 09:30:00,50.06264833,-38.62826846
2013-12-10 09:35:00,49.05232909,-39.44917866
2013-12-10 09:40:00,49.19075321,-39.23916416
2013-12-10 09:45:00,50.02294496,-38.338117630000006
2013-12-10 09:50:00,48.84619029,-39.54733454
2013-12-10 09:55:00,48.90238468,-39.34692158
2013-12-10 10:00:00,49.26750333,-38.98180293
2013-12-10 10:05:00,49.0532739,-39.19603236
2013-12-10 10:10:00,49.08672459,-39.20040208
2013-12-10 10:15:00,48.38789019,-40.122635300000006
2013-12-10 10:20:00,48.99979912,-39.23924666
2013-12-10 10:25:00,49.33466939,-38.880663639999995
2013-12-10 10:30:00,50.14596796,-38.06288057
2013-12-10 10:35:00,49.85691601,-38.37431577
2013-12-10 10:40:00,49.2447705,-38.959937
2013-12-10 10:45:00,49.96490569,-38.239801809999996
2013-12-10 10:50:00,49.74429909,-38.430280440000004
2013-12-10 10:55:00,49.06922138,-39.05771905
2013-12-10 11:00:00,50.00490871,-38.079137339999996
2013-12-10 11:05:00,49.21118333,-38.82517493
2013-12-10 11:10:00,49.3951279,-38.64123036
2013-12-10 11:15:00,49.77422634,-38.17142217
2013-12-10 11:20:00,49.50621606,-38.51735929
2013-12-10 11:25:00,48.90221944,-39.10402482
2013-12-10 11:30:00,48.45973964,-39.56383571
2013-12-10 11:35:00,49.85036764,-38.15587662
2013-12-10 11:40:00,50.04796176,-37.9582825
2013-12-10 11:45:00,50.09367246,-37.78106836
2013-12-10 11:50:00,49.89225214,-37.89241281000001
2013-12-10 11:55:00,50.7324338,-36.697213420000004
2013-12-10 12:00:00,49.59618902,-37.96390609000001
2013-12-10 12:05:00,49.38520694,-38.13874188999999
2013-12-10 12:10:00,49.54424707,-38.01584804000001
2013-12-10 12:15:00,50.29196953,-37.335343949999995
2013-12-10 12:20:00,51.04599718,-36.560709419999995
2013-12-10 12:25:00,51.13252976,-36.49006469
2013-12-10 12:30:00,50.65270237,-36.990660610000006
2013-12-10 12:35:00,50.87768254,-36.708265649999994
2013-12-10 12:40:00,50.66362073,-37.003622060000005
2013-12-10 12:45:00,49.52384528,-38.06210290999999
2013-12-10 12:50:00,51.39930184,-36.18664635
2013-12-10 12:55:00,49.8900245,-37.7863317
2013-12-10 13:00:00,49.62962429,-38.04673191
2013-12-10 13:05:00,50.7098265,-36.9665297
2013-12-10 13:10:00,49.57538032,-38.143168279999976
2013-12-10 13:15:00,50.68119402,-37.00930188
2013-12-10 13:20:00,50.96837729,-36.759257850000004
2013-12-10 13:25:00,51.65297521,-36.14324736
2013-12-10 13:30:00,50.11470329,-37.70691236
2013-12-10 13:35:00,50.19045678,-37.60576579
2013-12-10 13:40:00,49.6258836,-38.10175154
2013-12-10 13:45:00,49.78787651,-37.81742158000001
2013-12-10 13:50:00,51.94215975,-35.75071201
2013-12-10 13:55:00,50.0099379,-37.78609591
2013-12-10 14:00:00,50.18637613,-37.63523952
2013-12-10 14:05:00,51.96366361,-35.8323702
2013-12-10 14:10:00,51.92270289,-35.913784250000006
2013-12-10 14:15:00,52.17244522,-35.687791000000004
2013-12-10 14:20:00,51.73148575,-36.105001390000005
2013-12-10 14:25:00,51.91921197,-35.842010390000006
2013-12-10 14:30:00,51.75625919,-35.980222219999995
2013-12-10 14:35:00,51.72133697,-35.90596546
2013-12-10 14:40:00,50.91872505,-36.564635599999995
2013-12-10 14:45:00,51.70584854,-35.675530099999996
2013-12-10 14:50:00,52.55023109,-34.82137361000001
2013-12-10 14:55:00,52.59937053,-34.78200810999999
2013-12-10 15:00:00,51.61248169,-35.80125109
2013-12-10 15:05:00,51.99459208,-35.44533954
2013-12-10 15:10:00,52.27957032,-35.24560248000001
2013-12-10 15:15:00,51.17302941,-36.52219528500001
2013-12-10 15:20:00,51.68587327,-36.119927000000004
2013-12-10 15:25:00,52.74160284,-35.287341080000004
2013-12-10 15:30:00,52.03378608,-36.05074136
2013-12-10 15:35:00,52.55918527,-35.46975865
2013-12-10 15:40:00,52.56020036,-35.52432708
2013-12-10 15:45:00,52.14368493,-36.185065990000005
2013-12-10 15:50:00,52.31182813,-36.295046109999994
2013-12-10 15:55:00,51.24936372,-37.27068945
2013-12-10 16:00:00,53.08543565,-35.344019455000016
2013-12-10 16:05:00,52.32456956,-36.07774015000001
2013-12-10 16:10:00,52.92271805,-35.47959166000001
2013-12-10 16:15:00,51.4426649,-36.950489340000004
2013-12-10 16:20:00,52.50497676,-35.88817748
2013-12-10 16:25:00,53.16442244,-35.19799185
2013-12-10 16:30:00,51.92980912,-36.47743049
2013-12-10 16:35:00,52.03579001,-36.36856847999999
2013-12-10 16:40:00,52.5311193,-36.078756
2013-12-10 16:45:00,53.1794298,-35.53532682
2013-12-10 16:50:00,53.348096700000006,-35.44094266999999
2013-12-10 16:55:00,54.0077642,-34.887962689999995
2013-12-10 17:00:00,53.41775749999999,-35.565768864999995
2013-12-10 17:05:00,53.40754715,-35.595946365
2013-12-10 17:10:00,54.40864272,-34.691818895
2013-12-10 17:15:00,52.15962351,-37.035373144999994
2013-12-10 17:20:00,52.7510738,-36.44039393
2013-12-10 17:25:00,54.25035924,-34.912182339999994
2013-12-10 17:30:00,52.87482563,-36.28771595
2013-12-10 17:35:00,52.76572593,-36.345640294999995
2013-12-10 17:40:00,54.14400057,-35.01854100999999
2013-12-10 17:45:00,54.83526141,-34.37559897499999
2013-12-10 17:50:00,53.28158048,-36.03848354
2013-12-10 17:55:00,55.01166944,-34.35366196500001
2013-12-10 18:00:00,53.50956123,-35.94711284499999
2013-12-10 18:05:00,54.88127156,-34.640887715000005
2013-12-10 18:10:00,53.25848222,-36.335340894999995
2013-12-10 18:15:00,55.33265031,-34.20624516
2013-12-10 18:20:00,53.89205616,-35.59912725499999
2013-12-10 18:25:00,54.15027798,-35.171529955
2013-12-10 18:30:00,55.07471002,-34.165978795
2013-12-10 18:35:00,54.83638559,-34.38778640499999
2013-12-10 18:40:00,53.87817420000001,-35.28730483499999
2013-12-10 18:45:00,55.01978653,-34.28411397
2013-12-10 18:50:00,55.64136743,-33.706459550000005
2013-12-10 18:55:00,54.25723071,-35.284458009999994
2013-12-10 19:00:00,55.82515089,-33.88623572
2013-12-10 19:05:00,54.98746845,-34.844255190000005
2013-12-10 19:10:00,54.56086323,-35.262264745
2013-12-10 19:15:00,53.74571197,-36.14536932
2013-12-10 19:20:00,54.46635324,-35.405778155
2013-12-10 19:25:00,54.79985912,-35.153098185
2013-12-10 19:30:00,54.60702289,-35.36477453
2013-12-10 19:35:00,55.49359449999999,-34.556722610000016
2013-12-10 19:40:00,54.40191752,-35.67733894000001
2013-12-10 19:45:00,54.49100312,-35.60964722
2013-12-10 19:50:00,54.16749514,-36.089932774999994
2013-12-10 19:55:00,55.86616499,-34.478159555000005
2013-12-10 20:00:00,54.37631662,-36.033576534999995
2013-12-10 20:05:00,54.14597609,-36.21328895
2013-12-10 20:10:00,54.97357442,-35.37075012500001
2013-12-10 20:15:00,54.43017891,-36.09343325
2013-12-10 20:20:00,55.93247738,-34.586951375000005
2013-12-10 20:25:00,54.9850973,-35.53433145500001
2013-12-10 20:30:00,56.47025358,-34.083612554999995
2013-12-10 20:35:00,56.31085839,-34.25784046500001
2013-12-10 20:40:00,55.36730858,-35.29484255
2013-12-10 20:45:00,54.73553617,-36.12932687
2013-12-10 20:50:00,56.28727277,-34.571207994999995
2013-12-10 20:55:00,55.52009202,-35.45004848999999
2013-12-10 21:00:00,54.87984231,-36.12270391
2013-12-10 21:05:00,55.81074912,-34.931113685
2013-12-10 21:10:00,55.56717583,-35.15944007
2013-12-10 21:15:00,56.41556746,-34.347111590000004
2013-12-10 21:20:00,56.58898939,-34.103374179999996
2013-12-10 21:25:00,55.87912017,-34.86663076
2013-12-10 21:30:00,57.03840845,-33.61722982
2013-12-10 21:35:00,57.86947458,-32.742934039999994
2013-12-10 21:40:00,57.06019658,-33.595441689999994
2013-12-10 21:45:00,58.64214612,-31.969839310000005
2013-12-10 21:50:00,59.24327878,-31.303779340000006
2013-12-10 21:55:00,58.80976586,-31.716967870000005
2013-12-10 22:00:00,58.11937337,-32.28786156
2013-12-10 22:05:00,60.00619247,-30.38823291
2013-12-10 22:10:00,59.58708718,-30.726614650000002
2013-12-10 22:15:00,60.78420235,-29.518648029999994
2013-12-10 22:20:00,60.82688747,-29.427015330000003
2013-12-10 22:25:00,65.16753626,-25.080030619999988
2013-12-16 00:15:00,66.11182479,-23.765392329999997
2013-12-16 00:25:00,65.59692094,-24.308988889999995
2013-12-16 00:30:00,65.31088565,-24.649381660000003
2013-12-16 00:40:00,65.96888298,-24.00808040999999
2013-12-16 00:45:00,65.12423914,-24.916137230000004
2013-12-16 00:50:00,66.11789457,-23.88117849999999
2013-12-16 00:55:00,64.80124145,-25.197831619999988
2013-12-16 01:00:00,66.39476737,-23.590018850000007
2013-12-16 01:05:00,65.05548849,-24.921474899999993
2013-12-16 01:10:00,65.42792911,-24.57114396
2013-12-16 01:15:00,65.79025781,-24.208815259999994
2013-12-16 01:20:00,65.24156143,-24.9191644
2013-12-16 01:25:00,64.77355145,-25.586855850000006
2013-12-16 01:30:00,64.25844658,-26.101960720000008
2013-12-16 01:35:00,63.32511037,-27.00018592
2013-12-16 01:40:00,63.92825593,-26.346975379999996
2013-12-16 01:45:00,62.71478623,-27.454599184999992
2013-12-16 01:50:00,63.5697321,-26.588829699999998
2013-12-16 01:55:00,62.01093406,-28.097096185000012
2013-12-16 02:00:00,62.35603729,-27.50918295999999
2013-12-16 02:05:00,63.29512278,-26.558810820000005
2013-12-16 02:10:00,61.51612039,-28.326526560000005
2013-12-16 02:15:00,61.50167623,-28.637793145000003
2013-12-16 02:20:00,61.49128902,-28.669631095000007
2013-12-16 02:25:00,63.12723689,-27.18015168
2013-12-16 02:30:00,61.41971741,-28.889348265000002
2013-12-16 02:35:00,62.49812045,-27.903566569999995
2013-12-16 02:40:00,62.62345077,-27.801923115
2013-12-16 02:45:00,62.01165423,-28.559958529999996
2013-12-16 02:50:00,61.11837772,-29.45866316
2013-12-16 02:55:00,59.77550561,-30.81043458
2013-12-16 03:00:00,61.50966304,-29.126112510000006
2013-12-16 03:05:00,59.66600129,-30.904467910000008
2013-12-16 03:10:00,59.57919588,-30.889299460000004
2013-12-16 03:15:00,59.12470295,-31.314489719999997
2013-12-16 03:20:00,60.24540836,-30.064452310000007
2013-12-16 03:25:00,60.25964641,-30.011220539999997
2013-12-16 03:30:00,58.81060689,-31.381420289999994
2013-12-16 03:35:00,59.64776118,-30.461942839999992
2013-12-16 03:40:00,58.86810738,-31.241596639999997
2013-12-16 03:45:00,59.59463032,-30.510793060000005
2013-12-16 03:50:00,58.60295114,-31.441263890000002
2013-12-16 03:55:00,58.67059847,-31.24896982
2013-12-16 04:00:00,57.61151954,-32.11834016
2013-12-16 04:05:00,58.80721121,-30.727315569999995
2013-12-16 04:10:00,57.69286607,-31.75125663000002
2013-12-16 04:15:00,56.74915104,-32.65120805999996
2013-12-16 04:20:00,57.91419321,-31.465275549999994
2013-12-16 04:25:00,57.56596634,-31.755267719999992
2013-12-16 04:30:00,56.72141269,-32.624180849999995
2013-12-16 04:35:00,57.84285288,-31.423390219999995
2013-12-16 04:40:00,57.02785876,-32.224219489999996
2013-12-16 04:45:00,56.93371332,-32.318364929999994
2013-12-16 04:50:00,57.44456351,-31.94598937
2013-12-16 04:55:00,57.43423073,-31.965227919999997
2013-12-16 05:00:00,55.01842643,-34.45732963
2013-12-16 05:05:00,55.73219618,-33.74355987999999
2013-12-16 05:10:00,54.61028367,-34.99042738
2013-12-16 05:15:00,55.08287152,-34.70490619
2013-12-16 05:20:00,55.56345357,-34.235585789999995
2013-12-16 05:25:00,54.42607397,-35.36170374
2013-12-16 05:30:00,55.77414637,-33.985015270000005
2013-12-16 05:35:00,54.7775747,-35.02146465999999
2013-12-16 05:40:00,55.45028914,-34.36278239999999
2013-12-16 05:45:00,53.85600716,-36.11607528
2013-12-16 05:50:00,53.56473816,-36.42502049
2013-12-16 05:55:00,53.68843595,-36.307365059999995
2013-12-16 06:00:00,53.29903854,-36.74913394000001
2013-12-16 06:05:00,54.69347371,-35.400212919999994
2013-12-16 06:10:00,54.62144576,-35.44929454
2013-12-16 06:15:00,54.41227606,-35.63589642
2013-12-16 06:20:00,53.96580671,-36.01965758999997
2013-12-16 06:25:00,53.75843375,-36.04463241999999
2013-12-16 06:30:00,52.01246787,-37.69355570999999
2013-12-16 06:35:00,52.92083965,-36.82565743
2013-12-16 06:40:00,51.43811574,-38.38601876
2013-12-16 06:45:00,51.46420607,-38.393064929999994
2013-12-16 06:50:00,52.49102788,-37.36624312
2013-12-16 06:55:00,52.52687481,-37.22115089
2013-12-16 07:00:00,50.45056375,-39.37357075
2013-12-16 07:05:00,51.22282136,-38.610599390000004
2013-12-16 07:10:00,50.3957789,-39.39358511999999
2013-12-16 07:15:00,51.35351229,-38.39451341
2013-12-16 07:20:00,51.03941604,-38.70412949000001
2013-12-16 07:25:00,50.21714895,-39.50906655000002
2013-12-16 07:30:00,50.55841829,-39.22394712
2013-12-16 07:35:00,51.16255256,-38.56381654
2013-12-16 07:40:00,50.94886444,-38.77735106000002
2013-12-16 07:45:00,50.79486943,-38.82844764
2013-12-16 07:50:00,49.21029401,-40.41156049
2013-12-16 07:55:00,48.84738522,-40.67199995000001
2013-12-16 08:00:00,50.14519639,-39.33719172
2013-12-16 08:05:00,50.97445399,-38.355568410000004
2013-12-16 08:10:00,50.90921407,-38.26323106
2013-12-16 08:15:00,50.02062105,-39.015017249999985
2013-12-16 08:20:00,49.74401138,-39.228862539999994
2013-12-16 08:25:00,49.97094575,-38.977841670000004
2013-12-16 08:30:00,49.33884328,-39.532916199999995
2013-12-16 08:35:00,48.78436052,-40.1644269
2013-12-16 08:40:00,49.53339906,-39.43850346
2013-12-16 08:45:00,49.78162577,-39.19027675
2013-12-16 08:50:00,49.62187665,-39.326910770000005
2013-12-16 08:55:00,49.68919324,-39.23315519
2013-12-16 09:00:00,48.30739042,-40.61387966
2013-12-16 09:05:00,48.82902834,-40.080571549999995
2013-12-16 09:10:00,50.35484431,-38.4341179
2013-12-16 09:15:00,50.21769333,-38.57126887999999
2013-12-16 09:20:00,48.10254852,-40.64218506
2013-12-16 09:25:00,49.46442467,-39.244732850000005
2013-12-16 09:30:00,48.33883452,-40.352082270000004
2013-12-16 09:35:00,48.00434093,-40.497166820000004
2013-12-16 09:40:00,48.90008594,-39.52983143
2013-12-16 09:45:00,50.17850555,-38.182557040000006
2013-12-16 09:50:00,49.56887872,-38.82464611
2013-12-16 09:55:00,49.37605213,-38.87325413
2013-12-16 10:00:00,48.80167321,-39.44763305
2013-12-16 10:05:00,47.80191086,-40.4473954
2013-12-16 10:10:00,49.07504767,-39.21207900000001
2013-12-16 10:15:00,49.24019399,-39.270331500000005
2013-12-16 10:20:00,48.20736299,-40.03168279
2013-12-16 10:25:00,48.62104883,-39.5942842
2013-12-16 10:30:00,49.51150583,-38.6973427
2013-12-16 10:35:00,47.52778085,-40.70345093
2013-12-16 10:40:00,49.15285659,-39.05185091
2013-12-16 10:45:00,48.22976589,-39.974941609999995
2013-12-16 10:50:00,48.76461254,-39.40996699
2013-12-16 10:55:00,48.41482013,-39.7121203
2013-12-16 11:00:00,48.5520704,-39.53197565
2013-12-16 11:05:00,48.61894249,-39.41741577
2013-12-16 11:10:00,47.50916129,-40.52719697
2013-12-16 11:15:00,48.65187261,-39.2937759
2013-12-16 11:20:00,47.07105491,-40.95252044
2013-12-16 11:25:00,47.48283583,-40.52340843
2013-12-16 11:30:00,47.15190756,-40.871667790000004
2013-12-16 11:35:00,47.97227843,-40.03396583
2013-12-16 11:40:00,47.95899435,-40.047249910000005
2013-12-16 11:45:00,46.96989176,-40.90484906
2013-12-16 11:50:00,48.74477405,-39.03989090000001
2013-12-16 11:55:00,47.42435797,-40.005289250000004
2013-12-16 12:00:00,46.61640041,-40.94369470000001
2013-12-16 12:05:00,47.59462942,-39.92931941
2013-12-16 12:10:00,48.31961709,-39.240478020000005
2013-12-16 12:15:00,47.22434182,-40.40297166
2013-12-16 12:20:00,47.90009631,-39.70661028999999
2013-12-16 12:25:00,48.16424514,-39.458349309999996
2013-12-16 12:30:00,47.60611477,-40.03724821000001
2013-12-16 12:35:00,47.14741295,-40.43853523999999
2013-12-16 12:40:00,47.88889085,-39.77835194
2013-12-16 12:45:00,47.25605389,-40.3298943
2013-12-16 12:50:00,46.88716102,-40.698787169999996
2013-12-16 12:55:00,46.76427792,-40.91207828
2013-12-16 13:00:00,46.26625835,-41.41009785
2013-12-16 13:05:00,47.21476764,-40.46158856
2013-12-16 13:10:00,47.12237735,-40.596171249999976
2013-12-16 13:15:00,47.84390938,-39.84658652
2013-12-16 13:20:00,46.28042599,-41.447209150000006
2013-12-16 13:25:00,47.89438575,-39.90183682
2013-12-16 13:30:00,45.88065187,-41.94096378
2013-12-16 13:35:00,45.93348708,-41.86273549
2013-12-16 13:40:00,46.44069985,-41.28693529
2013-12-16 13:45:00,45.69180477,-41.91349332000001
2013-12-16 13:50:00,47.54428761,-40.148584150000005
2013-12-16 13:55:00,45.66502197,-42.13101184
2013-12-16 14:00:00,45.78300206,-42.03861359
2013-12-16 14:05:00,46.93858357,-40.85745024
2013-12-16 14:10:00,46.25313734,-41.5833498
2013-12-16 14:15:00,47.62256048,-40.23767574000001
2013-12-16 14:20:00,46.27868176,-41.557805380000005
2013-12-16 14:25:00,46.96455654,-40.79666582000001
2013-12-16 14:30:00,47.48451206,-40.251969349999996
2013-12-16 14:35:00,47.34018048,-40.28712195
2013-12-16 14:40:00,46.41420425,-41.0691564
2013-12-16 14:45:00,47.49389536,-39.88748327999999
2013-12-16 14:50:00,46.9063076,-40.46529710000001
2013-12-16 14:55:00,45.33579904,-42.045579599999996
2013-12-16 15:00:00,45.20852682,-42.20520596
2013-12-16 15:05:00,46.34479413,-41.09513749
2013-12-16 15:10:00,46.21011068,-41.31506212000001
2013-12-16 15:15:00,45.54831103,-42.14691366500001
2013-12-16 15:20:00,45.7257248,-42.080075470000004
2013-12-16 15:25:00,43.17745454,-44.851489380000004
2013-12-16 15:30:00,41.30898865,-46.77553879
2013-12-16 15:35:00,40.46142699,-47.567516930000004
2013-12-16 15:40:00,37.79127513,-50.29325231
2013-12-16 15:45:00,36.24965328,-52.07909764000001
2013-12-16 15:50:00,35.07245553,-53.53441871
2013-12-16 15:55:00,32.45494267,-56.065110499999996
2013-12-16 16:00:00,30.69964858,-57.729806525000015
2013-12-16 16:05:00,30.50446055,-57.89784916000001
2013-12-16 16:10:00,27.21222794,-61.19008177000001
2013-12-16 16:15:00,25.68067158,-62.712482660000006
2013-12-16 16:20:00,23.82904352,-64.56411072
2013-12-16 16:25:00,22.9838387,-65.37857559
2013-12-16 16:30:00,21.73703176,-66.67020785
2013-12-16 16:35:00,19.27717911,-69.12717938
2013-12-16 16:40:00,18.5919706,-70.0179047
2013-12-16 16:45:00,16.45710857,-72.25764805
2013-12-16 16:50:00,14.6710595,-74.11797987
2013-12-16 16:55:00,12.41409266,-76.48163423
2013-12-16 17:00:00,9.633951608,-79.34957475699998
2013-12-16 17:05:00,10.00196599,-79.001527525
2013-12-16 17:10:00,6.918644935,-82.18181668
2013-12-16 17:15:00,6.440237831,-82.75475882399999
2013-12-16 17:20:00,4.117241297,-85.074226433
2013-12-16 17:25:00,2.084721206,-87.077820374
2013-12-16 17:30:00,12.12038123,-77.04216034999999
2013-12-16 17:35:00,32.00170328,-57.109662945
2013-12-16 17:40:00,41.29106488,-47.871476699999995
2013-12-16 17:45:00,41.16242458,-48.04843580499999
2013-12-16 17:50:00,41.14081509,-48.17924893000001
2013-12-16 17:55:00,40.78222417,-48.58310723500001
2013-12-16 18:00:00,42.95940386,-46.49727021499999
2013-12-16 18:05:00,42.1564866,-47.365672675000006
2013-12-16 18:10:00,41.81195211,-47.78187100499999
2013-12-16 18:15:00,42.55128466,-46.98761081
2013-12-16 18:20:00,42.49538316,-46.99580025499999
2013-12-16 18:25:00,41.79045369,-47.531354244999996
2013-12-16 18:30:00,43.92541428,-45.315274535
2013-12-16 18:35:00,51.00312098,-38.22105101499999
2013-12-16 18:40:00,60.53594765,-28.629531385000007
2013-12-17 04:30:00,65.72196238,-23.623631160000002
2013-12-27 18:00:00,65.33383879,-24.122835284999994
2013-12-27 18:05:00,64.72163698,-24.800522295000007
2013-12-27 18:10:00,65.20511067,-24.388712444999996
2013-12-27 18:15:00,64.01552646,-25.523369009999996
2013-12-27 18:20:00,64.19683116,-25.294352254999993
2013-12-27 18:25:00,65.09867845,-24.223129485
2013-12-27 18:30:00,62.57971724,-26.660971574999998
2013-12-27 18:35:00,62.20756384,-27.016608154999993
2013-12-27 18:40:00,63.53212992,-25.633349115
2013-12-27 18:45:00,61.30842268,-27.995477819999998
2013-12-27 18:50:00,60.63279687,-28.715030110000008
2013-12-27 18:55:00,61.32437167,-28.21731705
2013-12-27 19:00:00,61.65867838,-28.052708230000007
2013-12-27 19:05:00,60.02576845,-29.805955190000006
2013-12-27 19:10:00,61.25192005,-28.571207925000003
2013-12-27 19:15:00,62.28035363,-27.610727660000002
2013-12-28 01:35:00,66.46993588,-23.855360410000003
2013-12-28 02:50:00,66.04289709,-24.53414379
2013-12-28 02:55:00,66.3249604,-24.260979790000007
2013-12-28 03:00:00,66.69118215,-23.944593400000002
2013-12-28 03:05:00,64.82885806,-25.741611140000003
2013-12-28 03:10:00,64.10208218,-26.366413160000008
2013-12-28 03:15:00,63.24460168,-27.194590989999995
2013-12-28 03:20:00,62.77629153,-27.533569140000004
2013-12-28 03:25:00,63.97166024,-26.29920671
2013-12-28 03:30:00,61.66005989,-28.531967289999997
2013-12-28 03:35:00,62.76162141,-27.34808261
2013-12-28 03:40:00,61.39990482,-28.709799199999992
2013-12-28 03:45:00,59.15989372,-30.945529660000005
2013-12-28 03:50:00,61.41747059,-28.626744440000003
2013-12-28 03:55:00,64.83900573,-25.080562560000004
2013-12-28 05:55:00,66.20564689,-23.790154119999997
2013-12-28 06:00:00,65.92505305,-24.123119430000003
2013-12-28 06:05:00,64.99982552,-25.09386110999999
2013-12-28 06:10:00,65.04849841,-25.022241890000004
2014-01-05 12:55:00,63.29321309,-24.38314311
2014-01-05 13:00:00,62.39914178,-25.27721442
2014-01-05 13:05:00,61.0153558,-26.6610004
2014-01-05 13:10:00,61.31925478,-26.399293819999976
2014-01-05 13:15:00,60.75081018,-26.93968572
2014-01-05 13:20:00,59.84844405,-27.879191090000006
2014-01-05 13:25:00,59.67109773,-28.125124839999998
2014-01-05 13:30:00,59.57175481,-28.249860839999997
2014-01-05 13:35:00,59.57632406,-28.21989851
2014-01-05 13:40:00,59.40820587,-28.31942927
2014-01-05 13:45:00,59.43847202,-28.166826070000006
2014-01-05 13:50:00,57.63138241,-30.061489350000002
2014-01-05 13:55:00,59.57893470000001,-28.217099109999985
2014-01-05 14:00:00,57.42226464,-30.399351009999997
2014-01-05 14:05:00,59.20921649,-28.586817319999994
2014-01-05 14:10:00,58.40056351,-29.435923630000005
2014-01-05 14:15:00,57.63746967,-30.222766550000003
2014-01-05 14:20:00,58.41919197,-29.417295170000003
2014-01-05 14:25:00,58.57633044,-29.184891920000005
2014-01-05 14:30:00,57.43165297,-30.304828439999994
2014-01-05 14:35:00,57.15864247,-30.468659960000004
2014-01-05 14:40:00,56.0382358,-31.445124849999992
2014-01-05 14:45:00,57.72582723,-29.655551409999994
2014-01-05 14:50:00,56.27682749,-31.094777210000004
2014-01-05 14:55:00,57.48599536,-29.895383279999997
2014-01-05 15:00:00,56.19439786,-31.21933492
2014-01-05 15:05:00,55.35927839,-32.080653229999996
2014-01-05 15:10:00,56.97334681,-30.551825990000005
2014-01-05 15:15:00,56.68936415,-31.005860545000004
2014-01-05 15:20:00,55.18598038,-32.61981989000001
2014-01-05 15:25:00,56.45429684,-31.574647080000005
2014-01-05 15:30:00,54.37813925,-33.706388190000006
2014-01-05 15:35:00,55.88751894,-32.141424980000004
2014-01-05 15:40:00,55.51314535,-32.57138209
2014-01-05 15:45:00,53.58513187,-34.74361905000001
2014-01-05 15:50:00,54.41692991,-34.189944329999996
2014-01-05 15:55:00,53.08527732,-35.434775849999994
2014-01-05 16:00:00,54.03061877,-34.39883633500002
2014-01-05 16:05:00,54.2302424,-34.17206731000001
2014-01-05 16:10:00,53.51657988,-34.88572983000001
2014-01-05 16:15:00,53.42621889,-34.96693535
2014-01-05 16:20:00,52.89904267,-35.49411157
2014-01-05 16:25:00,53.67904336,-34.68337093
2014-01-05 16:30:00,52.39037967,-36.01685994
2014-01-05 16:35:00,52.49113278,-35.91322570999999
2014-01-05 16:40:00,52.72927693,-35.88059837
2014-01-05 16:45:00,54.22834567,-34.48641095
2014-01-05 16:50:00,53.11560297,-35.6734364
2014-01-05 16:55:00,52.86051460000001,-36.03521228999998
2014-01-05 17:00:00,54.35474691,-34.628779454999986
2014-01-05 17:05:00,52.7009885,-36.302505015
2014-01-05 17:10:00,55.01586888,-34.084592735
2014-01-05 17:15:00,54.04971674,-35.145279914999996
2014-01-05 17:20:00,53.18042117,-36.01104656
2014-01-05 17:25:00,53.51341572,-35.64912586
2014-01-05 17:30:00,53.12210213,-36.040439449999994
2014-01-05 17:35:00,53.27858232,-35.832783905
2014-01-05 17:40:00,55.81175174,-33.35078984
2014-01-05 17:45:00,61.76616859,-27.44469179499999
2014-01-05 17:50:00,64.37043560000001,-24.949628419999996
2014-01-13 13:25:00,64.08654685,-23.709675719999993
2014-01-13 13:30:00,64.20724591,-23.61436974
2014-01-13 13:50:00,63.66325922,-24.029612540000002
2014-01-13 14:10:00,63.4938718,-24.342615340000002
2014-01-13 14:15:00,64.06214671,-23.79808951000001
2014-01-13 14:30:00,63.54102977,-24.195451639999995
2014-01-13 14:35:00,63.9894804,-23.637822030000002
2014-01-13 14:40:00,63.59568957,-23.887671079999997
2014-01-13 18:40:00,65.1815213,-23.983957735000004
2014-01-13 18:45:00,65.30754236,-23.996358139999998
2014-01-13 18:50:00,64.97799787,-24.369829110000012
2014-01-13 18:55:00,65.65923749,-23.88245123
2014-01-13 19:00:00,64.41788616,-25.29350045000001
2014-01-13 19:05:00,64.64844603,-25.183277610000005
2014-01-13 19:10:00,63.44601056,-26.377117415000008
2014-01-13 19:15:00,63.49904305,-26.392038240000005
2014-01-13 19:20:00,63.13483438,-26.737297014999996
2014-01-13 19:25:00,62.43381708,-27.519140225
2014-01-13 19:30:00,63.06992427,-26.90187315
2014-01-13 19:35:00,63.64970631,-26.40061080000001
2014-01-13 19:40:00,61.04041691,-29.038839550000013
2014-01-13 19:45:00,60.82395579,-29.276694550000002
2014-01-13 19:50:00,62.07181212,-28.185615794999997
2014-01-13 19:55:00,60.8073309,-29.53699364500001
2014-01-13 20:00:00,61.96491425,-28.444978904999992
2014-01-13 20:05:00,60.14783736,-30.21142768
2014-01-13 20:10:00,61.01216949999999,-29.332155045000015
2014-01-13 20:15:00,60.14169561,-30.38191655
2014-01-13 20:20:00,60.40370533,-30.115723425000006
2014-01-13 20:25:00,60.11510869,-30.404320065000007
2014-01-13 20:30:00,59.26487556,-31.288990574999993
2014-01-13 20:35:00,59.42804546,-31.140653395000008
2014-01-13 20:40:00,61.6108692,-29.051281929999995
2014-01-13 20:45:00,60.94256521,-29.922297830000005
2014-01-13 20:50:00,62.63720253,-28.221278234999993
2014-01-13 20:55:00,60.81125971,-30.15888079999999
2014-01-13 21:00:00,61.39523263,-29.607313589999997
2014-01-13 21:05:00,61.6263093,-29.115553504999994
2014-01-13 21:10:00,63.57203666,-27.154579239999997
2014-01-13 21:15:00,66.59543434,-24.167244710000006
2014-01-16 10:35:00,64.20854584,-24.022685940000002
2014-01-16 10:45:00,62.72363404,-25.481073459999998
2014-01-16 10:50:00,62.52510046,-25.649479070000005
2014-01-16 10:55:00,63.85956231,-24.267378120000004
2014-01-16 11:00:00,62.28232175,-25.801724299999997
2014-01-16 11:05:00,61.41414665,-26.62221161
2014-01-16 11:10:00,60.17635431,-27.86000395
2014-01-16 11:15:00,61.96665698,-25.978991529999995
2014-01-16 11:20:00,59.21560066,-28.80797469
2014-01-16 11:25:00,60.18400304,-27.822241220000002
2014-01-16 11:30:00,59.91868037,-28.104894980000005
2014-01-16 11:35:00,57.76805281,-30.238191450000002
2014-01-16 11:40:00,59.27332331,-28.73292095
2014-01-16 11:45:00,59.21693982,-28.657801
2014-01-16 11:50:00,59.3825915,-28.40207345000001
2014-01-16 11:55:00,58.26907922,-29.160568000000005
2014-01-16 12:00:00,58.11825979,-29.441835320000003
2014-01-16 12:05:00,57.54414908,-29.979799749999998
2014-01-16 12:10:00,57.71760448,-29.842490630000007
2014-01-16 12:15:00,57.59727673,-30.03003675
2014-01-16 12:20:00,58.38544809,-29.22125851
2014-01-16 12:25:00,59.73954181,-27.883052639999995
2014-01-16 12:30:00,59.23410160000001,-28.409261379999997
2014-01-16 12:35:00,61.11321455,-26.472733639999994
2014-01-20 16:55:00,64.88749964,-24.00822724999999
2014-01-20 17:00:00,64.64769075,-24.335835614999993
2014-01-24 10:15:00,63.82026461,-24.690260880000004
2014-01-24 10:20:00,62.34346248,-25.8955833
2014-01-24 10:25:00,61.7368304,-26.478502629999994
2014-01-24 10:30:00,61.88615877,-26.322689759999996
2014-01-24 10:35:00,61.57570413,-26.655527650000003
2014-01-24 10:40:00,60.46569053,-27.739016969999994
2014-01-24 10:45:00,60.47116115,-27.733546349999997
2014-01-24 10:50:00,60.34411664,-27.83046289
2014-01-24 10:55:00,58.28986383,-29.837076600000003
2014-01-24 11:00:00,57.8949299,-30.189116149999997
2014-01-24 11:05:00,58.39421275,-29.64214551
2014-01-24 11:10:00,56.52922416,-31.507134100000002
2014-01-24 11:15:00,56.00629598,-31.93935253
2014-01-24 11:20:00,57.51595042,-30.50762493
2014-01-24 11:25:00,55.25262352,-32.75362074
2014-01-24 11:30:00,56.52854482,-31.49503053
2014-01-24 11:35:00,55.85324393,-32.153000330000005
2014-01-24 11:40:00,55.2498157,-32.75642856
2014-01-24 11:45:00,54.56231825,-33.31242257
2014-01-24 11:50:00,53.25275183,-34.531913120000006
2014-01-24 11:55:00,54.51277941,-32.91686781000001
2014-01-24 12:00:00,54.72002154,-32.84007357000001
2014-01-24 12:05:00,53.90919104,-33.61475778999999
2014-01-24 12:10:00,53.38264868,-34.17744643
2014-01-24 12:15:00,52.8586542,-34.76865928
2014-01-24 12:20:00,52.41811964,-35.188586959999995
2014-01-24 12:25:00,53.00771536,-34.614879089999995
2014-01-24 12:30:00,52.3794133,-35.26394968
2014-01-24 12:35:00,51.33484803,-36.25110015999999
2014-01-24 12:40:00,53.69156982,-33.975672970000005
2014-01-24 12:45:00,59.50969268,-28.076255509999996
2014-01-27 12:55:00,63.50543417,-24.17092203
2014-01-27 13:00:00,63.38256599,-24.293790209999997
2014-01-27 13:05:00,64.07886664,-23.59748956
2014-01-27 13:10:00,62.63263043,-25.085918169999978
2014-01-27 13:15:00,62.16547877,-25.525017130000002
2014-01-27 13:20:00,62.60807041,-25.11956473
2014-01-27 13:25:00,62.03534281,-25.760879759999995
2014-01-27 13:30:00,63.82978655,-23.991829099999997
2014-01-27 13:35:00,62.0843495,-25.711873069999996
2014-01-27 13:40:00,62.84174345,-24.88589169
2014-01-27 13:45:00,62.11672787,-25.488570220000007
2014-01-27 13:50:00,62.64315503,-25.04971673
2014-01-27 13:55:00,63.72723481,-24.068799
2014-01-27 14:00:00,62.14257639,-25.679039259999996
2014-01-27 14:05:00,63.08113958,-24.71489423
2014-01-27 14:10:00,62.65758081,-25.178906330000004
2014-01-27 14:15:00,63.61438762,-24.245848600000002
2014-01-27 14:20:00,62.28422649,-25.55226065
2014-01-27 14:25:00,62.40734509,-25.353877270000005
2014-01-27 14:30:00,63.79612259,-23.940358819999993
2014-01-27 14:35:00,63.90310238,-23.72420005
2014-01-27 14:55:00,62.96539778,-24.41598085999999
2014-01-27 15:00:00,62.62797753,-24.78575525
2014-01-27 15:05:00,63.32751298,-24.112418639999994
2014-01-27 15:10:00,63.28765086,-24.237521940000008
2014-01-27 15:15:00,63.33973554,-24.355489155000008
2014-01-27 15:20:00,62.61649801,-25.189302260000005
2014-01-27 15:25:00,63.55110953,-24.477834390000005
2014-01-27 15:30:00,63.4098023,-24.67472514
2014-01-27 15:35:00,63.20108748,-24.827856440000005
2014-01-27 15:40:00,63.80935438,-24.27517306
2014-01-27 15:45:00,64.44618611,-23.882564810000005
2014-01-27 15:50:00,64.26621067,-24.34066356999999
2014-01-27 15:55:00,63.32427613,-25.195777039999996
2014-01-27 16:00:00,63.33666752,-25.092787585000018
2014-01-27 16:05:00,62.64818644,-25.754123270000008
2014-01-27 16:10:00,64.49030645,-23.912003260000006
2014-01-27 16:15:00,64.65123907,-23.74191517
2014-01-27 16:20:00,63.35524974,-25.037904500000003
2014-01-27 16:25:00,63.36133535,-25.001078940000006
2014-01-27 16:30:00,62.86752488,-25.539714730000007
2014-01-27 16:35:00,62.97785374,-25.426504749999992
2014-01-27 16:40:00,63.36545783,-25.244417470000002
2014-01-27 16:45:00,63.38266033,-25.332096290000003
2014-01-27 16:50:00,63.26625845,-25.522780919999995
2014-01-27 16:55:00,63.2130233,-25.68270358999999
2014-01-27 17:00:00,63.82275709,-25.160769274999986
2014-01-27 17:05:00,63.2032639,-25.800229615
2014-01-27 17:10:00,64.27859303,-24.821868585000004
2014-01-27 17:15:00,64.71181442,-24.483182235
2014-01-27 17:20:00,63.70803174,-25.483435989999997
2014-01-27 17:25:00,64.57313684,-24.589404739999992
2014-01-27 17:30:00,63.20572388,-25.956817699999995
2014-01-27 17:35:00,63.03516954,-26.076196685
2014-01-27 19:25:00,66.04137318,-23.911584125000005
2014-01-27 19:35:00,65.78332942,-24.266987690000008
2014-01-27 19:45:00,65.99449332,-24.106157019999998
2014-01-27 19:50:00,65.2168973,-25.040530614999994
2014-01-27 19:55:00,65.96383925,-24.380485295
2014-01-27 20:00:00,64.7683731,-25.641520054999987
2014-01-27 20:05:00,66.31547462,-24.043790419999993
2014-01-27 20:10:00,65.74944052,-24.594884025000013
2014-01-27 20:15:00,65.75275069,-24.77086147
2014-01-27 20:20:00,64.39447716,-26.124951595000013
2014-01-27 20:25:00,64.93884235,-25.580586405000005
2014-01-27 20:30:00,64.10843028,-26.445435855
2014-01-27 20:35:00,63.77922606,-26.78947279500001
2014-01-27 20:40:00,65.56173096,-25.100420169999992
2014-01-27 20:45:00,63.56043001,-27.304433030000006
2014-01-27 20:50:00,64.63742326,-26.22105750499999
2014-01-27 20:55:00,63.84368444,-27.126456069999996
2014-01-27 21:00:00,64.70078983,-26.301756389999994
2014-01-27 21:05:00,63.5072944,-27.234568404999997
2014-01-27 21:10:00,64.64357132,-26.083044579999992
2014-01-27 21:15:00,62.63964141,-28.12303764
2014-01-27 21:20:00,64.49119044,-26.20117313
2014-01-27 21:25:00,63.09829746,-27.647453470000002
2014-01-27 21:30:00,63.1233139,-27.532324369999998
2014-01-27 21:35:00,63.11275909,-27.49964953
2014-01-27 21:40:00,63.12654405,-27.529094219999998
2014-01-27 21:45:00,64.00787955,-26.604105880000006
2014-01-27 21:50:00,64.04102476,-26.506033360000004
2014-01-27 21:55:00,62.52774887,-27.99898486
2014-01-27 22:00:00,63.03556053,-27.371674400000003
2014-01-27 22:05:00,63.35448886,-27.039936520000005
2014-01-27 22:10:00,62.85875582,-27.45494601
2014-01-27 22:15:00,62.97997105,-27.322879329999992
2014-01-27 22:20:00,60.92892473,-29.324978070000007
2014-01-27 22:25:00,61.64026378,-28.607303099999996
2014-01-27 22:30:00,62.62028021,-27.567138379999996
2014-01-27 22:35:00,61.4469818,-28.763699340000002
2014-01-27 22:40:00,62.04657320000001,-28.163782029999993
2014-01-27 22:45:00,60.83858641,-29.371768820000007
2014-01-27 22:50:00,62.56045948,-27.72176015
2014-01-27 22:55:00,63.31357908,-26.963515200000003
2014-01-27 23:00:00,63.27012433,-27.00696995
2014-01-27 23:05:00,65.27409524,-25.008124390000006
2014-01-27 23:10:00,65.93981719,-24.33727709
2014-01-27 23:15:00,65.05955289,-25.264944659999998
2014-01-27 23:20:00,65.97229679,-24.352200760000002
2014-01-27 23:25:00,65.33706191,-24.899432570000002
2014-01-27 23:30:00,65.1002402,-25.050013829999997
2014-01-27 23:35:00,65.64176735,-24.3805696
2014-01-27 23:40:00,64.97955118,-25.05530727
2014-01-27 23:45:00,64.32299906,-25.705435144999996
2014-01-27 23:50:00,64.47514504,-25.434580819999994
2014-01-27 23:55:00,64.42832085,-25.357232839999995
2014-01-28 00:00:00,63.65916172,-26.103554165000006
2014-01-28 00:05:00,63.57136526,-26.220233060000005
2014-01-28 00:10:00,62.27528448,-27.588842815
2014-01-28 00:15:00,63.39356893,-26.483648189999997
2014-01-28 00:20:00,63.04581047,-26.841156160000004
2014-01-28 00:25:00,61.97022953,-27.9356803
2014-01-28 00:30:00,61.20166207,-28.75860524000001
2014-01-28 00:35:00,63.24623544,-26.794140930000005
2014-01-28 00:40:00,62.13654533,-27.840418059999998
2014-01-28 00:45:00,62.24973749,-27.790638880000003
2014-01-28 00:50:00,62.02220592,-27.976867149999997
2014-01-28 00:55:00,61.35297027,-28.646102799999994
2014-01-28 01:00:00,61.467086,-28.517700220000002
2014-01-28 01:05:00,61.62104549,-28.355917899999994
2014-01-28 01:10:00,59.93810435,-30.06096871999999
2014-01-28 01:15:00,61.54917320000001,-28.44989986999998
2014-01-28 01:20:00,59.78825196,-30.372473870000007
2014-01-28 01:25:00,60.62251281,-29.737894490000002
2014-01-28 01:30:00,59.85633833,-30.504068970000006
2014-01-28 01:35:00,59.60855155,-30.716744739999996
2014-01-28 01:40:00,60.61950014,-29.655731169999996
2014-01-28 01:45:00,59.18301555,-30.986369864999993
2014-01-28 01:50:00,58.98263906,-31.175922740000004
2014-01-28 01:55:00,58.13415044,-31.97387980500001
2014-01-28 02:00:00,59.15661573,-30.708604519999994
2014-01-28 02:05:00,58.19182156,-31.662112040000004
2014-01-28 02:10:00,58.33642886,-31.506218090000004
2014-01-28 02:15:00,59.86322643,-30.276242945000007
2014-01-28 02:20:00,61.09289176,-29.06802835500001
2014-01-28 02:25:00,61.19630554,-29.111083030000003
2014-01-28 02:30:00,62.62367408,-27.685391595
2014-01-28 02:35:00,63.355751,-27.04593602
2014-01-28 02:40:00,63.14640271,-27.278971175000002
2014-01-28 02:45:00,63.16211970000001,-27.40949305999998
2014-01-28 02:50:00,63.60557119,-26.97146969
2014-01-28 02:55:00,62.35734403,-28.228596160000002
2014-01-28 03:00:00,63.97184378,-26.663931770000005
2014-01-28 03:05:00,62.06561681,-28.504852390000003
2014-01-28 03:10:00,63.45212481,-27.016370530000003
2014-01-28 03:15:00,62.47244364,-27.966749029999995
2014-01-28 03:20:00,64.95169952,-25.35816115
2014-01-28 04:55:00,64.92646709,-24.472991559999997
2014-01-28 05:00:00,64.17992955,-25.295826509999998
2014-01-28 05:05:00,63.61670132,-25.859054739999998
2014-01-28 05:10:00,65.09471999,-24.50599106
2014-01-28 05:15:00,63.38110966,-26.40666805
2014-01-28 05:20:00,62.49943178,-27.299607579999993
2014-01-28 05:25:00,63.86653828,-25.92123943
2014-01-28 05:30:00,63.59833921,-26.160822430000003
2014-01-28 05:35:00,62.65123389,-27.147805469999994
2014-01-28 05:40:00,60.84063702,-28.972434519999993
2014-01-28 05:45:00,61.69988548,-28.272196959999995
2014-01-28 05:50:00,60.06791075,-29.921847899999996
2014-01-28 05:55:00,59.70136962,-30.294431389999993
2014-01-28 06:00:00,59.20228012,-30.845892360000008
2014-01-28 06:05:00,59.02958138,-31.06410524999999
2014-01-28 06:10:00,59.10695474,-30.963785559999998
2014-01-28 06:15:00,60.45220232,-29.595970160000007
2014-01-28 06:20:00,59.63928188,-30.346182419999977
2014-01-28 06:25:00,59.16033036,-30.64273580999999
2014-01-28 06:30:00,60.58825439,-29.11776918999999
2014-01-28 06:35:00,59.80153593,-29.944961149999997
2014-01-28 06:40:00,59.35118199,-30.47295251
2014-01-28 06:45:00,60.25605811,-29.60121289
2014-01-28 06:50:00,59.62066106,-30.236609939999994
2014-01-28 06:55:00,60.58218088,-29.165844819999997
2014-01-28 07:00:00,60.54389163,-29.280242870000002
2014-01-28 07:05:00,60.27419693,-29.55922382
2014-01-28 07:10:00,59.89232988,-29.897034139999995
2014-01-28 07:15:00,61.67907388,-28.068951820000002
2014-01-28 07:20:00,59.56071899,-30.182826540000008
2014-01-28 07:25:00,61.42470385,-28.301511650000023
2014-01-28 07:30:00,61.09546956,-28.68689585
2014-01-28 07:35:00,61.45521192,-28.271157179999996
2014-01-28 07:40:00,60.90865225,-28.81756325000002
2014-01-28 07:45:00,59.75123499,-29.87208208
2014-01-28 07:50:00,60.98935352,-28.632500979999996
2014-01-28 07:55:00,60.59875062,-28.92063455000001
2014-01-28 08:00:00,60.78401537,-28.698372740000003
2014-01-28 08:05:00,59.96918882,-29.360833580000005
2014-01-28 08:10:00,59.8425251,-29.329920029999997
2014-01-28 08:15:00,61.62934793,-27.406290369999986
2014-01-28 08:20:00,60.61612066,-28.356753259999998
2014-01-28 08:25:00,62.0644015,-26.88438592
2014-01-28 08:30:00,60.00150411,-28.870255369999995
2014-01-28 08:35:00,62.01101452,-26.9377729
2014-01-28 08:40:00,61.09674541,-27.875157110000004
2014-01-28 08:45:00,60.84395752,-28.127945000000004
2014-01-28 08:50:00,61.95468744,-26.99409998
2014-01-28 08:55:00,60.94413198,-27.978216449999998
2014-01-28 09:00:00,61.35707698,-27.564193099999997
2014-01-28 09:05:00,60.88922425,-28.020375639999997
2014-01-28 09:10:00,62.3059552,-26.483007009999994
2014-01-28 09:15:00,61.05775058,-27.731211629999997
2014-01-28 09:20:00,60.39659533,-28.348138250000005
2014-01-28 09:25:00,60.70353803,-28.005619490000008
2014-01-28 09:30:00,62.42774991,-26.26316688
2014-01-28 09:35:00,60.63769385,-27.863813900000004
2014-01-28 09:40:00,62.81955985,-25.61035752
2014-01-28 09:45:00,64.26113668,-24.099925909999996
2014-01-28 09:50:00,64.79948544,-23.594039390000006
2014-01-28 09:55:00,64.54265285,-23.70665341
2014-01-28 10:10:00,64.34952032,-23.93760635000001
2014-01-28 10:15:00,64.89395897,-23.616566520000006
2014-01-28 10:25:00,63.91301376,-24.302319269999998
2014-01-28 10:30:00,62.92932592,-25.27952261
2014-01-28 10:35:00,62.62977779999999,-25.60145398000001
2014-01-28 10:40:00,63.72755254,-24.47715496
2014-01-28 10:45:00,63.53427171,-24.67043579
2014-01-28 10:50:00,62.23167704,-25.94290249
2014-01-28 10:55:00,60.97087788,-27.15606255
2014-01-28 11:00:00,61.19940037,-26.88464568
2014-01-28 11:05:00,62.31221392,-25.724144340000002
2014-01-28 11:10:00,60.73913456,-27.297223700000004
2014-01-28 11:15:00,60.82581139999999,-27.119837110000006
2014-01-28 11:20:00,61.19128474,-26.83229061
2014-01-28 11:25:00,60.47761793,-27.52862633
2014-01-28 11:30:00,60.65129322,-27.372282130000002
2014-01-28 11:35:00,60.11314636,-27.8930979
2014-01-28 11:40:00,60.23539741,-27.770846850000005
2014-01-28 11:45:00,61.59036788,-26.284372939999997
2014-01-28 11:50:00,62.897284,-24.887380950000008
2014-01-28 11:55:00,61.9328556,-25.496791620000003
2014-01-28 12:00:00,62.15976195,-25.40033316000001
2014-01-28 12:05:00,62.49267044,-25.031278389999997
2014-01-28 12:10:00,61.8518965,-25.708198610000004
2014-01-28 12:15:00,60.69485913,-26.93245435
2014-01-28 12:20:00,59.62333552,-27.983371079999998
2014-01-28 12:25:00,60.80783447,-26.81475997999999
2014-01-28 12:30:00,59.58305653,-28.060306450000006
2014-01-28 12:35:00,58.98162209,-28.604326099999994
2014-01-28 12:40:00,57.74585585,-29.921386940000005
2014-01-28 12:45:00,57.58198692,-30.003961269999998
2014-01-28 12:50:00,57.90295104,-29.68299715
2014-01-28 12:55:00,56.57222046,-31.104135740000004
2014-01-28 13:00:00,56.60982486,-31.066531339999997
2014-01-28 13:05:00,55.72936977,-31.946986430000003
2014-01-28 13:10:00,55.4452632,-32.27328539999998
2014-01-28 13:15:00,53.93532894,-33.755166960000004
2014-01-28 13:20:00,53.45789075,-34.26974439000001
2014-01-28 13:25:00,53.85900666,-33.93721591
2014-01-28 13:30:00,54.4954713,-33.32614435
2014-01-28 13:35:00,54.02669797,-33.7695246
2014-01-28 13:40:00,53.22164872,-34.505986420000006
2014-01-28 13:45:00,51.57580933,-36.02948876000001
2014-01-28 13:50:00,51.44147553,-36.251396230000005
2014-01-28 13:55:00,51.36715367,-36.42888014
2014-01-28 14:00:00,52.06619321,-35.75542244
2014-01-28 14:05:00,52.14876646,-35.64726735
2014-01-28 14:10:00,51.24631551,-36.59017163
2014-01-28 14:15:00,51.78387679,-36.076359430000004
2014-01-28 14:20:00,53.28582116,-34.550665980000005
2014-01-28 14:25:00,51.91737975,-35.84384261
2014-01-28 14:30:00,52.90769253,-34.82878888
2014-01-28 14:35:00,52.57377345,-35.05352898
2014-01-28 14:40:00,52.72899042,-34.75437022999999
2014-01-28 14:45:00,54.35181093,-33.029567709999995
2014-01-28 14:50:00,53.47524488,-33.89635982000001
2014-01-28 14:55:00,53.69675187,-33.684626769999994
2014-01-28 15:00:00,54.40870225,-33.005030530000006
2014-01-28 15:05:00,55.05296905,-32.386962569999994
2014-01-28 15:10:00,53.26511068,-34.26006212000001
2014-01-28 15:15:00,55.26273841,-32.43248628500001
2014-01-28 15:20:00,53.16010357,-34.64569670000001
2014-01-28 15:25:00,53.55032572,-34.47861820000001
2014-01-28 15:30:00,54.36357742,-33.720950020000004
2014-01-28 15:35:00,53.22016567,-34.80877825
2014-01-28 15:40:00,52.93456277,-35.14996467
2014-01-28 15:45:00,54.14275487,-34.18599605000001
2014-01-28 15:50:00,53.61390854,-34.9929657
2014-01-28 15:55:00,52.73068707,-35.789366099999995
2014-01-28 16:00:00,53.03037774,-35.39907736500002
2014-01-28 16:05:00,52.75024706,-35.65206265000001
2014-01-28 16:10:00,51.59062133,-36.811688380000014
2014-01-28 16:15:00,52.39159667,-36.00155757
2014-01-28 16:20:00,51.78974308,-36.60341116
2014-01-28 16:25:00,51.88166849,-36.4807458
2014-01-28 16:30:00,52.60633263,-35.80090698000001
2014-01-28 16:35:00,51.2728218,-37.13153668999999
2014-01-28 16:40:00,52.06881917,-36.54105613
2014-01-28 16:45:00,52.04337041,-36.67138621
2014-01-28 16:50:00,52.32235355,-36.466685819999995
2014-01-28 16:55:00,52.07482124,-36.82090564999999
2014-01-28 17:00:00,52.55011326,-36.433413104999985
2014-01-28 17:05:00,53.44413129,-35.559362225
2014-01-28 17:10:00,52.83903752,-36.261424095
2014-01-28 17:15:00,54.17767777,-35.017318884999995
2014-01-28 17:20:00,54.10780948,-35.08365825
2014-01-28 17:25:00,53.65697276,-35.50556881999999
2014-01-28 17:30:00,55.39124177,-33.771299809999995
2014-01-28 17:35:00,54.45933674,-34.652029485
2014-01-28 17:40:00,54.95440872,-34.20813285999999
2014-01-28 17:45:00,56.97960789,-32.23125249499999
2014-01-28 17:50:00,55.69496453,-33.625099490000004
2014-01-28 17:55:00,57.41175517,-31.953576235000007
2014-01-28 18:00:00,57.21145183,-32.245222244999994
2014-01-28 18:05:00,55.91095048,-33.61120879500001
2014-01-28 18:10:00,57.29083620000001,-32.302986914999984
2014-01-28 18:15:00,56.55607622,-32.98281925
2014-01-28 18:20:00,57.93008934,-31.561094074999993
2014-01-28 18:25:00,56.64205777,-32.679750164999994
2014-01-28 18:30:00,56.99516316,-32.245525655
2014-01-28 18:35:00,57.80959275,-31.41457924499999
2014-01-28 18:40:00,58.0010205,-31.164458535
2014-01-28 18:45:00,57.24693520000001,-32.05696529999999
2014-01-28 18:50:00,57.18563491,-32.16219207000001
2014-01-28 18:55:00,57.90735506,-31.634333659999996
2014-01-28 19:00:00,56.25139091,-33.45999570000001
2014-01-28 19:05:00,57.02476057,-32.80696307000001
2014-01-28 19:10:00,59.28868624,-30.53444173500001
2014-01-28 19:15:00,60.93058624,-28.960495050000006
2014-01-28 19:20:00,61.5728463,-28.299285094999995
2014-01-28 19:25:00,63.8593166,-26.093640705
2014-01-28 19:30:00,66.12537068,-23.84642674
2014-01-28 19:55:00,66.4257891,-23.918535445000003
2014-01-28 20:05:00,66.72490109,-23.634363949999994
2014-01-28 20:10:00,65.4148134,-24.929511145000006
2014-01-28 20:15:00,64.47096671,-26.05264545
2014-01-28 20:20:00,65.01348143,-25.505947325000008
2014-01-28 20:25:00,63.47364303,-27.04578572500001
2014-01-28 20:30:00,61.37330499,-29.18056114499999
2014-01-28 20:35:00,60.95925614,-29.609442715000007
2014-01-28 20:40:00,60.35395263,-30.308198499999996
2014-01-28 20:45:00,59.91922203,-30.945641010000003
2014-01-28 20:50:00,60.88678265,-29.971698114999995
2014-01-28 20:55:00,59.94988775,-31.02025275999999
2014-01-28 21:00:00,59.60615645,-31.39638977
2014-01-28 21:05:00,59.80802307,-30.933839735
2014-01-28 21:10:00,58.60174975,-32.124866149999995
2014-01-28 21:15:00,58.32864036,-32.43403869
2014-01-28 21:20:00,60.25388964,-30.43847393
2014-01-28 21:25:00,60.27180889,-30.473942039999997
2014-01-28 21:30:00,58.96022521,-31.69541306
2014-01-28 21:35:00,58.43710649,-32.17530213
2014-01-28 21:40:00,59.71173284,-30.943905429999994
2014-01-28 21:45:00,58.3204945,-32.29149093
2014-01-28 21:50:00,59.27566241,-31.27139571
2014-01-28 21:55:00,63.7005295,-26.826204230000002
2014-01-28 22:00:00,64.34631662,-26.060918310000005
2014-01-28 22:05:00,64.21539356,-26.179031820000006
2014-01-28 22:10:00,63.32540898,-26.98829285
2014-01-28 22:15:00,63.87055072,-26.432299659999998
2014-01-28 22:20:00,64.59770261,-25.656200190000007
2014-01-28 22:25:00,64.21871460000001,-26.02885227999998
2014-01-28 22:30:00,65.47119732,-24.71622126999999
2014-01-28 22:35:00,66.50715958,-23.70352156
2014-01-29 11:50:00,63.79082257,-23.993842380000004
2014-01-29 12:00:00,63.27860872,-24.281486390000005
2014-01-29 12:05:00,62.29387786,-25.230070969999993
2014-01-29 12:10:00,62.20288743,-25.35720768000001
2014-01-29 12:15:00,61.50415975,-26.12315373
2014-01-29 12:20:00,61.43059677,-26.176109829999994
2014-01-29 12:25:00,60.70848034,-26.914114109999993
2014-01-29 12:30:00,61.24925851,-26.39410447000001
2014-01-29 12:35:00,61.09201471,-26.493933479999995
2014-01-29 12:40:00,60.98194622,-26.685296570000006
2014-01-29 12:45:00,59.96926538,-27.616682809999993
2014-01-29 12:50:00,58.96383656,-28.62211163
2014-01-29 12:55:00,58.40377506,-29.27258114
2014-01-29 13:00:00,58.17764528,-29.49871092
2014-01-29 13:05:00,58.40074556,-29.275610640000004
2014-01-29 13:10:00,58.46331863,-29.255229969999974
2014-01-29 13:15:00,57.11967742,-30.57081848
2014-01-29 13:20:00,57.97793508,-29.749700060000002
2014-01-29 13:25:00,55.88667457,-31.909548
2014-01-29 13:30:00,57.31617447,-30.50544118
2014-01-29 13:35:00,56.81824200000001,-30.977980569999986
2014-01-29 13:40:00,56.46505687,-31.262578270000006
2014-01-29 13:45:00,55.87217344,-31.733124650000008
2014-01-29 13:50:00,55.32752643,-32.365345330000004
2014-01-29 13:55:00,53.45964153,-34.33639228
2014-01-29 14:00:00,53.03863187,-34.782983779999995
2014-01-29 14:05:00,52.81191986,-34.984113949999994
2014-01-29 14:10:00,51.59174470000001,-36.244742439999996
2014-01-29 14:15:00,52.46963468,-35.390601540000006
2014-01-29 14:20:00,52.27280069,-35.563686450000006
2014-01-29 14:25:00,52.22426631,-35.53695605000001
2014-01-29 14:30:00,50.80550224,-36.93097916999999
2014-01-29 14:35:00,50.19299418,-37.43430825
2014-01-29 14:40:00,49.72371475,-37.759645899999995
2014-01-29 14:45:00,48.94140441,-38.43997423
2014-01-29 14:50:00,48.92701514,-38.444589560000004
2014-01-29 14:55:00,49.50547939,-37.875899249999996
2014-01-29 15:00:00,49.54793659,-37.865796190000005
2014-01-29 15:05:00,50.13502776,-37.304903859999996
2014-01-29 15:10:00,49.31933643,-38.20583637000001
2014-01-29 15:15:00,49.70718542,-37.988039275000006
2014-01-29 15:20:00,49.3111998,-38.49460047000001
2014-01-29 15:25:00,51.53678822,-36.492155700000005
2014-01-29 15:30:00,50.03042991,-38.05409753
2014-01-29 15:35:00,51.05547169,-36.973472230000006
2014-01-29 15:40:00,51.946774,-36.137753440000004
2014-01-29 15:45:00,51.13580036,-37.19295056000001
2014-01-29 15:50:00,51.28848463,-37.31838961
2014-01-29 15:55:00,51.31023834,-37.20981483
2014-01-29 16:00:00,52.20388192,-36.225573185000016
2014-01-29 16:05:00,52.19211957,-36.21019014000001
2014-01-29 16:10:00,53.96996124,-34.43234847000001
2014-01-29 16:15:00,53.88055753,-34.512596710000004
2014-01-29 16:20:00,54.95548033,-33.43767391
2014-01-29 16:25:00,55.31800467,-33.04440962
2014-01-29 16:30:00,54.76122214,-33.646017470000004
2014-01-29 16:35:00,55.16737972,-33.23697876999999
2014-01-29 16:40:00,56.12479151,-32.48508379
2014-01-29 16:45:00,55.34944918,-33.36530744
2014-01-29 16:50:00,56.25236313,-32.53667624
2014-01-29 16:55:00,55.32814204,-33.56758484999999
2014-01-29 17:00:00,55.63758459,-33.345941774999986
2014-01-29 17:05:00,56.34992542,-32.653568095000004
2014-01-29 17:10:00,56.25121973,-32.849241885
2014-01-29 17:15:00,56.3671062,-32.827890454999995
2014-01-29 17:20:00,57.74253294,-31.448934790000003
2014-01-29 17:25:00,57.56256326,-31.599978319999998
2014-01-29 17:30:00,58.82888969,-30.33365189
2014-01-29 17:35:00,58.18674823,-30.924617995
2014-01-29 17:40:00,57.80067947,-31.361862109999997
2014-01-29 17:45:00,59.80192473,-29.408935654999986
2014-01-29 17:50:00,58.60799667,-30.712067350000005
2014-01-29 17:55:00,60.47095412,-28.894377285000004
2014-01-29 18:00:00,59.17371318,-30.282960894999995
2014-01-29 18:05:00,59.66415502,-29.858004255000004
2014-01-29 18:10:00,60.08135703,-29.512466084999993
2014-01-29 18:15:00,61.35410506,-28.184790409999998
2014-01-29 18:20:00,61.01729147,-28.47389194499999
2014-01-29 18:25:00,60.70164048,-28.620167454999994
2014-01-29 18:30:00,62.91876105,-26.321927764999998
2014-01-29 18:35:00,65.35357815,-23.870593844999988
2014-01-30 13:05:00,63.91729424,-23.759061960000004
2014-01-30 13:20:00,64.1450245,-23.58261064
2014-01-30 13:30:00,64.04735539,-23.77426025999999
2014-01-30 13:35:00,62.0553396,-25.740882969999994
2014-01-30 13:40:00,62.69589838,-25.03173676
2014-01-30 13:45:00,63.18827147,-24.41702662000001
2014-01-30 13:50:00,62.19995572,-25.492916040000004
2014-01-30 13:55:00,61.98919787,-25.80683594
2014-01-30 14:00:00,61.44642117,-26.375194479999998
2014-01-30 14:05:00,60.02466518,-27.771368629999998
2014-01-30 14:10:00,60.00532836,-27.831158780000003
2014-01-30 14:15:00,59.15474739999999,-28.705488820000014
2014-01-30 14:20:00,60.54898567,-27.287501470000002
2014-01-30 14:25:00,60.54212299,-27.219099370000002
2014-01-30 14:30:00,59.5555906,-28.180890809999994
2014-01-30 14:35:00,59.40480329,-28.222499140000004
2014-01-30 14:40:00,58.0765132,-29.406847449999994
2014-01-30 14:45:00,57.37280716,-30.008571479999993
2014-01-30 14:50:00,58.73278126,-28.638823440000003
2014-01-30 14:55:00,58.28475193,-29.096626709999995
2014-01-30 15:00:00,57.69074386,-29.722988920000006
2014-01-30 15:05:00,57.45594924,-29.983982379999993
2014-01-30 15:10:00,56.16716379,-31.35800901000001
2014-01-30 15:15:00,55.66228321,-32.03294148500001
2014-01-30 15:20:00,55.47554906,-32.33025121000001
2014-01-30 15:25:00,56.88583418,-31.14310974
2014-01-30 15:30:00,56.23537140000001,-31.84915603999999
2014-01-30 15:35:00,56.0900326,-31.938911320000003
2014-01-30 15:40:00,56.69256414,-31.3919633
2014-01-30 15:45:00,55.17260842,-33.1561425
2014-01-30 15:50:00,56.18934861,-32.41752562999999
2014-01-30 15:55:00,55.51126862,-33.008784549999994
2014-01-30 16:00:00,56.49139891,-31.938056195000016
2014-01-30 16:05:00,56.47469234,-31.927617370000014
2014-01-30 16:10:00,54.78836648,-33.61394323000001
2014-01-30 16:15:00,56.16278364,-32.2303706
2014-01-30 16:20:00,56.90404478,-31.48910946
2014-01-30 16:25:00,54.61565588,-33.746758410000005
2014-01-30 16:30:00,55.58805909,-32.81918052
2014-01-30 16:35:00,55.62257424,-32.781784249999994
2014-01-30 16:40:00,54.71336593,-33.89650937
2014-01-30 16:45:00,54.38386568,-34.33089094
2014-01-30 16:50:00,55.14880825,-33.640231119999996
2014-01-30 16:55:00,55.41908727,-33.47663961999999
2014-01-30 17:00:00,54.42256239,-34.560963974999986
2014-01-30 17:05:00,54.17087728,-34.832616235
2014-01-30 17:10:00,53.88281165,-35.217649965
2014-01-30 17:15:00,52.78464292,-36.410353734999994
2014-01-30 17:20:00,54.27830705,-34.91316068
2014-01-30 17:25:00,52.54134265,-36.62119893
2014-01-30 17:30:00,51.90680442,-37.255737159999995
2014-01-30 17:35:00,52.0157283,-37.095637925
2014-01-30 17:40:00,52.38282002,-36.77972156
2014-01-30 17:45:00,52.58689904,-36.62396134499999
2014-01-30 17:50:00,50.90716465,-38.412899370000005
2014-01-30 17:55:00,51.62702323,-37.73830817500001
2014-01-30 18:00:00,49.66754302,-39.789131055
2014-01-30 18:05:00,50.14181856,-39.38034071500001
2014-01-30 18:10:00,50.16286418,-39.43095893499999
2014-01-30 18:15:00,50.34757204,-39.19132343
2014-01-30 18:20:00,50.67824832,-38.81293509499999
2014-01-30 18:25:00,48.62839923,-40.693408704999996
2014-01-30 18:30:00,48.74219155,-40.498497265
2014-01-30 18:35:00,48.44266497,-40.78150702499999
2014-01-30 18:40:00,49.01703528,-40.148443755
2014-01-30 18:45:00,48.87283426,-40.43106624
2014-01-30 18:50:00,48.42704879,-40.92077819000001
2014-01-30 18:55:00,47.19916354,-42.342525179999996
2014-01-30 19:00:00,46.62703434,-43.084352270000004
2014-01-30 19:05:00,48.48863623,-41.34308741000001
2014-01-30 19:10:00,48.63583292,-41.18729505500001
2014-01-30 19:15:00,49.97946841,-39.91161288
2014-01-30 19:20:00,50.5490169,-39.323114495
2014-01-30 19:25:00,50.67751096,-39.275446345
2014-01-30 19:30:00,50.56659629,-39.40520113
2014-01-30 19:35:00,51.26191674,-38.78840037000001
2014-01-30 19:40:00,53.08435057,-36.99490589000001
2014-01-30 19:45:00,51.86265649,-38.23799385
2014-01-30 19:50:00,52.10914701,-38.14828090499999
2014-01-30 19:55:00,52.94417072,-37.400153825000004
2014-01-30 20:00:00,53.95208324,-36.45780991499999
2014-01-30 20:05:00,53.93373971,-36.42552533
2014-01-30 20:10:00,54.98521325,-35.359111295000005
2014-01-30 20:15:00,56.36701989,-34.15659227
2014-01-30 20:20:00,55.48418812,-35.03524063500001
2014-01-30 20:25:00,56.2721662,-34.247262555000006
2014-01-30 20:30:00,57.64797474,-32.90589139499999
2014-01-30 20:35:00,57.7632861,-32.805412755000006
2014-01-30 20:40:00,57.32655973,-33.3355914
2014-01-30 20:45:00,57.20724499,-33.65761805
2014-01-30 20:50:00,56.80423069,-34.054250075
2014-01-30 20:55:00,56.94732129,-34.022819219999995
2014-01-30 21:00:00,57.12145548,-33.88109074
2014-01-30 21:05:00,57.23661242,-33.505250385
2014-01-30 21:10:00,57.84436998,-32.882245919999995
2014-01-30 21:15:00,56.69657217,-34.06610688
2014-01-30 21:20:00,56.44837741,-34.24398616
2014-01-30 21:25:00,58.49346052,-32.25229041
2014-01-30 21:30:00,58.42026449,-32.235373779999996
2014-01-30 21:35:00,57.05290695,-33.559501669999996
2014-01-30 21:40:00,57.03736024,-33.61827803
2014-01-30 21:45:00,58.00216834,-32.60981709000001
2014-01-30 21:50:00,57.37256916,-33.174488960000005
2014-01-30 21:55:00,58.11633745,-32.41039628
2014-01-30 22:00:00,59.11150257,-31.295732360000002
2014-01-30 22:05:00,57.24007657,-33.15434881
2014-01-30 22:10:00,58.34690682,-31.96679501
2014-01-30 22:15:00,58.13930355,-32.163546829999994
2014-01-30 22:20:00,58.13423089,-32.11967191000001
2014-01-30 22:25:00,57.58096993,-32.66659694999999
2014-01-30 22:30:00,57.64509018,-32.542328409999996
2014-01-30 22:35:00,58.61288987,-31.59779127000001
2014-01-30 22:40:00,58.366883400000006,-31.84347183
2014-01-30 22:45:00,58.48830129,-31.722053940000002
2014-01-30 22:50:00,57.1351124,-33.14710723
2014-01-30 22:55:00,57.94598993,-32.33110435
2014-01-30 23:00:00,59.22001829,-31.05707599
2014-01-30 23:05:00,57.66589348,-32.61632615
2014-01-30 23:10:00,59.18470251,-31.09239177
2014-01-30 23:15:00,57.54439309,-32.780104460000004
2014-01-30 23:20:00,58.0779549,-32.24654265
2014-01-30 23:25:00,58.77309505,-31.463399430000003
2014-01-30 23:30:00,59.87525736,-30.27499667
2014-01-30 23:35:00,64.43061487,-25.591722079999997
2014-01-31 10:45:00,64.46045027,-23.744257230000002
2014-01-31 10:50:00,64.01506128,-24.159518250000005
2014-01-31 10:55:00,63.15215724,-24.974783190000004
2014-01-31 11:00:00,63.45572483,-24.628321219999997
2014-01-31 11:05:00,63.48439842,-24.551959840000002
2014-01-31 11:10:00,63.85027248,-24.18608578
2014-01-31 11:15:00,63.40204231,-24.5436062
2014-01-31 11:20:00,62.75319433,-25.270381020000002
2014-01-31 11:25:00,61.01903957,-26.987204690000006
2014-01-31 11:30:00,60.73066944,-27.29290591
2014-01-31 11:35:00,61.69178576,-26.3144585
2014-01-31 11:40:00,60.7301061,-27.276138160000002
2014-01-31 11:45:00,60.52103078,-27.353710040000003
2014-01-31 11:50:00,59.46652454,-28.318140410000005
2014-01-31 11:55:00,59.13293325,-28.296713970000006
2014-01-31 12:00:00,58.76536582,-28.794729290000006
2014-01-31 12:05:00,58.58133263,-28.942616199999996
2014-01-31 12:10:00,58.70968788,-28.85040723000001
2014-01-31 12:15:00,58.84471077,-28.78260271
2014-01-31 12:20:00,59.7643527,-27.842353899999992
2014-01-31 12:25:00,59.17453438,-28.448060069999997
2014-01-31 12:30:00,60.50829836,-27.13506462000001
2014-01-31 12:35:00,61.95315204,-25.632796149999997
2014-01-31 12:40:00,61.30088219,-26.3663606
2014-01-31 12:45:00,60.87545358,-26.710494609999998
2014-01-31 12:50:00,61.57738713,-26.008561059999998
2014-01-31 12:55:00,61.74457762,-25.93177858
2014-01-31 13:00:00,62.76504768,-24.91130852
2014-01-31 13:05:00,63.04535274,-24.631003460000002
2014-01-31 13:10:00,63.66896087,-24.049587729999978
2014-02-03 01:25:00,65.64012744,-24.720279860000005
2014-02-03 01:30:00,65.81380399,-24.54660331000001
2014-02-03 01:35:00,63.50375258,-26.82154371
2014-02-03 01:40:00,63.29867633,-26.976554979999996
2014-02-03 01:45:00,62.32450495,-27.844880464999996
2014-02-03 01:50:00,62.86278248,-27.29577932
2014-02-03 01:55:00,61.2671666,-28.840863645000006
2014-02-03 02:00:00,62.63358627,-27.23163397999999
2014-02-03 02:05:00,60.60212365,-29.251809950000002
2014-02-03 02:10:00,61.15558054,-28.68706641
2014-02-03 02:15:00,61.22673277,-28.912736605000006
2014-02-03 02:20:00,59.46361368,-30.69730643500001
2014-02-03 02:25:00,59.77500259,-30.53238598
2014-02-03 02:30:00,58.58201649,-31.727049185
2014-02-03 02:35:00,60.15318782,-30.248499199999998
2014-02-03 02:40:00,59.23844462,-31.186929264999996
2014-02-03 02:45:00,58.42980744,-32.141805319999996
2014-02-03 02:50:00,59.87904039,-30.69800049
2014-02-03 02:55:00,58.62164145,-31.964298740000004
2014-02-03 03:00:00,59.26754636,-31.368229190000008
2014-02-03 03:05:00,59.66820096,-30.902268240000005
2014-02-03 03:10:00,59.12791737,-31.340577970000005
2014-02-03 03:15:00,59.26888175,-31.17031092
2014-02-03 03:20:00,57.44314814,-32.86671253000001
2014-02-03 03:25:00,58.73754878,-31.53331817
2014-02-03 03:30:00,57.32320038,-32.868826799999994
2014-02-03 03:35:00,58.31850562,-31.791198399999992
2014-02-03 03:40:00,57.89453521,-32.215168809999994
2014-02-03 03:45:00,58.25755107,-31.847872310000007
2014-02-03 03:50:00,58.36580995,-31.678405080000005
2014-02-03 03:55:00,57.24896251,-32.67060578
2014-02-03 04:00:00,58.2927741,-31.437085600000003
2014-02-03 04:05:00,58.19406663,-31.34046014999999
2014-02-03 04:10:00,56.17257156,-33.27155114000002
2014-02-03 04:15:00,57.64487343,-31.755485669999963
2014-02-03 04:20:00,56.86077004,-32.518698719999996
2014-02-03 04:25:00,55.7943082,-33.52692585999999
2014-02-03 04:30:00,56.918643,-32.42695053999999
2014-02-03 04:35:00,55.714123,-33.552120099999996
2014-02-03 04:40:00,57.16981026,-32.08226799
2014-02-03 04:45:00,56.44556635,-32.8065119
2014-02-03 04:50:00,54.80554442,-34.585008460000005
2014-02-03 04:55:00,56.76640281,-32.63305584
2014-02-03 05:00:00,55.78266146,-33.693094599999995
2014-02-03 05:05:00,56.7649007,-32.71085536
2014-02-03 05:10:00,54.48414675,-35.1165643
2014-02-03 05:15:00,56.16947655,-33.61830116
2014-02-03 05:20:00,54.17798824,-35.62105112
2014-02-03 05:25:00,55.53970615,-34.24807156
2014-02-03 05:30:00,56.1214043,-33.63775734
2014-02-03 05:35:00,53.73629886,-36.0627405
2014-02-03 05:40:00,54.90622261,-34.906848929999995
2014-02-03 05:45:00,55.21377671,-34.75830573
2014-02-03 05:50:00,54.8638041,-35.125954549999996
2014-02-03 05:55:00,55.0147672,-34.98103380999999
2014-02-03 06:00:00,53.81547716,-36.232695320000005
2014-02-03 06:05:00,53.54966189,-36.54402473999999
2014-02-03 06:10:00,53.84124637,-36.22949393
2014-02-03 06:15:00,52.97369337,-37.074479110000006
2014-02-03 06:20:00,54.61781056,-35.36765373999997
2014-02-03 06:25:00,54.52809362,-35.274972549999994
2014-02-03 06:30:00,52.18800178,-37.51802179999999
2014-02-03 06:35:00,54.43020747,-35.31628961
2014-02-03 06:40:00,53.9730706,-35.8510639
2014-02-03 06:45:00,53.93649222,-35.92077878
2014-02-03 06:50:00,51.98615458,-37.87111642
2014-02-03 06:55:00,52.72023489,-37.02779081
2014-02-03 07:00:00,53.67776283,-36.14637167
2014-02-03 07:05:00,52.35162439,-37.481796360000004
2014-02-03 07:10:00,51.97540589,-37.813958129999996
2014-02-03 07:15:00,52.88545179,-36.86257391
2014-02-03 07:20:00,52.43903981,-37.30450572000001
2014-02-03 07:25:00,52.75928256,-36.96693294000002
2014-02-03 07:30:00,50.63527694,-39.14708847
2014-02-03 07:35:00,51.43447038,-38.29189872
2014-02-03 07:40:00,51.12552639,-38.600689110000026
2014-02-03 07:45:00,50.59661334,-39.02670373
2014-02-03 07:50:00,50.22150673,-39.400347769999996
2014-02-03 07:55:00,50.2662818,-39.253103370000005
2014-02-03 08:00:00,51.81597989,-37.66640822
2014-02-03 08:05:00,49.81559975,-39.51442265000001
2014-02-03 08:10:00,50.81262286,-38.35982227
2014-02-03 08:15:00,50.12846268,-38.90717561999999
2014-02-03 08:20:00,50.48572661,-38.48714731
2014-02-03 08:25:00,50.60703532,-38.3417521
2014-02-03 08:30:00,51.37155247,-37.50020701
2014-02-03 08:35:00,48.93508502,-40.0137024
2014-02-03 08:40:00,50.88528478,-38.08661774
2014-02-03 08:45:00,49.52295139,-39.44895113
2014-02-03 08:50:00,48.63095252,-40.3178349
2014-02-03 08:55:00,50.43692539,-38.48542304
2014-02-03 09:00:00,49.49746594,-39.42380414
2014-02-03 09:05:00,49.06554792,-39.844051969999995
2014-02-03 09:10:00,49.91850516,-38.87045704999999
2014-02-03 09:15:00,49.86739198,-38.92157022999999
2014-02-03 09:20:00,48.96407003,-39.78066355
2014-02-03 09:25:00,49.87075617,-38.838401350000005
2014-02-03 09:30:00,48.31568935,-40.37522744
2014-02-03 09:35:00,49.27527992,-39.22622783
2014-02-03 09:40:00,49.47535323,-38.954564139999995
2014-02-03 09:45:00,48.51089795,-39.85016464
2014-02-03 09:50:00,48.73634681,-39.65717802
2014-02-03 09:55:00,48.15278578,-40.096520479999995
2014-02-03 10:00:00,48.4171427,-39.83216356
2014-02-03 10:05:00,47.84020769,-40.40909857
2014-02-03 10:10:00,47.47862847,-40.80849820000001
2014-02-03 10:15:00,46.55879317,-41.951732320000005
2014-02-03 10:20:00,48.22882113,-40.01022465
2014-02-03 10:25:00,46.24988012,-41.965452909999996
2014-02-03 10:30:00,48.20282348,-40.00602505
2014-02-03 10:35:00,46.00798634,-42.22324544
2014-02-03 10:40:00,47.54683829,-40.65786921
2014-02-03 10:45:00,45.83463393,-42.370073569999995
2014-02-03 10:50:00,45.74162255,-42.43295698
2014-02-03 10:55:00,46.83084682,-41.29609361000001
2014-02-03 11:00:00,47.12750298,-40.956543069999995
2014-02-03 11:05:00,45.43152885,-42.60482941
2014-02-03 11:10:00,44.67244412,-43.36391414
2014-02-03 11:15:00,46.08151724,-41.86413127
2014-02-03 11:20:00,44.6126224,-43.41095295
2014-02-03 11:25:00,44.80696725,-43.19927701
2014-02-03 11:30:00,45.03879087,-42.98478448
2014-02-03 11:35:00,45.22417529,-42.782068970000005
2014-02-03 11:40:00,43.9247014,-44.081542860000006
2014-02-03 11:45:00,44.21495123,-43.65978959
2014-02-03 11:50:00,49.97062583,-37.814039120000004
2014-02-03 11:55:00,60.11197269,-27.317674530000005
2014-02-07 08:40:00,64.72078593,-24.251116589999995
2014-02-07 08:45:00,65.13812894,-23.83377358
2014-02-07 08:55:00,65.25399254,-23.66835589
2014-02-07 09:10:00,65.17106338,-23.617898829999987
2014-02-07 09:20:00,64.48092727,-24.263806310000007
2014-02-07 09:25:00,64.01832634,-24.690831180000004
2014-02-07 09:35:00,64.68185081,-23.81965694
2014-02-07 09:40:00,63.85259744,-24.57731993
2014-02-07 09:45:00,64.40916477,-23.95189782
2014-02-07 09:50:00,64.38178145,-24.01174338
2014-02-07 09:55:00,63.63368454,-24.61562172
2014-02-07 10:00:00,64.35081361,-23.898492649999994
2014-02-07 10:05:00,63.45416658,-24.79513968
2014-02-07 10:10:00,64.16565567,-24.121471
2014-02-07 10:15:00,63.52130972,-24.98921577000001
2014-02-07 10:20:00,63.01977779,-25.21926799
2014-02-07 10:25:00,62.54072887,-25.674604159999994
2014-02-07 10:30:00,62.27588943,-25.932959099999998
2014-02-07 10:35:00,64.1574854,-24.073746380000003
2014-02-07 10:40:00,62.9611136,-25.2435939
2014-02-07 10:45:00,63.61319317,-24.591514329999995
2014-02-07 10:50:00,63.82137768,-24.353201850000005
2014-02-07 10:55:00,63.65514071,-24.471799720000007
2014-02-07 11:00:00,61.47987631,-26.604169739999996
2014-02-07 11:05:00,63.22159123,-24.81476703
2014-02-07 11:10:00,63.12054966,-24.9158086
2014-02-07 11:15:00,61.45810233,-26.487546179999995
2014-02-07 11:20:00,62.41852064,-25.605054710000005
2014-02-07 11:25:00,61.19419879,-26.81204547
2014-02-07 11:30:00,61.53271138,-26.49086397
2014-02-07 11:35:00,62.44732987,-25.558914390000005
2014-02-07 11:40:00,61.56667984,-26.439564420000004
2014-02-07 11:45:00,61.12660832,-26.748132499999997
2014-02-07 11:50:00,62.20405108,-25.580613870000008
2014-02-07 11:55:00,60.99970182,-26.42994540000001
2014-02-07 12:00:00,62.27738636,-25.282708750000005
2014-02-07 12:05:00,60.04913256,-27.474816269999998
2014-02-07 12:10:00,60.47793838,-27.08215673000001
2014-02-07 12:15:00,61.54982216,-26.07749132
2014-02-07 12:20:00,59.87591761,-27.730788989999994
2014-02-07 12:25:00,61.88016599,-25.742428459999992
2014-02-07 12:30:00,60.54079922,-27.10256376000001
2014-02-07 12:35:00,59.64191135,-27.944036839999995
2014-02-07 12:40:00,61.25836734,-26.408875450000004
2014-02-07 12:45:00,59.62652336,-27.959424829999996
2014-02-07 12:50:00,60.16891854,-27.417029649999996
2014-02-07 12:55:00,61.18708865,-26.48926755
2014-02-07 13:00:00,59.17573623,-28.500619970000002
2014-02-07 13:05:00,61.01030551,-26.66605069
2014-02-07 13:10:00,60.02933991,-27.68920868999998
2014-02-07 13:15:00,60.10958633,-27.580909570000003
2014-02-07 13:20:00,58.36810595,-29.359529190000003
2014-02-07 13:25:00,59.33224067,-28.4639819
2014-02-07 13:30:00,60.29989144,-27.521724209999995
2014-02-07 13:35:00,59.49235844,-28.30386413
2014-02-07 13:40:00,60.247066,-27.480569140000007
2014-02-07 13:45:00,59.07752442,-28.527773670000002
2014-02-07 13:50:00,58.32780483,-29.365066930000005
2014-02-07 13:55:00,58.58264870000001,-29.21338510999999
2014-02-07 14:00:00,58.57316036,-29.248455289999995
2014-02-07 14:05:00,58.17149797,-29.62453584
2014-02-07 14:10:00,57.50610463,-30.33038251
2014-02-07 14:15:00,58.93005052,-28.930185700000003
2014-02-07 14:20:00,57.37813848,-30.458348660000006
2014-02-07 14:25:00,58.78096438,-28.980257980000005
2014-02-07 14:30:00,58.89608158,-28.840399829999996
2014-02-07 14:35:00,57.02967621,-30.597626220000002
2014-02-07 14:40:00,58.82677044,-28.656590209999997
2014-02-07 14:45:00,57.73621073,-29.64516790999999
2014-02-07 14:50:00,58.70478919,-28.666815510000006
2014-02-07 14:55:00,56.61483009,-30.766548549999996
2014-02-07 15:00:00,58.54309852,-28.870634260000003
2014-02-07 15:05:00,56.62658705,-30.813344569999998
2014-02-07 15:10:00,57.6476225,-29.87755030000001
2014-02-07 15:15:00,57.4172663,-30.277958395000006
2014-02-07 15:20:00,56.07181039,-31.733989880000003
2014-02-07 15:25:00,56.23120728,-31.797736640000004
2014-02-07 15:30:00,56.64008609,-31.444441350000005
2014-02-07 15:35:00,56.7428876,-31.28605632
2014-02-07 15:40:00,55.45043091,-32.63409653
2014-02-07 15:45:00,55.46055846,-32.86819246
2014-02-07 15:50:00,57.35815675,-31.248717489999997
2014-02-07 15:55:00,57.30151815,-31.218535019999997
2014-02-07 16:00:00,54.94743095,-33.48202415500002
2014-02-07 16:05:00,55.4991216,-32.90318811000001
2014-02-07 16:10:00,56.96373673,-31.43857298000001
2014-02-07 16:15:00,56.21488376,-32.17827048
2014-02-07 16:20:00,54.63929078,-33.75386346
2014-02-07 16:25:00,55.84158999,-32.5208243
2014-02-07 16:30:00,54.34649094,-34.06074867
2014-02-07 16:35:00,55.71710588,-32.687252609999994
2014-02-07 16:40:00,55.85396973,-32.755905569999996
2014-02-07 16:45:00,53.94512994,-34.76962668
2014-02-07 16:50:00,55.20485317,-33.5841862
2014-02-07 16:55:00,54.05353004,-34.84219684999999
2014-02-07 17:00:00,54.60434771,-34.37917865499999
2014-02-07 17:05:00,55.80050852,-33.202984995
2014-02-07 17:10:00,54.82408561,-34.276376005
2014-02-07 17:15:00,55.50191671,-33.693079944999994
2014-02-07 17:20:00,55.513949200000006,-33.67751852999999
2014-02-07 17:25:00,53.08544973,-36.077091849999995
2014-02-07 17:30:00,54.55492721,-34.60761436999999
2014-02-07 17:35:00,55.16412478,-33.947241444999996
2014-02-07 17:40:00,52.79960487,-36.36293670999999
2014-02-07 17:45:00,54.20788462,-35.00297576499999
2014-02-07 17:50:00,54.15442894,-35.16563508
2014-02-07 17:55:00,54.16841525,-35.196916155000004
2014-02-07 18:00:00,53.2899425,-36.16673157499999
2014-02-07 18:05:00,53.54628475,-35.97587452500001
2014-02-07 18:10:00,52.63167141,-36.96215170499999
2014-02-07 18:15:00,52.60527715,-36.93361832
2014-02-07 18:20:00,52.01212855,-37.479054864999995
2014-02-07 18:25:00,51.82580383,-37.496004105
2014-02-07 18:30:00,53.08036793,-36.160320885
2014-02-07 18:35:00,52.26365347,-36.96051852499999
2014-02-07 18:40:00,51.84605205,-37.31942698500001
2014-02-07 18:45:00,53.30265066,-36.00124984
2014-02-07 18:50:00,51.50709686,-37.84073012000001
2014-02-07 18:55:00,51.58508497,-37.95660375
2014-02-07 19:00:00,51.49392143,-38.217465180000005
2014-02-07 19:05:00,51.35311072,-38.47861292000001
2014-02-07 19:10:00,50.93129028,-38.89183769500001
2014-02-07 19:15:00,52.92987927,-36.96120202
2014-02-07 19:20:00,51.35722503,-38.514906364999995
2014-02-07 19:25:00,51.90121149,-38.051745815
2014-02-07 19:30:00,50.5048612,-39.46693622
2014-02-07 19:35:00,51.84752349,-38.20279362000001
2014-02-07 19:40:00,50.34139952,-39.73785694000001
2014-02-07 19:45:00,52.07474509,-38.02590525
2014-02-07 19:50:00,52.04462736,-38.212800554999994
2014-02-07 19:55:00,52.05680749,-38.28751705500001
2014-02-07 20:00:00,50.86876313,-39.541130024999994
2014-02-07 20:05:00,51.07622721,-39.28303783
2014-02-07 20:10:00,51.26331469,-39.081009855000005
2014-02-07 20:15:00,49.47553976,-41.0480724
2014-02-07 20:20:00,50.60060323,-39.91882552500001
2014-02-07 20:25:00,50.96662291,-39.55280584500001
2014-02-07 20:30:00,50.80944237,-39.74442376499999
2014-02-07 20:35:00,50.31178874,-40.25691011500001
2014-02-07 20:40:00,49.59730685,-41.064844279999996
2014-02-07 20:45:00,51.07746106,-39.787401980000006
2014-02-07 20:50:00,48.62938293,-42.229097835
2014-02-07 20:55:00,49.12552808,-41.84461242999999
2014-02-07 21:00:00,50.3515059,-40.65104032
2014-02-07 21:05:00,48.93097271,-41.810890095
2014-02-07 21:10:00,50.50442682,-40.22218908
2014-02-07 21:15:00,49.92951294,-40.83316611
2014-02-07 21:20:00,49.44730018,-41.24506339
2014-02-07 21:25:00,49.59755235,-41.14819858
2014-02-07 21:30:00,49.71708375,-40.93855452
2014-02-07 21:35:00,49.10182838,-41.510580239999996
2014-02-07 21:40:00,48.97980874,-41.675829529999994
2014-02-07 21:45:00,49.57133942,-41.04064601
2014-02-07 21:50:00,49.35000845,-41.197049670000006
2014-02-07 21:55:00,49.51040382,-41.01632991
2014-02-07 22:00:00,47.52361042,-42.883624510000004
2014-02-07 22:05:00,48.46513678,-41.9292886
2014-02-07 22:10:00,48.92819317,-41.38550866
2014-02-07 22:15:00,47.53537232,-42.767478059999995
2014-02-07 22:20:00,47.44274773,-42.811155070000005
2014-02-07 22:25:00,48.501459,-41.74610788
2014-02-07 22:30:00,47.59503947,-42.59237911999999
2014-02-07 22:35:00,48.28377166,-41.926909480000006
2014-02-07 22:40:00,47.47392072,-42.73643451
2014-02-07 22:45:00,46.41796917,-43.792386060000005
2014-02-07 22:50:00,48.16173707,-42.12048256
2014-02-07 22:55:00,46.94337792,-43.33371636
2014-02-07 23:00:00,47.16443489,-43.11265939
2014-02-07 23:05:00,46.13365072,-44.14856891
2014-02-07 23:10:00,47.05679088,-43.2203034
2014-02-07 23:15:00,45.76381338,-44.56068417
2014-02-07 23:20:00,47.34047672,-42.984020830000006
2014-02-07 23:25:00,46.2342002,-44.00229428000001
2014-02-07 23:30:00,46.41004714,-43.740206889999996
2014-02-07 23:35:00,45.40564636,-44.61669059
2014-02-07 23:40:00,46.33290026,-43.70195819
2014-02-07 23:45:00,47.03048844,-42.997945765
2014-02-07 23:50:00,45.35114179,-44.558584069999995
2014-02-07 23:55:00,45.40691829,-44.3786354
2014-02-08 00:00:00,44.80688124,-44.955834645
2014-02-08 00:05:00,46.36014108,-43.43145724000001
2014-02-08 00:10:00,45.61237411,-44.251753185000005
2014-02-08 00:15:00,44.892107,-44.985110119999995
2014-02-08 00:20:00,44.4510149,-45.435951730000006
2014-02-08 00:25:00,44.50873845,-45.397171379999996
2014-02-08 00:30:00,44.92545998,-45.03480733000001
2014-02-08 00:35:00,45.63077534,-44.409601030000005
2014-02-08 00:40:00,44.85854179,-45.1184216
2014-02-08 00:45:00,44.19545717,-45.84491920000001
2014-02-08 00:50:00,45.37164579,-44.62742727999999
2014-02-08 00:55:00,44.79635945,-45.20271362
2014-02-08 01:00:00,45.29413471,-44.69065151
2014-02-08 01:05:00,43.2713445,-46.70561889
2014-02-08 01:10:00,45.16192645,-44.83714661999999
2014-02-08 01:15:00,44.3891277,-45.60994536999999
2014-02-08 01:20:00,45.02539706,-45.13532877
2014-02-08 01:25:00,44.10650919,-46.25389811000001
2014-02-08 01:30:00,43.90195256,-46.45845474000001
2014-02-08 01:35:00,42.61768752,-47.70760877
2014-02-08 01:40:00,43.5560632,-46.71916811
2014-02-08 01:45:00,44.05794739,-46.11143802499999
2014-02-08 01:50:00,42.69159807,-47.46696373
2014-02-08 01:55:00,43.89784601,-46.21018423500001
2014-02-08 02:00:00,42.01888967,-47.84633057999999
2014-02-08 02:05:00,43.37673591,-46.477197690000004
2014-02-08 02:10:00,42.93136273,-46.911284220000006
2014-02-08 02:15:00,43.11795765,-47.021511725
2014-02-08 02:20:00,43.77390143,-46.38701868500001
2014-02-08 02:25:00,42.76450933,-47.54287924
2014-02-08 02:30:00,43.21855143,-47.090514245
2014-02-08 02:35:00,41.42083316,-48.980853859999996
2014-02-08 02:40:00,41.29397229,-49.131401595
2014-02-08 02:45:00,41.54173341,-49.029879349999995
2014-02-08 02:50:00,42.097787200000006,-48.47925367999999
2014-02-08 02:55:00,41.12757419,-49.458366000000005
2014-02-08 03:00:00,41.5399956,-49.09577995000001
2014-02-08 03:05:00,41.94835863,-48.622110570000004
2014-02-08 03:10:00,42.2700777,-48.19841764
2014-02-08 03:15:00,40.50350095,-49.935691719999994
2014-02-08 03:20:00,40.65499531,-49.65486536000001
2014-02-08 03:25:00,40.79634379,-49.47452316
2014-02-08 03:30:00,41.80214643,-48.389880749999996
2014-02-08 03:35:00,40.23128179,-49.87842223
2014-02-08 03:40:00,41.05704826,-49.05265575999999
2014-02-08 03:45:00,40.28389419,-49.82152919000001
2014-02-08 03:50:00,40.69634404,-49.347870990000004
2014-02-08 03:55:00,40.33576107,-49.583807220000004
2014-02-08 04:00:00,41.54545549,-48.184404210000004
2014-02-08 04:05:00,41.20191724,-48.33260953999999
2014-02-08 04:10:00,40.46801319,-48.97610951000002
2014-02-08 04:15:00,39.26537555,-50.13498354999996
2014-02-08 04:20:00,39.51530054,-49.864168219999996
2014-02-08 04:25:00,39.34890418,-49.97232988
2014-02-08 04:30:00,39.32321689,-50.02237665
2014-02-08 04:35:00,40.4303953,-48.835847799999996
2014-02-08 04:40:00,39.89494125,-49.357136999999994
2014-02-08 04:45:00,40.72720565,-48.524872599999995
2014-02-08 04:50:00,40.37632385,-49.01422903
2014-02-08 04:55:00,40.10114535,-49.2983133
2014-02-08 05:00:00,38.07540386,-51.40035219999999
2014-02-08 05:05:00,40.12608065,-49.349675409999996
2014-02-08 05:10:00,39.46909278,-50.131618270000004
2014-02-08 05:15:00,39.16355231,-50.6242254
2014-02-08 05:20:00,38.78312964,-51.015909719999996
2014-02-08 05:25:00,39.11268638,-50.67509133
2014-02-08 05:30:00,38.47910082,-51.28006082
2014-02-08 05:35:00,38.01951263,-51.77952672999999
2014-02-08 05:40:00,37.71402559,-52.09904595
2014-02-08 05:45:00,38.50288978,-51.46919266
2014-02-08 05:50:00,38.21991984,-51.769838809999996
2014-02-08 05:55:00,37.02328168,-52.97251933
2014-02-08 06:00:00,38.55219768,-51.495974800000006
2014-02-08 06:05:00,36.94350456,-53.15018206999999
2014-02-08 06:10:00,36.79074012,-53.280000179999995
2014-02-08 06:15:00,37.38743031,-52.660742170000006
2014-02-08 06:20:00,37.76166671,-52.223797589999975
2014-02-08 06:25:00,37.54001524,-52.26305092999999
2014-02-08 06:30:00,37.52627528,-52.17974829999999
2014-02-08 06:35:00,36.86034799,-52.886149089999996
2014-02-08 06:40:00,36.64729792,-53.17683658
2014-02-08 06:45:00,37.13821984,-52.71905116
2014-02-08 06:50:00,36.91895932,-52.93831168
2014-02-08 06:55:00,35.79444832,-53.95357738
2014-02-08 07:00:00,36.83927414,-52.98486036
2014-02-08 07:05:00,36.93841282,-52.89500793
2014-02-08 07:10:00,37.61005781,-52.17930620999999
2014-02-08 07:15:00,36.3088873,-53.4391384
2014-02-08 07:20:00,36.52423117,-53.219314360000006
2014-02-08 07:25:00,35.41025841,-54.315957090000026
2014-02-08 07:30:00,35.87612205,-53.90624336
2014-02-08 07:35:00,35.19517988,-54.53118922
2014-02-08 07:40:00,34.896682500000004,-54.82953300000002
2014-02-08 07:45:00,36.72271914,-52.900597929999996
2014-02-08 07:50:00,34.50600617,-55.11584833
2014-02-08 07:55:00,36.37180059,-53.14758458000001
2014-02-08 08:00:00,34.66410663,-54.81828148
2014-02-08 08:05:00,34.31753233,-55.012490070000005
2014-02-08 08:10:00,34.91045416,-54.26199097
2014-02-08 08:15:00,34.43275866,-54.60287963999999
2014-02-08 08:20:00,34.82385733,-54.149016589999995
2014-02-08 08:25:00,35.450041799999994,-53.49874562000001
2014-02-08 08:30:00,34.75154534,-54.120214139999995
2014-02-08 08:35:00,35.49786592,-53.4509215
2014-02-08 08:40:00,34.67205532,-54.2998472
2014-02-08 08:45:00,34.66278524,-54.30911728
2014-02-08 08:50:00,34.70927264,-54.23951478
2014-02-08 08:55:00,33.41287418,-55.50947425
2014-02-08 09:00:00,34.12959421,-54.79167587
2014-02-08 09:05:00,32.81618429,-56.09341559999999
2014-02-08 09:10:00,34.56199658,-54.226965629999995
2014-02-08 09:15:00,33.63998163,-55.14898057999999
2014-02-08 09:20:00,33.20924363,-55.53548995
2014-02-08 09:25:00,34.03420212,-54.6749554
2014-02-08 09:30:00,33.37793471,-55.312982080000005
2014-02-08 09:35:00,33.73597375,-54.765534
2014-02-08 09:40:00,33.49156022,-54.93835715
2014-02-08 09:45:00,34.03521109,-54.325851500000006
2014-02-08 09:50:00,32.13076877,-56.26275606
2014-02-08 09:55:00,33.85643289,-54.39287337
2014-02-08 10:00:00,33.61549172,-54.633814539999996
2014-02-08 10:05:00,31.55514265,-56.69416361
2014-02-08 10:10:00,31.45281656,-56.834310110000004
2014-02-08 10:15:00,32.70383369,-55.8066918
2014-02-08 10:20:00,32.35902129,-55.88002449
2014-02-08 10:25:00,31.24466023,-56.970672799999996
2014-02-08 10:30:00,31.68283609,-56.52601244
2014-02-08 10:35:00,31.08796919,-57.143262590000006
2014-02-08 10:40:00,31.56471764,-56.63998986
2014-02-08 10:45:00,31.71067997,-56.49402753
2014-02-08 10:50:00,31.04573726,-57.12884227000001
2014-02-08 10:55:00,32.31308445,-55.81385598000001
2014-02-08 11:00:00,30.81680427,-57.26724178
2014-02-08 11:05:00,30.79737598,-57.23898228
2014-02-08 11:10:00,31.477618,-56.55874026
2014-02-08 11:15:00,31.76443225,-56.18121626
2014-02-08 11:20:00,31.14882249,-56.87475286
2014-02-08 11:25:00,30.32212341,-57.68412085
2014-02-08 11:30:00,31.19156563,-56.83200972
2014-02-08 11:35:00,30.66658199,-57.339662270000005
2014-02-08 11:40:00,31.66734549,-56.33889877
2014-02-08 11:45:00,30.02190974,-57.85283108
2014-02-08 11:50:00,30.77339762,-57.01126733000001
2014-02-08 11:55:00,29.60027776,-57.82936946000001
2014-02-08 12:00:00,29.13736079,-58.42273432
2014-02-08 12:05:00,31.10798131,-56.415967519999995
2014-02-08 12:10:00,30.57627902,-56.983816090000005
2014-02-08 12:15:00,30.80034788,-56.826965599999994
2014-02-08 12:20:00,29.93062046,-57.676086139999995
2014-02-08 12:25:00,30.13984525,-57.48274919999999
2014-02-08 12:30:00,29.02950232,-58.61386066000001
2014-02-08 12:35:00,29.74236248,-57.84358571
2014-02-08 12:40:00,29.65401173,-58.01323106
2014-02-08 12:45:00,28.2004452,-59.38550298999999
2014-02-08 12:50:00,29.26456305,-58.32138514
2014-02-08 12:55:00,28.87987444,-58.796481760000006
2014-02-08 13:00:00,28.88453303,-58.79182317
2014-02-08 13:05:00,27.96898542,-59.707370780000005
2014-02-08 13:10:00,29.46889572,-58.24965287999998
2014-02-08 13:15:00,28.52259684,-59.16789906
2014-02-08 13:20:00,28.43934042,-59.28829472
2014-02-08 13:25:00,28.65628801,-59.13993456
2014-02-08 13:30:00,28.19350637,-59.62810928
2014-02-08 13:35:00,28.58495502,-59.21126755
2014-02-08 13:40:00,28.68956624,-59.0380689
2014-02-08 13:45:00,26.90880571,-60.69649238000001
2014-02-08 13:50:00,28.42258634,-59.27028542000001
2014-02-08 13:55:00,27.86689974,-59.929134069999996
2014-02-08 14:00:00,27.00944268,-60.81217297
2014-02-08 14:05:00,27.05223016,-60.74380365
2014-02-08 14:10:00,26.90334248,-60.93314466
2014-02-08 14:15:00,26.43806278,-61.42217344000001
2014-02-08 14:20:00,27.60635926,-60.23012788
2014-02-08 14:25:00,27.02299853,-60.73822383000001
2014-02-08 14:30:00,25.88775208,-61.84872933
2014-02-08 14:35:00,26.57709669,-61.050205739999996
2014-02-08 14:40:00,27.86252302,-59.62083763
2014-02-08 14:45:00,26.7177708,-60.66360784
2014-02-08 14:50:00,27.13922521,-60.23237949000001
2014-02-08 14:55:00,27.44186472,-59.939513919999996
2014-02-08 15:00:00,26.43479209,-60.97894069
2014-02-08 15:05:00,27.01604579,-60.423885829999996
2014-02-08 15:10:00,26.63045192,-60.89472088000001
2014-02-08 15:15:00,26.81343428,-60.88179041500001
2014-02-08 15:20:00,26.71674166,-61.08905861000001
2014-02-08 15:25:00,28.13966046,-59.88928346
2014-02-08 15:30:00,27.30947589,-60.77505155
2014-02-08 15:35:00,29.25443175,-58.77451217000001
2014-02-08 15:40:00,27.8822206,-60.202306840000006
2014-02-08 15:45:00,28.76582717,-59.56292375
2014-02-08 15:50:00,28.51500186,-60.09187238
2014-02-08 15:55:00,29.08801264,-59.432040529999995
2014-02-08 16:00:00,30.87096441,-57.55849069500002
2014-02-08 16:05:00,30.281602000000003,-58.120707710000005
2014-02-08 16:10:00,30.04490016,-58.357409550000014
2014-02-08 16:15:00,30.24229096,-58.15086328
2014-02-08 16:20:00,30.54091457,-57.85223967
2014-02-08 16:25:00,31.65497151,-56.70744278000001
2014-02-08 16:30:00,31.07138954,-57.335850070000006
2014-02-08 16:35:00,31.61677641,-56.78758207999999
2014-02-08 16:40:00,30.09155091,-58.518324390000004
2014-02-08 16:45:00,30.19489085,-58.51986577
2014-02-08 16:50:00,31.30731434,-57.48172502999999
2014-02-08 16:55:00,31.04771674,-57.84801014999999
2014-02-08 17:00:00,31.97747291,-57.006053454999986
2014-02-08 17:05:00,30.4335528,-58.569940715
2014-02-08 17:10:00,31.32774235,-57.772719265
2014-02-08 17:15:00,31.771592,-57.423404655
2014-02-08 17:20:00,31.68724275,-57.504224980000004
2014-02-08 17:25:00,30.97404213,-58.188499449999995
2014-02-08 17:30:00,32.21898830000001,-56.94355327999999
2014-02-08 17:35:00,32.42664943,-56.684716795
2014-02-08 17:40:00,30.81792026,-58.344621319999995
2014-02-08 17:45:00,31.7571751,-57.45368528499999
2014-02-08 17:50:00,30.49232606,-58.82773796000001
2014-02-08 17:55:00,32.482214,-56.88311740500001
2014-02-08 18:00:00,32.26613405,-57.190540025
2014-02-08 18:05:00,32.68969593,-56.83246334500001
2014-02-08 18:10:00,31.24735179,-58.346471324999996
2014-02-08 18:15:00,31.65539567,-57.883499799999996
2014-02-08 18:20:00,30.94754751,-58.543635904999995
2014-02-08 18:25:00,31.57327092,-57.748537015
2014-02-08 18:30:00,32.40552021,-56.835168605
2014-02-08 18:35:00,31.51350875,-57.71066324499999
2014-02-08 18:40:00,31.20747208,-57.958006955
2014-02-08 18:45:00,32.80990187,-56.49399863
2014-02-08 18:50:00,32.05204694,-57.29578004000001
2014-02-08 18:55:00,30.82959784,-58.71209087999999
2014-02-08 19:00:00,32.00308397,-57.70830264000001
2014-02-08 19:05:00,32.86862643,-56.96309721000001
2014-02-08 19:10:00,31.56908839,-58.254039585
2014-02-08 19:15:00,32.41766216,-57.47341913
2014-02-08 19:20:00,31.64681807,-58.225313325
2014-02-08 19:25:00,32.82323411,-57.129723195
2014-02-08 19:30:00,31.08794276,-58.88385466
2014-02-08 19:35:00,31.97895463,-58.071362480000005
2014-02-08 19:40:00,32.85257126,-57.22668520000001
2014-02-08 19:45:00,31.84616818,-58.25448216
2014-02-08 19:50:00,31.79928547,-58.45814244499999
2014-02-08 19:55:00,32.33982306,-58.004501485000006
2014-02-08 20:00:00,32.79175195,-57.61814120499999
2014-02-08 20:05:00,32.75479137,-57.60447367
2014-02-08 20:10:00,33.39425162,-56.95007292500001
2014-02-08 20:15:00,33.47059509,-57.053017069999996
2014-02-08 20:20:00,33.55600437,-56.96342438500001
2014-02-08 20:25:00,33.02089301,-57.498535745000005
2014-02-08 20:30:00,32.48597077,-58.06789536499999
2014-02-08 20:35:00,32.37352649,-58.195172365000005
2014-02-08 20:40:00,33.71018249,-56.95196864
2014-02-08 20:45:00,33.20641473,-57.658448310000004
2014-02-08 20:50:00,31.79080695,-59.06767381499999
2014-02-08 20:55:00,32.01247028,-58.95767022999999
2014-02-08 21:00:00,32.72379014,-58.27875608
2014-02-08 21:05:00,31.96246545,-58.779397355
2014-02-08 21:10:00,32.60499863,-58.12161727
2014-02-08 21:15:00,32.807984399999995,-57.95469465000001
2014-02-08 21:20:00,32.21157653,-58.480787039999996
2014-02-08 21:25:00,32.89711276,-57.84863817
2014-02-08 21:30:00,33.57320645,-57.08243182
2014-02-08 21:35:00,34.00083928,-56.611569339999996
2014-02-08 21:40:00,34.39073063,-56.26490764
2014-02-08 21:45:00,33.62566204,-56.98632339
2014-02-08 21:50:00,32.33442622,-58.212631900000005
2014-02-08 21:55:00,32.88137963,-57.645354100000006
2014-02-08 22:00:00,33.39889347,-57.008341460000004
2014-02-08 22:05:00,32.63991739,-57.75450799
2014-02-08 22:10:00,33.66054894,-56.65315289
2014-02-08 22:15:00,32.68991757,-57.61293281
2014-02-08 22:20:00,34.52993116,-55.72397164000001
2014-02-08 22:25:00,33.12343341,-57.12413347
2014-02-08 22:30:00,32.7765795,-57.410839089999996
2014-02-08 22:35:00,33.14127672,-57.069404420000005
2014-02-08 22:40:00,33.95895848,-56.251396750000005
2014-02-08 22:45:00,34.40905618,-55.801299050000004
2014-02-08 22:50:00,33.51633481,-56.765884820000004
2014-02-08 22:55:00,33.62106205,-56.65603223
2014-02-08 23:00:00,33.17277264,-57.10432164
2014-02-08 23:05:00,35.02164686,-55.26057277
2014-02-08 23:10:00,34.20195241,-56.07514187
2014-02-08 23:15:00,33.75380103,-56.570696520000006
2014-02-08 23:20:00,34.08313728,-56.24136027
2014-02-08 23:25:00,33.27561114,-56.96088334
2014-02-08 23:30:00,34.15093414,-55.99931989
2014-02-08 23:35:00,34.93813896,-55.08419798999999
2014-02-08 23:40:00,33.57399823,-56.46086022
2014-02-08 23:45:00,35.60656429,-54.421869914999995
2014-02-08 23:50:00,35.70630711,-54.20341875
2014-02-08 23:55:00,33.86527719,-55.9202765
2014-02-09 00:00:00,35.24360884,-54.519107045000005
2014-02-09 00:05:00,35.41470784,-54.37689048000001
2014-02-09 00:10:00,35.65706533,-54.207061965
2014-02-09 00:15:00,34.06766503,-55.80955209
2014-02-09 00:20:00,33.68182589,-56.205140740000004
2014-02-09 00:25:00,35.26670386,-54.63920597
2014-02-09 00:30:00,34.86762689,-55.09264042000001
2014-02-09 00:35:00,35.84027351,-54.20010286
2014-02-09 00:40:00,35.69880674,-54.27815664999999
2014-02-09 00:45:00,35.50477858,-54.535597790000004
2014-02-09 00:50:00,35.32467369,-54.67439938
2014-02-09 00:55:00,34.49045616,-55.50861690999999
2014-02-09 01:00:00,35.35994363,-54.62484259000001
2014-02-09 01:05:00,33.57565861,-56.40130478
2014-02-09 01:10:00,34.080054,-55.91901907
2014-02-09 01:15:00,34.87488318,-55.12418989
2014-02-09 01:20:00,33.24968612,-56.911039710000004
2014-02-09 01:25:00,34.8372465,-55.52316080000001
2014-02-09 01:30:00,33.53836862,-56.822038680000006
2014-02-09 01:35:00,33.88047495,-56.44482134
2014-02-09 01:40:00,35.17879383,-55.09643748
2014-02-09 01:45:00,32.89429465,-57.275090764999995
2014-02-09 01:50:00,34.83487287,-55.32368893
2014-02-09 01:55:00,33.22510702,-56.882923225000006
2014-02-09 02:00:00,33.84525593,-56.01996431999999
2014-02-09 02:05:00,34.27752887,-55.57640473000001
2014-02-09 02:10:00,34.73131416,-55.111332790000006
2014-02-09 02:15:00,33.18397705,-56.955492325
2014-02-09 02:20:00,34.05587785,-56.10504226500001
2014-02-09 02:25:00,33.85905904,-56.44832953
2014-02-09 02:30:00,34.41294062,-55.896125055
2014-02-09 02:35:00,34.76213872,-55.639548299999994
2014-02-09 02:40:00,32.83038455,-57.594989335
2014-02-09 02:45:00,32.53890559,-58.032707169999995
2014-02-09 02:50:00,33.87651268,-56.7005282
2014-02-09 02:55:00,33.20007261,-57.38586758
2014-02-09 03:00:00,32.59371201,-58.04206354000001
2014-02-09 03:05:00,33.92571243,-56.64475677000001
2014-02-09 03:10:00,32.16713992,-58.30135542000001
2014-02-09 03:15:00,32.15556743,-58.28362524
2014-02-09 03:20:00,33.09459729,-57.21526338
2014-02-09 03:25:00,33.90626907,-56.36459788
2014-02-09 03:30:00,33.68414188,-56.5078853
2014-02-09 03:35:00,32.48968314,-57.62002088
2014-02-09 03:40:00,32.68721261,-57.42249140999999
2014-02-09 03:45:00,32.23851375,-57.86690963
2014-02-09 03:50:00,33.37451325,-56.669701780000004
2014-02-09 03:55:00,34.00517853,-55.91438976
2014-02-09 04:00:00,33.61901353,-56.11084617000001
2014-02-09 04:05:00,32.95856944,-56.575957339999995
2014-02-09 04:10:00,32.75826772,-56.68585498000002
2014-02-09 04:15:00,32.7049341,-56.69542499999996
2014-02-09 04:20:00,32.58980702,-56.78966173999999
2014-02-09 04:25:00,31.65797734,-57.66325671999999
2014-02-09 04:30:00,33.1051823,-56.24041123999999
2014-02-09 04:35:00,32.73642516,-56.529817939999994
2014-02-09 04:40:00,33.38664638,-55.865431869999995
2014-02-09 04:45:00,32.62814228,-56.62393597
2014-02-09 04:50:00,31.31787296,-58.07267992
2014-02-09 04:55:00,32.02004341,-57.37941524
2014-02-09 05:00:00,32.56562591,-56.91013014999999
2014-02-09 05:05:00,32.38219045,-57.09356560999999
2014-02-09 05:10:00,31.31242532,-58.28828573
2014-02-09 05:15:00,31.25437694,-58.53340077
2014-02-09 05:20:00,33.19498125,-56.60405811
2014-02-09 05:25:00,32.15461056,-57.63316715
2014-02-09 05:30:00,32.89047391,-56.868687730000005
2014-02-09 05:35:00,30.85579742,-58.94324193999999
2014-02-09 05:40:00,32.38311623,-57.42995531
2014-02-09 05:45:00,32.86380858,-57.10827386
2014-02-09 05:50:00,30.84735142,-59.14240723
2014-02-09 05:55:00,31.61899359,-58.37680741999999
2014-02-09 06:00:00,30.67199471,-59.376177770000005
2014-02-09 06:05:00,31.86207774,-58.23160888999999
2014-02-09 06:10:00,32.04210451,-58.028635789999996
2014-02-09 06:15:00,30.79829419,-59.249878290000005
2014-02-09 06:20:00,32.11113412,-57.87433017999997
2014-02-09 06:25:00,31.85660645,-57.94645971999999
2014-02-09 06:30:00,31.96266078,-57.74336279999999
2014-02-09 06:35:00,31.76931259,-57.97718449
2014-02-09 06:40:00,31.56246065,-58.26167385
2014-02-09 06:45:00,32.40106536,-57.45620564
2014-02-09 06:50:00,30.7490175,-59.1082535
2014-02-09 06:55:00,30.64807823,-59.099947470000004
2014-02-09 07:00:00,30.68700009,-59.13713441
2014-02-09 07:05:00,32.21416306,-57.619257690000005
2014-02-09 07:10:00,30.22603884,-59.56332517999999
2014-02-09 07:15:00,31.77508786,-57.97293784
2014-02-09 07:20:00,31.16640691,-58.57713862000001
2014-02-09 07:25:00,30.18797053,-59.53824497000002
2014-02-09 07:30:00,29.81913504,-59.96323037
2014-02-09 07:35:00,31.65603994,-58.07032916
2014-02-09 07:40:00,31.66608085,-58.06013465000002
2014-02-09 07:45:00,30.08070418,-59.54261289
2014-02-09 07:50:00,30.74814355,-58.873710949999996
2014-02-09 07:55:00,30.33908486,-59.18030031000001
2014-02-09 08:00:00,30.20230209,-59.28008602
2014-02-09 08:05:00,30.28800307,-59.04201933
2014-02-09 08:10:00,30.08058068,-59.09186445
2014-02-09 08:15:00,31.75949762,-57.27614067999998
2014-02-09 08:20:00,31.70716786,-57.26570606
2014-02-09 08:25:00,31.76282306,-57.18596436
2014-02-09 08:30:00,30.03444646,-58.837313019999996
2014-02-09 08:35:00,30.02144253,-58.92734489
2014-02-09 08:40:00,29.42616166,-59.545740859999995
2014-02-09 08:45:00,30.44556784,-58.526334680000005
2014-02-09 08:50:00,31.62264517,-57.326142250000004
2014-02-09 08:55:00,30.24051153,-58.6818369
2014-02-09 09:00:00,30.98434971,-57.936920369999996
2014-02-09 09:05:00,31.2150728,-57.694527089999994
2014-02-09 09:10:00,29.9492614,-58.83970081
2014-02-09 09:15:00,30.6985552,-58.09040700999999
2014-02-09 09:20:00,29.58859552,-59.15613806
2014-02-09 09:25:00,31.67843945,-57.030718070000006
2014-02-09 09:30:00,30.22828132,-58.46263547
2014-02-09 09:35:00,30.95195602,-57.549551730000005
2014-02-09 09:40:00,31.555293,-56.87462437
2014-02-09 09:45:00,30.47071162,-57.89035097
2014-02-09 09:50:00,29.83845524,-58.55506959
2014-02-09 09:55:00,29.8409167,-58.408389559999996
2014-02-09 10:00:00,31.00616551,-57.243140749999995
2014-02-09 10:05:00,30.63659232,-57.61271394
2014-02-09 10:10:00,29.66527319,-58.621853480000006
2014-02-09 10:15:00,29.54228857,-58.96823692000001
2014-02-09 10:20:00,31.05835626,-57.18068952
2014-02-09 10:25:00,31.32606052,-56.88927251
2014-02-09 10:30:00,30.72721278,-57.481635749999995
2014-02-09 10:35:00,31.72620384,-56.505027940000005
2014-02-09 10:40:00,30.87167037,-57.333037129999994
2014-02-09 10:45:00,30.95263689,-57.25207061
2014-02-09 10:50:00,30.5728712,-57.60170833
2014-02-09 10:55:00,29.60733531,-58.51960512000001
2014-02-09 11:00:00,31.09676165,-56.98728439999999
2014-02-09 11:05:00,29.78973653,-58.24662173
2014-02-09 11:10:00,31.08115456,-56.9552037
2014-02-09 11:15:00,31.4758338,-56.469814709999994
2014-02-09 11:20:00,29.81358016,-58.20999519
2014-02-09 11:25:00,31.6290113,-56.37723296
2014-02-09 11:30:00,30.25417261,-57.769402740000004
2014-02-09 11:35:00,31.08622547,-56.92001879
2014-02-09 11:40:00,30.93886148,-57.06738278
2014-02-09 11:45:00,30.97552758,-56.899213239999995
2014-02-09 11:50:00,35.62412938,-52.16053557000001
2014-02-09 11:55:00,43.97130304,-43.458344180000005
2014-02-09 12:00:00,53.13574860000001,-34.42434651
