timestamp,value,score,anom
2013-12-02 21:15:00,73.96732207,5.565,False
2013-12-02 21:20:00,74.93588199999998,5.575,False
2013-12-02 21:25:00,76.12416182,4.025,False
2013-12-02 21:30:00,78.14070732,2.803,False
2013-12-02 21:35:00,79.32983574,1.742,False
2013-12-02 21:40:00,78.71041827,2.318,False
2013-12-02 21:45:00,80.26978421,0.896,False
2013-12-02 21:50:00,80.27282792,0.898,False
2013-12-02 21:55:00,80.35342468,0.899,False
2013-12-02 22:00:00,79.48652315,1.807,False
2013-12-02 22:05:00,80.78327674,0.612,False
2013-12-02 22:10:00,79.50815854,1.98,False
2013-12-02 22:15:00,79.30203285,2.221,False
2013-12-02 22:20:00,80.80262407,0.654,False
2013-12-02 22:25:00,80.37778929,1.115,False
2013-12-02 22:30:00,80.47923735,1.119,False
2013-12-02 22:35:00,81.42356028,0.204,False
2013-12-02 22:40:00,81.37357535,0.328,False
2013-12-02 22:45:00,81.69094215,0.017,False
2013-12-02 22:50:00,80.18124978,1.594,False
2013-12-02 22:55:00,81.76717835,0.033,False
2013-12-02 23:00:00,81.25978065,0.515,False
2013-12-02 23:05:00,80.30293653,1.542,False
2013-12-02 23:10:00,81.11459031,0.695,False
2013-12-02 23:15:00,81.74810877,0.085,False
2013-12-02 23:20:00,81.99460747,0.118,False
2013-12-02 23:25:00,81.2580527,0.722,False
2013-12-02 23:30:00,83.11803871,1.41,False
2013-12-02 23:35:00,81.24702121,0.827,False
2013-12-02 23:40:00,82.73586941,0.876,False
2013-12-02 23:45:00,81.72332602,0.515,False
2013-12-02 23:50:00,81.56235567,0.911,False
2013-12-02 23:55:00,81.43553422,1.161,False
2013-12-03 00:00:00,81.90815592,0.674,False
2013-12-03 00:05:00,82.45575098,0.172,False
2013-12-03 00:10:00,83.02758267,0.355,False
2013-12-03 00:15:00,83.36235646,0.678,False
2013-12-03 00:20:00,81.88701566,1.308,False
2013-12-03 00:25:00,82.88189183,0.193,False
2013-12-03 00:30:00,83.57965349,0.606,False
2013-12-03 00:35:00,83.76141298,0.699,False
2013-12-03 00:40:00,82.30991906,1.229,False
2013-12-03 00:45:00,83.05136903,0.426,False
2013-12-03 00:50:00,83.26333638,0.244,False
2013-12-03 00:55:00,84.09700706,0.709,False
2013-12-03 01:00:00,83.5464428,0.02,False
2013-12-03 01:05:00,83.48998999,0.221,False
2013-12-03 01:10:00,83.43534304,0.405,False
2013-12-03 01:15:00,85.18336642,1.531,False
2013-12-03 01:20:00,85.34462435,1.374,False
2013-12-03 01:25:00,84.67196172,0.269,False
2013-12-03 01:30:00,85.30276155,0.844,False
2013-12-03 01:35:00,84.34921079,0.495,False
2013-12-03 01:40:00,84.55584383,0.402,False
2013-12-03 01:45:00,83.77113659999998,1.397,False
2013-12-03 01:50:00,85.29834063,0.301,False
2013-12-03 01:55:00,85.40014591,0.297,False
2013-12-03 02:00:00,85.10730255,0.148,False
2013-12-03 02:05:00,84.97405668,0.341,False
2013-12-03 02:10:00,85.43784202,0.119,False
2013-12-03 02:15:00,84.83484013,0.546,False
2013-12-03 02:20:00,84.94715827,0.457,False
2013-12-03 02:25:00,86.16861901,0.341,False
2013-12-03 02:30:00,86.37621858,0.128,False
2013-12-03 02:35:00,86.3421685,0.018,False
2013-12-03 02:40:00,86.61918376,0.207,False
2013-12-03 02:45:00,86.30151068,0.051,False
2013-12-03 02:50:00,86.57173751,0.112,False
2013-12-03 02:55:00,86.48675455,0.038,False
2013-12-03 03:00:00,87.52018696,0.711,False
2013-12-03 03:05:00,87.00908412,0.366,False
2013-12-03 03:10:00,86.96641259,0.335,False
2013-12-03 03:15:00,88.62366147,1.338,False
2013-12-03 03:20:00,88.59942914,1.265,False
2013-12-03 03:25:00,89.44293245,1.666,False
2013-12-03 03:30:00,87.98565262,0.783,False
2013-12-03 03:35:00,89.75558903,1.559,False
2013-12-03 03:40:00,88.80257312,1.065,False
2013-12-03 03:45:00,89.7298597,1.394,False
2013-12-03 03:50:00,90.22009915,1.542,False
2013-12-03 03:55:00,89.44223536,1.142,False
2013-12-03 04:00:00,90.50690649,1.384,False
2013-12-03 04:05:00,90.89985471,1.518,False
2013-12-03 04:10:00,89.52273909,1.05,False
2013-12-03 04:15:00,90.79023919,1.405,False
2013-12-03 04:20:00,91.52798129,1.622,False
2013-12-03 04:25:00,90.30234442,1.232,False
2013-12-03 04:30:00,91.69464161,1.675,False
2013-12-03 04:35:00,90.61223839,1.308,False
2013-12-03 04:40:00,91.35611449,1.524,False
2013-12-03 04:45:00,91.1192753,1.386,False
2013-12-03 04:50:00,92.2779806,1.728,False
2013-12-03 04:55:00,91.93466396,1.627,False
2013-12-03 05:00:00,91.26341409,1.428,False
2013-12-03 05:05:00,91.03317052,1.36,False
2013-12-03 05:10:00,90.54178741,1.215,False
2013-12-03 05:15:00,89.31712427,0.853,False
2013-12-03 05:20:00,88.60863427,0.588,False
2013-12-03 05:25:00,88.00860982,0.401,False
2013-12-03 05:30:00,87.98743420000002,0.392,False
2013-12-03 05:35:00,87.62276247,0.287,False
2013-12-03 05:40:00,86.35545122,0.053,False
2013-12-03 05:45:00,86.69530437,0.046,False
2013-12-03 05:50:00,84.67963832,0.471,False
2013-12-03 05:55:00,84.07484551,0.593,False
2013-12-03 06:00:00,84.35696223,0.508,False
2013-12-03 06:05:00,84.58044581,0.396,False
2013-12-03 06:10:00,82.68818775,0.812,False
2013-12-03 06:15:00,82.69563236,0.774,False
2013-12-03 06:20:00,83.76512879,0.501,False
2013-12-03 06:25:00,82.98957536,0.672,False
2013-12-03 06:30:00,82.23041088,0.814,False
2013-12-03 06:35:00,83.88653506,0.383,False
2013-12-03 06:40:00,81.89958882,0.841,False
2013-12-03 06:45:00,81.51452457,0.902,False
2013-12-03 06:50:00,82.75784339,0.588,False
2013-12-03 06:55:00,82.38401128,0.687,False
2013-12-03 07:00:00,83.21031771,0.431,False
2013-12-03 07:05:00,82.8468474,0.465,False
2013-12-03 07:10:00,80.83401484,0.967,False
2013-12-03 07:15:00,80.57814533,0.992,False
2013-12-03 07:20:00,82.38411475,0.475,False
2013-12-03 07:25:00,82.14105996,0.536,False
2013-12-03 07:30:00,81.51010328,0.722,False
2013-12-03 07:35:00,80.32038196,1.064,False
2013-12-03 07:40:00,81.37765072,0.75,False
2013-12-03 07:45:00,82.57875201,0.384,False
2013-12-03 07:50:00,83.67102071,0.02,False
2013-12-03 07:55:00,82.31952904,0.457,False
2013-12-03 08:00:00,84.00735878,0.14,False
2013-12-03 08:05:00,84.15133223,0.218,False
2013-12-03 08:10:00,85.42547113,0.669,False
2013-12-03 08:15:00,86.54847695,1.08,False
2013-12-03 08:20:00,87.29964034,1.387,False
2013-12-03 08:25:00,86.08152742,1.003,False
2013-12-03 08:30:00,85.88428549,0.936,False
2013-12-03 08:35:00,85.56048471,0.841,False
2013-12-03 08:40:00,85.13496309,0.698,False
2013-12-03 08:45:00,86.6109496,1.123,False
2013-12-03 08:50:00,86.15758118,1.007,False
2013-12-03 08:55:00,85.23120601,0.724,False
2013-12-03 09:00:00,85.93395961,0.942,False
2013-12-03 09:05:00,85.11561607,0.726,False
2013-12-03 09:10:00,85.86375607,0.939,False
2013-12-03 09:15:00,83.48616417,0.3,False
2013-12-03 09:20:00,85.48938451,0.849,False
2013-12-03 09:25:00,83.14095879,0.226,False
2013-12-03 09:30:00,83.35164174,0.294,False
2013-12-03 09:35:00,83.69802526,0.398,False
2013-12-03 09:40:00,83.80362667,0.447,False
2013-12-03 09:45:00,83.50931286,0.377,False
2013-12-03 09:50:00,83.4881532,0.372,False
2013-12-03 09:55:00,84.0784573,0.613,False
2013-12-03 10:00:00,82.26519820000001,0.201,False
2013-12-03 10:05:00,82.83535437,0.37,False
2013-12-03 10:10:00,82.04034143,0.204,False
2013-12-03 10:15:00,81.50854903,0.064,False
2013-12-03 10:20:00,82.36420121,0.309,False
2013-12-03 10:25:00,80.58482816,0.141,False
2013-12-03 10:30:00,80.9978684,0.058,False
2013-12-03 10:35:00,81.16723557,0.184,False
2013-12-03 10:40:00,80.31567859,0.066,False
2013-12-03 10:45:00,79.66605694,0.249,False
2013-12-03 10:50:00,79.8814896,0.155,False
2013-12-03 10:55:00,78.09314197,0.711,False
2013-12-03 11:00:00,77.72449282,0.826,False
2013-12-03 11:05:00,78.41045288,0.612,False
2013-12-03 11:10:00,77.1646548,1.0,False
2013-12-03 11:15:00,75.35177264,1.563,False
2013-12-03 11:20:00,76.18233367,1.372,False
2013-12-03 11:25:00,74.56924109,1.979,False
2013-12-03 11:30:00,73.50573006,2.514,False
2013-12-03 11:35:00,74.57014555,2.283,False
2013-12-03 11:40:00,72.68741156,3.246,False
2013-12-03 11:45:00,73.52553931,3.075,False
2013-12-03 11:50:00,72.82721113,3.483,False
2013-12-03 11:55:00,72.77529924,3.577,False
2013-12-03 12:00:00,73.83093472,3.097,False
2013-12-03 12:05:00,73.13846943,3.45,False
2013-12-03 12:10:00,75.34241901,2.437,False
2013-12-03 12:15:00,74.81298165,2.839,False
2013-12-03 12:20:00,76.34122004,2.045,False
2013-12-03 12:25:00,75.35202093,2.559,False
2013-12-03 12:30:00,76.16336404,2.031,False
2013-12-03 12:35:00,77.01836571,1.573,False
2013-12-03 12:40:00,78.61550225,0.803,False
2013-12-03 12:45:00,77.52448684,1.36,False
2013-12-03 12:50:00,79.26428222,0.524,False
2013-12-03 12:55:00,77.39280881,1.498,False
2013-12-03 13:00:00,78.22049763,1.178,False
2013-12-03 13:05:00,78.35412045,1.038,False
2013-12-03 13:10:00,80.11719562,0.09,False
2013-12-03 13:15:00,80.49280262,0.128,False
2013-12-03 13:20:00,78.8077078,0.793,False
2013-12-03 13:25:00,80.44409017,0.091,False
2013-12-03 13:30:00,79.70186363,0.301,False
2013-12-03 13:35:00,80.17581648,0.051,False
2013-12-03 13:40:00,80.00900765,0.139,False
2013-12-03 13:45:00,79.75172848,0.309,False
2013-12-03 13:50:00,81.54395534,0.568,False
2013-12-03 13:55:00,81.30146345,0.406,False
2013-12-03 14:00:00,81.19987815,0.266,False
2013-12-03 14:05:00,81.68924032,0.388,False
2013-12-03 14:10:00,80.85042358,0.167,False
2013-12-03 14:15:00,80.22887183,0.589,False
2013-12-03 14:20:00,80.54340412,0.463,False
2013-12-03 14:25:00,82.69675156,0.844,False
2013-12-03 14:30:00,82.87691879,0.913,False
2013-12-03 14:35:00,81.39294104,0.148,False
2013-12-03 14:40:00,81.09516526,0.471,False
2013-12-03 14:45:00,82.01953528,0.069,False
2013-12-03 14:50:00,81.3269712,0.441,False
2013-12-03 14:55:00,82.31148178,0.226,False
2013-12-03 15:00:00,83.32496669,0.893,False
2013-12-03 15:05:00,83.21001771,0.78,False
2013-12-03 15:10:00,82.25146959,0.075,False
2013-12-03 15:15:00,83.11339476,0.709,False
2013-12-03 15:20:00,84.61722355,1.837,False
2013-12-03 15:25:00,84.37223101,1.737,False
2013-12-03 15:30:00,84.79520638,2.083,False
2013-12-03 15:35:00,83.63540044,1.135,False
2013-12-03 15:40:00,82.62589147,0.31,False
2013-12-03 15:45:00,83.2559329,0.825,False
2013-12-03 15:50:00,84.38916448,1.751,False
2013-12-03 15:55:00,83.18147487,0.764,False
2013-12-03 16:00:00,83.48184527,1.01,False
2013-12-03 16:05:00,82.68143532,0.356,False
2013-12-03 16:10:00,82.97997961,0.6,False
2013-12-03 16:15:00,84.13486850000002,1.442,False
2013-12-03 16:20:00,83.54342224,0.954,False
2013-12-03 16:25:00,82.56862498,0.237,False
2013-12-03 16:30:00,83.45096889,0.86,False
2013-12-03 16:35:00,83.45143576,0.86,False
2013-12-03 16:40:00,82.88039053,0.357,False
2013-12-03 16:45:00,82.57263847,0.06,False
2013-12-03 16:50:00,83.85374038,0.874,False
2013-12-03 16:55:00,82.44444475,0.084,False
2013-12-03 17:00:00,82.11652105,0.319,False
2013-12-03 17:05:00,82.52409712,0.064,False
2013-12-03 17:10:00,83.22921909,0.35,False
2013-12-03 17:15:00,83.55667979,0.503,False
2013-12-03 17:20:00,82.69741029,0.0,False
2013-12-03 17:25:00,82.24032523,0.268,False
2013-12-03 17:30:00,82.18283255,0.35,False
2013-12-03 17:35:00,81.91025778,0.504,False
2013-12-03 17:40:00,81.92220756,0.545,False
2013-12-03 17:45:00,83.08562271,0.028,False
2013-12-03 17:50:00,81.94416494,0.598,False
2013-12-03 17:55:00,83.33882055,0.097,False
2013-12-03 18:00:00,82.73869514,0.195,False
2013-12-03 18:05:00,81.52296852,0.666,False
2013-12-03 18:10:00,81.42689951,0.685,False
2013-12-03 18:15:00,83.44744203,0.093,False
2013-12-03 18:20:00,83.17741645,0.025,False
2013-12-03 18:25:00,81.39971499,0.703,False
2013-12-03 18:30:00,81.49327887,0.667,False
2013-12-03 18:35:00,81.42247440000001,0.68,False
2013-12-03 18:40:00,80.01620011,1.177,False
2013-12-03 18:45:00,81.18422859,0.721,False
2013-12-03 18:50:00,78.87746103,1.477,False
2013-12-03 18:55:00,79.32870176,1.339,False
2013-12-03 19:00:00,78.53209148,1.59,False
2013-12-03 19:05:00,77.31031199,2.009,False
2013-12-03 19:10:00,78.60147648,1.543,False
2013-12-03 19:15:00,80.59333215,0.812,False
2013-12-03 19:20:00,80.34151261,0.907,False
2013-12-03 19:25:00,82.61994773,0.037,False
2013-12-03 19:30:00,82.02344746,0.258,False
2013-12-03 19:35:00,84.359617,0.633,False
2013-12-03 19:40:00,85.67172288,1.144,False
2013-12-03 19:45:00,85.56966109,1.124,False
2013-12-03 19:50:00,86.33936754,1.427,False
2013-12-03 19:55:00,85.82410266,1.25,False
2013-12-03 20:00:00,85.67514744,1.2,False
2013-12-03 20:05:00,86.73557359,1.594,False
2013-12-03 20:10:00,86.71059894,1.63,False
2013-12-03 20:15:00,84.49232932,0.849,False
2013-12-03 20:20:00,84.57715258,0.92,False
2013-12-03 20:25:00,86.11829435,1.538,False
2013-12-03 20:30:00,85.81371619,1.444,False
2013-12-03 20:35:00,84.01298513,0.78,False
2013-12-03 20:40:00,85.86114419,1.54,False
2013-12-03 20:45:00,84.63378489,1.163,False
2013-12-03 20:50:00,84.6204503,1.176,False
2013-12-03 20:55:00,84.30866618,1.073,False
2013-12-03 21:00:00,83.42961151,0.709,False
2013-12-03 21:05:00,84.55433571,1.069,False
2013-12-03 21:10:00,83.45318420000002,0.71,False
2013-12-03 21:15:00,84.33273465,0.99,False
2013-12-03 21:20:00,83.62480036,0.836,False
2013-12-03 21:25:00,83.82024756,0.994,False
2013-12-03 21:30:00,82.82118107,0.725,False
2013-12-03 21:35:00,82.48534664,0.658,False
2013-12-03 21:40:00,82.41635233,0.672,False
2013-12-03 21:45:00,82.85831903,0.841,False
2013-12-03 21:50:00,81.22431855,0.441,False
2013-12-03 21:55:00,81.3498204,0.476,False
2013-12-03 22:00:00,80.37310562,0.207,False
2013-12-03 22:05:00,79.5603305,0.017,False
2013-12-03 22:10:00,79.97472613,0.097,False
2013-12-03 22:15:00,79.68231758,0.017,False
2013-12-03 22:20:00,78.25736747,0.178,False
2013-12-03 22:25:00,78.15867147,0.013,False
2013-12-03 22:30:00,76.50030119,0.209,False
2013-12-03 22:35:00,76.28318438,0.059,False
2013-12-03 22:40:00,76.58648498,0.043,False
2013-12-03 22:45:00,75.3056747,0.109,False
2013-12-03 22:50:00,74.74571333,0.064,False
2013-12-03 22:55:00,74.18629409,0.126,False
2013-12-03 23:00:00,74.77344761,0.067,False
2013-12-03 23:05:00,72.89169183,0.145,False
2013-12-03 23:10:00,72.92432965,0.004,False
2013-12-03 23:15:00,71.36444054,0.167,False
2013-12-03 23:20:00,70.60517297,0.103,False
2013-12-03 23:25:00,70.08010776,0.134,False
2013-12-03 23:30:00,70.80451005,0.099,False
2013-12-03 23:35:00,69.41110478,0.072,False
2013-12-03 23:40:00,68.23720056,0.296,False
2013-12-03 23:45:00,68.81053857,0.173,False
2013-12-03 23:50:00,67.95144903,0.365,False
2013-12-03 23:55:00,65.90649636,0.845,False
2013-12-04 00:00:00,66.20465117,0.797,False
2013-12-04 00:05:00,66.09439847,0.823,False
2013-12-04 00:10:00,64.92515067,1.216,False
2013-12-04 00:15:00,65.91054219,0.96,False
2013-12-04 00:20:00,65.0764574,1.252,False
2013-12-04 00:25:00,64.4365387,1.477,False
2013-12-04 00:30:00,64.22546298,1.801,False
2013-12-04 00:35:00,64.67301299,1.966,False
2013-12-04 00:40:00,62.87339214,2.786,False
2013-12-04 00:45:00,64.07636038,2.362,False
2013-12-04 00:50:00,64.24233104,2.469,False
2013-12-04 00:55:00,63.61616805,3.049,False
2013-12-04 01:00:00,62.35719049,4.223,False
2013-12-04 01:05:00,61.94124256,4.465,False
2013-12-04 01:10:00,62.19962941,4.314,False
2013-12-04 01:15:00,61.91339759,4.481,False
2013-12-04 01:20:00,61.92579229,4.474,False
2013-12-04 01:25:00,62.48497727,3.624,False
2013-12-04 01:30:00,61.935635,3.903,False
2013-12-04 01:35:00,61.63262008,4.057,False
2013-12-04 01:40:00,60.37118114,4.699,False
2013-12-04 01:45:00,59.96038979,4.908,False
2013-12-04 01:50:00,61.13922001,4.308,False
2013-12-04 01:55:00,60.52991525,4.618,False
2013-12-04 02:00:00,59.63744866,5.072,False
2013-12-04 02:05:00,60.00666098,4.884,False
2013-12-04 02:10:00,60.12505135,4.824,False
2013-12-04 02:15:00,59.72064235,5.03,False
2013-12-04 02:20:00,60.43677303,4.455,False
2013-12-04 02:25:00,62.87329018,3.272,False
2013-12-04 02:30:00,66.49930690000001,1.511,False
2013-12-04 02:35:00,69.81211169,0.097,False
2013-12-04 02:40:00,72.92970657,0.757,False
2013-12-04 02:45:00,75.48652039,0.643,False
2013-12-04 02:50:00,77.56468667,0.523,False
2013-12-04 02:55:00,78.28725568,0.39,False
2013-12-04 03:00:00,77.60706621,0.21,False
2013-12-04 03:05:00,79.24906378,0.296,False
2013-12-04 03:10:00,79.49390087,0.08,False
2013-12-04 03:15:00,80.39691483,0.415,False
2013-12-04 03:20:00,81.02638717,0.535,False
2013-12-04 03:25:00,80.03079367,0.448,False
2013-12-04 03:30:00,81.96289081,0.317,False
2013-12-04 03:35:00,82.80100858,0.405,False
2013-12-04 03:40:00,82.63704015,0.037,False
2013-12-04 03:45:00,82.54456987,0.142,False
2013-12-04 03:50:00,83.91816767,0.625,False
2013-12-04 03:55:00,84.21337153,0.404,False
2013-12-04 04:00:00,83.5474584,0.332,False
2013-12-04 04:05:00,83.94591696,0.119,False
2013-12-04 04:10:00,85.50765598,0.915,False
2013-12-04 04:15:00,84.75313439,0.337,False
2013-12-04 04:20:00,87.38966543,1.634,False
2013-12-04 04:25:00,85.61241075,0.612,False
2013-12-04 04:30:00,87.04546782,0.055,False
2013-12-04 04:35:00,87.60232129,0.569,False
2013-12-04 04:40:00,87.31292835,0.282,False
2013-12-04 04:45:00,87.61788219,0.548,False
2013-12-04 04:50:00,87.91839902,0.826,False
2013-12-04 04:55:00,87.33875515,0.233,False
2013-12-04 05:00:00,87.00012634,0.216,False
2013-12-04 05:05:00,86.98303457,0.338,False
2013-12-04 05:10:00,88.13082806,0.757,False
2013-12-04 05:15:00,88.89966936,1.439,False
2013-12-04 05:20:00,88.76009472,1.18,False
2013-12-04 05:25:00,87.91843709,0.326,False
2013-12-04 05:30:00,87.61665589,0.174,False
2013-12-04 05:35:00,88.30627918,0.471,False
2013-12-04 05:40:00,88.93290809999998,1.18,False
2013-12-04 05:45:00,88.29581581,0.299,False
2013-12-04 05:50:00,87.12400298,1.344,False
2013-12-04 05:55:00,89.0575271,1.189,False
2013-12-04 06:00:00,86.98426456,1.811,False
2013-12-04 06:05:00,88.16593201,0.19,False
2013-12-04 06:10:00,87.07435833,1.66,False
2013-12-04 06:15:00,88.25426297,0.227,False
2013-12-04 06:20:00,87.0632953,1.822,False
2013-12-04 06:25:00,88.74480066,0.084,False
2013-12-04 06:30:00,88.51117094,0.278,False
2013-12-04 06:35:00,88.37158723,0.463,False
2013-12-04 06:40:00,88.00478586,0.912,False
2013-12-04 06:45:00,88.61564448,0.275,False
2013-12-04 06:50:00,89.857271,1.026,False
2013-12-04 06:55:00,89.11117455,0.126,False
2013-12-04 07:00:00,88.73527502,0.381,False
2013-12-04 07:05:00,90.44048272,1.128,False
2013-12-04 07:10:00,90.87460331,1.268,False
2013-12-04 07:15:00,88.83698476,1.009,False
2013-12-04 07:20:00,90.74342245,0.993,False
2013-12-04 07:25:00,90.92465673,1.193,False
2013-12-04 07:30:00,89.80826519,0.119,False
2013-12-04 07:35:00,89.87410639,0.1,False
2013-12-04 07:40:00,91.94873788,2.186,False
2013-12-04 07:45:00,91.03236887,1.164,False
2013-12-04 07:50:00,91.26672743,1.424,False
2013-12-04 07:55:00,89.98528487,0.041,False
2013-12-04 08:00:00,90.77882139,0.794,False
2013-12-04 08:05:00,91.84765707,1.859,False
2013-12-04 08:10:00,90.42548359,0.294,False
2013-12-04 08:15:00,91.3827811,1.269,False
2013-12-04 08:20:00,90.06954941,0.139,False
2013-12-04 08:25:00,89.97814049,0.295,False
2013-12-04 08:30:00,90.3096759,0.03,False
2013-12-04 08:35:00,90.72428594,0.473,False
2013-12-04 08:40:00,90.1455803,0.196,False
2013-12-04 08:45:00,91.60297257,1.299,False
2013-12-04 08:50:00,89.95340409,0.463,False
2013-12-04 08:55:00,91.23679402,0.859,False
2013-12-04 09:00:00,90.88751787,0.438,False
2013-12-04 09:05:00,91.11322564,0.679,False
2013-12-04 09:10:00,91.71235473,1.319,False
2013-12-04 09:15:00,91.11938781,0.713,False
2013-12-04 09:20:00,91.10486261,0.697,False
2013-12-04 09:25:00,91.6813322,1.407,False
2013-12-04 09:30:00,90.514947,0.044,False
2013-12-04 09:35:00,89.71700074,0.845,False
2013-12-04 09:40:00,91.65203082,1.305,False
2013-12-04 09:45:00,91.01595463,0.598,False
2013-12-04 09:50:00,91.47394549,1.107,False
2013-12-04 09:55:00,91.03909176,0.624,False
2013-12-04 10:00:00,89.65866770000002,0.879,False
2013-12-04 10:05:00,91.06468954,0.626,False
2013-12-04 10:10:00,90.05823487,0.439,False
2013-12-04 10:15:00,90.23402189,0.163,False
2013-12-04 10:20:00,89.98472665,0.429,False
2013-12-04 10:25:00,91.8117387,1.581,False
2013-12-04 10:30:00,91.5975513,1.404,False
2013-12-04 10:35:00,90.57501904,0.31,False
2013-12-04 10:40:00,90.25297529,0.029,False
2013-12-04 10:45:00,89.78884843,0.473,False
2013-12-04 10:50:00,91.49798647,1.307,False
2013-12-04 10:55:00,90.15558683,0.041,False
2013-12-04 11:00:00,91.54101803,1.32,False
2013-12-04 11:05:00,90.34836465,0.188,False
2013-12-04 11:10:00,91.03425337,0.862,False
2013-12-04 11:15:00,90.10654338,0.016,False
2013-12-04 11:20:00,91.14968611,0.963,False
2013-12-04 11:25:00,90.85022799,0.695,False
2013-12-04 11:30:00,90.23782718,0.162,False
2013-12-04 11:35:00,90.57429048,0.47,False
2013-12-04 11:40:00,91.44783131,1.216,False
2013-12-04 11:45:00,89.7515613,0.097,False
2013-12-04 11:50:00,90.52987624,0.618,False
2013-12-04 11:55:00,90.60576981,0.691,False
2013-12-04 12:00:00,88.85217825,0.652,False
2013-12-04 12:05:00,90.03063173,0.28,False
2013-12-04 12:10:00,89.38603658,0.098,False
2013-12-04 12:15:00,89.66376247,0.391,False
2013-12-04 12:20:00,88.05606264,0.275,False
2013-12-04 12:25:00,87.71234894,0.117,False
2013-12-04 12:30:00,86.62532028,0.561,False
2013-12-04 12:35:00,86.89842071,0.091,False
2013-12-04 12:40:00,86.10068109,0.428,False
2013-12-04 12:45:00,86.32186857,0.104,False
2013-12-04 12:50:00,87.1806124,0.662,False
2013-12-04 12:55:00,85.58175774,0.436,False
2013-12-04 13:00:00,84.32018121,1.235,False
2013-12-04 13:05:00,85.34846490000002,0.502,False
2013-12-04 13:10:00,85.23133389,0.53,False
2013-12-04 13:15:00,83.60369239,1.364,False
2013-12-04 13:20:00,84.14668277,1.046,False
2013-12-04 13:25:00,84.36204419,0.883,False
2013-12-04 13:30:00,82.44829347,1.797,False
2013-12-04 13:35:00,81.86204397,1.763,False
2013-12-04 13:40:00,82.19836897,1.447,False
2013-12-04 13:45:00,80.83766416,1.833,False
2013-12-04 13:50:00,82.56379835,1.124,False
2013-12-04 13:55:00,80.59808084,1.539,False
2013-12-04 14:00:00,80.89253215,1.31,False
2013-12-04 14:05:00,82.13609654,0.93,False
2013-12-04 14:10:00,81.81714711,0.972,False
2013-12-04 14:15:00,80.48854812,1.167,False
2013-12-04 14:20:00,81.26469622,0.927,False
2013-12-04 14:25:00,82.42140024,0.701,False
2013-12-04 14:30:00,82.23030379,0.735,False
2013-12-04 14:35:00,80.90134325,0.981,False
2013-12-04 14:40:00,80.63039214,1.031,False
2013-12-04 14:45:00,82.21095386,0.739,False
2013-12-04 14:50:00,80.81686347,0.996,False
2013-12-04 14:55:00,82.55444217,0.675,False
2013-12-04 15:00:00,82.44111181,0.696,False
2013-12-04 15:05:00,82.15499505,0.749,False
2013-12-04 15:10:00,82.57000445,0.672,False
2013-12-04 15:15:00,82.65327799,0.657,False
2013-12-04 15:20:00,83.17016645,0.562,False
2013-12-04 15:25:00,83.89940482,0.427,False
2013-12-04 15:30:00,83.34087231,0.53,False
2013-12-04 15:35:00,85.33284543,0.162,False
2013-12-04 15:40:00,85.93505505,0.051,False
2013-12-04 15:45:00,85.71260799,0.126,False
2013-12-04 15:50:00,87.38667453,0.13,False
2013-12-04 15:55:00,87.53885279,0.228,False
2013-12-04 16:00:00,89.39106540000002,0.565,False
2013-12-04 16:05:00,90.39821735,0.751,False
2013-12-04 16:10:00,89.99111759,0.676,False
2013-12-04 16:15:00,92.67881246,1.172,False
2013-12-04 16:20:00,92.17664249,1.079,False
2013-12-04 16:25:00,93.01952015,1.235,False
2013-12-04 16:30:00,94.36744637,1.484,False
2013-12-04 16:35:00,92.10645466,1.068,False
2013-12-04 16:40:00,93.72782704,1.385,False
2013-12-04 16:45:00,92.00929857,1.075,False
2013-12-04 16:50:00,91.78009622,1.039,False
2013-12-04 16:55:00,92.88011059,1.259,False
2013-12-04 17:00:00,91.49568071,1.005,False
2013-12-04 17:05:00,92.16856523,1.214,False
2013-12-04 17:10:00,91.95875727,1.244,False
2013-12-04 17:15:00,91.7865819,1.228,False
2013-12-04 17:20:00,90.80421640000002,1.029,False
2013-12-04 17:25:00,90.04604107,0.866,False
2013-12-04 17:30:00,89.24455669,0.698,False
2013-12-04 17:35:00,88.97549237,0.649,False
2013-12-04 17:40:00,89.06278767,0.685,False
2013-12-04 17:45:00,89.83434121,0.894,False
2013-12-04 17:50:00,88.75770969,0.623,False
2013-12-04 17:55:00,88.93708576,0.699,False
2013-12-04 18:00:00,89.89472492,1.014,False
2013-12-04 18:05:00,89.75942233,1.075,False
2013-12-04 18:10:00,89.84901477,1.267,False
2013-12-04 18:15:00,89.09228711,1.109,False
2013-12-04 18:20:00,89.28155577,1.243,False
2013-12-04 18:25:00,88.97625236,1.146,False
2013-12-04 18:30:00,88.31911026,0.891,False
2013-12-04 18:35:00,86.89757046,0.26,False
2013-12-04 18:40:00,86.46548218,0.061,False
2013-12-04 18:45:00,87.93127799,0.717,False
2013-12-04 18:50:00,86.14703741,0.081,False
2013-12-04 18:55:00,86.20108694,0.011,False
2013-12-04 19:00:00,84.68833564,0.362,False
2013-12-04 19:05:00,84.55245269,0.124,False
2013-12-04 19:10:00,85.03371137,0.166,False
2013-12-04 19:15:00,84.16566457,0.078,False
2013-12-04 19:20:00,83.41172533,0.277,False
2013-12-04 19:25:00,83.48429814,0.22,False
2013-12-04 19:30:00,84.03467948,0.073,False
2013-12-04 19:35:00,84.02689217,0.179,False
2013-12-04 19:40:00,83.67734936,0.092,False
2013-12-04 19:45:00,82.31388201,0.267,False
2013-12-04 19:50:00,81.06008809999999,0.55,False
2013-12-04 19:55:00,81.804672,0.116,False
2013-12-04 20:00:00,82.54389631,0.284,False
2013-12-04 20:05:00,81.87183273,0.122,False
2013-12-04 20:10:00,80.99710173,0.134,False
2013-12-04 20:15:00,79.91313421,0.542,False
2013-12-04 20:20:00,81.32479433,0.112,False
2013-12-04 20:25:00,79.94101834,0.494,False
2013-12-04 20:30:00,79.44182803,0.736,False
2013-12-04 20:35:00,79.53199670000002,0.717,False
2013-12-04 20:40:00,79.58711093,0.709,False
2013-12-04 20:45:00,79.2697328,0.892,False
2013-12-04 20:50:00,81.02489838,0.001,False
2013-12-04 20:55:00,80.60286328,0.23,False
2013-12-04 21:00:00,80.44649158,0.329,False
2013-12-04 21:05:00,81.07399759999998,0.027,False
2013-12-04 21:10:00,80.13239831,0.528,False
2013-12-04 21:15:00,81.33413076,0.191,False
2013-12-04 21:20:00,79.51232841,0.951,False
2013-12-04 21:25:00,80.50032751,0.335,False
2013-12-04 21:30:00,79.97948954,0.669,False
2013-12-04 21:35:00,79.83015237,0.811,False
2013-12-04 21:40:00,78.96169451,1.32,False
2013-12-04 21:45:00,78.74249219,1.46,False
2013-12-04 21:50:00,77.26466917,2.55,False
2013-12-04 21:55:00,77.86819433,2.141,False
2013-12-04 22:00:00,76.76317722,2.89,False
2013-12-04 22:05:00,78.47627847,1.63,False
2013-12-04 22:10:00,76.77337183,2.718,False
2013-12-04 22:15:00,77.43778372,2.294,False
2013-12-04 22:20:00,77.36030679,2.343,False
2013-12-04 22:25:00,76.11909253,3.136,False
2013-12-04 22:30:00,76.56850919,2.849,False
2013-12-04 22:35:00,76.48572951,2.902,False
2013-12-04 22:40:00,76.4624307,2.882,False
2013-12-04 22:45:00,77.35105191,2.321,False
2013-12-04 22:50:00,77.04228069,2.516,False
2013-12-04 22:55:00,76.28685218,3.029,False
2013-12-04 23:00:00,77.58567673,2.173,False
2013-12-04 23:05:00,78.52005968,1.583,False
2013-12-04 23:10:00,79.65510723,0.866,False
2013-12-04 23:15:00,80.1073755,0.596,False
2013-12-04 23:20:00,79.97991582,0.754,False
2013-12-04 23:25:00,82.09911484,0.6,False
2013-12-04 23:30:00,81.02731208,0.147,False
2013-12-04 23:35:00,82.36891368,0.735,False
2013-12-04 23:40:00,82.43188272,0.771,False
2013-12-04 23:45:00,83.27622491,1.319,False
2013-12-04 23:50:00,81.25979414,0.243,False
2013-12-04 23:55:00,81.76280285,0.076,False
2013-12-05 00:00:00,83.35420453,1.193,False
2013-12-05 00:05:00,82.52295937,0.57,False
2013-12-05 00:10:00,81.85942459,0.056,False
2013-12-05 00:15:00,81.8037868,0.006,False
2013-12-05 00:20:00,82.57528729,0.538,False
2013-12-05 00:25:00,82.90318308,0.778,False
2013-12-05 00:30:00,82.4823319,0.449,False
2013-12-05 00:35:00,83.39210799,1.128,False
2013-12-05 00:40:00,81.37690913,0.382,False
2013-12-05 00:45:00,81.24603216,0.529,False
2013-12-05 00:50:00,82.58037157,0.485,False
2013-12-05 00:55:00,81.87701487,0.12,False
2013-12-05 01:00:00,83.55915859,1.146,False
2013-12-05 01:05:00,81.59858688,0.379,False
2013-12-05 01:10:00,82.74195917,0.474,False
2013-12-05 01:15:00,82.71827429,0.44,False
2013-12-05 01:20:00,82.37771613,0.088,False
2013-12-05 01:25:00,81.72015198,0.556,False
2013-12-05 01:30:00,83.29989108,0.796,False
2013-12-05 01:35:00,83.59659781,1.061,False
2013-12-05 01:40:00,81.56817194,0.77,False
2013-12-05 01:45:00,82.41137405,0.03,False
2013-12-05 01:50:00,82.0728321,0.34,False
2013-12-05 01:55:00,83.58370499,1.019,False
2013-12-05 02:00:00,82.84410371,0.348,False
2013-12-05 02:05:00,82.61618649,0.12,False
2013-12-05 02:10:00,82.16627916,0.303,False
2013-12-05 02:15:00,83.05385388,0.516,False
2013-12-05 02:20:00,83.53246444,0.982,False
2013-12-05 02:25:00,82.91920490000003,0.375,False
2013-12-05 02:30:00,81.72472683,0.793,False
2013-12-05 02:35:00,82.53245119,0.038,False
2013-12-05 02:40:00,81.89611827,0.64,False
2013-12-05 02:45:00,81.98874197,0.561,False
2013-12-05 02:50:00,83.58350239,0.966,False
2013-12-05 02:55:00,82.17427237,0.383,False
2013-12-05 03:00:00,81.81918517,0.723,False
2013-12-05 03:05:00,82.60145334,0.028,False
2013-12-05 03:10:00,83.08653743,0.519,False
2013-12-05 03:15:00,83.45371038,0.864,False
2013-12-05 03:20:00,81.41285397,1.113,False
2013-12-05 03:25:00,83.3780726,0.79,False
2013-12-05 03:30:00,83.44733584,0.904,False
2013-12-05 03:35:00,81.36004802,1.17,False
2013-12-05 03:40:00,82.68029327,0.17,False
2013-12-05 03:45:00,81.28135587,1.209,False
2013-12-05 03:50:00,82.59111138,0.08,False
2013-12-05 03:55:00,83.41638363,0.952,False
2013-12-05 04:00:00,81.29591751,1.191,False
2013-12-05 04:05:00,83.4138286,1.009,False
2013-12-05 04:10:00,82.49198933,0.059,False
2013-12-05 04:15:00,82.57240851,0.176,False
2013-12-05 04:20:00,82.45706835,0.073,False
2013-12-05 04:25:00,83.02181864,0.726,False
2013-12-05 04:30:00,82.9949833,0.683,False
2013-12-05 04:35:00,81.36656571,0.77,False
2013-12-05 04:40:00,83.13858068,0.956,False
2013-12-05 04:45:00,81.42462484,0.704,False
2013-12-05 04:50:00,83.35504881,1.208,False
2013-12-05 04:55:00,81.910648,0.167,False
2013-12-05 05:00:00,83.0170021,0.978,False
2013-12-05 05:05:00,82.05244367,0.076,False
2013-12-05 05:10:00,82.83126064,0.879,False
2013-12-05 05:15:00,81.24678562,0.645,False
2013-12-05 05:20:00,83.26018551,1.377,False
2013-12-05 05:25:00,82.81812563,1.057,False
2013-12-05 05:30:00,82.57380932,0.905,False
2013-12-05 05:35:00,83.25881041,1.782,False
2013-12-05 05:40:00,81.96180267,0.367,False
2013-12-05 05:45:00,83.17318978,1.595,False
2013-12-05 05:50:00,81.15886951,0.331,False
2013-12-05 05:55:00,81.32888335,0.09,False
2013-12-05 06:00:00,81.55588066,0.161,False
2013-12-05 06:05:00,81.15572913,0.205,False
2013-12-05 06:10:00,82.39145631,1.035,False
2013-12-05 06:15:00,82.79592117,1.438,False
2013-12-05 06:20:00,81.60323609999998,0.311,False
2013-12-05 06:25:00,80.78482374,0.488,False
2013-12-05 06:30:00,82.11687886,0.987,False
2013-12-05 06:35:00,81.59395516,0.498,False
2013-12-05 06:40:00,80.46205735,0.843,False
2013-12-05 06:45:00,81.63122296,0.672,False
2013-12-05 06:50:00,80.9116303,0.099,False
2013-12-05 06:55:00,80.96090416,0.016,False
2013-12-05 07:00:00,80.98651656,0.061,False
2013-12-05 07:05:00,80.35888865,0.645,False
2013-12-05 07:10:00,81.20873088,0.55,False
2013-12-05 07:15:00,79.76408824,1.246,False
2013-12-05 07:20:00,79.36749096,1.469,False
2013-12-05 07:25:00,79.26593447,1.388,False
2013-12-05 07:30:00,80.99917163,1.123,False
2013-12-05 07:35:00,80.81986767,1.267,False
2013-12-05 07:40:00,79.78727467,0.036,False
2013-12-05 07:45:00,80.5835448,1.126,False
2013-12-05 07:50:00,79.55970927,0.117,False
2013-12-05 07:55:00,79.14382863,0.22,False
2013-12-05 08:00:00,79.24067463,0.016,False
2013-12-05 08:05:00,79.75050588,0.75,False
2013-12-05 08:10:00,78.98503793,0.107,False
2013-12-05 08:15:00,78.36282324,0.418,False
2013-12-05 08:20:00,77.61413984,0.512,False
2013-12-05 08:25:00,77.09164148,0.669,False
2013-12-05 08:30:00,77.54778688,0.315,False
2013-12-05 08:35:00,75.63533675,1.007,False
2013-12-05 08:40:00,74.70018313,1.065,False
2013-12-05 08:45:00,74.51646326,0.664,False
2013-12-05 08:50:00,75.30499262,0.952,False
2013-12-05 08:55:00,72.81869102,1.323,False
2013-12-05 09:00:00,72.28588755,0.884,False
2013-12-05 09:05:00,72.35833424,0.291,False
2013-12-05 09:10:00,73.09152990000003,0.933,False
2013-12-05 09:15:00,71.97335021,0.306,False
2013-12-05 09:20:00,71.74196073,0.397,False
2013-12-05 09:25:00,72.16491961,0.344,False
2013-12-05 09:30:00,71.66124999,0.115,False
2013-12-05 09:35:00,70.67506293,1.164,False
2013-12-05 09:40:00,71.78321277,0.287,False
2013-12-05 09:45:00,70.28077567,1.06,False
2013-12-05 09:50:00,71.23651301,0.04,False
2013-12-05 09:55:00,70.58110925,0.567,False
2013-12-05 10:00:00,71.05323234,0.042,False
2013-12-05 10:05:00,70.47337195,0.382,False
2013-12-05 10:10:00,70.63797296,0.018,False
2013-12-05 10:15:00,69.93597686,0.62,False
2013-12-05 10:20:00,71.35572643,0.733,False
2013-12-05 10:25:00,69.69336818,0.756,False
2013-12-05 10:30:00,71.15766235,0.622,False
2013-12-05 10:35:00,71.13846278,0.698,False
2013-12-05 10:40:00,69.62328485,0.667,False
2013-12-05 10:45:00,69.68256606,0.59,False
2013-12-05 10:50:00,69.80759885,0.471,False
2013-12-05 10:55:00,69.84044814,0.428,False
2013-12-05 11:00:00,70.49005644,0.165,False
2013-12-05 11:05:00,70.330021,0.022,False
2013-12-05 11:10:00,69.7909485,0.443,False
2013-12-05 11:15:00,70.00041405,0.257,False
2013-12-05 11:20:00,69.05827941,1.035,False
2013-12-05 11:25:00,70.53826985,0.174,False
2013-12-05 11:30:00,69.50115203,0.542,False
2013-12-05 11:35:00,69.18727154,0.739,False
2013-12-05 11:40:00,68.56075448,1.097,False
2013-12-05 11:45:00,67.68503829999999,1.532,False
2013-12-05 11:50:00,69.11590531,0.659,False
2013-12-05 11:55:00,67.40884136,1.306,False
2013-12-05 12:00:00,67.476989,1.077,False
2013-12-05 12:05:00,68.06586236,0.748,False
2013-12-05 12:10:00,66.35827559,1.171,False
2013-12-05 12:15:00,67.66058046,0.724,False
2013-12-05 12:20:00,66.76743976,0.906,False
2013-12-05 12:25:00,65.89982104,1.086,False
2013-12-05 12:30:00,67.14852567,0.717,False
2013-12-05 12:35:00,66.94671285,0.712,False
2013-12-05 12:40:00,66.32091505,0.817,False
2013-12-05 12:45:00,65.76653616,0.929,False
2013-12-05 12:50:00,64.3515384,1.248,False
2013-12-05 12:55:00,65.78693625,0.906,False
2013-12-05 13:00:00,64.25303232,1.245,False
2013-12-05 13:05:00,64.08989013,1.274,False
2013-12-05 13:10:00,65.05212543,1.033,False
2013-12-05 13:15:00,65.16487331,0.957,False
2013-12-05 13:20:00,65.86879167,0.752,False
2013-12-05 13:25:00,66.77942753,0.529,False
2013-12-05 13:30:00,68.6582382,0.06,False
2013-12-05 13:35:00,68.08382094,0.146,False
2013-12-05 13:40:00,70.45875683,0.412,False
2013-12-05 13:45:00,72.26965532,0.838,False
2013-12-05 13:50:00,73.43660798,1.125,False
2013-12-05 13:55:00,72.66751598,1.003,False
2013-12-05 14:00:00,73.89541781,1.333,False
2013-12-05 14:05:00,74.60362117,1.541,False
2013-12-05 14:10:00,76.8452298,2.101,False
2013-12-05 14:15:00,75.71426817,1.866,False
2013-12-05 14:20:00,76.60785243,2.1,False
2013-12-05 14:25:00,76.93415347,2.184,False
2013-12-05 14:30:00,77.58514233,2.363,False
2013-12-05 14:35:00,77.22425719,2.331,False
2013-12-05 14:40:00,76.05232869,2.105,False
2013-12-05 14:45:00,74.52795039,1.776,False
2013-12-05 14:50:00,74.02143608,1.68,False
2013-12-05 14:55:00,74.68174206,1.878,False
2013-12-05 15:00:00,73.58860696,1.68,False
2013-12-05 15:05:00,73.52037199,1.725,False
2013-12-05 15:10:00,71.21106021,1.24,False
2013-12-05 15:15:00,71.92518359999998,1.51,False
2013-12-05 15:20:00,70.90511946,1.284,False
2013-12-05 15:25:00,68.49168005,0.772,False
2013-12-05 15:30:00,68.78031658,1.026,False
2013-12-05 15:35:00,68.66293885,1.205,False
2013-12-05 15:40:00,67.39454678,0.878,False
2013-12-05 15:45:00,66.60664005,0.799,False
2013-12-05 15:50:00,65.61327929,0.563,False
2013-12-05 15:55:00,64.56349701,0.168,False
2013-12-05 16:00:00,63.28974329,0.194,False
2013-12-05 16:05:00,63.28361665,0.001,False
2013-12-05 16:10:00,61.58298516,0.412,False
2013-12-05 16:15:00,60.82411582,0.322,False
2013-12-05 16:20:00,61.3940652,0.008,False
2013-12-05 16:25:00,60.11903873,0.546,False
2013-12-05 16:30:00,59.99923502,0.474,False
2013-12-05 16:35:00,61.12918756,0.144,False
2013-12-05 16:40:00,61.36189498,0.27,False
2013-12-05 16:45:00,60.47558897,0.043,False
2013-12-05 16:50:00,60.67434851,0.092,False
2013-12-05 16:55:00,59.66856035,0.28,False
2013-12-05 17:00:00,60.45000400000001,0.125,False
2013-12-05 17:05:00,60.80958974,0.293,False
2013-12-05 17:10:00,59.64651164,0.18,False
2013-12-05 17:15:00,59.54190124,0.143,False
2013-12-05 17:20:00,60.15249910000001,0.195,False
2013-12-05 17:25:00,60.17481249,0.225,False
2013-12-05 17:30:00,58.24862344,0.586,False
2013-12-05 17:35:00,59.74236722,0.338,False
2013-12-05 17:40:00,58.22633431,0.075,False
2013-12-05 17:45:00,58.3855254,0.001,False
2013-12-05 17:50:00,57.14889801,0.629,False
2013-12-05 17:55:00,57.78556067,0.312,False
2013-12-05 18:00:00,57.09208687,0.671,False
2013-12-05 18:05:00,58.39042981,0.001,False
2013-12-05 18:10:00,56.55757397,0.993,False
2013-12-05 18:15:00,58.05195686,0.182,False
2013-12-05 18:20:00,57.14054744,0.685,False
2013-12-05 18:25:00,57.55458171,0.477,False
2013-12-05 18:30:00,57.74679739999999,0.381,False
2013-12-05 18:35:00,56.24537782,1.331,False
2013-12-05 18:40:00,57.78431077,0.399,False
2013-12-05 18:45:00,57.54979774,0.574,False
2013-12-05 18:50:00,55.62290214,1.997,False
2013-12-05 18:55:00,56.95010972,1.106,False
2013-12-05 19:00:00,56.90507469,1.071,False
2013-12-05 19:05:00,56.27583477,1.445,False
2013-12-05 19:10:00,56.77215799,1.069,False
2013-12-05 19:15:00,55.06048213,2.066,False
2013-12-05 19:20:00,55.59128069,1.737,False
2013-12-05 19:25:00,54.1752324,2.616,False
2013-12-05 19:30:00,54.10044932,2.836,False
2013-12-05 19:35:00,55.7142578,1.768,False
2013-12-05 19:40:00,54.48448692,2.408,False
2013-12-05 19:45:00,54.28460214,2.349,False
2013-12-05 19:50:00,53.49095412,2.691,False
2013-12-05 19:55:00,53.83973553,2.468,False
2013-12-05 20:00:00,53.21226224,2.808,False
2013-12-05 20:05:00,54.30013819,2.218,False
2013-12-05 20:10:00,52.69490606,3.089,False
2013-12-05 20:15:00,54.52217181,2.097,False
2013-12-05 20:20:00,53.39950217,2.695,False
2013-12-05 20:25:00,53.76591516,2.497,False
2013-12-05 20:30:00,55.48784973,1.567,False
2013-12-05 20:35:00,58.38399867,0.37,False
2013-12-05 20:40:00,60.82231136,0.657,False
2013-12-05 20:45:00,62.91385509,0.565,False
2013-12-05 20:50:00,63.24062362,0.088,False
2013-12-05 20:55:00,65.13339739999999,0.884,False
2013-12-05 21:00:00,65.13108334,0.616,False
2013-12-05 21:05:00,63.75501432,0.358,False
2013-12-05 21:10:00,65.98616848,0.701,False
2013-12-05 21:15:00,64.59238537,0.219,False
2013-12-05 21:20:00,66.02308663,0.51,False
2013-12-05 21:25:00,64.22520873,0.613,False
2013-12-05 21:30:00,65.30499142,0.022,False
2013-12-05 21:35:00,64.81862084,0.532,False
2013-12-05 21:40:00,65.37620261,0.409,False
2013-12-05 21:45:00,67.23300451,0.394,False
2013-12-05 21:50:00,68.0215815,0.353,False
2013-12-05 21:55:00,70.3264255,1.636,False
2013-12-05 22:00:00,72.04798826,2.738,False
2013-12-05 22:05:00,70.07075146,1.354,False
2013-12-05 22:10:00,71.45767329,2.127,False
2013-12-05 22:15:00,70.0629783,0.382,False
2013-12-05 22:20:00,70.83555336,0.643,False
2013-12-05 22:25:00,70.29964073,0.2,False
2013-12-05 22:30:00,70.06636171,0.105,False
2013-12-05 22:35:00,68.29009644,1.874,False
2013-12-05 22:40:00,67.72633586,2.76,False
2013-12-05 22:45:00,68.12959604,2.968,False
2013-12-05 22:50:00,69.09482717,2.448,False
2013-12-05 22:55:00,71.6819387,0.185,False
2013-12-05 23:00:00,72.63361488,0.296,False
2013-12-05 23:05:00,74.68915944,1.081,False
2013-12-05 23:10:00,75.32798340000002,0.349,False
2013-12-05 23:15:00,77.82645677,1.366,False
2013-12-05 23:20:00,78.07905579,0.235,False
2013-12-05 23:25:00,77.90171939,0.054,False
2013-12-05 23:30:00,78.38328489,0.39,False
2013-12-05 23:35:00,80.10658254,2.189,False
2013-12-05 23:40:00,77.99680051,0.988,False
2013-12-05 23:45:00,79.30386819,0.222,False
2013-12-05 23:50:00,80.05529151,0.24,False
2013-12-05 23:55:00,80.78756045,0.878,False
2013-12-06 00:00:00,80.31264012,0.183,False
2013-12-06 00:05:00,79.66953128,0.761,False
2013-12-06 00:10:00,80.81405686,0.67,False
2013-12-06 00:15:00,80.50669086,0.128,False
2013-12-06 00:20:00,80.22910207,0.384,False
2013-12-06 00:25:00,81.20467883,0.714,False
2013-12-06 00:30:00,80.28832197,0.694,False
2013-12-06 00:35:00,80.53516842,0.623,False
2013-12-06 00:40:00,81.80354219,0.405,False
2013-12-06 00:45:00,82.8386627,1.304,False
2013-12-06 00:50:00,81.94678053,0.427,False
2013-12-06 00:55:00,82.74989778,0.144,False
2013-12-06 01:00:00,83.47587378,0.998,False
2013-12-06 01:05:00,83.67322406,1.235,False
2013-12-06 01:10:00,82.55316396,1.134,False
2013-12-06 01:15:00,83.0079108,1.05,False
2013-12-06 01:20:00,84.49061689,1.455,False
2013-12-06 01:25:00,83.92031306,0.245,False
2013-12-06 01:30:00,84.40340024,0.971,False
2013-12-06 01:35:00,83.73743803,0.403,False
2013-12-06 01:40:00,84.04370267,0.037,False
2013-12-06 01:45:00,84.35318899,0.425,False
2013-12-06 01:50:00,83.83828123,0.474,False
2013-12-06 01:55:00,85.93011866,2.908,False
2013-12-06 02:00:00,84.40460814,0.124,False
2013-12-06 02:05:00,84.38927282,0.052,False
2013-12-06 02:10:00,85.31473236,1.59,False
2013-12-06 02:15:00,85.75698337,2.1,False
2013-12-06 02:20:00,84.53993477,0.21,False
2013-12-06 02:25:00,86.04609802,2.468,False
2013-12-06 02:30:00,84.81274419,0.435,False
2013-12-06 02:35:00,85.30419785,1.036,False
2013-12-06 02:40:00,84.65094866,0.104,False
2013-12-06 02:45:00,84.59690608,0.026,False
2013-12-06 02:50:00,84.12060871,0.763,False
2013-12-06 02:55:00,84.55255978,0.16,False
2013-12-06 03:00:00,84.67308873,0.001,False
2013-12-06 03:05:00,84.67499509,0.001,False
2013-12-06 03:10:00,84.98545756,0.421,False
2013-12-06 03:15:00,84.29595954,0.655,False
2013-12-06 03:20:00,84.08710444,0.96,False
2013-12-06 03:25:00,85.16101352,0.486,False
2013-12-06 03:30:00,86.1419467,1.748,False
2013-12-06 03:35:00,85.16826676,0.46,False
2013-12-06 03:40:00,86.02786823,1.541,False
2013-12-06 03:45:00,85.03961453,0.198,False
2013-12-06 03:50:00,84.72047996,0.27,False
2013-12-06 03:55:00,84.35793793,0.774,False
2013-12-06 04:00:00,84.92830219,0.038,False
2013-12-06 04:05:00,85.79966719,1.081,False
2013-12-06 04:10:00,84.76603887,0.246,False
2013-12-06 04:15:00,84.11658401,1.08,False
2013-12-06 04:20:00,85.81920004,1.106,False
2013-12-06 04:25:00,84.81184829,0.253,False
2013-12-06 04:30:00,85.80186344,0.983,False
2013-12-06 04:35:00,85.46634207,0.543,False
2013-12-06 04:40:00,86.05691524,1.277,False
2013-12-06 04:45:00,85.60646495,0.682,False
2013-12-06 04:50:00,85.93829897,0.97,False
2013-12-06 04:55:00,84.6321135,0.626,False
2013-12-06 05:00:00,85.19901937,0.043,False
2013-12-06 05:05:00,84.84295282,0.406,False
2013-12-06 05:10:00,86.01090909,0.97,False
2013-12-06 05:15:00,85.71160468,0.643,False
2013-12-06 05:20:00,85.17123249,0.017,False
2013-12-06 05:25:00,85.91434138,0.862,False
2013-12-06 05:30:00,86.30354179999998,1.359,False
2013-12-06 05:35:00,86.33521479,1.333,False
2013-12-06 05:40:00,85.04888203,0.237,False
2013-12-06 05:45:00,85.26798304,0.121,False
2013-12-06 05:50:00,85.03278368,0.547,False
2013-12-06 05:55:00,85.64819486,0.168,False
2013-12-06 06:00:00,84.0761445,1.782,False
2013-12-06 06:05:00,84.93025619,0.782,False
2013-12-06 06:10:00,86.21059458,0.676,False
2013-12-06 06:15:00,86.27074903,0.727,False
2013-12-06 06:20:00,84.37165492,1.374,False
2013-12-06 06:25:00,84.7932213,0.959,False
2013-12-06 06:30:00,85.0646978,0.715,False
2013-12-06 06:35:00,85.21848109,0.581,False
2013-12-06 06:40:00,85.52062843,0.29,False
2013-12-06 06:45:00,86.17214333,0.384,False
2013-12-06 06:50:00,85.63729394,0.175,False
2013-12-06 06:55:00,84.62820324,1.196,False
2013-12-06 07:00:00,84.44420509,1.387,False
2013-12-06 07:05:00,84.20215183,1.628,False
2013-12-06 07:10:00,84.67124549,1.203,False
2013-12-06 07:15:00,84.30404699,1.533,False
2013-12-06 07:20:00,85.03999937,0.907,False
2013-12-06 07:25:00,86.20609056,0.142,False
2013-12-06 07:30:00,86.79495911,0.619,False
2013-12-06 07:35:00,85.49449029,0.557,False
2013-12-06 07:40:00,86.95350773,0.624,False
2013-12-06 07:45:00,85.60955634,0.489,False
2013-12-06 07:50:00,85.8643435,0.303,False
2013-12-06 07:55:00,86.12905779,0.123,False
2013-12-06 08:00:00,85.8878703,0.325,False
2013-12-06 08:05:00,85.61007825,0.626,False
2013-12-06 08:10:00,86.04642382,0.398,False
2013-12-06 08:15:00,87.60148663,0.666,False
2013-12-06 08:20:00,86.58979626,0.109,False
2013-12-06 08:25:00,87.10489522,0.256,False
2013-12-06 08:30:00,87.96757190000002,0.829,False
2013-12-06 08:35:00,87.68165216,0.642,False
2013-12-06 08:40:00,86.99811962,0.088,False
2013-12-06 08:45:00,86.61335536,0.185,False
2013-12-06 08:50:00,87.44517028,0.404,False
2013-12-06 08:55:00,86.75563143,0.084,False
2013-12-06 09:00:00,88.48422213,1.141,False
2013-12-06 09:05:00,88.27812502,0.995,False
2013-12-06 09:10:00,88.5421577,1.182,False
2013-12-06 09:15:00,88.99382002,1.502,False
2013-12-06 09:20:00,88.66177318,1.266,False
2013-12-06 09:25:00,89.58667061,1.945,False
2013-12-06 09:30:00,87.36310353,0.351,False
2013-12-06 09:35:00,89.80438353,2.101,False
2013-12-06 09:40:00,89.34921059,1.753,False
2013-12-06 09:45:00,88.39352483,1.076,False
2013-12-06 09:50:00,88.29760686,1.008,False
2013-12-06 09:55:00,88.20047462,0.94,False
2013-12-06 10:00:00,89.72035301,2.041,False
2013-12-06 10:05:00,89.94821983,2.259,False
2013-12-06 10:10:00,88.21227381,0.996,False
2013-12-06 10:15:00,88.65621567,1.326,False
2013-12-06 10:20:00,88.4299984,1.158,False
2013-12-06 10:25:00,87.82673372,0.709,False
2013-12-06 10:30:00,88.9410603,1.519,False
2013-12-06 10:35:00,87.80621485,0.682,False
2013-12-06 10:40:00,88.058076,0.853,False
2013-12-06 10:45:00,88.27469445,1.021,False
2013-12-06 10:50:00,88.23123178,0.887,False
2013-12-06 10:55:00,88.17457953,0.806,False
2013-12-06 11:00:00,88.12694043,0.748,False
2013-12-06 11:05:00,88.78693322,1.104,False
2013-12-06 11:10:00,86.73094703,0.006,False
2013-12-06 11:15:00,88.03635826,0.655,False
2013-12-06 11:20:00,86.27756404,0.2,False
2013-12-06 11:25:00,88.05065597,0.698,False
2013-12-06 11:30:00,86.10277143,0.189,False
2013-12-06 11:35:00,87.81933816,0.747,False
2013-12-06 11:40:00,85.28407189,0.443,False
2013-12-06 11:45:00,85.64068248,0.14,False
2013-12-06 11:50:00,85.75392203,0.027,False
2013-12-06 11:55:00,85.28143374,0.088,False
2013-12-06 12:00:00,86.35431704,0.519,False
2013-12-06 12:05:00,84.09042512,0.433,False
2013-12-06 12:10:00,84.46185928,0.071,False
2013-12-06 12:15:00,84.20637419,0.141,False
2013-12-06 12:20:00,83.91135038,0.24,False
2013-12-06 12:25:00,84.6881581,0.205,False
2013-12-06 12:30:00,84.3439427,0.099,False
2013-12-06 12:35:00,82.49697873,0.772,False
2013-12-06 12:40:00,84.52926473,0.306,False
2013-12-06 12:45:00,83.37403945,0.265,False
2013-12-06 12:50:00,83.95488155,0.165,False
2013-12-06 12:55:00,82.60273164,0.466,False
2013-12-06 13:00:00,82.66074408,0.453,False
2013-12-06 13:05:00,82.85787559,0.343,False
2013-12-06 13:10:00,80.95227787,1.577,False
2013-12-06 13:15:00,80.98443162,1.57,False
2013-12-06 13:20:00,81.32783573,1.381,False
2013-12-06 13:25:00,81.60800265,1.225,False
2013-12-06 13:30:00,81.61744931,1.248,False
2013-12-06 13:35:00,81.71424494,1.216,False
2013-12-06 13:40:00,81.19061515,1.568,False
2013-12-06 13:45:00,81.15347093,1.684,False
2013-12-06 13:50:00,80.82253465,1.946,False
2013-12-06 13:55:00,80.54223499999998,2.168,False
2013-12-06 14:00:00,82.25503814,0.813,False
2013-12-06 14:05:00,81.71091559,1.312,False
2013-12-06 14:10:00,80.39807257,2.407,False
2013-12-06 14:15:00,82.18909602,0.913,False
2013-12-06 14:20:00,81.9818427,1.131,False
2013-12-06 14:25:00,81.74069573,1.34,False
2013-12-06 14:30:00,82.53948263,0.673,False
2013-12-06 14:35:00,81.42354689,1.682,False
2013-12-06 14:40:00,82.73216401,0.499,False
2013-12-06 14:45:00,81.0530613,2.02,False
2013-12-06 14:50:00,82.15409042,1.023,False
2013-12-06 14:55:00,82.71116634,0.517,False
2013-12-06 15:00:00,81.20869774,1.875,False
2013-12-06 15:05:00,81.43203023,1.677,False
2013-12-06 15:10:00,83.23610498,0.044,False
2013-12-06 15:15:00,81.67275906,1.459,False
2013-12-06 15:20:00,83.44254236,0.144,False
2013-12-06 15:25:00,83.19842129,0.077,False
2013-12-06 15:30:00,82.6301235,0.591,False
2013-12-06 15:35:00,83.85803576,0.519,False
2013-12-06 15:40:00,83.34190639,0.005,False
2013-12-06 15:45:00,83.07497171,0.227,False
2013-12-06 15:50:00,83.04347383,0.255,False
2013-12-06 15:55:00,84.34675079,0.843,False
2013-12-06 16:00:00,83.76773769,0.311,False
2013-12-06 16:05:00,84.28919399,0.567,False
2013-12-06 16:10:00,82.98573386,0.662,False
2013-12-06 16:15:00,83.33136165,0.417,False
2013-12-06 16:20:00,84.23313069,0.265,False
2013-12-06 16:25:00,84.14906171,0.077,False
2013-12-06 16:30:00,84.3910635,0.181,False
2013-12-06 16:35:00,83.16230454,1.005,False
2013-12-06 16:40:00,84.37571128,0.053,False
2013-12-06 16:45:00,85.52927525,1.079,False
2013-12-06 16:50:00,85.51070893,1.042,False
2013-12-06 16:55:00,85.59265021,1.001,False
2013-12-06 17:00:00,83.97028255,0.698,False
2013-12-06 17:05:00,83.8271506,1.017,False
2013-12-06 17:10:00,85.33631999,0.422,False
2013-12-06 17:15:00,84.93937528,0.014,False
2013-12-06 17:20:00,85.13754478,0.093,False
2013-12-06 17:25:00,85.46997707,0.259,False
2013-12-06 17:30:00,86.02853614,0.713,False
2013-12-06 17:35:00,84.62753464,1.01,False
2013-12-06 17:40:00,84.77474672,0.872,False
2013-12-06 17:45:00,84.96647919,0.659,False
2013-12-06 17:50:00,86.98474479,1.605,False
2013-12-06 17:55:00,84.90993755,0.853,False
2013-12-06 18:00:00,85.6854795,0.108,False
2013-12-06 18:05:00,85.56072314,0.456,False
2013-12-06 18:10:00,87.06448114,0.964,False
2013-12-06 18:15:00,87.21925870000004,0.664,False
2013-12-06 18:20:00,86.83488181,0.017,False
2013-12-06 18:25:00,85.87065190000001,1.189,False
2013-12-06 18:30:00,87.39075374,0.538,False
2013-12-06 18:35:00,87.87400742,1.055,False
2013-12-06 18:40:00,87.98036142,1.097,False
2013-12-06 18:45:00,86.88756344,0.511,False
2013-12-06 18:50:00,88.29902134,1.079,False
2013-12-06 18:55:00,86.47068631,1.372,False
2013-12-06 19:00:00,88.44710986,0.646,False
2013-12-06 19:05:00,88.86900905,1.09,False
2013-12-06 19:10:00,86.86429463,1.431,False
2013-12-06 19:15:00,88.7741792,0.756,False
2013-12-06 19:20:00,88.53532508,0.226,False
2013-12-06 19:25:00,88.58455406,0.197,False
2013-12-06 19:30:00,88.03181678,0.514,False
2013-12-06 19:35:00,87.37964716,1.313,False
2013-12-06 19:40:00,89.12754709,0.714,False
2013-12-06 19:45:00,89.58472475,1.226,False
2013-12-06 19:50:00,89.50472487,1.102,False
2013-12-06 19:55:00,88.69252479,0.101,False
2013-12-06 20:00:00,88.00120907,0.804,False
2013-12-06 20:05:00,88.49583437,0.275,False
2013-12-06 20:10:00,89.02886659,0.323,False
2013-12-06 20:15:00,89.09006685,0.37,False
2013-12-06 20:20:00,88.55876416,0.279,False
2013-12-06 20:25:00,89.00308732,0.207,False
2013-12-06 20:30:00,88.75119017,0.125,False
2013-12-06 20:35:00,89.85619338,1.14,False
2013-12-06 20:40:00,90.53936388,1.914,False
2013-12-06 20:45:00,90.05979756,1.332,False
2013-12-06 20:50:00,88.5098847,0.552,False
2013-12-06 20:55:00,88.38809597,0.699,False
2013-12-06 21:00:00,89.11822689,0.141,False
2013-12-06 21:05:00,88.92456894,0.116,False
2013-12-06 21:10:00,90.19279817,1.377,False
2013-12-06 21:15:00,88.91325441,0.242,False
2013-12-06 21:20:00,89.17577509,0.091,False
2013-12-06 21:25:00,89.32364442,0.256,False
2013-12-06 21:30:00,89.58497995,0.588,False
2013-12-06 21:35:00,89.45203783,0.403,False
2013-12-06 21:40:00,90.20751452,1.339,False
2013-12-06 21:45:00,90.18090501,1.306,False
2013-12-06 21:50:00,89.01108155,0.139,False
2013-12-06 21:55:00,88.6339473,0.641,False
2013-12-06 22:00:00,88.84455412,0.38,False
2013-12-06 22:05:00,89.93175648,0.96,False
2013-12-06 22:10:00,90.24756688,1.319,False
2013-12-06 22:15:00,89.85241481,0.837,False
2013-12-06 22:20:00,89.70331337,0.608,False
2013-12-06 22:25:00,90.38717115,1.42,False
2013-12-06 22:30:00,89.38548903,0.043,False
2013-12-06 22:35:00,89.19804732,0.199,False
2013-12-06 22:40:00,89.66383968,0.393,False
2013-12-06 22:45:00,90.03627127,0.785,False
2013-12-06 22:50:00,88.81068549999998,0.691,False
2013-12-06 22:55:00,88.77914918,0.791,False
2013-12-06 23:00:00,90.59731407,1.62,False
2013-12-06 23:05:00,90.38459105,1.232,False
2013-12-06 23:10:00,90.27709428,0.918,False
2013-12-06 23:15:00,89.69966583,0.181,False
2013-12-06 23:20:00,89.8321473,0.346,False
2013-12-06 23:25:00,89.1249876,0.537,False
2013-12-06 23:30:00,90.21347699,0.816,False
2013-12-06 23:35:00,90.40198388,1.007,False
2013-12-06 23:40:00,89.52444534,0.038,False
2013-12-06 23:45:00,88.28771451,1.582,False
2013-12-06 23:50:00,88.78104478,0.935,False
2013-12-06 23:55:00,89.81385655,0.387,False
2013-12-07 00:00:00,90.54354611,1.348,False
2013-12-07 00:05:00,89.18963413,0.467,False
2013-12-07 00:10:00,89.88696663,0.425,False
2013-12-07 00:15:00,89.00938998,0.698,False
2013-12-07 00:20:00,89.69868985,0.137,False
2013-12-07 00:25:00,89.02730989,0.709,False
2013-12-07 00:30:00,90.53871154,1.132,False
2013-12-07 00:35:00,89.0411713,0.754,False
2013-12-07 00:40:00,88.26541557,1.7,False
2013-12-07 00:45:00,88.836895,1.013,False
2013-12-07 00:50:00,90.04037637,0.434,False
2013-12-07 00:55:00,88.98497367,0.835,False
2013-12-07 01:00:00,89.12950543,0.661,False
2013-12-07 01:05:00,89.76387557,0.079,False
2013-12-07 01:10:00,89.59247781,0.123,False
2013-12-07 01:15:00,89.60651619,0.092,False
2013-12-07 01:20:00,89.86910912,0.241,False
2013-12-07 01:25:00,89.31410296,0.407,False
2013-12-07 01:30:00,88.42457612,1.478,False
2013-12-07 01:35:00,89.00409318,0.764,False
2013-12-07 01:40:00,90.30481698,0.818,False
2013-12-07 01:45:00,88.47245641,1.355,False
2013-12-07 01:50:00,90.05749869,0.551,False
2013-12-07 01:55:00,89.84264695,0.286,False
2013-12-07 02:00:00,90.56839105,1.165,False
2013-12-07 02:05:00,90.47793511,1.105,False
2013-12-07 02:10:00,88.98365961,0.652,False
2013-12-07 02:15:00,89.48298079,0.029,False
2013-12-07 02:20:00,89.37261591,0.144,False
2013-12-07 02:25:00,88.68721107,0.9,False
2013-12-07 02:30:00,89.64205732,0.255,False
2013-12-07 02:35:00,89.11196166,0.276,False
2013-12-07 02:40:00,90.43507567,1.438,False
2013-12-07 02:45:00,89.49850537,0.383,False
2013-12-07 02:50:00,89.03132305,0.181,False
2013-12-07 02:55:00,88.66577541,0.622,False
2013-12-07 03:00:00,89.69495751,0.648,False
2013-12-07 03:05:00,88.86383288,0.31,False
2013-12-07 03:10:00,90.46603971,1.67,False
2013-12-07 03:15:00,90.02842538,1.18,False
2013-12-07 03:20:00,90.1880513,1.312,False
2013-12-07 03:25:00,90.38719189,1.487,False
2013-12-07 03:30:00,90.54951315,1.677,False
2013-12-07 03:35:00,89.85459788,0.933,False
2013-12-07 03:40:00,90.54908392,1.614,False
2013-12-07 03:45:00,90.19243266,1.244,False
2013-12-07 03:50:00,89.00019337,0.008,False
2013-12-07 03:55:00,88.60728448,0.372,False
2013-12-07 04:00:00,90.18718696,1.209,False
2013-12-07 04:05:00,90.22298132,1.268,False
2013-12-07 04:10:00,89.67396594,0.778,False
2013-12-07 04:15:00,88.47693609,0.234,False
2013-12-07 04:20:00,88.80178324,0.103,False
2013-12-07 04:25:00,89.17223929,0.427,False
2013-12-07 04:30:00,88.07897493,0.401,False
2013-12-07 04:35:00,89.51557819,0.717,False
2013-12-07 04:40:00,88.58112033,0.039,False
2013-12-07 04:45:00,89.65512389,0.884,False
2013-12-07 04:50:00,87.58349617,0.686,False
2013-12-07 04:55:00,88.15463289,0.181,False
2013-12-07 05:00:00,88.94216541,0.514,False
2013-12-07 05:05:00,87.60353719999998,0.436,False
2013-12-07 05:10:00,86.82973436,1.001,False
2013-12-07 05:15:00,87.72413211,0.294,False
2013-12-07 05:20:00,88.17258000000002,0.11,False
2013-12-07 05:25:00,86.50686723,1.038,False
2013-12-07 05:30:00,86.6537377,0.843,False
2013-12-07 05:35:00,88.33981078,0.283,False
2013-12-07 05:40:00,88.45365078,0.333,False
2013-12-07 05:45:00,87.09487731,0.478,False
2013-12-07 05:50:00,86.19807165,0.999,False
2013-12-07 05:55:00,86.62688202,0.736,False
2013-12-07 06:00:00,87.561961,0.191,False
2013-12-07 06:05:00,87.33392916,0.319,False
2013-12-07 06:10:00,85.94871551,1.084,False
2013-12-07 06:15:00,86.27192087,0.904,False
2013-12-07 06:20:00,85.59055932,1.261,False
2013-12-07 06:25:00,87.55742430000002,0.182,False
2013-12-07 06:30:00,86.43693924,0.784,False
2013-12-07 06:35:00,87.17773568,0.386,False
2013-12-07 06:40:00,85.67629967,1.171,False
2013-12-07 06:45:00,86.09326253,0.951,False
2013-12-07 06:50:00,85.73722323,1.117,False
2013-12-07 06:55:00,84.97270804,1.444,False
2013-12-07 07:00:00,86.68389485,0.536,False
2013-12-07 07:05:00,86.31263598,0.687,False
2013-12-07 07:10:00,84.34077512,1.558,False
2013-12-07 07:15:00,84.7145816,1.362,False
2013-12-07 07:20:00,84.69006154,1.349,False
2013-12-07 07:25:00,84.91727527,1.224,False
2013-12-07 07:30:00,85.68990816,0.865,False
2013-12-07 07:35:00,86.06375035,0.686,False
2013-12-07 07:40:00,87.11179901,0.204,False
2013-12-07 07:45:00,86.77471349,0.305,False
2013-12-07 07:50:00,86.13672677,0.509,False
2013-12-07 07:55:00,86.41969066,0.33,False
2013-12-07 08:00:00,87.83453285,0.332,False
2013-12-07 08:05:00,87.95787732,0.452,False
2013-12-07 08:10:00,88.97287392,0.969,False
2013-12-07 08:15:00,87.70083918,0.434,False
2013-12-07 08:20:00,88.07960306,0.63,False
2013-12-07 08:25:00,87.8145492,0.524,False
2013-12-07 08:30:00,89.29051364,1.14,False
2013-12-07 08:35:00,88.55026479,0.808,False
2013-12-07 08:40:00,89.44282875,1.148,False
2013-12-07 08:45:00,89.14220145,1.008,False
2013-12-07 08:50:00,89.98481547,1.308,False
2013-12-07 08:55:00,90.41325986,1.418,False
2013-12-07 09:00:00,90.97655886,1.618,False
2013-12-07 09:05:00,90.17952017,1.358,False
2013-12-07 09:10:00,90.36155683,1.38,False
2013-12-07 09:15:00,92.70477032,2.053,False
2013-12-07 09:20:00,91.37251011,1.628,False
2013-12-07 09:25:00,92.25345502,1.899,False
2013-12-07 09:30:00,92.36178941,1.93,False
2013-12-07 09:35:00,90.35382349,1.261,False
2013-12-07 09:40:00,91.14623339,1.384,False
2013-12-07 09:45:00,89.90100251,1.023,False
2013-12-07 09:50:00,89.79607707,1.006,False
2013-12-07 09:55:00,87.61667592,0.456,False
2013-12-07 10:00:00,89.04056159,0.812,False
2013-12-07 10:05:00,86.49196308,0.228,False
2013-12-07 10:10:00,85.88450585,0.166,False
2013-12-07 10:15:00,85.93246392,0.177,False
2013-12-07 10:20:00,85.96463641,0.185,False
2013-12-07 10:25:00,84.18465674,0.242,False
2013-12-07 10:30:00,85.43090742,0.126,False
2013-12-07 10:35:00,84.40214989,0.027,False
2013-12-07 10:40:00,84.15026516,0.004,False
2013-12-07 10:45:00,82.40372204,0.213,False
2013-12-07 10:50:00,81.91440498,0.085,False
2013-12-07 10:55:00,81.893784,0.03,False
2013-12-07 11:00:00,80.91167786,0.242,False
2013-12-07 11:05:00,79.29114904,0.638,False
2013-12-07 11:10:00,80.30504314,0.335,False
2013-12-07 11:15:00,80.11661545,0.357,False
2013-12-07 11:20:00,79.25563728,0.541,False
2013-12-07 11:25:00,79.51399281,0.478,False
2013-12-07 11:30:00,78.97906373,0.609,False
2013-12-07 11:35:00,78.5039027,0.725,False
2013-12-07 11:40:00,78.04365349,0.837,False
2013-12-07 11:45:00,78.66305553,0.711,False
2013-12-07 11:50:00,77.86483605,0.953,False
2013-12-07 11:55:00,76.47873504,1.43,False
2013-12-07 12:00:00,77.42829998,1.307,False
2013-12-07 12:05:00,76.29156361,1.845,False
2013-12-07 12:10:00,76.97425875,1.733,False
2013-12-07 12:15:00,75.80671939,2.44,False
2013-12-07 12:20:00,74.38138161,3.365,False
2013-12-07 12:25:00,75.02540318,3.161,False
2013-12-07 12:30:00,74.02520067,3.769,False
2013-12-07 12:35:00,74.90274690000003,3.481,False
2013-12-07 12:40:00,74.62257438,3.629,False
2013-12-07 12:45:00,72.37723298,5.419,False
2013-12-07 12:50:00,72.54924689,6.001,True
2013-12-07 12:55:00,73.79459427,5.226,False
2013-12-07 13:00:00,73.33293528,5.715,False
2013-12-07 13:05:00,74.38012896,4.98,False
2013-12-07 13:10:00,76.78844325,3.323,False
2013-12-07 13:15:00,78.04525536,2.431,False
2013-12-07 13:20:00,79.80070025,1.186,False
2013-12-07 13:25:00,80.09102362,0.98,False
2013-12-07 13:30:00,82.12245773,0.488,False
2013-12-07 13:35:00,80.17627288,0.971,False
2013-12-07 13:40:00,80.45832414,0.718,False
2013-12-07 13:45:00,80.22144457,0.841,False
2013-12-07 13:50:00,81.35081774,0.081,False
2013-12-07 13:55:00,81.45636461,0.01,False
2013-12-07 14:00:00,82.1755507,0.419,False
2013-12-07 14:05:00,80.97713198,0.367,False
2013-12-07 14:10:00,81.69944119,0.046,False
2013-12-07 14:15:00,81.48721622,0.31,False
2013-12-07 14:20:00,82.84147420000002,0.609,False
2013-12-07 14:25:00,82.14404457,0.041,False
2013-12-07 14:30:00,82.05507345,0.059,False
2013-12-07 14:35:00,82.00350369,0.119,False
2013-12-07 14:40:00,81.8547879,0.507,False
2013-12-07 14:45:00,83.96317936,0.733,False
2013-12-07 14:50:00,83.69586977,0.321,False
2013-12-07 14:55:00,83.33519928,0.146,False
2013-12-07 15:00:00,83.26142102,0.468,False
2013-12-07 15:05:00,85.05118793,0.711,False
2013-12-07 15:10:00,85.15758453,0.575,False
2013-12-07 15:15:00,84.59163381,0.016,False
2013-12-07 15:20:00,84.55620777,0.116,False
2013-12-07 15:25:00,84.43134739,0.476,False
2013-12-07 15:30:00,84.7585872,0.35,False
2013-12-07 15:35:00,86.91936064,1.356,False
2013-12-07 15:40:00,87.08742813,0.686,False
2013-12-07 15:45:00,87.1606577,0.324,False
2013-12-07 15:50:00,86.00215436,0.91,False
2013-12-07 15:55:00,87.24123207,0.331,False
2013-12-07 16:00:00,88.66922579999998,1.733,False
2013-12-07 16:05:00,87.53758241,0.475,False
2013-12-07 16:10:00,87.70179365,0.621,False
2013-12-07 16:15:00,87.94859675,0.853,False
2013-12-07 16:20:00,87.53543077,0.402,False
2013-12-07 16:25:00,86.91705511,0.257,False
2013-12-07 16:30:00,87.53643105,0.352,False
2013-12-07 16:35:00,88.96482698,1.869,False
2013-12-07 16:40:00,88.7672073,1.612,False
2013-12-07 16:45:00,87.13322046,0.173,False
2013-12-07 16:50:00,88.16209798,0.906,False
2013-12-07 16:55:00,89.10323597,1.902,False
2013-12-07 17:00:00,87.73122459999998,0.281,False
2013-12-07 17:05:00,88.81087144,1.429,False
2013-12-07 17:10:00,87.69451084,0.177,False
2013-12-07 17:15:00,87.91648949,0.326,False
2013-12-07 17:20:00,88.82373791,1.26,False
2013-12-07 17:25:00,88.58497249,0.926,False
2013-12-07 17:30:00,88.90195969,1.248,False
2013-12-07 17:35:00,88.02582114,0.33,False
2013-12-07 17:40:00,88.46875767,0.772,False
2013-12-07 17:45:00,88.66723492,0.865,False
2013-12-07 17:50:00,86.81705861,1.162,False
2013-12-07 17:55:00,88.34260041,0.414,False
2013-12-07 18:00:00,88.17309644,0.233,False
2013-12-07 18:05:00,88.34981142,0.411,False
2013-12-07 18:10:00,88.55311502,0.618,False
2013-12-07 18:15:00,88.40919127,0.471,False
2013-12-07 18:20:00,88.23069011,0.284,False
2013-12-07 18:25:00,87.32042436,0.678,False
2013-12-07 18:30:00,87.06825802,1.021,False
2013-12-07 18:35:00,87.17001194,0.987,False
2013-12-07 18:40:00,86.8638459,1.298,False
2013-12-07 18:45:00,87.9441243,0.202,False
2013-12-07 18:50:00,87.11446235,1.033,False
2013-12-07 18:55:00,87.71007478,0.464,False
2013-12-07 19:00:00,87.25783029,0.945,False
2013-12-07 19:05:00,88.9236537,0.753,False
2013-12-07 19:10:00,89.13400444,0.969,False
2013-12-07 19:15:00,87.42598987,0.774,False
2013-12-07 19:20:00,89.18644724,1.011,False
2013-12-07 19:25:00,88.43065101,0.245,False
2013-12-07 19:30:00,86.92040117,1.274,False
2013-12-07 19:35:00,87.38618709999999,0.782,False
2013-12-07 19:40:00,88.51572349,0.339,False
2013-12-07 19:45:00,87.9521473,0.216,False
2013-12-07 19:50:00,88.31877256,0.152,False
2013-12-07 19:55:00,88.31296588,0.125,False
2013-12-07 20:00:00,88.84307451,0.67,False
2013-12-07 20:05:00,88.85688052,0.655,False
2013-12-07 20:10:00,88.87974831,0.691,False
2013-12-07 20:15:00,87.53003449,0.774,False
2013-12-07 20:20:00,88.97427693,0.705,False
2013-12-07 20:25:00,88.4253838,0.132,False
2013-12-07 20:30:00,87.56551921,0.766,False
2013-12-07 20:35:00,88.93696132,0.674,False
2013-12-07 20:40:00,89.13680205,0.867,False
2013-12-07 20:45:00,88.91489118,0.651,False
2013-12-07 20:50:00,88.70553776,0.437,False
2013-12-07 20:55:00,87.06559279999998,1.381,False
2013-12-07 21:00:00,87.03024718,1.402,False
2013-12-07 21:05:00,88.92088933,0.651,False
2013-12-07 21:10:00,87.39223473,0.994,False
2013-12-07 21:15:00,87.6049203,0.765,False
2013-12-07 21:20:00,88.20550889,0.117,False
2013-12-07 21:25:00,88.12504648,0.206,False
2013-12-07 21:30:00,88.96733156,0.623,False
2013-12-07 21:35:00,87.70025442,0.751,False
2013-12-07 21:40:00,87.6325708,0.838,False
2013-12-07 21:45:00,86.88859599,1.627,False
2013-12-07 21:50:00,88.94060520000002,0.511,False
2013-12-07 21:55:00,88.3258582,0.168,False
2013-12-07 22:00:00,88.41512979,0.089,False
2013-12-07 22:05:00,87.96213226,0.575,False
2013-12-07 22:10:00,86.94087849,1.684,False
2013-12-07 22:15:00,87.28189652,1.317,False
2013-12-07 22:20:00,88.03889936,0.524,False
2013-12-07 22:25:00,87.16218799,1.516,False
2013-12-07 22:30:00,87.54427551,1.096,False
2013-12-07 22:35:00,87.64377173,0.984,False
2013-12-07 22:40:00,88.47162673,0.068,False
2013-12-07 22:45:00,87.97656973,0.66,False
2013-12-07 22:50:00,88.6454738,0.059,False
2013-12-07 22:55:00,89.15128453,0.627,False
2013-12-07 23:00:00,89.14814557,0.597,False
2013-12-07 23:05:00,88.53521455,0.093,False
2013-12-07 23:10:00,88.71018655,0.144,False
2013-12-07 23:15:00,88.2851289,0.355,False
2013-12-07 23:20:00,89.46668494,1.005,False
2013-12-07 23:25:00,89.86449139,1.493,False
2013-12-07 23:30:00,88.92682554,0.345,False
2013-12-07 23:35:00,88.49875879,0.183,False
2013-12-07 23:40:00,87.99024947,0.794,False
2013-12-07 23:45:00,88.50977326,0.176,False
2013-12-07 23:50:00,88.5025968,0.189,False
2013-12-07 23:55:00,88.18132977,0.578,False
2013-12-08 00:00:00,90.06882788,1.734,False
2013-12-08 00:05:00,88.62374344,0.095,False
2013-12-08 00:10:00,88.78552161,0.116,False
2013-12-08 00:15:00,89.57189108,1.177,False
2013-12-08 00:20:00,89.90010855,1.596,False
2013-12-08 00:25:00,89.85103747,1.479,False
2013-12-08 00:30:00,89.42456643,0.906,False
2013-12-08 00:35:00,88.42628816,0.437,False
2013-12-08 00:40:00,90.18260878,1.87,False
2013-12-08 00:45:00,89.65595455,1.108,False
2013-12-08 00:50:00,89.02931366,0.192,False
2013-12-08 00:55:00,90.18388933,1.745,False
2013-12-08 01:00:00,89.52397499,0.766,False
2013-12-08 01:05:00,88.56234792,0.575,False
2013-12-08 01:10:00,89.91035336,1.158,False
2013-12-08 01:15:00,89.52715972,0.674,False
2013-12-08 01:20:00,88.71538595,0.418,False
2013-12-08 01:25:00,88.52563375,0.672,False
2013-12-08 01:30:00,88.34733928,0.923,False
2013-12-08 01:35:00,89.33236971,0.401,False
2013-12-08 01:40:00,89.45117068,0.561,False
2013-12-08 01:45:00,90.04973502,1.346,False
2013-12-08 01:50:00,88.53158132,0.675,False
2013-12-08 01:55:00,88.60854996,0.572,False
2013-12-08 02:00:00,89.44943331,0.571,False
2013-12-08 02:05:00,88.34009822,0.891,False
2013-12-08 02:10:00,89.18341649,0.244,False
2013-12-08 02:15:00,89.91287775,1.224,False
2013-12-08 02:20:00,88.66128008,0.458,False
2013-12-08 02:25:00,90.39332388,1.933,False
2013-12-08 02:30:00,89.49843578,0.784,False
2013-12-08 02:35:00,88.98167684,0.123,False
2013-12-08 02:40:00,89.27433469,0.528,False
2013-12-08 02:45:00,88.83622182,0.077,False
2013-12-08 02:50:00,89.98566332,1.51,False
2013-12-08 02:55:00,89.02222355,0.175,False
2013-12-08 03:00:00,88.6824523,0.283,False
2013-12-08 03:05:00,90.28620146,1.992,False
2013-12-08 03:10:00,88.64079754,0.273,False
2013-12-08 03:15:00,89.37158649999998,0.712,False
2013-12-08 03:20:00,89.2962611,0.642,False
2013-12-08 03:25:00,88.70035169,0.079,False
2013-12-08 03:30:00,89.03836503,0.447,False
2013-12-08 03:35:00,88.85037636,0.198,False
2013-12-08 03:40:00,90.06574533,1.876,False
2013-12-08 03:45:00,89.47321641,1.079,False
2013-12-08 03:50:00,89.49890193,1.142,False
2013-12-08 03:55:00,89.36027584,0.955,False
2013-12-08 04:00:00,90.30939485,2.269,False
2013-12-08 04:05:00,90.18745452,2.147,False
2013-12-08 04:10:00,88.80251206,0.281,False
2013-12-08 04:15:00,88.71426739,0.215,False
2013-12-08 04:20:00,88.01237756,0.713,False
2013-12-08 04:25:00,89.05340201,0.732,False
2013-12-08 04:30:00,87.63068406,1.046,False
2013-12-08 04:35:00,87.59996141,1.125,False
2013-12-08 04:40:00,88.93409249,0.906,False
2013-12-08 04:45:00,88.4932938,0.539,False
2013-12-08 04:50:00,87.87017502,0.188,False
2013-12-08 04:55:00,88.15965843,0.282,False
2013-12-08 05:00:00,88.57762583,0.932,False
2013-12-08 05:05:00,86.69567686,1.31,False
2013-12-08 05:10:00,87.48503779,0.164,False
2013-12-08 05:15:00,88.01252158,0.591,False
2013-12-08 05:20:00,87.84251635,0.593,False
2013-12-08 05:25:00,87.25676755,0.34,False
2013-12-08 05:30:00,86.27496035,0.264,False
2013-12-08 05:35:00,86.14686915,0.171,False
2013-12-08 05:40:00,85.25099819,1.164,False
2013-12-08 05:45:00,85.71548127,0.434,False
2013-12-08 05:50:00,84.63837759,1.449,False
2013-12-08 05:55:00,86.28997843,0.414,False
2013-12-08 06:00:00,86.03205193,0.234,False
2013-12-08 06:05:00,84.6797937,1.03,False
2013-12-08 06:10:00,85.86539292,0.175,False
2013-12-08 06:15:00,84.95052488,0.674,False
2013-12-08 06:20:00,83.99936947,1.529,False
2013-12-08 06:25:00,85.26030247,0.229,False
2013-12-08 06:30:00,84.51946178,0.871,False
2013-12-08 06:35:00,85.45354636,0.041,False
2013-12-08 06:40:00,84.65960242,0.618,False
2013-12-08 06:45:00,84.40276599,0.802,False
2013-12-08 06:50:00,84.1001681,1.046,False
2013-12-08 06:55:00,85.9431287,0.769,False
2013-12-08 07:00:00,84.41427592,0.713,False
2013-12-08 07:05:00,83.84188142,1.259,False
2013-12-08 07:10:00,84.7960943,0.295,False
2013-12-08 07:15:00,85.14236134,0.078,False
2013-12-08 07:20:00,83.72842668,1.241,False
2013-12-08 07:25:00,85.73264727,0.742,False
2013-12-08 07:30:00,84.70315241,0.185,False
2013-12-08 07:35:00,85.60791323,0.758,False
2013-12-08 07:40:00,84.70062435,0.066,False
2013-12-08 07:45:00,84.00841301,0.688,False
2013-12-08 07:50:00,83.96981105,0.707,False
2013-12-08 07:55:00,84.44624618,0.237,False
2013-12-08 08:00:00,85.66124022,0.947,False
2013-12-08 08:05:00,83.58491001,1.048,False
2013-12-08 08:10:00,84.36083082,0.289,False
2013-12-08 08:15:00,85.55003712,0.898,False
2013-12-08 08:20:00,85.15567832,0.563,False
2013-12-08 08:25:00,85.05132264,0.538,False
2013-12-08 08:30:00,84.32909383,0.096,False
2013-12-08 08:35:00,83.15749308,1.175,False
2013-12-08 08:40:00,85.38162269,0.932,False
2013-12-08 08:45:00,85.43735694,1.026,False
2013-12-08 08:50:00,84.97702778,0.716,False
2013-12-08 08:55:00,83.11570344,0.888,False
2013-12-08 09:00:00,85.10539968,1.042,False
2013-12-08 09:05:00,85.07470511,1.024,False
2013-12-08 09:10:00,83.29711395,0.576,False
2013-12-08 09:15:00,85.13170826,1.274,False
2013-12-08 09:20:00,82.93738044,0.715,False
2013-12-08 09:25:00,84.68169089,0.998,False
2013-12-08 09:30:00,84.84992229,1.216,False
2013-12-08 09:35:00,82.88976533,0.494,False
2013-12-08 09:40:00,83.52644709,0.23,False
2013-12-08 09:45:00,83.15553469,0.054,False
2013-12-08 09:50:00,82.76698388,0.366,False
2013-12-08 09:55:00,83.2685757,0.125,False
2013-12-08 10:00:00,84.60217624,1.43,False
2013-12-08 10:05:00,83.05360365,0.055,False
2013-12-08 10:10:00,84.73938269,1.855,False
2013-12-08 10:15:00,82.10406623,0.736,False
2013-12-08 10:20:00,82.08886518,0.557,False
2013-12-08 10:25:00,83.66777962,1.501,False
2013-12-08 10:30:00,81.53157177,0.623,False
2013-12-08 10:35:00,81.36519695,0.625,False
2013-12-08 10:40:00,82.50807736,0.889,False
2013-12-08 10:45:00,81.87164982,0.467,False
2013-12-08 10:50:00,80.78545285,0.589,False
2013-12-08 10:55:00,81.25728325,0.266,False
2013-12-08 11:00:00,78.68431836,2.198,False
2013-12-08 11:05:00,80.5258056,0.572,False
2013-12-08 11:10:00,78.4780377,0.805,False
2013-12-08 11:15:00,79.51204148,0.819,False
2013-12-08 11:20:00,78.55013795,0.075,False
2013-12-08 11:25:00,78.87091251,0.398,False
2013-12-08 11:30:00,77.18563586,1.021,False
2013-12-08 11:35:00,76.28644929,1.4,False
2013-12-08 11:40:00,77.72439354,0.523,False
2013-12-08 11:45:00,77.35955447,0.63,False
2013-12-08 11:50:00,76.31603425,0.107,False
2013-12-08 11:55:00,76.49308411,0.232,False
2013-12-08 12:00:00,74.96492999,1.498,False
2013-12-08 12:05:00,76.11722303,0.371,False
2013-12-08 12:10:00,75.52673017,0.353,False
2013-12-08 12:15:00,73.20383928,1.748,False
2013-12-08 12:20:00,74.22660016,0.175,False
2013-12-08 12:25:00,72.39060864,1.857,False
2013-12-08 12:30:00,73.77756068,0.077,False
2013-12-08 12:35:00,73.94872215,0.391,False
2013-12-08 12:40:00,71.67065786,2.373,False
2013-12-08 12:45:00,71.66898613,2.321,False
2013-12-08 12:50:00,72.49717555,1.232,False
2013-12-08 12:55:00,72.76345187,0.831,False
2013-12-08 13:00:00,73.62230736,0.2,False
2013-12-08 13:05:00,72.92414531,0.515,False
2013-12-08 13:10:00,73.25785003,0.055,False
2013-12-08 13:15:00,73.2552912,0.001,False
2013-12-08 13:20:00,73.56244629,0.321,False
2013-12-08 13:25:00,71.66910143,1.542,False
2013-12-08 13:30:00,71.83946091,1.335,False
2013-12-08 13:35:00,73.36302257,0.244,False
2013-12-08 13:40:00,73.49418152,0.459,False
2013-12-08 13:45:00,72.769756,0.192,False
2013-12-08 13:50:00,73.53365246,0.58,False
2013-12-08 13:55:00,71.68072827,1.175,False
2013-12-08 14:00:00,72.5902739,0.233,False
2013-12-08 14:05:00,73.4697613,0.662,False
2013-12-08 14:10:00,71.98976835,0.702,False
2013-12-08 14:15:00,71.97069123,0.633,False
2013-12-08 14:20:00,72.94133453,0.311,False
2013-12-08 14:25:00,72.72867087,0.16,False
2013-12-08 14:30:00,72.60011993,0.135,False
2013-12-08 14:35:00,71.96704071,0.35,False
2013-12-08 14:40:00,72.05911684,0.27,False
2013-12-08 14:45:00,73.05344255,0.546,False
2013-12-08 14:50:00,73.17483107,0.571,False
2013-12-08 14:55:00,73.25154999,0.576,False
2013-12-08 15:00:00,72.05677556,0.19,False
2013-12-08 15:05:00,73.41457899,0.629,False
2013-12-08 15:10:00,73.65548535,0.714,False
2013-12-08 15:15:00,71.8279348,0.298,False
2013-12-08 15:20:00,72.99226180000002,0.379,False
2013-12-08 15:25:00,71.10421851,0.64,False
2013-12-08 15:30:00,72.90521849,0.365,False
2013-12-08 15:35:00,70.79457598,0.748,False
2013-12-08 15:40:00,72.24622740000002,0.012,False
2013-12-08 15:45:00,71.55525438,0.38,False
2013-12-08 15:50:00,71.06894191,0.628,False
2013-12-08 15:55:00,71.00335786,0.627,False
2013-12-08 16:00:00,70.49656481,0.821,False
2013-12-08 16:05:00,70.61566461,0.752,False
2013-12-08 16:10:00,69.53151274,1.236,False
2013-12-08 16:15:00,69.63853502,1.103,False
2013-12-08 16:20:00,69.05996266,1.343,False
2013-12-08 16:25:00,69.17282533,1.277,False
2013-12-08 16:30:00,70.08331116,0.908,False
2013-12-08 16:35:00,68.95557767,1.436,False
2013-12-08 16:40:00,69.09466841,1.35,False
2013-12-08 16:45:00,68.90999032,1.431,False
2013-12-08 16:50:00,68.83110583,1.435,False
2013-12-08 16:55:00,68.92267614,1.325,False
2013-12-08 17:00:00,69.55440117,1.0,False
2013-12-08 17:05:00,69.77201891,0.779,False
2013-12-08 17:10:00,68.77232067,1.179,False
2013-12-08 17:15:00,69.1647455,0.945,False
2013-12-08 17:20:00,68.69656199,1.118,False
2013-12-08 17:25:00,71.26380942,0.107,False
2013-12-08 17:30:00,72.35258405,0.65,False
2013-12-08 17:35:00,74.07421781,1.45,False
2013-12-08 17:40:00,74.49109587,1.692,False
2013-12-08 17:45:00,76.11408685,2.416,False
2013-12-08 17:50:00,74.12611820000002,1.629,False
2013-12-08 17:55:00,73.48857108,1.493,False
2013-12-08 18:00:00,74.05354703,1.778,False
2013-12-08 18:05:00,73.71676414,1.625,False
2013-12-08 18:10:00,73.06092285,1.324,False
2013-12-08 18:15:00,72.14391084,0.958,False
2013-12-08 18:20:00,73.91104384,1.644,False
2013-12-08 18:25:00,72.20087419,0.958,False
2013-12-08 18:30:00,73.44050315,1.375,False
2013-12-08 18:35:00,72.72762146,1.146,False
2013-12-08 18:40:00,73.05635353,1.236,False
2013-12-08 18:45:00,71.31850665,0.696,False
2013-12-08 18:50:00,72.34474996,1.038,False
2013-12-08 18:55:00,72.25492146,1.015,False
2013-12-08 19:00:00,69.86502370000001,0.256,False
2013-12-08 19:05:00,69.77870532,0.245,False
2013-12-08 19:10:00,70.50017495,0.496,False
2013-12-08 19:15:00,68.89547154,0.007,False
2013-12-08 19:20:00,69.27796303,0.126,False
2013-12-08 19:25:00,68.2986657,0.194,False
2013-12-08 19:30:00,69.06568946,0.095,False
2013-12-08 19:35:00,67.67842771,0.401,False
2013-12-08 19:40:00,69.59682682,0.412,False
2013-12-08 19:45:00,67.71339278,0.266,False
2013-12-08 19:50:00,69.05797867,0.447,False
2013-12-08 19:55:00,67.01513311,0.293,False
2013-12-08 20:00:00,68.4155808,0.334,False
2013-12-08 20:05:00,67.60098843,0.004,False
2013-12-08 20:10:00,66.33179456,0.487,False
2013-12-08 20:15:00,66.91563668,0.081,False
2013-12-08 20:20:00,66.16866541,0.459,False
2013-12-08 20:25:00,65.4285179,0.851,False
2013-12-08 20:30:00,65.35053472,0.866,False
2013-12-08 20:35:00,66.33117909,0.296,False
2013-12-08 20:40:00,65.41414556,0.819,False
2013-12-08 20:45:00,64.09396412,1.588,False
2013-12-08 20:50:00,65.69491286,0.681,False
2013-12-08 20:55:00,63.4411211,2.096,False
2013-12-08 21:00:00,64.13364395,1.751,False
2013-12-08 21:05:00,65.06555891,1.157,False
2013-12-08 21:10:00,63.7086663,2.039,False
2013-12-08 21:15:00,65.33955353,0.987,False
2013-12-08 21:20:00,63.89784787,2.043,False
2013-12-08 21:25:00,63.75194642,2.435,False
2013-12-08 21:30:00,64.76514892,1.644,False
2013-12-08 21:35:00,64.46942496,1.875,False
2013-12-08 21:40:00,66.28240191,0.502,False
2013-12-08 21:45:00,64.88735598,1.695,False
2013-12-08 21:50:00,65.71863076,0.984,False
2013-12-08 21:55:00,65.65587933,1.038,False
2013-12-08 22:00:00,65.68733353,1.037,False
2013-12-08 22:05:00,66.5135166,0.317,False
2013-12-08 22:10:00,66.32794279,0.511,False
2013-12-08 22:15:00,65.41711769,1.48,False
2013-12-08 22:20:00,66.24131668,0.64,False
2013-12-08 22:25:00,65.12586785,1.776,False
2013-12-08 22:30:00,66.47994568,0.384,False
2013-12-08 22:35:00,65.62675545,1.225,False
2013-12-08 22:40:00,67.16476881,0.3,False
2013-12-08 22:45:00,66.57410904,0.314,False
2013-12-08 22:50:00,66.68194387,0.194,False
2013-12-08 22:55:00,67.62038922,0.821,False
2013-12-08 23:00:00,66.26570296,0.684,False
2013-12-08 23:05:00,66.75212096,0.133,False
2013-12-08 23:10:00,66.80125294,0.075,False
2013-12-08 23:15:00,68.2057202,1.371,False
2013-12-08 23:20:00,66.99008470000001,0.096,False
2013-12-08 23:25:00,66.67550497,0.537,False
2013-12-08 23:30:00,66.82404341,0.645,False
2013-12-08 23:35:00,67.82872822,0.153,False
2013-12-08 23:40:00,68.2992894,0.568,False
2013-12-08 23:45:00,67.76593822,0.089,False
2013-12-08 23:50:00,67.85999218,0.009,False
2013-12-08 23:55:00,67.87622075,0.187,False
2013-12-09 00:00:00,68.33741132,0.129,False
2013-12-09 00:05:00,68.24155199,0.033,False
2013-12-09 00:10:00,67.16717605,1.303,False
2013-12-09 00:15:00,68.55601429999999,0.153,False
2013-12-09 00:20:00,68.50350068,0.03,False
2013-12-09 00:25:00,70.42658607,1.059,False
2013-12-09 00:30:00,74.0120626,2.03,False
2013-12-09 00:35:00,74.65543079999998,0.364,False
2013-12-09 00:40:00,78.5637997,2.212,False
2013-12-09 00:45:00,80.59440386,1.111,False
2013-12-09 00:50:00,81.88497327,1.386,False
2013-12-09 00:55:00,80.9699801,0.324,False
2013-12-09 01:00:00,80.64322508,0.212,False
2013-12-09 01:05:00,81.16655147,0.108,False
2013-12-09 01:10:00,80.70388394,0.586,False
2013-12-09 01:15:00,81.4912569,0.108,False
2013-12-09 01:20:00,81.52299073,0.076,False
2013-12-09 01:25:00,82.19561594,0.687,False
2013-12-09 01:30:00,82.03446094,0.449,False
2013-12-09 01:35:00,81.40256187,0.341,False
2013-12-09 01:40:00,81.95497442,0.224,False
2013-12-09 01:45:00,82.78391022,0.918,False
2013-12-09 01:50:00,81.36364952,0.546,False
2013-12-09 01:55:00,81.64640759,0.268,False
2013-12-09 02:00:00,83.71409756,1.791,False
2013-12-09 02:05:00,83.53669169,1.586,False
2013-12-09 02:10:00,83.72711159999999,1.691,False
2013-12-09 02:15:00,81.84171017,0.073,False
2013-12-09 02:20:00,82.58412805,0.651,False
2013-12-09 02:25:00,82.4966567,0.566,False
2013-12-09 02:30:00,83.48160223,1.531,False
2013-12-09 02:35:00,82.3002372,0.373,False
2013-12-09 02:40:00,83.13850500000002,1.14,False
2013-12-09 02:45:00,84.50630383,2.305,False
2013-12-09 02:50:00,84.14410224,1.983,False
2013-12-09 02:55:00,84.90683838,2.662,False
2013-12-09 03:00:00,83.49244737,1.269,False
2013-12-09 03:05:00,83.07915217,0.936,False
2013-12-09 03:10:00,83.20051548,0.943,False
2013-12-09 03:15:00,83.89593469,1.455,False
2013-12-09 03:20:00,84.4746911,1.859,False
2013-12-09 03:25:00,85.62180149,2.673,False
2013-12-09 03:30:00,85.63030744,2.7,False
2013-12-09 03:35:00,84.9337467,2.22,False
2013-12-09 03:40:00,83.6346136,1.248,False
2013-12-09 03:45:00,85.94402502,2.928,False
2013-12-09 03:50:00,84.93906472,2.224,False
2013-12-09 03:55:00,84.88098134,2.197,False
2013-12-09 04:00:00,84.85610203,2.179,False
2013-12-09 04:05:00,84.32707803,1.789,False
2013-12-09 04:10:00,84.68683219,2.029,False
2013-12-09 04:15:00,84.46556668,1.835,False
2013-12-09 04:20:00,82.35852343,0.318,False
2013-12-09 04:25:00,82.65142333,0.483,False
2013-12-09 04:30:00,82.15302074,0.249,False
2013-12-09 04:35:00,81.64492501,0.0,False
2013-12-09 04:40:00,82.40596509999997,0.449,False
2013-12-09 04:45:00,82.191331,0.402,False
2013-12-09 04:50:00,81.09839739,0.076,False
2013-12-09 04:55:00,79.95456621,0.367,False
2013-12-09 05:00:00,79.13232687,0.506,False
2013-12-09 05:05:00,78.50611967,0.741,False
2013-12-09 05:10:00,80.13167042,0.366,False
2013-12-09 05:15:00,79.72292308,0.303,False
2013-12-09 05:20:00,79.22434448,0.191,False
2013-12-09 05:25:00,78.62971529999999,0.034,False
2013-12-09 05:30:00,77.36414624,0.304,False
2013-12-09 05:35:00,75.65582725,0.71,False
2013-12-09 05:40:00,75.18736886,0.644,False
2013-12-09 05:45:00,76.61045921,0.358,False
2013-12-09 05:50:00,74.86412669,0.288,False
2013-12-09 05:55:00,76.18058942,0.611,False
2013-12-09 06:00:00,74.49474533,0.201,False
2013-12-09 06:05:00,73.81922317,0.532,False
2013-12-09 06:10:00,73.67954774,0.588,False
2013-12-09 06:15:00,73.88433507,0.473,False
2013-12-09 06:20:00,73.86369741,0.483,False
2013-12-09 06:25:00,74.88006274,0.032,False
2013-12-09 06:30:00,74.54805001,0.136,False
2013-12-09 06:35:00,72.9429287,0.949,False
2013-12-09 06:40:00,72.37922216,1.235,False
2013-12-09 06:45:00,74.04335106,0.392,False
2013-12-09 06:50:00,73.71410991,0.559,False
2013-12-09 06:55:00,73.91724831,0.456,False
2013-12-09 07:00:00,73.82799018,0.448,False
2013-12-09 07:05:00,73.08856147,0.781,False
2013-12-09 07:10:00,72.23206149,1.187,False
2013-12-09 07:15:00,72.3493475,1.1,False
2013-12-09 07:20:00,72.91150623,0.796,False
2013-12-09 07:25:00,73.33154063,0.556,False
2013-12-09 07:30:00,73.05476339,0.626,False
2013-12-09 07:35:00,72.33463299,0.875,False
2013-12-09 07:40:00,71.63965096,1.176,False
2013-12-09 07:45:00,72.23320441,0.853,False
2013-12-09 07:50:00,71.78323345,1.012,False
2013-12-09 07:55:00,73.27384465,0.287,False
2013-12-09 08:00:00,71.65244514,1.049,False
2013-12-09 08:05:00,72.40242508,0.679,False
2013-12-09 08:10:00,70.74151831,1.446,False
2013-12-09 08:15:00,72.75675829,0.449,False
2013-12-09 08:20:00,72.21521287,0.68,False
2013-12-09 08:25:00,71.16705142,1.145,False
2013-12-09 08:30:00,71.13125488,1.091,False
2013-12-09 08:35:00,72.47501735,0.377,False
2013-12-09 08:40:00,71.78069583,0.607,False
2013-12-09 08:45:00,70.67144605,1.04,False
2013-12-09 08:50:00,72.57521031,0.181,False
2013-12-09 08:55:00,74.65514296,0.678,False
2013-12-09 09:00:00,74.77095069,0.722,False
2013-12-09 09:05:00,76.36674867,1.347,False
2013-12-09 09:10:00,77.93730526,1.94,False
2013-12-09 09:15:00,78.24312029,2.054,False
2013-12-09 09:20:00,77.19132673,1.692,False
2013-12-09 09:25:00,78.26457897,2.113,False
2013-12-09 09:30:00,77.77920126,1.937,False
2013-12-09 09:35:00,77.03513678,1.68,False
2013-12-09 09:40:00,75.98235523,1.298,False
2013-12-09 09:45:00,75.10429294,0.98,False
2013-12-09 09:50:00,75.9770054,1.281,False
2013-12-09 09:55:00,74.60533725,0.803,False
2013-12-09 10:00:00,74.20031611,0.679,False
2013-12-09 10:05:00,74.04997494,0.644,False
2013-12-09 10:10:00,73.59370465,0.483,False
2013-12-09 10:15:00,74.47254618,0.813,False
2013-12-09 10:20:00,74.41085847,0.888,False
2013-12-09 10:25:00,72.6889055,0.334,False
2013-12-09 10:30:00,73.52968167,0.667,False
2013-12-09 10:35:00,72.75340522,0.408,False
2013-12-09 10:40:00,72.23884548,0.308,False
2013-12-09 10:45:00,72.97011779,0.676,False
2013-12-09 10:50:00,72.40754394,0.463,False
2013-12-09 10:55:00,72.38291417,0.454,False
2013-12-09 11:00:00,70.71774749,0.09,False
2013-12-09 11:05:00,70.45224233,0.186,False
2013-12-09 11:10:00,69.59681624,0.466,False
2013-12-09 11:15:00,70.58340638,0.175,False
2013-12-09 11:20:00,70.36725652,0.199,False
2013-12-09 11:25:00,68.86717228,0.72,False
2013-12-09 11:30:00,68.935056,0.662,False
2013-12-09 11:35:00,68.89013893,0.678,False
2013-12-09 11:40:00,69.35462938,0.511,False
2013-12-09 11:45:00,69.10487017,0.566,False
2013-12-09 11:50:00,67.33007798,1.204,False
2013-12-09 11:55:00,68.25108331,0.869,False
2013-12-09 12:00:00,66.81005079999998,1.325,False
2013-12-09 12:05:00,66.07975628,1.552,False
2013-12-09 12:10:00,66.94095284,1.282,False
2013-12-09 12:15:00,67.66775138,0.999,False
2013-12-09 12:20:00,67.79812414,0.927,False
2013-12-09 12:25:00,67.96524729,0.867,False
2013-12-09 12:30:00,68.64201544,0.566,False
2013-12-09 12:35:00,67.84637629,0.8,False
2013-12-09 12:40:00,67.58886640000001,0.867,False
2013-12-09 12:45:00,67.46892829999999,0.888,False
2013-12-09 12:50:00,69.05743502,0.243,False
2013-12-09 12:55:00,68.36883398,0.467,False
2013-12-09 13:00:00,67.87531152,0.649,False
2013-12-09 13:05:00,68.08608389,0.542,False
2013-12-09 13:10:00,68.58391801,0.29,False
2013-12-09 13:15:00,68.44998646,0.337,False
2013-12-09 13:20:00,69.99643194,0.376,False
2013-12-09 13:25:00,69.75484512,0.312,False
2013-12-09 13:30:00,70.80022439,0.833,False
2013-12-09 13:35:00,69.21406809999999,0.088,False
2013-12-09 13:40:00,68.79675718,0.099,False
2013-12-09 13:45:00,71.25212166,1.227,False
2013-12-09 13:50:00,71.44080831,1.387,False
2013-12-09 13:55:00,70.77232832,1.065,False
2013-12-09 14:00:00,71.52429615,1.55,False
2013-12-09 14:05:00,71.02065718,1.294,False
2013-12-09 14:10:00,71.52414789,1.618,False
2013-12-09 14:15:00,70.84634667,1.287,False
2013-12-09 14:20:00,71.08500779,1.446,False
2013-12-09 14:25:00,70.33369609999998,0.991,False
2013-12-09 14:30:00,71.38060444,1.64,False
2013-12-09 14:35:00,71.44497621,1.727,False
2013-12-09 14:40:00,70.66089905,1.361,False
2013-12-09 14:45:00,69.99887492,1.015,False
2013-12-09 14:50:00,69.44002963,0.718,False
2013-12-09 14:55:00,71.04442192,1.731,False
2013-12-09 15:00:00,69.26512332,0.672,False
2013-12-09 15:05:00,69.74211877,1.022,False
2013-12-09 15:10:00,68.58258142,0.263,False
2013-12-09 15:15:00,68.79341398,0.435,False
2013-12-09 15:20:00,69.11763772,0.692,False
2013-12-09 15:25:00,68.68885919,0.372,False
2013-12-09 15:30:00,69.0360295,0.646,False
2013-12-09 15:35:00,68.59458616,0.441,False
2013-12-09 15:40:00,68.65951116,0.494,False
2013-12-09 15:45:00,69.20662844,0.941,False
2013-12-09 15:50:00,67.09019983,0.788,False
2013-12-09 15:55:00,68.35220717,0.319,False
2013-12-09 16:00:00,67.82844798,0.019,False
2013-12-09 16:05:00,67.07244396,0.606,False
2013-12-09 16:10:00,67.4890546,0.213,False
2013-12-09 16:15:00,67.69898076,0.086,False
2013-12-09 16:20:00,68.0234887,0.542,False
2013-12-09 16:25:00,67.7997841,0.509,False
2013-12-09 16:30:00,66.64831034,0.328,False
2013-12-09 16:35:00,66.45728461,0.305,False
2013-12-09 16:40:00,65.53322666,0.79,False
2013-12-09 16:45:00,66.37210922,0.093,False
2013-12-09 16:50:00,67.18665495,0.541,False
2013-12-09 16:55:00,66.52603048,0.083,False
2013-12-09 17:00:00,64.91926629999999,0.809,False
2013-12-09 17:05:00,65.2114591,0.278,False
2013-12-09 17:10:00,65.47933776,0.02,False
2013-12-09 17:15:00,64.47453309,0.65,False
2013-12-09 17:20:00,66.46619365,1.014,False
2013-12-09 17:25:00,64.52239163,0.329,False
2013-12-09 17:30:00,65.00536341,0.199,False
2013-12-09 17:35:00,65.63333072,0.816,False
2013-12-09 17:40:00,64.52086934,0.001,False
2013-12-09 17:45:00,64.26153105,0.176,False
2013-12-09 17:50:00,63.25362211,0.91,False
2013-12-09 17:55:00,64.4695029,0.078,False
2013-12-09 18:00:00,63.89467056,0.234,False
2013-12-09 18:05:00,63.45775429,0.423,False
2013-12-09 18:10:00,64.55806857,0.659,False
2013-12-09 18:15:00,63.30912566,0.054,False
2013-12-09 18:20:00,62.91648858,0.256,False
2013-12-09 18:25:00,64.15346282,0.684,False
2013-12-09 18:30:00,62.856899,0.211,False
2013-12-09 18:35:00,62.20477835,0.632,False
2013-12-09 18:40:00,61.60722412,0.982,False
2013-12-09 18:45:00,61.40999827,1.086,False
2013-12-09 18:50:00,62.25726822,0.561,False
2013-12-09 18:55:00,63.07185214,0.056,False
2013-12-09 19:00:00,61.59296542,0.929,False
2013-12-09 19:05:00,61.61405275,0.869,False
2013-12-09 19:10:00,62.84143351,0.168,False
2013-12-09 19:15:00,62.26190857,0.425,False
2013-12-09 19:20:00,61.11654378,0.904,False
2013-12-09 19:25:00,61.40587144,0.763,False
2013-12-09 19:30:00,61.57664647,0.685,False
2013-12-09 19:35:00,60.94102725,0.95,False
2013-12-09 19:40:00,59.97230661,1.324,False
2013-12-09 19:45:00,61.65830682,0.594,False
2013-12-09 19:50:00,60.91248286,0.865,False
2013-12-09 19:55:00,61.06136253,0.755,False
2013-12-09 20:00:00,60.10791972,1.019,False
2013-12-09 20:05:00,59.34736561,1.241,False
2013-12-09 20:10:00,60.74294508,0.755,False
2013-12-09 20:15:00,58.55879836,1.389,False
2013-12-09 20:20:00,59.33387384,1.114,False
2013-12-09 20:25:00,58.4427247,1.325,False
2013-12-09 20:30:00,58.67596455,1.177,False
2013-12-09 20:35:00,58.86526295,1.053,False
2013-12-09 20:40:00,59.2551318,0.903,False
2013-12-09 20:45:00,58.32773148,1.056,False
2013-12-09 20:50:00,58.83395643,0.925,False
2013-12-09 20:55:00,57.97016230000001,1.066,False
2013-12-09 21:00:00,58.30628695,0.954,False
2013-12-09 21:05:00,59.77711498,0.646,False
2013-12-09 21:10:00,58.91662356,0.774,False
2013-12-09 21:15:00,57.91541573,0.955,False
2013-12-09 21:20:00,59.72499198,0.698,False
2013-12-09 21:25:00,64.08813968,0.006,False
2013-12-09 21:30:00,69.65282771,0.504,False
2013-12-09 21:35:00,74.42274033,0.432,False
2013-12-09 21:40:00,75.22880045,0.215,False
2013-12-09 21:45:00,76.36738709999999,0.362,False
2013-12-09 21:50:00,75.32162242,0.172,False
2013-12-09 21:55:00,76.03586863,0.301,False
2013-12-09 22:00:00,77.86638729,0.633,False
2013-12-09 22:05:00,78.00381459,0.658,False
2013-12-09 22:10:00,77.49319215,0.565,False
2013-12-09 22:15:00,77.09296003,0.493,False
2013-12-09 22:20:00,79.36759785,0.905,False
2013-12-09 22:25:00,79.15969836,0.867,False
2013-12-09 22:30:00,80.10745686,1.039,False
2013-12-09 22:35:00,79.10119114,0.857,False
2013-12-09 22:40:00,79.34162196,0.9,False
2013-12-09 22:45:00,80.01628199999998,1.022,False
2013-12-09 22:50:00,78.61015087,0.768,False
2013-12-09 22:55:00,80.6229513,1.132,False
2013-12-09 23:00:00,79.88548667,0.999,False
2013-12-09 23:05:00,80.72213046,1.15,False
2013-12-09 23:10:00,80.30614275,1.121,False
2013-12-09 23:15:00,79.21340552,0.915,False
2013-12-09 23:20:00,79.19811193,0.93,False
2013-12-09 23:25:00,80.27521522,1.153,False
2013-12-09 23:30:00,78.71434107,0.896,False
2013-12-09 23:35:00,79.49185126,1.114,False
2013-12-09 23:40:00,79.37551928,1.152,False
2013-12-09 23:45:00,79.63231051,1.289,False
2013-12-09 23:50:00,79.70011148,1.408,False
2013-12-09 23:55:00,79.09017175,1.453,False
2013-12-10 00:00:00,80.14151889,2.126,False
2013-12-10 00:05:00,78.77010987,1.946,False
2013-12-10 00:10:00,77.87972098,1.742,False
2013-12-10 00:15:00,77.44741149,1.648,False
2013-12-10 00:20:00,75.34787891,0.56,False
2013-12-10 00:25:00,75.08867938,0.411,False
2013-12-10 00:30:00,74.50570879,0.077,False
2013-12-10 00:35:00,73.66254409,0.42,False
2013-12-10 00:40:00,74.32006665,0.207,False
2013-12-10 00:45:00,71.91090925,0.877,False
2013-12-10 00:50:00,72.92744601,0.334,False
2013-12-10 00:55:00,71.29719727,0.201,False
2013-12-10 01:00:00,71.23972089,0.019,False
2013-12-10 01:05:00,69.82083078,0.509,False
2013-12-10 01:10:00,69.19134820000001,0.418,False
2013-12-10 01:15:00,69.67327925,0.185,False
2013-12-10 01:20:00,66.92393785,1.134,False
2013-12-10 01:25:00,66.52442921,0.56,False
2013-12-10 01:30:00,67.32052757,0.559,False
2013-12-10 01:35:00,66.40612717,0.056,False
2013-12-10 01:40:00,64.96807877,0.68,False
2013-12-10 01:45:00,64.32071027,0.308,False
2013-12-10 01:50:00,63.27067243,0.499,False
2013-12-10 01:55:00,62.06163618,1.166,False
2013-12-10 02:00:00,62.61793425,0.299,False
2013-12-10 02:05:00,62.06531427,0.615,False
2013-12-10 02:10:00,62.56746,0.027,False
2013-12-10 02:15:00,62.56315401,0.002,False
2013-12-10 02:20:00,61.68927886,0.808,False
2013-12-10 02:25:00,63.18613948,1.159,False
2013-12-10 02:30:00,61.45957212,0.688,False
2013-12-10 02:35:00,60.82967554,1.267,False
2013-12-10 02:40:00,62.64815066,1.013,False
2013-12-10 02:45:00,62.2552738,0.658,False
2013-12-10 02:50:00,61.29565352,0.332,False
2013-12-10 02:55:00,60.51263728,1.031,False
2013-12-10 03:00:00,61.69379862,0.67,False
2013-12-10 03:05:00,60.74123479,0.198,False
2013-12-10 03:10:00,61.82265382,1.285,False
2013-12-10 03:15:00,60.72056394,0.037,False
2013-12-10 03:20:00,59.48155529,1.654,False
2013-12-10 03:25:00,59.71199822,1.219,False
2013-12-10 03:30:00,60.04633364,0.408,False
2013-12-10 03:35:00,60.7566715,0.848,False
2013-12-10 03:40:00,60.97937137,1.456,False
2013-12-10 03:45:00,60.18598201,0.652,False
2013-12-10 03:50:00,59.29836235,0.37,False
2013-12-10 03:55:00,59.67425517,0.364,False
2013-12-10 04:00:00,59.32579954,0.018,False
2013-12-10 04:05:00,58.90673875,0.499,False
2013-12-10 04:10:00,58.94988105,0.428,False
2013-12-10 04:15:00,59.2542368,0.11,False
2013-12-10 04:20:00,59.28168799,0.341,False
2013-12-10 04:25:00,58.09451548,1.121,False
2013-12-10 04:30:00,59.08989145,0.431,False
2013-12-10 04:35:00,58.68651335,0.435,False
2013-12-10 04:40:00,57.78580283,0.265,False
2013-12-10 04:45:00,56.95245586,1.401,False
2013-12-10 04:50:00,57.73083515,0.074,False
2013-12-10 04:55:00,56.9352584,1.245,False
2013-12-10 05:00:00,57.15975259,0.779,False
2013-12-10 05:05:00,56.59854411,1.238,False
2013-12-10 05:10:00,57.77320899,0.897,False
2013-12-10 05:15:00,57.83848952,1.193,False
2013-12-10 05:20:00,56.89427668,0.071,False
2013-12-10 05:25:00,56.82228388,0.133,False
2013-12-10 05:30:00,57.610312,1.084,False
2013-12-10 05:35:00,55.86646153,1.226,False
2013-12-10 05:40:00,56.37814179,0.346,False
2013-12-10 05:45:00,56.61167207,0.092,False
2013-12-10 05:50:00,57.21032115,1.192,False
2013-12-10 05:55:00,56.25115796,0.095,False
2013-12-10 06:00:00,56.50458106,0.427,False
2013-12-10 06:05:00,56.05846509,0.169,False
2013-12-10 06:10:00,56.18518163,0.115,False
2013-12-10 06:15:00,55.598353,0.564,False
2013-12-10 06:20:00,56.15791731,0.66,False
2013-12-10 06:25:00,53.88619592,2.316,False
2013-12-10 06:30:00,54.11372732,1.512,False
2013-12-10 06:35:00,53.51457736,2.249,False
2013-12-10 06:40:00,54.9203419,0.442,False
2013-12-10 06:45:00,55.16262921,1.335,False
2013-12-10 06:50:00,54.0278047,0.27,False
2013-12-10 06:55:00,53.03716417,1.685,False
2013-12-10 07:00:00,53.89180944,0.105,False
2013-12-10 07:05:00,54.25642075,0.548,False
2013-12-10 07:10:00,54.86829058,1.539,False
2013-12-10 07:15:00,54.43037047,1.114,False
2013-12-10 07:20:00,53.71551274,0.453,False
2013-12-10 07:25:00,52.92298404,0.315,False
2013-12-10 07:30:00,52.54610122,0.678,False
2013-12-10 07:35:00,53.21926838,0.304,False
2013-12-10 07:40:00,52.44991954,0.511,False
2013-12-10 07:45:00,53.12267549,0.552,False
2013-12-10 07:50:00,51.76834722,0.964,False
2013-12-10 07:55:00,51.95083115,0.671,False
2013-12-10 08:00:00,51.85404217,0.44,False
2013-12-10 08:05:00,51.42590381,0.606,False
2013-12-10 08:10:00,51.45992235,0.446,False
2013-12-10 08:15:00,52.50696678,1.0,False
2013-12-10 08:20:00,52.78088106,1.548,False
2013-12-10 08:25:00,50.68415185,1.09,False
2013-12-10 08:30:00,50.36338045,1.372,False
2013-12-10 08:35:00,51.09138109,0.4,False
2013-12-10 08:40:00,50.16161341,1.401,False
2013-12-10 08:45:00,51.38691568,0.578,False
2013-12-10 08:50:00,51.58570654,1.101,False
2013-12-10 08:55:00,49.87833928,0.981,False
2013-12-10 09:00:00,51.67185689,1.399,False
2013-12-10 09:05:00,50.79296151,0.465,False
2013-12-10 09:10:00,50.22280774,0.117,False
2013-12-10 09:15:00,50.2661417,0.028,False
2013-12-10 09:20:00,49.5653685,0.863,False
2013-12-10 09:25:00,50.507408,0.307,False
2013-12-10 09:30:00,50.06264833,0.212,False
2013-12-10 09:35:00,49.05232909,1.422,False
2013-12-10 09:40:00,49.19075321,1.257,False
2013-12-10 09:45:00,50.02294496,0.258,False
2013-12-10 09:50:00,48.84619029,1.57,False
2013-12-10 09:55:00,48.90238468,1.445,False
2013-12-10 10:00:00,49.26750333,1.034,False
2013-12-10 10:05:00,49.0532739,1.195,False
2013-12-10 10:10:00,49.08672459,1.158,False
2013-12-10 10:15:00,48.38789019,1.894,False
2013-12-10 10:20:00,48.99979912,1.257,False
2013-12-10 10:25:00,49.33466939,0.867,False
2013-12-10 10:30:00,50.14596796,0.076,False
2013-12-10 10:35:00,49.85691601,0.245,False
2013-12-10 10:40:00,49.2447705,0.912,False
2013-12-10 10:45:00,49.96490569,0.096,False
2013-12-10 10:50:00,49.74429909,0.295,False
2013-12-10 10:55:00,49.06922138,0.98,False
2013-12-10 11:00:00,50.00490871,0.011,False
2013-12-10 11:05:00,49.21118333,0.777,False
2013-12-10 11:10:00,49.3951279,0.599,False
2013-12-10 11:15:00,49.77422634,0.234,False
2013-12-10 11:20:00,49.50621606,0.503,False
2013-12-10 11:25:00,48.90221944,1.131,False
2013-12-10 11:30:00,48.45973964,1.621,False
2013-12-10 11:35:00,49.85036764,0.174,False
2013-12-10 11:40:00,50.04796176,0.033,False
2013-12-10 11:45:00,50.09367246,0.081,False
2013-12-10 11:50:00,49.89225214,0.13,False
2013-12-10 11:55:00,50.7324338,0.752,False
2013-12-10 12:00:00,49.59618902,0.461,False
2013-12-10 12:05:00,49.38520694,0.696,False
2013-12-10 12:10:00,49.54424707,0.526,False
2013-12-10 12:15:00,50.29196953,0.274,False
2013-12-10 12:20:00,51.04599718,1.062,False
2013-12-10 12:25:00,51.13252976,1.153,False
2013-12-10 12:30:00,50.65270237,0.628,False
2013-12-10 12:35:00,50.87768254,0.848,False
2013-12-10 12:40:00,50.66362073,0.599,False
2013-12-10 12:45:00,49.52384528,0.664,False
2013-12-10 12:50:00,51.39930184,1.349,False
2013-12-10 12:55:00,49.8900245,0.33,False
2013-12-10 13:00:00,49.62962429,0.677,False
2013-12-10 13:05:00,50.7098265,0.263,False
2013-12-10 13:10:00,49.57538032,1.213,False
2013-12-10 13:15:00,50.68119402,0.01,False
2013-12-10 13:20:00,50.96837729,0.318,False
2013-12-10 13:25:00,51.65297521,1.175,False
2013-12-10 13:30:00,50.11470329,0.871,False
2013-12-10 13:35:00,50.19045678,0.835,False
2013-12-10 13:40:00,49.6258836,1.504,False
2013-12-10 13:45:00,49.78787651,1.438,False
2013-12-10 13:50:00,51.94215975,1.006,False
2013-12-10 13:55:00,50.0099379,1.348,False
2013-12-10 14:00:00,50.18637613,1.208,False
2013-12-10 14:05:00,51.96366361,0.754,False
2013-12-10 14:10:00,51.92270289,0.633,False
2013-12-10 14:15:00,52.17244522,0.813,False
2013-12-10 14:20:00,51.73148575,0.116,False
2013-12-10 14:25:00,51.91921197,0.293,False
2013-12-10 14:30:00,51.75625919,0.071,False
2013-12-10 14:35:00,51.72133697,0.009,False
2013-12-10 14:40:00,50.91872505,0.949,False
2013-12-10 14:45:00,51.70584854,0.045,False
2013-12-10 14:50:00,52.55023109,0.813,False
2013-12-10 14:55:00,52.59937053,0.762,False
2013-12-10 15:00:00,51.61248169,0.352,False
2013-12-10 15:05:00,51.99459208,0.066,False
2013-12-10 15:10:00,52.27957032,0.367,False
2013-12-10 15:15:00,51.17302941,0.899,False
2013-12-10 15:20:00,51.68587327,0.364,False
2013-12-10 15:25:00,52.74160284,0.788,False
2013-12-10 15:30:00,52.03378608,0.063,False
2013-12-10 15:35:00,52.55918527,0.454,False
2013-12-10 15:40:00,52.56020036,0.448,False
2013-12-10 15:45:00,52.14368493,0.093,False
2013-12-10 15:50:00,52.31182813,0.018,False
2013-12-10 15:55:00,51.24936372,1.217,False
2013-12-10 16:00:00,53.08543565,0.763,False
2013-12-10 16:05:00,52.32456956,0.22,False
2013-12-10 16:10:00,52.92271805,0.435,False
2013-12-10 16:15:00,51.4426649,1.303,False
2013-12-10 16:20:00,52.50497676,0.062,False
2013-12-10 16:25:00,53.16442244,0.666,False
2013-12-10 16:30:00,51.92980912,0.868,False
2013-12-10 16:35:00,52.03579001,0.848,False
2013-12-10 16:40:00,52.5311193,0.271,False
2013-12-10 16:45:00,53.1794298,0.44,False
2013-12-10 16:50:00,53.348096700000006,0.569,False
2013-12-10 16:55:00,54.0077642,1.271,False
2013-12-10 17:00:00,53.41775749999999,0.371,False
2013-12-10 17:05:00,53.40754715,0.298,False
2013-12-10 17:10:00,54.40864272,1.507,False
2013-12-10 17:15:00,52.15962351,1.407,False
2013-12-10 17:20:00,52.7510738,0.714,False
2013-12-10 17:25:00,54.25035924,1.105,False
2013-12-10 17:30:00,52.87482563,0.681,False
2013-12-10 17:35:00,52.76572593,0.855,False
2013-12-10 17:40:00,54.14400057,0.616,False
2013-12-10 17:45:00,54.83526141,1.253,False
2013-12-10 17:50:00,53.28158048,0.72,False
2013-12-10 17:55:00,55.01166944,1.3,False
2013-12-10 18:00:00,53.50956123,0.717,False
2013-12-10 18:05:00,54.88127156,0.902,False
2013-12-10 18:10:00,53.25848222,1.089,False
2013-12-10 18:15:00,55.33265031,1.401,False
2013-12-10 18:20:00,53.89205616,0.388,False
2013-12-10 18:25:00,54.15027798,0.127,False
2013-12-10 18:30:00,55.07471002,0.928,False
2013-12-10 18:35:00,54.83638559,0.548,False
2013-12-10 18:40:00,53.87817420000001,0.629,False
2013-12-10 18:45:00,55.01978653,0.717,False
2013-12-10 18:50:00,55.64136743,1.398,False
2013-12-10 18:55:00,54.25723071,0.252,False
2013-12-10 19:00:00,55.82515089,1.523,False
2013-12-10 19:05:00,54.98746845,0.473,False
2013-12-10 19:10:00,54.56086323,0.127,False
2013-12-10 19:15:00,53.74571197,1.173,False
2013-12-10 19:20:00,54.46635324,0.412,False
2013-12-10 19:25:00,54.79985912,0.042,False
2013-12-10 19:30:00,54.60702289,0.293,False
2013-12-10 19:35:00,55.49359449999999,0.715,False
2013-12-10 19:40:00,54.40191752,0.613,False
2013-12-10 19:45:00,54.49100312,0.553,False
2013-12-10 19:50:00,54.16749514,0.917,False
2013-12-10 19:55:00,55.86616499,0.971,False
2013-12-10 20:00:00,54.37631662,0.724,False
2013-12-10 20:05:00,54.14597609,1.02,False
2013-12-10 20:10:00,54.97357442,0.261,False
2013-12-10 20:15:00,54.43017891,1.041,False
2013-12-10 20:20:00,55.93247738,0.585,False
2013-12-10 20:25:00,54.9850973,0.608,False
2013-12-10 20:30:00,56.47025358,1.08,False
2013-12-10 20:35:00,56.31085839,0.824,False
2013-12-10 20:40:00,55.36730858,0.443,False
2013-12-10 20:45:00,54.73553617,1.262,False
2013-12-10 20:50:00,56.28727277,0.545,False
2013-12-10 20:55:00,55.52009202,0.435,False
2013-12-10 21:00:00,54.87984231,1.315,False
2013-12-10 21:05:00,55.81074912,0.383,False
2013-12-10 21:10:00,55.56717583,0.938,False
2013-12-10 21:15:00,56.41556746,0.067,False
2013-12-10 21:20:00,56.58898939,0.187,False
2013-12-10 21:25:00,55.87912017,0.785,False
2013-12-10 21:30:00,57.03840845,0.271,False
2013-12-10 21:35:00,57.86947458,0.99,False
2013-12-10 21:40:00,57.06019658,0.458,False
2013-12-10 21:45:00,58.64214612,0.726,False
2013-12-10 21:50:00,59.24327878,0.974,False
2013-12-10 21:55:00,58.80976586,0.095,False
2013-12-10 22:00:00,58.11937337,1.024,False
2013-12-10 22:05:00,60.00619247,0.674,False
2013-12-10 22:10:00,59.58708718,0.239,False
2013-12-10 22:15:00,60.78420235,0.444,False
2013-12-10 22:20:00,60.82688747,0.024,False
2013-12-10 22:25:00,65.16753626,2.476,False
2013-12-10 22:30:00,67.36635932,1.254,False
2013-12-10 22:35:00,68.83325871,0.828,False
2013-12-10 22:40:00,72.28247243,1.947,False
2013-12-10 22:45:00,76.1408429,2.177,False
2013-12-10 22:50:00,76.15378529,0.007,False
2013-12-10 22:55:00,76.74538008,0.472,False
2013-12-10 23:00:00,76.50999809999998,0.134,False
2013-12-10 23:05:00,76.87252784,0.076,False
2013-12-10 23:10:00,78.11935712,0.799,False
2013-12-10 23:15:00,78.48157991,0.218,False
2013-12-10 23:20:00,78.85756313,0.241,False
2013-12-10 23:25:00,79.60011929,0.915,False
2013-12-10 23:30:00,78.91499406,0.149,False
2013-12-10 23:35:00,79.14718123,0.295,False
2013-12-10 23:40:00,81.00849464,1.086,False
2013-12-10 23:45:00,81.12169417,0.312,False
2013-12-10 23:50:00,81.96573082,1.223,False
2013-12-10 23:55:00,81.73695391,0.577,False
2013-12-11 00:00:00,82.47742585,1.144,False
2013-12-11 00:05:00,80.75945922,1.332,False
2013-12-11 00:10:00,83.05186615,1.524,False
2013-12-11 00:15:00,81.47247179,0.982,False
2013-12-11 00:20:00,81.81364594,0.968,False
2013-12-11 00:25:00,82.63607154,0.267,False
2013-12-11 00:30:00,83.99449899,0.883,False
2013-12-11 00:35:00,84.31385473,0.775,False
2013-12-11 00:40:00,84.79699838,1.119,False
2013-12-11 00:45:00,83.56263805,0.753,False
2013-12-11 00:50:00,83.85776218,0.873,False
2013-12-11 00:55:00,84.87481209,0.114,False
2013-12-11 01:00:00,84.7735673,0.079,False
2013-12-11 01:05:00,85.90678831,0.663,False
2013-12-11 01:10:00,86.52458498,0.677,False
2013-12-11 01:15:00,87.22707261,1.19,False
2013-12-11 01:20:00,86.10311691,0.682,False
2013-12-11 01:25:00,87.34457424,0.462,False
2013-12-11 01:30:00,88.44260503,1.507,False
2013-12-11 01:35:00,86.74266939,1.135,False
2013-12-11 01:40:00,87.87170436,0.318,False
2013-12-11 01:45:00,88.33929219,0.061,False
2013-12-11 01:50:00,88.42451539,0.013,False
2013-12-11 01:55:00,89.75755263,1.539,False
2013-12-11 02:00:00,88.91187681,0.198,False
2013-12-11 02:05:00,89.61043389,0.395,False
2013-12-11 02:10:00,90.45026951,1.222,False
2013-12-11 02:15:00,89.20401996,0.625,False
2013-12-11 02:20:00,89.41436874,0.659,False
2013-12-11 02:25:00,90.09730181,0.225,False
2013-12-11 02:30:00,91.06273243,0.535,False
2013-12-11 02:35:00,90.88321071,0.03,False
2013-12-11 02:40:00,90.83342202,0.162,False
2013-12-11 02:45:00,91.23411692,0.099,False
2013-12-11 02:50:00,92.95631706,1.143,False
2013-12-11 02:55:00,92.71582984,0.013,False
2013-12-11 03:00:00,93.76307878,1.061,False
2013-12-11 03:05:00,93.4578356,0.535,False
2013-12-11 03:10:00,93.94156207,0.801,False
2013-12-11 03:15:00,93.0251426,0.67,False
2013-12-11 03:20:00,92.69317312,1.327,False
2013-12-11 03:25:00,94.55009546,0.662,False
2013-12-11 03:30:00,94.00183819,0.311,False
2013-12-11 03:35:00,95.43533249,0.601,False
2013-12-11 03:40:00,95.93488629,0.666,False
2013-12-11 03:45:00,96.3560981,0.762,False
2013-12-11 03:50:00,95.26091856,0.825,False
2013-12-11 03:55:00,96.13816386,0.116,False
2013-12-11 04:00:00,96.54628233,0.153,False
2013-12-11 04:05:00,96.43049532,0.051,False
2013-12-11 04:10:00,96.5317009,0.007,False
2013-12-11 04:15:00,98.07583716,1.06,False
2013-12-11 04:20:00,97.44285144,0.197,False
2013-12-11 04:25:00,98.33513323,0.371,False
2013-12-11 04:30:00,97.83683019,0.337,False
2013-12-11 04:35:00,98.3801746,0.171,False
2013-12-11 04:40:00,98.58423755,0.287,False
2013-12-11 04:45:00,98.89453407,0.585,False
2013-12-11 04:50:00,98.69735035,0.392,False
2013-12-11 04:55:00,98.97393673,0.663,False
2013-12-11 05:00:00,99.16842546,0.853,False
2013-12-11 05:05:00,101.2026128,2.656,False
2013-12-11 05:10:00,100.9526448,2.363,False
2013-12-11 05:15:00,100.9086505,2.445,False
2013-12-11 05:20:00,99.85839614,1.462,False
2013-12-11 05:25:00,101.3228187,2.833,False
2013-12-11 05:30:00,101.8510617,3.328,False
2013-12-11 05:35:00,101.4601172,2.962,False
2013-12-11 05:40:00,101.9073125,3.381,False
2013-12-11 05:45:00,102.1787448,3.454,False
2013-12-11 05:50:00,101.3611415,2.726,False
2013-12-11 05:55:00,101.26307690000002,2.767,False
2013-12-11 06:00:00,102.7362135,4.142,False
2013-12-11 06:05:00,101.9777781,3.532,False
2013-12-11 06:10:00,101.4234284,3.0,False
2013-12-11 06:15:00,102.04249509999998,3.656,False
2013-12-11 06:20:00,102.0593721,3.673,False
2013-12-11 06:25:00,102.1514454,3.762,False
2013-12-11 06:30:00,101.7575724,3.248,False
2013-12-11 06:35:00,101.6938573,3.188,False
2013-12-11 06:40:00,101.6810386,3.176,False
2013-12-11 06:45:00,100.0537852,1.649,False
2013-12-11 06:50:00,101.5506073,3.054,False
2013-12-11 06:55:00,99.57608141,1.2,False
2013-12-11 07:00:00,98.92183056,0.586,False
2013-12-11 07:05:00,99.27652277,0.897,False
2013-12-11 07:10:00,98.381752,0.077,False
2013-12-11 07:15:00,98.66668638,0.335,False
2013-12-11 07:20:00,99.71086714,1.283,False
2013-12-11 07:25:00,99.38718801,0.979,False
2013-12-11 07:30:00,97.48401542,0.55,False
2013-12-11 07:35:00,98.26007604,0.14,False
2013-12-11 07:40:00,96.72880013,0.983,False
2013-12-11 07:45:00,97.82025618,0.144,False
2013-12-11 07:50:00,97.93340529,0.514,False
2013-12-11 07:55:00,95.97787869,0.8,False
2013-12-11 08:00:00,97.18244564,0.658,False
2013-12-11 08:05:00,95.08005717,0.606,False
2013-12-11 08:10:00,95.06420247,0.465,False
2013-12-11 08:15:00,95.55145846,0.032,False
2013-12-11 08:20:00,95.47953657,0.014,False
2013-12-11 08:25:00,95.66280941,0.255,False
2013-12-11 08:30:00,95.44920702,0.234,False
2013-12-11 08:35:00,95.31919557,0.242,False
2013-12-11 08:40:00,93.68532969,1.174,False
2013-12-11 08:45:00,94.56095931,0.456,False
2013-12-11 08:50:00,92.68972017,0.735,False
2013-12-11 08:55:00,93.1049644,0.105,False
2013-12-11 09:00:00,92.91243956,0.121,False
2013-12-11 09:05:00,92.27330367,0.266,False
2013-12-11 09:10:00,92.34541778,0.039,False
2013-12-11 09:15:00,92.21152905,0.034,False
2013-12-11 09:20:00,90.92373448,0.798,False
2013-12-11 09:25:00,90.26535548,0.814,False
2013-12-11 09:30:00,90.52712298,0.352,False
2013-12-11 09:35:00,90.10152707,0.608,False
2013-12-11 09:40:00,91.09896904,0.66,False
2013-12-11 09:45:00,90.77539412,0.388,False
2013-12-11 09:50:00,89.56583296,0.848,False
2013-12-11 09:55:00,90.01865649999998,0.246,False
2013-12-11 10:00:00,88.94574413,1.418,False
2013-12-11 10:05:00,89.79533944,0.397,False
2013-12-11 10:10:00,89.28676095,0.993,False
2013-12-11 10:15:00,88.96726125,1.297,False
2013-12-11 10:20:00,88.23904578,2.028,False
2013-12-11 10:25:00,89.88520955,0.075,False
2013-12-11 10:30:00,88.9098475,1.1,False
2013-12-11 10:35:00,89.29595282,0.614,False
2013-12-11 10:40:00,89.71447255,0.142,False
2013-12-11 10:45:00,90.20829484,0.43,False
2013-12-11 10:50:00,88.74044208,1.164,False
2013-12-11 10:55:00,88.83704149,1.009,False
2013-12-11 11:00:00,89.88443520000001,0.2,False
2013-12-11 11:05:00,90.11106155,0.472,False
2013-12-11 11:10:00,89.10139107,0.708,False
2013-12-11 11:15:00,89.32181886,0.45,False
2013-12-11 11:20:00,89.21482863,0.575,False
2013-12-11 11:25:00,90.37803175,0.757,False
2013-12-11 11:30:00,89.14862226,0.631,False
2013-12-11 11:35:00,90.05373676,0.389,False
2013-12-11 11:40:00,88.75827398,1.06,False
2013-12-11 11:45:00,88.87530364,0.929,False
2013-12-11 11:50:00,89.15235177,0.62,False
2013-12-11 11:55:00,89.07182215,0.71,False
2013-12-11 12:00:00,88.33140973,1.495,False
2013-12-11 12:05:00,88.83757117,0.898,False
2013-12-11 12:10:00,90.47896883,0.797,False
2013-12-11 12:15:00,88.41023644,1.34,False
2013-12-11 12:20:00,88.86633433,0.809,False
2013-12-11 12:25:00,88.85668132,0.81,False
2013-12-11 12:30:00,89.36808707,0.321,False
2013-12-11 12:35:00,88.24200436,1.294,False
2013-12-11 12:40:00,89.18056881,0.447,False
2013-12-11 12:45:00,89.10501435,0.492,False
2013-12-11 12:50:00,89.70026886,0.006,False
2013-12-11 12:55:00,89.74755456,0.014,False
2013-12-11 13:00:00,90.13542181,0.326,False
2013-12-11 13:05:00,89.17220584,0.483,False
2013-12-11 13:10:00,88.31073731,1.214,False
2013-12-11 13:15:00,88.57520066,1.044,False
2013-12-11 13:20:00,88.70932965,1.016,False
2013-12-11 13:25:00,89.19182121,0.718,False
2013-12-11 13:30:00,89.15310679,0.782,False
2013-12-11 13:35:00,90.4765586,0.256,False
2013-12-11 13:40:00,90.26055542,0.021,False
2013-12-11 13:45:00,89.13223479,0.937,False
2013-12-11 13:50:00,88.85285219,1.207,False
2013-12-11 13:55:00,89.38325168,0.831,False
2013-12-11 14:00:00,90.35410271,0.092,False
2013-12-11 14:05:00,91.63075523,0.97,False
2013-12-11 14:10:00,91.06942188,0.248,False
2013-12-11 14:15:00,91.31040768,0.097,False
2013-12-11 14:20:00,90.45000048,0.823,False
2013-12-11 14:25:00,91.91984543,0.117,False
2013-12-11 14:30:00,93.21960108,1.008,False
2013-12-11 14:35:00,93.48441576,0.979,False
2013-12-11 14:40:00,93.67416342,0.864,False
2013-12-11 14:45:00,92.52226109,0.361,False
2013-12-11 14:50:00,92.01796149,1.187,False
2013-12-11 14:55:00,92.68284623,0.75,False
2013-12-11 15:00:00,94.61894712,0.722,False
2013-12-11 15:05:00,94.19373433,0.307,False
2013-12-11 15:10:00,93.76059944,0.127,False
2013-12-11 15:15:00,95.29986288,1.128,False
2013-12-11 15:20:00,95.34555666,1.142,False
2013-12-11 15:25:00,95.7379785,1.547,False
2013-12-11 15:30:00,95.62518562,1.439,False
2013-12-11 15:35:00,95.65681818,1.384,False
2013-12-11 15:40:00,95.47915248,1.266,False
2013-12-11 15:45:00,94.23355718,0.121,False
2013-12-11 15:50:00,93.86433217,0.494,False
2013-12-11 15:55:00,95.64490404,1.138,False
2013-12-11 16:00:00,95.60945417,1.046,False
2013-12-11 16:05:00,93.99784655,0.526,False
2013-12-11 16:10:00,95.47659781,0.777,False
2013-12-11 16:15:00,94.34198456,0.279,False
2013-12-11 16:20:00,95.79565475,1.111,False
2013-12-11 16:25:00,93.95946941,0.782,False
2013-12-11 16:30:00,95.11363761,0.431,False
2013-12-11 16:35:00,96.01804353,1.434,False
2013-12-11 16:40:00,95.7548242,1.132,False
2013-12-11 16:45:00,94.37711654,0.564,False
2013-12-11 16:50:00,94.78513185,0.248,False
2013-12-11 16:55:00,95.49348486,0.529,False
2013-12-11 17:00:00,94.53451724,0.616,False
2013-12-11 17:05:00,95.07579845,0.023,False
2013-12-11 17:10:00,94.0550258,1.29,False
2013-12-11 17:15:00,94.65251838,0.557,False
2013-12-11 17:20:00,94.62518793,0.609,False
2013-12-11 17:25:00,95.50941443,0.429,False
2013-12-11 17:30:00,95.89606571,0.874,False
2013-12-11 17:35:00,95.5916642,0.492,False
2013-12-11 17:40:00,95.77830461,0.751,False
2013-12-11 17:45:00,95.84948057,0.869,False
2013-12-11 17:50:00,96.02619673,1.1,False
2013-12-11 17:55:00,96.05808704,1.141,False
2013-12-11 18:00:00,94.38210414,1.09,False
2013-12-11 18:05:00,94.97629686,0.355,False
2013-12-11 18:10:00,95.66092498,0.493,False
2013-12-11 18:15:00,94.01636551,1.597,False
2013-12-11 18:20:00,94.6961125,0.719,False
2013-12-11 18:25:00,95.1572797,0.08,False
2013-12-11 18:30:00,95.14678961,0.047,False
2013-12-11 18:35:00,95.14076024,0.015,False
2013-12-11 18:40:00,95.95932249,1.069,False
2013-12-11 18:45:00,95.76175827,0.807,False
2013-12-11 18:50:00,95.02550184,0.208,False
2013-12-11 18:55:00,93.82778721,1.862,False
2013-12-11 19:00:00,95.84669579,0.954,False
2013-12-11 19:05:00,95.22892586,0.106,False
2013-12-11 19:10:00,94.75389731,0.589,False
2013-12-11 19:15:00,94.70326238,0.635,False
2013-12-11 19:20:00,95.63025226,0.657,False
2013-12-11 19:25:00,95.4113802,0.379,False
2013-12-11 19:30:00,95.32029818,0.25,False
2013-12-11 19:35:00,94.74742696,0.556,False
2013-12-11 19:40:00,95.8568101,0.998,False
2013-12-11 19:45:00,95.39129968,0.35,False
2013-12-11 19:50:00,95.44097182,0.402,False
2013-12-11 19:55:00,94.56055935,0.857,False
2013-12-11 20:00:00,95.4962541,0.468,False
2013-12-11 20:05:00,95.73572212,0.807,False
2013-12-11 20:10:00,94.18118886,1.333,False
2013-12-11 20:15:00,95.20798765,0.023,False
2013-12-11 20:20:00,94.09641981,1.482,False
2013-12-11 20:25:00,95.26616844,0.1,False
2013-12-11 20:30:00,95.39228597,0.282,False
2013-12-11 20:35:00,94.98361991,0.21,False
2013-12-11 20:40:00,94.80973779,0.412,False
2013-12-11 20:45:00,94.84300956,0.372,False
2013-12-11 20:50:00,94.04904304,1.372,False
2013-12-11 20:55:00,96.09696274,1.272,False
2013-12-11 21:00:00,95.44956491,0.445,False
2013-12-11 21:05:00,96.02390112,1.269,False
2013-12-11 21:10:00,94.20542633,1.378,False
2013-12-11 21:15:00,95.03477862,0.145,False
2013-12-11 21:20:00,95.07744463,0.1,False
2013-12-11 21:25:00,94.19075131,1.399,False
2013-12-11 21:30:00,95.00819649,0.197,False
2013-12-11 21:35:00,95.86062439,0.946,False
2013-12-11 21:40:00,95.89867069,0.893,False
2013-12-11 21:45:00,95.26012639,0.146,False
2013-12-11 21:50:00,94.820766,0.417,False
2013-12-11 21:55:00,94.61746127,0.711,False
2013-12-11 22:00:00,95.78744962,0.85,False
2013-12-11 22:05:00,95.76592697,0.821,False
2013-12-11 22:10:00,95.13768737,0.015,False
2013-12-11 22:15:00,94.55437538,0.703,False
2013-12-11 22:20:00,94.78673136,0.419,False
2013-12-11 22:25:00,94.51412027,0.69,False
2013-12-11 22:30:00,95.75891921,0.722,False
2013-12-11 22:35:00,95.17442425,0.089,False
2013-12-11 22:40:00,95.51913806,0.446,False
2013-12-11 22:45:00,96.18715939,1.226,False
2013-12-11 22:50:00,94.48275013,0.644,False
2013-12-11 22:55:00,95.336901,0.35,False
2013-12-11 23:00:00,93.94343632,1.206,False
2013-12-11 23:05:00,94.13518599,0.977,False
2013-12-11 23:10:00,95.7619688,0.854,False
2013-12-11 23:15:00,94.68923046,0.359,False
2013-12-11 23:20:00,93.94795146,1.168,False
2013-12-11 23:25:00,94.23237837,0.856,False
2013-12-11 23:30:00,94.18561949,0.89,False
2013-12-11 23:35:00,95.73703352,0.903,False
2013-12-11 23:40:00,95.96298844,1.241,False
2013-12-11 23:45:00,95.16301385,0.357,False
2013-12-11 23:50:00,95.01486711,0.21,False
2013-12-11 23:55:00,95.2257644,0.446,False
2013-12-12 00:00:00,95.41615384,0.674,False
2013-12-12 00:05:00,94.38810057,0.401,False
2013-12-12 00:10:00,93.63873171,1.189,False
2013-12-12 00:15:00,95.37496546,0.773,False
2013-12-12 00:20:00,94.39188181,0.302,False
2013-12-12 00:25:00,94.53120019,0.098,False
2013-12-12 00:30:00,95.35177594,0.848,False
2013-12-12 00:35:00,95.74480063,1.293,False
2013-12-12 00:40:00,94.21951759,0.36,False
2013-12-12 00:45:00,94.27364458,0.292,False
2013-12-12 00:50:00,95.33427581,0.938,False
2013-12-12 00:55:00,93.60190603,1.056,False
2013-12-12 01:00:00,95.23199679,0.818,False
2013-12-12 01:05:00,95.17984043,0.806,False
2013-12-12 01:10:00,95.11927204,0.789,False
2013-12-12 01:15:00,93.70221411,0.755,False
2013-12-12 01:20:00,95.11285848,0.839,False
2013-12-12 01:25:00,94.52267804,0.277,False
2013-12-12 01:30:00,94.43144955,0.204,False
2013-12-12 01:35:00,95.12644813,0.892,False
2013-12-12 01:40:00,94.6154134,0.401,False
2013-12-12 01:45:00,93.81713195,0.329,False
2013-12-12 01:50:00,93.95020467,0.154,False
2013-12-12 01:55:00,94.72051303,0.672,False
2013-12-12 02:00:00,93.70587753,0.233,False
2013-12-12 02:05:00,94.08600737,0.131,False
2013-12-12 02:10:00,95.18642201,1.224,False
2013-12-12 02:15:00,95.06516031,1.167,False
2013-12-12 02:20:00,94.52004818,0.665,False
2013-12-12 02:25:00,93.6865072,0.117,False
2013-12-12 02:30:00,92.88134891,0.845,False
2013-12-12 02:35:00,94.21780144,0.505,False
2013-12-12 02:40:00,94.81807379,1.112,False
2013-12-12 02:45:00,93.32852932,0.335,False
2013-12-12 02:50:00,93.11346767,0.502,False
2013-12-12 02:55:00,93.85141771,0.294,False
2013-12-12 03:00:00,93.87439273,0.401,False
2013-12-12 03:05:00,93.07611983,0.348,False
2013-12-12 03:10:00,93.43001687,0.049,False
2013-12-12 03:15:00,93.21888443,0.053,False
2013-12-12 03:20:00,93.43131767,0.254,False
2013-12-12 03:25:00,93.7979219,0.672,False
2013-12-12 03:30:00,92.14107144,0.79,False
2013-12-12 03:35:00,93.50718366,0.755,False
2013-12-12 03:40:00,92.43825878,0.048,False
2013-12-12 03:45:00,92.53116755,0.082,False
2013-12-12 03:50:00,92.01710121,0.38,False
2013-12-12 03:55:00,90.94112531,1.213,False
2013-12-12 04:00:00,90.59180541,1.528,False
2013-12-12 04:05:00,89.91956829,1.935,False
2013-12-12 04:10:00,89.15487437,2.544,False
2013-12-12 04:15:00,90.16442774,1.632,False
2013-12-12 04:20:00,89.37946876,2.18,False
2013-12-12 04:25:00,90.63889552,1.086,False
2013-12-12 04:30:00,89.45724135,1.944,False
2013-12-12 04:35:00,90.53772947,0.94,False
2013-12-12 04:40:00,88.90951085,2.188,False
2013-12-12 04:45:00,89.60196035,1.56,False
2013-12-12 04:50:00,89.04366146,1.943,False
2013-12-12 04:55:00,91.08337227,0.266,False
2013-12-12 05:00:00,91.01633899,0.281,False
2013-12-12 05:05:00,89.39055288,1.51,False
2013-12-12 05:10:00,90.58911269,0.501,False
2013-12-12 05:15:00,91.34770464,0.095,False
2013-12-12 05:20:00,89.86461972,0.978,False
2013-12-12 05:25:00,90.29749832,0.587,False
2013-12-12 05:30:00,91.61055437,0.369,False
2013-12-12 05:35:00,91.20056407,0.079,False
2013-12-12 05:40:00,91.23892326,0.116,False
2013-12-12 05:45:00,90.02483725,0.567,False
2013-12-12 05:50:00,90.48186394,0.181,False
2013-12-12 05:55:00,89.97208244,0.357,False
2013-12-12 06:00:00,91.44404143,0.452,False
2013-12-12 06:05:00,91.94967472,0.727,False
2013-12-12 06:10:00,91.77827228,0.658,False
2013-12-12 06:15:00,91.17305753,0.392,False
2013-12-12 06:20:00,91.62483893,0.663,False
2013-12-12 06:25:00,91.38966147,0.57,False
2013-12-12 06:30:00,92.4465559,1.119,False
2013-12-12 06:35:00,91.45446652,0.631,False
2013-12-12 06:40:00,91.08640741,0.47,False
2013-12-12 06:45:00,92.44002869,1.164,False
2013-12-12 06:50:00,92.13847372,1.044,False
2013-12-12 06:55:00,92.85896993,1.397,False
2013-12-12 07:00:00,91.29321773,0.661,False
2013-12-12 07:05:00,92.66214692,1.354,False
2013-12-12 07:10:00,92.17574379,1.134,False
2013-12-12 07:15:00,91.07217707,0.572,False
2013-12-12 07:20:00,90.20482011,0.135,False
2013-12-12 07:25:00,89.70096384,0.154,False
2013-12-12 07:30:00,90.33283552,0.175,False
2013-12-12 07:35:00,89.09720134,0.506,False
2013-12-12 07:40:00,90.15901668,0.055,False
2013-12-12 07:45:00,89.78606621,0.178,False
2013-12-12 07:50:00,88.46845373,0.926,False
2013-12-12 07:55:00,90.08626317,0.094,False
2013-12-12 08:00:00,88.81607999,0.817,False
2013-12-12 08:05:00,88.82383708,0.771,False
2013-12-12 08:10:00,89.03563829999999,0.691,False
2013-12-12 08:15:00,87.42975806,1.531,False
2013-12-12 08:20:00,87.65134257,1.413,False
2013-12-12 08:25:00,87.13584147,1.759,False
2013-12-12 08:30:00,86.0671363,2.376,False
2013-12-12 08:35:00,86.44711241,2.171,False
2013-12-12 08:40:00,86.30259731,2.249,False
2013-12-12 08:45:00,87.70396423,1.492,False
2013-12-12 08:50:00,87.36037988,1.715,False
2013-12-12 08:55:00,87.31144486,1.778,False
2013-12-12 09:00:00,86.14277613,2.411,False
2013-12-12 09:05:00,88.45470998,1.167,False
2013-12-12 09:10:00,86.46514487,2.274,False
2013-12-12 09:15:00,87.37898782,1.847,False
2013-12-12 09:20:00,87.95719391,1.518,False
2013-12-12 09:25:00,87.60168203,1.788,False
2013-12-12 09:30:00,87.27693678,1.988,False
2013-12-12 09:35:00,89.48192536,0.697,False
2013-12-12 09:40:00,89.91150681,0.457,False
2013-12-12 09:45:00,89.39249868,0.791,False
2013-12-12 09:50:00,88.42991737,1.469,False
2013-12-12 09:55:00,89.34367894,0.883,False
2013-12-12 10:00:00,89.79585793,0.57,False
2013-12-12 10:05:00,90.94498723,0.234,False
2013-12-12 10:10:00,90.4501146,0.129,False
2013-12-12 10:15:00,91.52631526,0.682,False
2013-12-12 10:20:00,90.6191694,0.002,False
2013-12-12 10:25:00,91.73066872,0.749,False
2013-12-12 10:30:00,91.18412572,0.208,False
2013-12-12 10:35:00,90.84935612,0.089,False
2013-12-12 10:40:00,90.62342439,0.302,False
2013-12-12 10:45:00,92.0696767,0.74,False
2013-12-12 10:50:00,90.60773586,0.37,False
2013-12-12 10:55:00,92.06642367,0.667,False
2013-12-12 11:00:00,92.64247617,1.031,False
2013-12-12 11:05:00,92.54635941,0.96,False
2013-12-12 11:10:00,93.20650903,1.459,False
2013-12-12 11:15:00,91.97845593,0.476,False
2013-12-12 11:20:00,91.32539051,0.067,False
2013-12-12 11:25:00,92.1074945,0.494,False
2013-12-12 11:30:00,91.8788994,0.285,False
2013-12-12 11:35:00,91.4882071,0.037,False
2013-12-12 11:40:00,91.6783189,0.058,False
2013-12-12 11:45:00,92.90583683,1.003,False
2013-12-12 11:50:00,92.75066274,0.873,False
2013-12-12 11:55:00,91.04691511,0.521,False
2013-12-12 12:00:00,91.96669605,0.216,False
2013-12-12 12:05:00,91.67053103,0.049,False
2013-12-12 12:10:00,91.72339191,0.075,False
2013-12-12 12:15:00,92.48675368,0.548,False
2013-12-12 12:20:00,91.68853422,0.279,False
2013-12-12 12:25:00,91.17713849,0.823,False
2013-12-12 12:30:00,91.99110257,0.04,False
2013-12-12 12:35:00,91.54393312,0.552,False
2013-12-12 12:40:00,91.26518353,0.867,False
2013-12-12 12:45:00,91.38841247,0.785,False
2013-12-12 12:50:00,92.15961059,0.043,False
2013-12-12 12:55:00,91.05608405,1.339,False
2013-12-12 13:00:00,92.90708098,0.527,False
2013-12-12 13:05:00,91.66710368,0.923,False
2013-12-12 13:10:00,91.43737566,1.247,False
2013-12-12 13:15:00,92.3568362,0.362,False
2013-12-12 13:20:00,91.00045241,1.946,False
2013-12-12 13:25:00,91.27940966,1.713,False
2013-12-12 13:30:00,93.34907415,0.414,False
2013-12-12 13:35:00,93.24009939,0.155,False
2013-12-12 13:40:00,92.2410481,0.984,False
2013-12-12 13:45:00,93.00936279,0.216,False
2013-12-12 13:50:00,94.14750034,0.905,False
2013-12-12 13:55:00,94.36105527,1.043,False
2013-12-12 14:00:00,94.2483449,0.868,False
2013-12-12 14:05:00,93.30658113,0.199,False
2013-12-12 14:10:00,95.43126493,1.979,False
2013-12-12 14:15:00,94.51097487,0.969,False
2013-12-12 14:20:00,95.38436222,1.856,False
2013-12-12 14:25:00,95.95901653,2.408,False
2013-12-12 14:30:00,93.62064439,0.043,False
2013-12-12 14:35:00,94.37037493,0.668,False
2013-12-12 14:40:00,94.1795696,0.415,False
2013-12-12 14:45:00,95.00229667,1.077,False
2013-12-12 14:50:00,94.3620681,0.417,False
2013-12-12 14:55:00,94.05008001,0.065,False
2013-12-12 15:00:00,94.02768438,0.01,False
2013-12-12 15:05:00,93.93276044,0.136,False
2013-12-12 15:10:00,93.5260655,0.503,False
2013-12-12 15:15:00,93.47117554,0.553,False
2013-12-12 15:20:00,94.84423494,0.499,False
2013-12-12 15:25:00,94.14370699,0.115,False
2013-12-12 15:30:00,95.05070808,0.549,False
2013-12-12 15:35:00,93.70393593,0.504,False
2013-12-12 15:40:00,93.17556535,0.909,False
2013-12-12 15:45:00,94.8757296,0.39,False
2013-12-12 15:50:00,93.79585998,0.427,False
2013-12-12 15:55:00,94.33325022,0.08,False
2013-12-12 16:00:00,93.57304423,0.736,False
2013-12-12 16:05:00,93.61910519,0.701,False
2013-12-12 16:10:00,93.64758607,0.679,False
2013-12-12 16:15:00,95.80639926,0.993,False
2013-12-12 16:20:00,93.67839163,0.655,False
2013-12-12 16:25:00,93.89587502,0.489,False
2013-12-12 16:30:00,95.83474706,1.015,False
2013-12-12 16:35:00,96.16865347,1.275,False
2013-12-12 16:40:00,96.4026775,1.433,False
2013-12-12 16:45:00,94.69833191,0.107,False
2013-12-12 16:50:00,95.94351082,1.064,False
2013-12-12 16:55:00,94.80567098,0.14,False
2013-12-12 17:00:00,96.74182277,1.68,False
2013-12-12 17:05:00,94.80496443,0.139,False
2013-12-12 17:10:00,94.55613116,0.059,False
2013-12-12 17:15:00,96.7511802,1.847,False
2013-12-12 17:20:00,96.36268618,1.516,False
2013-12-12 17:25:00,95.89297883,1.24,False
2013-12-12 17:30:00,95.67859038,1.138,False
2013-12-12 17:35:00,96.15225417,1.53,False
2013-12-12 17:40:00,96.88308939,2.162,False
2013-12-12 17:45:00,95.83781586,1.189,False
2013-12-12 17:50:00,95.55175435,0.922,False
2013-12-12 17:55:00,97.08791324,2.352,False
2013-12-12 18:00:00,96.93719059,2.212,False
2013-12-12 18:05:00,96.15992823,1.44,False
2013-12-12 18:10:00,96.52868124,1.776,False
2013-12-12 18:15:00,95.53484627,0.849,False
2013-12-12 18:20:00,95.57528752,0.859,False
2013-12-12 18:25:00,95.42012002,0.703,False
2013-12-12 18:30:00,95.6080348,0.86,False
2013-12-12 18:35:00,94.23064,0.276,False
2013-12-12 18:40:00,95.05570029,0.414,False
2013-12-12 18:45:00,93.63364127,0.819,False
2013-12-12 18:50:00,94.56516999,0.059,False
2013-12-12 18:55:00,94.85299045,0.299,False
2013-12-12 19:00:00,93.74934416,0.623,False
2013-12-12 19:05:00,93.86860431,0.554,False
2013-12-12 19:10:00,94.42683635,0.061,False
2013-12-12 19:15:00,93.26491587,1.121,False
2013-12-12 19:20:00,93.29068769,1.072,False
2013-12-12 19:25:00,94.19988035,0.233,False
2013-12-12 19:30:00,94.43416726,0.004,False
2013-12-12 19:35:00,92.80677598,1.649,False
2013-12-12 19:40:00,94.78024455,0.397,False
2013-12-12 19:45:00,94.59374239,0.232,False
2013-12-12 19:50:00,94.66611341,0.343,False
2013-12-12 19:55:00,92.57768581,1.948,False
2013-12-12 20:00:00,94.1973021,0.035,False
2013-12-12 20:05:00,94.22993437,0.016,False
2013-12-12 20:10:00,93.56974984,0.677,False
2013-12-12 20:15:00,92.65597979,1.657,False
2013-12-12 20:20:00,93.48005695,0.802,False
2013-12-12 20:25:00,93.98567299,0.202,False
2013-12-12 20:30:00,94.61321846,0.652,False
2013-12-12 20:35:00,92.99163734,1.482,False
2013-12-12 20:40:00,94.16633423,0.202,False
2013-12-12 20:45:00,94.79751729,1.235,False
2013-12-12 20:50:00,94.38275533,0.598,False
2013-12-12 20:55:00,94.15641086,0.256,False
2013-12-12 21:00:00,94.72462174,1.2,False
2013-12-12 21:05:00,93.42605667,0.926,False
2013-12-12 21:10:00,92.85935939,1.881,False
2013-12-12 21:15:00,94.70963605,1.27,False
2013-12-12 21:20:00,92.50516052,2.444,False
2013-12-12 21:25:00,94.32136446,0.73,False
2013-12-12 21:30:00,93.4477139,0.733,False
2013-12-12 21:35:00,93.66775938,0.239,False
2013-12-12 21:40:00,94.19243546,0.656,False
2013-12-12 21:45:00,92.73183132,1.701,False
2013-12-12 21:50:00,93.63946264,0.289,False
2013-12-12 21:55:00,93.99463675,0.322,False
2013-12-12 22:00:00,94.04279431,0.493,False
2013-12-12 22:05:00,93.29854515,0.723,False
2013-12-12 22:10:00,93.681418,0.082,False
2013-12-12 22:15:00,93.55371041,0.262,False
2013-12-12 22:20:00,93.36338253,0.598,False
2013-12-12 22:25:00,93.45458272,0.482,False
2013-12-12 22:30:00,94.57313287,1.424,False
2013-12-12 22:35:00,94.37328075,1.055,False
2013-12-12 22:40:00,93.9461508,0.247,False
2013-12-12 22:45:00,93.40555331,0.527,False
2013-12-12 22:50:00,93.72259286,0.009,False
2013-12-12 22:55:00,92.69354069,1.64,False
2013-12-12 23:00:00,93.10130174,1.024,False
2013-12-12 23:05:00,94.00343131,0.49,False
2013-12-12 23:10:00,93.85743357,0.253,False
2013-12-12 23:15:00,93.96550013,0.431,False
2013-12-12 23:20:00,92.46977983,2.12,False
2013-12-12 23:25:00,94.0130286,0.473,False
2013-12-12 23:30:00,94.15702835,0.727,False
2013-12-12 23:35:00,93.44969519,0.551,False
2013-12-12 23:40:00,94.03609012,0.541,False
2013-12-12 23:45:00,92.48442471,2.213,False
2013-12-12 23:50:00,93.49206454,0.439,False
2013-12-12 23:55:00,93.55159102,0.277,False
2013-12-13 00:00:00,93.73307079,0.054,False
2013-12-13 00:05:00,94.72395321,1.785,False
2013-12-13 00:10:00,93.04920538,1.14,False
2013-12-13 00:15:00,94.61994231,1.603,False
2013-12-13 00:20:00,93.63963382,0.061,False
2013-12-13 00:25:00,92.97601745,1.22,False
2013-12-13 00:30:00,93.07890061,1.096,False
2013-12-13 00:35:00,94.51466749,1.495,False
2013-12-13 00:40:00,92.63157457,2.017,False
2013-12-13 00:45:00,93.99514896,0.539,False
2013-12-13 00:50:00,94.16793886,0.857,False
2013-12-13 00:55:00,93.16878467,0.949,False
2013-12-13 01:00:00,93.66472957,0.101,False
2013-12-13 01:05:00,94.05493352,0.499,False
2013-12-13 01:10:00,93.60620626,0.178,False
2013-12-13 01:15:00,92.41285357,1.731,False
2013-12-13 01:20:00,94.68246616,1.233,False
2013-12-13 01:25:00,94.60675614,0.975,False
2013-12-13 01:30:00,94.52921289,0.813,False
2013-12-13 01:35:00,94.79009154,1.165,False
2013-12-13 01:40:00,93.42189017,0.409,False
2013-12-13 01:45:00,93.81529338,0.077,False
2013-12-13 01:50:00,92.97873937,0.812,False
2013-12-13 01:55:00,93.8000044,0.03,False
2013-12-13 02:00:00,92.4816382,1.367,False
2013-12-13 02:05:00,93.85726372,0.07,False
2013-12-13 02:10:00,93.44005882,0.344,False
2013-12-13 02:15:00,93.75790771,0.014,False
2013-12-13 02:20:00,93.78573491,0.014,False
2013-12-13 02:25:00,93.96051203,0.196,False
2013-12-13 02:30:00,94.0508148,0.29,False
2013-12-13 02:35:00,93.10602469,0.681,False
2013-12-13 02:40:00,93.40946862,0.392,False
2013-12-13 02:45:00,94.06452531,0.269,False
2013-12-13 02:50:00,92.87266116,0.957,False
2013-12-13 02:55:00,94.26237859,0.451,False
2013-12-13 03:00:00,94.8326696,0.993,False
2013-12-13 03:05:00,92.72017663,1.072,False
2013-12-13 03:10:00,93.0883716,0.722,False
2013-12-13 03:15:00,93.00296728,0.825,False
2013-12-13 03:20:00,93.20771531,0.642,False
2013-12-13 03:25:00,94.05529525,0.189,False
2013-12-13 03:30:00,94.99048656,1.117,False
2013-12-13 03:35:00,93.85169971,0.042,False
2013-12-13 03:40:00,92.77749654,1.109,False
2013-12-13 03:45:00,93.09167413,0.871,False
2013-12-13 03:50:00,94.99577946,1.049,False
2013-12-13 03:55:00,94.83693424,0.913,False
2013-12-13 04:00:00,95.10412481,1.129,False
2013-12-13 04:05:00,93.2504093,0.727,False
2013-12-13 04:10:00,92.98853087,0.891,False
2013-12-13 04:15:00,94.19662337,0.235,False
2013-12-13 04:20:00,95.20393329,1.152,False
2013-12-13 04:25:00,95.09058881,1.049,False
2013-12-13 04:30:00,94.31084844,0.339,False
2013-12-13 04:35:00,93.03736862,0.771,False
2013-12-13 04:40:00,93.12265717,0.719,False
2013-12-13 04:45:00,93.04305712,0.805,False
2013-12-13 04:50:00,94.15241474,0.132,False
2013-12-13 04:55:00,93.04758059,0.936,False
2013-12-13 05:00:00,94.58598354,0.495,False
2013-12-13 05:05:00,93.14618426,0.88,False
2013-12-13 05:10:00,94.31834128,0.221,False
2013-12-13 05:15:00,93.87227653,0.251,False
2013-12-13 05:20:00,93.10618961,1.028,False
2013-12-13 05:25:00,94.28350557,0.102,False
2013-12-13 05:30:00,94.97084263,0.716,False
2013-12-13 05:35:00,94.76596827,0.505,False
2013-12-13 05:40:00,95.00742864,0.693,False
2013-12-13 05:45:00,94.39013112,0.105,False
2013-12-13 05:50:00,93.60381475,0.623,False
2013-12-13 05:55:00,93.61215567,0.655,False
2013-12-13 06:00:00,95.51905569,1.085,False
2013-12-13 06:05:00,93.91704537,0.421,False
2013-12-13 06:10:00,94.211934,0.137,False
2013-12-13 06:15:00,94.88705461,0.475,False
2013-12-13 06:20:00,94.69183195,0.27,False
2013-12-13 06:25:00,93.57693979,0.874,False
2013-12-13 06:30:00,95.49303282,0.917,False
2013-12-13 06:35:00,94.05411549,0.478,False
2013-12-13 06:40:00,94.11392878,0.434,False
2013-12-13 06:45:00,95.27398877,0.7,False
2013-12-13 06:50:00,93.43087902,1.245,False
2013-12-13 06:55:00,95.16206953,0.617,False
2013-12-13 07:00:00,95.718904,1.299,False
2013-12-13 07:05:00,93.54256635,1.201,False
2013-12-13 07:10:00,93.54538147,1.206,False
2013-12-13 07:15:00,93.62065279,1.178,False
2013-12-13 07:20:00,95.47050538,0.848,False
2013-12-13 07:25:00,95.81561035,1.287,False
2013-12-13 07:30:00,93.49390502,1.418,False
2013-12-13 07:35:00,94.72414877,0.027,False
2013-12-13 07:40:00,95.64261128,1.112,False
2013-12-13 07:45:00,95.12012775,0.48,False
2013-12-13 07:50:00,95.12913749,0.458,False
2013-12-13 07:55:00,94.42379369,0.43,False
2013-12-13 08:00:00,95.11555525,0.324,False
2013-12-13 08:05:00,94.56413916,0.435,False
2013-12-13 08:10:00,94.40342165,0.679,False
2013-12-13 08:15:00,95.10338285,0.134,False
2013-12-13 08:20:00,93.7277947,1.527,False
2013-12-13 08:25:00,93.73570001,1.586,False
2013-12-13 08:30:00,94.59069089,0.617,False
2013-12-13 08:35:00,95.38235964,0.318,False
2013-12-13 08:40:00,94.97445462,0.171,False
2013-12-13 08:45:00,95.54890895,0.506,False
2013-12-13 08:50:00,95.71081563,0.672,False
2013-12-13 08:55:00,94.55979955,0.78,False
2013-12-13 09:00:00,94.70374625,0.674,False
2013-12-13 09:05:00,94.16932283,1.312,False
2013-12-13 09:10:00,94.80239664,0.56,False
2013-12-13 09:15:00,94.53430232,0.89,False
2013-12-13 09:20:00,95.30200312,0.044,False
2013-12-13 09:25:00,95.91751958,0.59,False
2013-12-13 09:30:00,94.69962285,0.819,False
2013-12-13 09:35:00,96.01281442,0.709,False
2013-12-13 09:40:00,95.73280811,0.317,False
2013-12-13 09:45:00,95.37794369,0.151,False
2013-12-13 09:50:00,94.59988522,1.152,False
2013-12-13 09:55:00,95.44245467,0.198,False
2013-12-13 10:00:00,96.26178457,0.738,False
2013-12-13 10:05:00,94.71104158,1.072,False
2013-12-13 10:10:00,96.43802331,0.905,False
2013-12-13 10:15:00,95.03621963,0.818,False
2013-12-13 10:20:00,95.27314534,0.58,False
2013-12-13 10:25:00,96.24067235,0.525,False
2013-12-13 10:30:00,95.97748434,0.154,False
2013-12-13 10:35:00,95.93655388,0.012,False
2013-12-13 10:40:00,95.61668639,0.416,False
2013-12-13 10:45:00,95.11506503,1.108,False
2013-12-13 10:50:00,95.78533382,0.315,False
2013-12-13 10:55:00,95.60334783,0.572,False
2013-12-13 11:00:00,95.26421617,1.07,False
2013-12-13 11:05:00,96.86549153,0.768,False
2013-12-13 11:10:00,97.01804489,0.926,False
2013-12-13 11:15:00,97.75898816,1.71,False
2013-12-13 11:20:00,96.54342285,0.063,False
2013-12-13 11:25:00,96.07202938,0.641,False
2013-12-13 11:30:00,96.08329639,0.761,False
2013-12-13 11:35:00,97.1424914,0.404,False
2013-12-13 11:40:00,96.75319398,0.213,False
2013-12-13 11:45:00,97.93547131,1.129,False
2013-12-13 11:50:00,97.55037419,0.564,False
2013-12-13 11:55:00,98.01820589,0.938,False
2013-12-13 12:00:00,96.21818717,1.355,False
2013-12-13 12:05:00,96.66827801,0.839,False
2013-12-13 12:10:00,98.5706858,1.384,False
2013-12-13 12:15:00,98.54840287,1.2,False
2013-12-13 12:20:00,96.99179681,0.816,False
2013-12-13 12:25:00,97.33795132,0.558,False
2013-12-13 12:30:00,97.35459145,0.589,False
2013-12-13 12:35:00,98.92561353,1.256,False
2013-12-13 12:40:00,98.08923207,0.14,False
2013-12-13 12:45:00,97.5692981,0.572,False
2013-12-13 12:50:00,98.66321677,0.712,False
2013-12-13 12:55:00,97.33121919,0.953,False
2013-12-13 13:00:00,99.26573117,1.334,False
2013-12-13 13:05:00,98.10769364,0.239,False
2013-12-13 13:10:00,98.27557053,0.109,False
2013-12-13 13:15:00,97.83578537,0.742,False
2013-12-13 13:20:00,97.8448695,0.865,False
2013-12-13 13:25:00,98.99723685,0.564,False
2013-12-13 13:30:00,99.53750664,1.186,False
2013-12-13 13:35:00,98.32513139,0.568,False
2013-12-13 13:40:00,98.40094653,0.623,False
2013-12-13 13:45:00,98.06344816,1.041,False
2013-12-13 13:50:00,98.42200786,0.671,False
2013-12-13 13:55:00,98.90243541,0.127,False
2013-12-13 14:00:00,99.56582014,0.504,False
2013-12-13 14:05:00,99.75757391,0.57,False
2013-12-13 14:10:00,99.86378917,0.665,False
2013-12-13 14:15:00,100.0671071,0.835,False
2013-12-13 14:20:00,100.3652569,1.149,False
2013-12-13 14:25:00,99.01762091,0.552,False
2013-12-13 14:30:00,99.31933801,0.269,False
2013-12-13 14:35:00,99.56498765,0.0,False
2013-12-13 14:40:00,99.29029361,0.333,False
2013-12-13 14:45:00,98.95220785,0.817,False
2013-12-13 14:50:00,100.5193641,0.865,False
2013-12-13 14:55:00,99.61051871,0.242,False
2013-12-13 15:00:00,99.79033491,0.093,False
2013-12-13 15:05:00,100.9838259,1.148,False
2013-12-13 15:10:00,99.426719,0.694,False
2013-12-13 15:15:00,101.2146811,1.261,False
2013-12-13 15:20:00,100.1485064,0.024,False
2013-12-13 15:25:00,100.5783585,0.478,False
2013-12-13 15:30:00,99.40980932,0.908,False
2013-12-13 15:35:00,100.0283586,0.434,False
2013-12-13 15:40:00,101.1722892,0.677,False
2013-12-13 15:45:00,100.1524968,0.421,False
2013-12-13 15:50:00,100.535028,0.164,False
2013-12-13 15:55:00,101.0774782,0.173,False
2013-12-13 16:00:00,99.88338425,1.117,False
2013-12-13 16:05:00,100.10482,0.99,False
2013-12-13 16:10:00,101.0902833,0.021,False
2013-12-13 16:15:00,101.5844873,0.461,False
2013-12-13 16:20:00,102.3153844,1.172,False
2013-12-13 16:25:00,101.3321986,0.208,False
2013-12-13 16:30:00,101.7616507,0.594,False
2013-12-13 16:35:00,101.885074,0.707,False
2013-12-13 16:40:00,102.5426311,1.295,False
2013-12-13 16:45:00,100.8153036,0.305,False
2013-12-13 16:50:00,101.1732987,0.0,False
2013-12-13 16:55:00,102.2691772,1.001,False
2013-12-13 17:00:00,102.8622306,1.529,False
2013-12-13 17:05:00,102.7834267,1.458,False
2013-12-13 17:10:00,102.546401,1.243,False
2013-12-13 17:15:00,101.1321981,0.047,False
2013-12-13 17:20:00,101.9662128,0.694,False
2013-12-13 17:25:00,102.4832128,1.153,False
2013-12-13 17:30:00,103.3483435,1.903,False
2013-12-13 17:35:00,103.4083057,1.91,False
2013-12-13 17:40:00,101.3352199,0.113,False
2013-12-13 17:45:00,101.4639346,0.223,False
2013-12-13 17:50:00,103.4721152,1.948,False
2013-12-13 17:55:00,102.2176003,0.842,False
2013-12-13 18:00:00,103.3220873,1.696,False
2013-12-13 18:05:00,102.7511034,1.239,False
2013-12-13 18:10:00,101.9084935,0.568,False
2013-12-13 18:15:00,103.7207123,2.061,False
2013-12-13 18:20:00,102.0370922,0.677,False
2013-12-13 18:25:00,103.5969642,2.017,False
2013-12-13 18:30:00,102.083493,0.694,False
2013-12-13 18:35:00,103.1189599,1.57,False
2013-12-13 18:40:00,103.9685207,2.225,False
2013-12-13 18:45:00,102.7933022,1.248,False
2013-12-13 18:50:00,102.7815035,1.204,False
2013-12-13 18:55:00,102.3934811,0.881,False
2013-12-13 19:00:00,101.2358451,0.075,False
2013-12-13 19:05:00,101.195041,0.153,False
2013-12-13 19:10:00,100.4728717,0.82,False
2013-12-13 19:15:00,100.9845812,0.394,False
2013-12-13 19:20:00,100.0854129,1.006,False
2013-12-13 19:25:00,100.3824224,0.841,False
2013-12-13 19:30:00,100.6492364,0.62,False
2013-12-13 19:35:00,99.58800704,1.417,False
2013-12-13 19:40:00,101.5874411,0.281,False
2013-12-13 19:45:00,101.2471772,0.001,False
2013-12-13 19:50:00,100.6882676,0.483,False
2013-12-13 19:55:00,99.92278264,1.139,False
2013-12-13 20:00:00,100.6827143,0.507,False
2013-12-13 20:05:00,101.0758916,0.186,False
2013-12-13 20:10:00,101.8993313,0.521,False
2013-12-13 20:15:00,99.66125106,1.403,False
2013-12-13 20:20:00,99.7696056,1.308,False
2013-12-13 20:25:00,101.6656216,0.386,False
2013-12-13 20:30:00,99.67343398,1.458,False
2013-12-13 20:35:00,101.0807187,0.156,False
2013-12-13 20:40:00,99.67839636,1.567,False
2013-12-13 20:45:00,100.9127939,0.321,False
2013-12-13 20:50:00,99.82141322,1.395,False
2013-12-13 20:55:00,99.93111185,1.266,False
2013-12-13 21:00:00,100.566964,0.656,False
2013-12-13 21:05:00,101.5793976,0.411,False
2013-12-13 21:10:00,101.5764794,0.41,False
2013-12-13 21:15:00,101.2506251,0.072,False
2013-12-13 21:20:00,101.1778996,0.007,False
2013-12-13 21:25:00,100.04291,1.244,False
2013-12-13 21:30:00,101.5282035,0.375,False
2013-12-13 21:35:00,99.93685064,1.36,False
2013-12-13 21:40:00,101.1911331,0.007,False
2013-12-13 21:45:00,101.4537601,0.299,False
2013-12-13 21:50:00,100.5221814,0.734,False
2013-12-13 21:55:00,100.2635837,1.063,False
2013-12-13 22:00:00,102.2245745,1.297,False
2013-12-13 22:05:00,101.6132033,0.523,False
2013-12-13 22:10:00,100.4594874,0.822,False
2013-12-13 22:15:00,100.1436448,1.261,False
2013-12-13 22:20:00,101.4867034,0.34,False
2013-12-13 22:25:00,101.0662678,0.176,False
2013-12-13 22:30:00,100.8600972,0.426,False
2013-12-13 22:35:00,100.8591981,0.467,False
2013-12-13 22:40:00,101.4127059,0.218,False
2013-12-13 22:45:00,101.2494185,0.014,False
2013-12-13 22:50:00,102.4367537,1.5,False
2013-12-13 22:55:00,102.2777017,1.3,False
2013-12-13 23:00:00,101.3405085,0.129,False
2013-12-13 23:05:00,102.3740667,1.473,False
2013-12-13 23:10:00,101.1639041,0.113,False
2013-12-13 23:15:00,101.1934693,0.075,False
2013-12-13 23:20:00,101.2300648,0.027,False
2013-12-13 23:25:00,102.0228949,1.106,False
2013-12-13 23:30:00,100.9159435,0.446,False
2013-12-13 23:35:00,101.574418,0.46,False
2013-12-13 23:40:00,100.8888718,0.485,False
2013-12-13 23:45:00,100.8588655,0.585,False
2013-12-13 23:50:00,100.4652913,1.215,False
2013-12-13 23:55:00,101.5098581,0.102,False
2013-12-14 00:00:00,102.1078406,0.85,False
2013-12-14 00:05:00,100.6601964,1.185,False
2013-12-14 00:10:00,101.0716712,0.57,False
2013-12-14 00:15:00,102.6004603,1.557,False
2013-12-14 00:20:00,102.3334321,1.18,False
2013-12-14 00:25:00,102.4667396,1.277,False
2013-12-14 00:30:00,102.4254501,1.252,False
2013-12-14 00:35:00,102.4347564,1.28,False
2013-12-14 00:40:00,101.9151767,0.577,False
2013-12-14 00:45:00,102.6068535,1.451,False
2013-12-14 00:50:00,102.0080676,0.652,False
2013-12-14 00:55:00,101.8376662,0.438,False
2013-12-14 01:00:00,102.0348377,0.683,False
2013-12-14 01:05:00,100.6428929,1.06,False
2013-12-14 01:10:00,102.0394259,0.684,False
2013-12-14 01:15:00,102.700211,1.52,False
2013-12-14 01:20:00,102.0002444,0.653,False
2013-12-14 01:25:00,100.8524879,0.818,False
2013-12-14 01:30:00,101.5421026,0.064,False
2013-12-14 01:35:00,100.9581539,0.668,False
2013-12-14 01:40:00,101.2548047,0.309,False
2013-12-14 01:45:00,101.4919369,0.011,False
2013-12-14 01:50:00,100.838047,0.843,False
2013-12-14 01:55:00,101.0193116,0.619,False
2013-12-14 02:00:00,101.48944559999998,0.039,False
2013-12-14 02:05:00,101.2161611,0.394,False
2013-12-14 02:10:00,101.6828613,0.201,False
2013-12-14 02:15:00,100.9920673,0.674,False
2013-12-14 02:20:00,101.2165764,0.395,False
2013-12-14 02:25:00,102.2787276,0.918,False
2013-12-14 02:30:00,101.5375365,0.003,False
2013-12-14 02:35:00,100.7389267,0.989,False
2013-12-14 02:40:00,102.2430385,0.868,False
2013-12-14 02:45:00,101.8426258,0.371,False
2013-12-14 02:50:00,103.0966639,1.854,False
2013-12-14 02:55:00,102.6967074,1.368,False
2013-12-14 03:00:00,101.7383611,0.188,False
2013-12-14 03:05:00,101.2559067,0.387,False
2013-12-14 03:10:00,100.9256938,0.78,False
2013-12-14 03:15:00,100.8479621,0.873,False
2013-12-14 03:20:00,102.2475566,0.818,False
2013-12-14 03:25:00,101.2287375,0.384,False
2013-12-14 03:30:00,101.462249,0.096,False
2013-12-14 03:35:00,102.1952075,0.819,False
2013-12-14 03:40:00,100.8069833,0.905,False
2013-12-14 03:45:00,102.0610117,0.681,False
2013-12-14 03:50:00,100.8171308,0.864,False
2013-12-14 03:55:00,102.09347259999998,0.721,False
2013-12-14 04:00:00,100.7936842,0.887,False
2013-12-14 04:05:00,102.1682448,0.826,False
2013-12-14 04:10:00,101.3690662,0.162,False
2013-12-14 04:15:00,101.53255959999998,0.041,False
2013-12-14 04:20:00,101.1680406,0.405,False
2013-12-14 04:25:00,100.8173673,0.845,False
2013-12-14 04:30:00,101.0016927,0.625,False
2013-12-14 04:35:00,102.0073533,0.637,False
2013-12-14 04:40:00,100.567323,1.158,False
2013-12-14 04:45:00,102.886253,1.714,False
2013-12-14 04:50:00,102.2460143,0.924,False
2013-12-14 04:55:00,102.3909694,1.103,False
2013-12-14 05:00:00,102.0206236,0.624,False
2013-12-14 05:05:00,101.0087077,0.578,False
2013-12-14 05:10:00,102.0443587,0.594,False
2013-12-14 05:15:00,101.2390628,0.278,False
2013-12-14 05:20:00,100.8736793,0.691,False
2013-12-14 05:25:00,101.619335,0.113,False
2013-12-14 05:30:00,102.0971877,0.731,False
2013-12-14 05:35:00,100.5943048,0.954,False
2013-12-14 05:40:00,101.8564916,0.5,False
2013-12-14 05:45:00,100.4175088,1.261,False
2013-12-14 05:50:00,101.7908623,0.477,False
2013-12-14 05:55:00,100.5344902,1.065,False
2013-12-14 06:00:00,102.5272826,1.398,False
2013-12-14 06:05:00,100.4634739,1.114,False
2013-12-14 06:10:00,101.0255793,0.443,False
2013-12-14 06:15:00,101.631314,0.29,False
2013-12-14 06:20:00,100.8537202,0.671,False
2013-12-14 06:25:00,102.5261996,1.442,False
2013-12-14 06:30:00,101.4126269,0.037,False
2013-12-14 06:35:00,101.6479021,0.395,False
2013-12-14 06:40:00,100.6940206,0.744,False
2013-12-14 06:45:00,101.8851372,0.6,False
2013-12-14 06:50:00,102.4816794,1.244,False
2013-12-14 06:55:00,102.0461589,0.797,False
2013-12-14 07:00:00,101.507053,0.239,False
2013-12-14 07:05:00,101.397147,0.103,False
2013-12-14 07:10:00,102.410187,1.483,False
2013-12-14 07:15:00,101.2181199,0.037,False
2013-12-14 07:20:00,101.6570312,0.552,False
2013-12-14 07:25:00,102.3486933,1.443,False
2013-12-14 07:30:00,101.687061,0.584,False
2013-12-14 07:35:00,100.2906085,1.226,False
2013-12-14 07:40:00,100.5621351,0.847,False
2013-12-14 07:45:00,100.889205,0.435,False
2013-12-14 07:50:00,99.97451079,1.575,False
2013-12-14 07:55:00,100.2805769,1.191,False
2013-12-14 08:00:00,101.99122690000002,1.07,False
2013-12-14 08:05:00,100.8621407,0.383,False
2013-12-14 08:10:00,101.2651552,0.134,False
2013-12-14 08:15:00,101.0821352,0.099,False
2013-12-14 08:20:00,101.6095878,0.641,False
2013-12-14 08:25:00,100.9744814,0.166,False
2013-12-14 08:30:00,99.86127272,1.588,False
2013-12-14 08:35:00,101.3956391,0.439,False
2013-12-14 08:40:00,101.49935440000002,0.577,False
2013-12-14 08:45:00,101.2539429,0.284,False
2013-12-14 08:50:00,100.1956479,1.161,False
2013-12-14 08:55:00,102.0231586,1.402,False
2013-12-14 09:00:00,101.8752753,1.199,False
2013-12-14 09:05:00,100.4499993,0.724,False
2013-12-14 09:10:00,100.5843772,0.569,False
2013-12-14 09:15:00,100.0578912,1.318,False
2013-12-14 09:20:00,101.2006358,0.397,False
2013-12-14 09:25:00,100.2978782,0.944,False
2013-12-14 09:30:00,100.1332736,1.116,False
2013-12-14 09:35:00,101.8185351,1.448,False
2013-12-14 09:40:00,101.4353143,0.923,False
2013-12-14 09:45:00,101.9022594,1.564,False
2013-12-14 09:50:00,100.342965,0.575,False
2013-12-14 09:55:00,101.0562919,0.508,False
2013-12-14 10:00:00,100.9800445,0.52,False
2013-12-14 10:05:00,101.0776538,0.72,False
2013-12-14 10:10:00,100.2431265,0.478,False
2013-12-14 10:15:00,100.6128333,0.114,False
2013-12-14 10:20:00,100.3608877,0.255,False
2013-12-14 10:25:00,101.2287191,1.082,False
2013-12-14 10:30:00,101.3225872,1.279,False
2013-12-14 10:35:00,101.1209654,0.954,False
2013-12-14 10:40:00,99.42583098,1.363,False
2013-12-14 10:45:00,100.9626894,0.805,False
2013-12-14 10:50:00,100.0613092,0.485,False
2013-12-14 10:55:00,99.94906177,0.649,False
2013-12-14 11:00:00,101.2385966,1.235,False
2013-12-14 11:05:00,100.2323686,0.212,False
2013-12-14 11:10:00,101.3969616,1.527,False
2013-12-14 11:15:00,100.7733485,0.598,False
2013-12-14 11:20:00,99.87909274,0.593,False
2013-12-14 11:25:00,99.93551324,0.483,False
2013-12-14 11:30:00,100.5118977,0.315,False
2013-12-14 11:35:00,99.65299743,0.796,False
2013-12-14 11:40:00,100.328488,0.105,False
2013-12-14 11:45:00,100.4275477,0.241,False
2013-12-14 11:50:00,100.169092,0.088,False
2013-12-14 11:55:00,100.7540668,0.654,False
2013-12-14 12:00:00,99.32587932,1.152,False
2013-12-14 12:05:00,100.4185787,0.255,False
2013-12-14 12:10:00,100.2368174,0.065,False
2013-12-14 12:15:00,100.2031497,0.064,False
2013-12-14 12:20:00,100.381018,0.295,False
2013-12-14 12:25:00,98.96097812,1.446,False
2013-12-14 12:30:00,99.08332482,1.281,False
2013-12-14 12:35:00,99.02052509,1.33,False
2013-12-14 12:40:00,100.6557664,0.731,False
2013-12-14 12:45:00,100.9230986,1.106,False
2013-12-14 12:50:00,99.96225764,0.03,False
2013-12-14 12:55:00,100.0720016,0.145,False
2013-12-14 13:00:00,100.2853527,0.422,False
2013-12-14 13:05:00,98.4663358,1.711,False
2013-12-14 13:10:00,100.2519278,0.412,False
2013-12-14 13:15:00,100.5643647,0.87,False
2013-12-14 13:20:00,100.1121853,0.462,False
2013-12-14 13:25:00,100.4052996,0.811,False
2013-12-14 13:30:00,98.74137784,0.963,False
2013-12-14 13:35:00,98.84395578,0.797,False
2013-12-14 13:40:00,99.13031807,0.426,False
2013-12-14 13:45:00,99.21275151,0.353,False
2013-12-14 13:50:00,100.1188984,0.79,False
2013-12-14 13:55:00,98.83984562,0.601,False
2013-12-14 14:00:00,99.52757578,0.213,False
2013-12-14 14:05:00,100.2398891,1.08,False
2013-12-14 14:10:00,98.17326388,1.258,False
2013-12-14 14:15:00,99.61935383,0.444,False
2013-12-14 14:20:00,98.54135734,0.805,False
2013-12-14 14:25:00,97.89401311,1.518,False
2013-12-14 14:30:00,97.94545146,1.38,False
2013-12-14 14:35:00,99.05578598,0.016,False
2013-12-14 14:40:00,99.33625567,0.351,False
2013-12-14 14:45:00,100.009917,1.172,False
2013-12-14 14:50:00,97.98774357,1.082,False
2013-12-14 14:55:00,99.88853437,0.92,False
2013-12-14 15:00:00,99.69507652,0.738,False
2013-12-14 15:05:00,98.96352388,0.055,False
2013-12-14 15:10:00,99.58318092,0.731,False
2013-12-14 15:15:00,99.22442289,0.377,False
2013-12-14 15:20:00,98.1106196,0.729,False
2013-12-14 15:25:00,97.89873821,0.889,False
2013-12-14 15:30:00,97.82563386,0.962,False
2013-12-14 15:35:00,98.05613416,0.662,False
2013-12-14 15:40:00,98.10726409,0.545,False
2013-12-14 15:45:00,97.64046629,0.959,False
2013-12-14 15:50:00,98.07050401,0.501,False
2013-12-14 15:55:00,99.41474962,0.874,False
2013-12-14 16:00:00,97.32044047,1.214,False
2013-12-14 16:05:00,99.33787768,0.798,False
2013-12-14 16:10:00,99.02638708,0.492,False
2013-12-14 16:15:00,99.49372506,0.962,False
2013-12-14 16:20:00,98.6979853,0.163,False
2013-12-14 16:25:00,98.07502123,0.47,False
2013-12-14 16:30:00,97.5273246,1.066,False
2013-12-14 16:35:00,99.26759003,0.817,False
2013-12-14 16:40:00,98.19392375,0.336,False
2013-12-14 16:45:00,98.08837862,0.459,False
2013-12-14 16:50:00,97.55392191,0.989,False
2013-12-14 16:55:00,98.09895725,0.365,False
2013-12-14 17:00:00,98.85819442,0.625,False
2013-12-14 17:05:00,96.87966604,1.684,False
2013-12-14 17:10:00,98.08398791,0.282,False
2013-12-14 17:15:00,98.8563717,0.652,False
2013-12-14 17:20:00,98.33296091,0.009,False
2013-12-14 17:25:00,98.49979839,0.227,False
2013-12-14 17:30:00,98.31182199,0.018,False
2013-12-14 17:35:00,96.94636973,1.741,False
2013-12-14 17:40:00,98.51003736,0.214,False
2013-12-14 17:45:00,97.46499327,1.093,False
2013-12-14 17:50:00,99.00142034,0.845,False
2013-12-14 17:55:00,97.60117558,0.922,False
2013-12-14 18:00:00,98.60935319,0.344,False
2013-12-14 18:05:00,97.21236732,1.43,False
2013-12-14 18:10:00,98.2724906,0.084,False
2013-12-14 18:15:00,97.54553054,1.007,False
2013-12-14 18:20:00,98.31878854,0.022,False
2013-12-14 18:25:00,99.23545375,1.117,False
2013-12-14 18:30:00,97.58603343,1.032,False
2013-12-14 18:35:00,97.0523471,1.782,False
2013-12-14 18:40:00,98.59463492,0.151,False
2013-12-14 18:45:00,98.53429645,0.043,False
2013-12-14 18:50:00,97.3505096,1.58,False
2013-12-14 18:55:00,98.89868327,0.54,False
2013-12-14 19:00:00,98.6645243,0.218,False
2013-12-14 19:05:00,98.19946178,0.435,False
2013-12-14 19:10:00,99.10906781,0.824,False
2013-12-14 19:15:00,99.06812469,0.766,False
2013-12-14 19:20:00,98.88703316,0.516,False
2013-12-14 19:25:00,98.08282484,0.57,False
2013-12-14 19:30:00,97.50816789,1.284,False
2013-12-14 19:35:00,98.46003034,0.087,False
2013-12-14 19:40:00,98.56905484,0.051,False
2013-12-14 19:45:00,98.06509029,0.606,False
2013-12-14 19:50:00,98.67954029,0.119,False
2013-12-14 19:55:00,97.85573245,0.912,False
2013-12-14 20:00:00,98.07901737,0.672,False
2013-12-14 20:05:00,99.03529972,0.475,False
2013-12-14 20:10:00,98.65171536,0.008,False
2013-12-14 20:15:00,98.51735078,0.168,False
2013-12-14 20:20:00,97.88857754,0.849,False
2013-12-14 20:25:00,98.34441634,0.353,False
2013-12-14 20:30:00,99.69927755,1.012,False
2013-12-14 20:35:00,98.50386462,0.248,False
2013-12-14 20:40:00,98.7651863,0.066,False
2013-12-14 20:45:00,97.9736103,0.936,False
2013-12-14 20:50:00,99.80866123,0.999,False
2013-12-14 20:55:00,98.4533996,0.469,False
2013-12-14 21:00:00,99.55942442,0.782,False
2013-12-14 21:05:00,98.72602737,0.181,False
2013-12-14 21:10:00,99.81024462,0.994,False
2013-12-14 21:15:00,98.34016761,0.566,False
2013-12-14 21:20:00,100.0715708,1.208,False
2013-12-14 21:25:00,98.69858434,0.193,False
2013-12-14 21:30:00,99.77704845,0.884,False
2013-12-14 21:35:00,99.29484065,0.418,False
2013-12-14 21:40:00,99.53613223,0.666,False
2013-12-14 21:45:00,99.37653644,0.502,False
2013-12-14 21:50:00,98.46666436,0.417,False
2013-12-14 21:55:00,98.52275752,0.361,False
2013-12-14 22:00:00,100.9327361,1.96,False
2013-12-14 22:05:00,100.777748,1.708,False
2013-12-14 22:10:00,100.46388509999998,1.307,False
2013-12-14 22:15:00,100.2991562,1.223,False
2013-12-14 22:20:00,100.1551646,1.107,False
2013-12-14 22:25:00,100.6229483,1.504,False
2013-12-14 22:30:00,102.2281181,2.624,False
2013-12-14 22:35:00,101.4268681,2.132,False
2013-12-14 22:40:00,102.5863105,3.067,False
2013-12-14 22:45:00,101.847824,2.471,False
2013-12-14 22:50:00,100.9010262,1.708,False
2013-12-14 22:55:00,100.4623436,1.271,False
2013-12-14 23:00:00,100.4274351,1.238,False
2013-12-14 23:05:00,99.88635854,0.786,False
2013-12-14 23:10:00,100.0433372,0.949,False
2013-12-14 23:15:00,99.09579886,0.237,False
2013-12-14 23:20:00,99.47391935,0.521,False
2013-12-14 23:25:00,98.92211192,0.061,False
2013-12-14 23:30:00,99.30544809,0.349,False
2013-12-14 23:35:00,98.88610825,0.079,False
2013-12-14 23:40:00,99.78116741,0.707,False
2013-12-14 23:45:00,98.44229037,0.3,False
2013-12-14 23:50:00,99.73551237,0.672,False
2013-12-14 23:55:00,99.38186649,0.409,False
2013-12-15 00:00:00,97.89454042,0.763,False
2013-12-15 00:05:00,97.93239704,0.687,False
2013-12-15 00:10:00,97.03046133,1.369,False
2013-12-15 00:15:00,97.80731205,0.732,False
2013-12-15 00:20:00,96.65330393,1.659,False
2013-12-15 00:25:00,97.94183856,0.682,False
2013-12-15 00:30:00,98.57449985,0.25,False
2013-12-15 00:35:00,97.19179373,1.248,False
2013-12-15 00:40:00,98.79679122,0.018,False
2013-12-15 00:45:00,97.04112843,1.291,False
2013-12-15 00:50:00,96.77503761,1.492,False
2013-12-15 00:55:00,97.36096438,1.049,False
2013-12-15 01:00:00,97.77023867,0.758,False
2013-12-15 01:05:00,97.60308946,0.877,False
2013-12-15 01:10:00,98.74838546,0.01,False
2013-12-15 01:15:00,98.92539982,0.178,False
2013-12-15 01:20:00,98.72713243,0.061,False
2013-12-15 01:25:00,97.29659586,1.105,False
2013-12-15 01:30:00,98.99809639,0.326,False
2013-12-15 01:35:00,98.25612484,0.297,False
2013-12-15 01:40:00,98.13645883,0.41,False
2013-12-15 01:45:00,97.9990047,0.529,False
2013-12-15 01:50:00,97.3888378,1.062,False
2013-12-15 01:55:00,97.35742411,1.119,False
2013-12-15 02:00:00,99.10629814,0.469,False
2013-12-15 02:05:00,97.85902258,0.673,False
2013-12-15 02:10:00,98.05427493,0.508,False
2013-12-15 02:15:00,98.42300224,0.143,False
2013-12-15 02:20:00,99.33101626,0.744,False
2013-12-15 02:25:00,98.61372877,0.042,False
2013-12-15 02:30:00,97.3171323,1.13,False
2013-12-15 02:35:00,99.09569652,0.591,False
2013-12-15 02:40:00,97.63572995,0.753,False
2013-12-15 02:45:00,97.28097894,1.08,False
2013-12-15 02:50:00,99.20311102,0.633,False
2013-12-15 02:55:00,99.0526286,0.56,False
2013-12-15 03:00:00,97.48000641,0.791,False
2013-12-15 03:05:00,97.64893661,0.724,False
2013-12-15 03:10:00,97.62602787,0.818,False
2013-12-15 03:15:00,99.17606148,0.573,False
2013-12-15 03:20:00,99.53379122,0.91,False
2013-12-15 03:25:00,99.3397319,0.729,False
2013-12-15 03:30:00,97.25205534,1.368,False
2013-12-15 03:35:00,98.74582794,0.128,False
2013-12-15 03:40:00,98.62371284,0.029,False
2013-12-15 03:45:00,98.87261664,0.231,False
2013-12-15 03:50:00,98.67867459,0.029,False
2013-12-15 03:55:00,99.41594743,0.79,False
2013-12-15 04:00:00,98.22521504,0.532,False
2013-12-15 04:05:00,98.60667916,0.144,False
2013-12-15 04:10:00,97.44709658,1.426,False
2013-12-15 04:15:00,97.36950732,1.512,False
2013-12-15 04:20:00,98.27725915,0.508,False
2013-12-15 04:25:00,97.94460424,0.896,False
2013-12-15 04:30:00,99.56974255,0.902,False
2013-12-15 04:35:00,99.11954883,0.435,False
2013-12-15 04:40:00,99.69377882,1.02,False
2013-12-15 04:45:00,99.50595495,0.796,False
2013-12-15 04:50:00,99.07263874,0.309,False
2013-12-15 04:55:00,98.56400183,0.233,False
2013-12-15 05:00:00,98.98691533,0.193,False
2013-12-15 05:05:00,98.82653616,0.031,False
2013-12-15 05:10:00,98.46597556,0.331,False
2013-12-15 05:15:00,99.10681495,0.303,False
2013-12-15 05:20:00,99.71798206,0.828,False
2013-12-15 05:25:00,98.15152294,0.679,False
2013-12-15 05:30:00,98.04404455,0.768,False
2013-12-15 05:35:00,98.76342001,0.107,False
2013-12-15 05:40:00,99.9242008,1.025,False
2013-12-15 05:45:00,99.22470853,0.333,False
2013-12-15 05:50:00,97.9284094,0.922,False
2013-12-15 05:55:00,97.75581357,1.068,False
2013-12-15 06:00:00,99.64871569,0.724,False
2013-12-15 06:05:00,98.87922803,0.003,False
2013-12-15 06:10:00,98.68534484,0.198,False
2013-12-15 06:15:00,97.89172309,1.01,False
2013-12-15 06:20:00,99.43030554,0.499,False
2013-12-15 06:25:00,99.5486609,0.61,False
2013-12-15 06:30:00,99.21118395,0.294,False
2013-12-15 06:35:00,99.07717671,0.12,False
2013-12-15 06:40:00,99.25190263,0.251,False
2013-12-15 06:45:00,97.90865785,1.03,False
2013-12-15 06:50:00,98.9150558,0.109,False
2013-12-15 06:55:00,99.40557677,0.351,False
2013-12-15 07:00:00,100.1535285,1.092,False
2013-12-15 07:05:00,98.19949764,0.726,False
2013-12-15 07:10:00,98.98973526,0.001,False
2013-12-15 07:15:00,99.42956365,0.413,False
2013-12-15 07:20:00,99.1623599,0.125,False
2013-12-15 07:25:00,98.12088764,0.868,False
2013-12-15 07:30:00,98.31486432,0.683,False
2013-12-15 07:35:00,97.92590933,1.062,False
2013-12-15 07:40:00,98.23511012,0.753,False
2013-12-15 07:45:00,99.67595501,0.723,False
2013-12-15 07:50:00,99.30475195,0.352,False
2013-12-15 07:55:00,98.16374252,0.752,False
2013-12-15 08:00:00,99.94655973,0.994,False
2013-12-15 08:05:00,98.7529151,0.192,False
2013-12-15 08:10:00,98.01644053,0.894,False
2013-12-15 08:15:00,99.90742709,0.91,False
2013-12-15 08:20:00,99.1004261,0.176,False
2013-12-15 08:25:00,98.03099966,0.829,False
2013-12-15 08:30:00,100.3314607,1.326,False
2013-12-15 08:35:00,98.42899685,0.457,False
2013-12-15 08:40:00,100.1161485,1.104,False
2013-12-15 08:45:00,98.60235342,0.274,False
2013-12-15 08:50:00,99.7353763,0.768,False
2013-12-15 08:55:00,99.87284034,0.894,False
2013-12-15 09:00:00,98.02537114,0.83,False
2013-12-15 09:05:00,100.2322704,1.225,False
2013-12-15 09:10:00,99.15162598,0.219,False
2013-12-15 09:15:00,98.09388863,0.766,False
2013-12-15 09:20:00,100.0165781,0.996,False
2013-12-15 09:25:00,100.0800118,1.049,False
2013-12-15 09:30:00,99.42570882,0.474,False
2013-12-15 09:35:00,99.16263044,0.244,False
2013-12-15 09:40:00,98.4433681,0.372,False
2013-12-15 09:45:00,99.99777632,1.117,False
2013-12-15 09:50:00,98.9177721,0.07,False
2013-12-15 09:55:00,98.09997885,0.686,False
2013-12-15 10:00:00,97.76648076,0.952,False
2013-12-15 10:05:00,98.79666368,0.02,False
2013-12-15 10:10:00,98.75096859,0.022,False
2013-12-15 10:15:00,99.31738687,0.505,False
2013-12-15 10:20:00,98.23880216,0.473,False
2013-12-15 10:25:00,97.93904427,0.699,False
2013-12-15 10:30:00,98.21184273,0.449,False
2013-12-15 10:35:00,98.99414091,0.267,False
2013-12-15 10:40:00,97.6589387,1.0,False
2013-12-15 10:45:00,99.86530421,1.019,False
2013-12-15 10:50:00,98.65345893,0.045,False
2013-12-15 10:55:00,99.27444571,0.569,False
2013-12-15 11:00:00,99.66839827,0.929,False
2013-12-15 11:05:00,98.88598736,0.213,False
2013-12-15 11:10:00,98.05794469,0.539,False
2013-12-15 11:15:00,98.79980235,0.142,False
2013-12-15 11:20:00,97.87327998,0.719,False
2013-12-15 11:25:00,99.43301498,0.776,False
2013-12-15 11:30:00,97.65836504,0.925,False
2013-12-15 11:35:00,97.60564939,0.976,False
2013-12-15 11:40:00,97.62875377,0.954,False
2013-12-15 11:45:00,99.10529521,0.472,False
2013-12-15 11:50:00,97.4362852,1.165,False
2013-12-15 11:55:00,99.30205644,0.724,False
2013-12-15 12:00:00,99.3134723,0.736,False
2013-12-15 12:05:00,97.9553346,0.675,False
2013-12-15 12:10:00,98.25785332,0.322,False
2013-12-15 12:15:00,99.05298381,0.54,False
2013-12-15 12:20:00,99.25481369,0.772,False
2013-12-15 12:25:00,98.43597797,0.043,False
2013-12-15 12:30:00,98.09244069,0.378,False
2013-12-15 12:35:00,98.32073506,0.129,False
2013-12-15 12:40:00,97.92128669,0.547,False
2013-12-15 12:45:00,99.52939024,1.101,False
2013-12-15 12:50:00,99.16695045,0.772,False
2013-12-15 12:55:00,98.63953562,0.229,False
2013-12-15 13:00:00,98.60791571,0.187,False
2013-12-15 13:05:00,98.42314412,0.007,False
2013-12-15 13:10:00,99.19667461,0.792,False
2013-12-15 13:15:00,97.49260427,0.914,False
2013-12-15 13:20:00,97.39770536,0.958,False
2013-12-15 13:25:00,97.60788004,0.788,False
2013-12-15 13:30:00,97.46941261,0.927,False
2013-12-15 13:35:00,99.30753405,0.894,False
2013-12-15 13:40:00,98.65276808,0.24,False
2013-12-15 13:45:00,97.64075262,0.771,False
2013-12-15 13:50:00,98.44412152,0.047,False
2013-12-15 13:55:00,97.53304866,0.808,False
2013-12-15 14:00:00,98.76003506,0.396,False
2013-12-15 14:05:00,97.77398933,0.582,False
2013-12-15 14:10:00,97.67436125,0.681,False
2013-12-15 14:15:00,98.40180932,0.044,False
2013-12-15 14:20:00,99.02324147,0.654,False
2013-12-15 14:25:00,97.40055487,0.995,False
2013-12-15 14:30:00,99.13254642,0.775,False
2013-12-15 14:35:00,98.490467,0.105,False
2013-12-15 14:40:00,99.09001773,0.735,False
2013-12-15 14:45:00,98.39216142,0.022,False
2013-12-15 14:50:00,98.54567104,0.141,False
2013-12-15 14:55:00,99.15118118,0.784,False
2013-12-15 15:00:00,99.01733625,0.677,False
2013-12-15 15:05:00,96.82386322,1.793,False
2013-12-15 15:10:00,98.46312279,0.06,False
2013-12-15 15:15:00,97.97718352,0.511,False
2013-12-15 15:20:00,97.13515338,1.471,False
2013-12-15 15:25:00,97.55386559,1.034,False
2013-12-15 15:30:00,98.03177527,0.449,False
2013-12-15 15:35:00,98.49146816,0.069,False
2013-12-15 15:40:00,97.05968288,1.543,False
2013-12-15 15:45:00,98.07703938,0.399,False
2013-12-15 15:50:00,97.53590754,0.974,False
2013-12-15 15:55:00,98.99180825,0.571,False
2013-12-15 16:00:00,96.74259235,1.714,False
2013-12-15 16:05:00,96.91744745,1.521,False
2013-12-15 16:10:00,98.15954059,0.311,False
2013-12-15 16:15:00,97.52494616,0.934,False
2013-12-15 16:20:00,99.04597268,0.544,False
2013-12-15 16:25:00,96.97770054,1.512,False
2013-12-15 16:30:00,98.75731904,0.167,False
2013-12-15 16:35:00,98.42851613,0.208,False
2013-12-15 16:40:00,97.64108447,0.981,False
2013-12-15 16:45:00,97.33753779,1.277,False
2013-12-15 16:50:00,97.54714545,1.142,False
2013-12-15 16:55:00,99.38592207,0.535,False
2013-12-15 17:00:00,98.4328822,0.368,False
2013-12-15 17:05:00,99.44937954,0.467,False
2013-12-15 17:10:00,97.25229874,1.387,False
2013-12-15 17:15:00,98.81023355,0.072,False
2013-12-15 17:20:00,99.03141825,0.112,False
2013-12-15 17:25:00,97.88859486,0.769,False
2013-12-15 17:30:00,98.38095666,0.383,False
2013-12-15 17:35:00,99.19894624,0.342,False
2013-12-15 17:40:00,99.60597848,0.66,False
2013-12-15 17:45:00,98.99952489,0.246,False
2013-12-15 17:50:00,97.64487326,0.842,False
2013-12-15 17:55:00,99.10575295,0.332,False
2013-12-15 18:00:00,98.24683462,0.244,False
2013-12-15 18:05:00,98.88179042,0.316,False
2013-12-15 18:10:00,99.81673794,1.045,False
2013-12-15 18:15:00,98.90925949,0.349,False
2013-12-15 18:20:00,98.99627855,0.403,False
2013-12-15 18:25:00,99.14223085,0.531,False
2013-12-15 18:30:00,98.62847081,0.134,False
2013-12-15 18:35:00,99.80572233,1.079,False
2013-12-15 18:40:00,99.51287812,0.869,False
2013-12-15 18:45:00,100.4397605,1.656,False
2013-12-15 18:50:00,100.5336281,1.689,False
2013-12-15 18:55:00,99.74759199,1.085,False
2013-12-15 19:00:00,100.9624479,2.108,False
2013-12-15 19:05:00,99.8387475,1.294,False
2013-12-15 19:10:00,100.5928867,1.974,False
2013-12-15 19:15:00,100.8934017,2.245,False
2013-12-15 19:20:00,100.7938705,2.334,False
2013-12-15 19:25:00,101.409672,3.024,False
2013-12-15 19:30:00,102.9240808,4.569,False
2013-12-15 19:35:00,103.2008189,5.088,False
2013-12-15 19:40:00,103.1919147,5.344,False
2013-12-15 19:45:00,103.6205352,5.769,False
2013-12-15 19:50:00,101.6725684,4.079,False
2013-12-15 19:55:00,100.9357256,3.53,False
2013-12-15 20:00:00,100.388377,2.862,False
2013-12-15 20:05:00,97.7110371,0.216,False
2013-12-15 20:10:00,97.3677802,0.057,False
2013-12-15 20:15:00,95.73908518,0.86,False
2013-12-15 20:20:00,94.02465956,0.905,False
2013-12-15 20:25:00,93.50100687,0.26,False
2013-12-15 20:30:00,92.65096899,0.449,False
2013-12-15 20:35:00,89.52758026,1.649,False
2013-12-15 20:40:00,89.38838855,0.073,False
2013-12-15 20:45:00,88.19301490000002,0.631,False
2013-12-15 20:50:00,87.43584103,0.4,False
2013-12-15 20:55:00,85.56430111,1.102,False
2013-12-15 21:00:00,85.13721252,0.225,False
2013-12-15 21:05:00,83.7076931,1.263,False
2013-12-15 21:10:00,83.75591379999999,0.524,False
2013-12-15 21:15:00,84.80286565,1.072,False
2013-12-15 21:20:00,83.06057916,0.321,False
2013-12-15 21:25:00,82.65999554,0.395,False
2013-12-15 21:30:00,83.05732349,0.194,False
2013-12-15 21:35:00,81.63407819,0.485,False
2013-12-15 21:40:00,81.43592882,0.094,False
2013-12-15 21:45:00,79.59202065,1.565,False
2013-12-15 21:50:00,80.95394126,0.665,False
2013-12-15 21:55:00,79.36497332,0.191,False
2013-12-15 22:00:00,79.52448561,0.079,False
2013-12-15 22:05:00,77.15299295,1.693,False
2013-12-15 22:10:00,77.67013587,0.346,False
2013-12-15 22:15:00,78.36263257,0.734,False
2013-12-15 22:20:00,77.65499977,0.263,False
2013-12-15 22:25:00,76.98690674,0.092,False
2013-12-15 22:30:00,76.13234322,0.503,False
2013-12-15 22:35:00,76.10742722,0.016,False
2013-12-15 22:40:00,73.37809272,2.277,False
2013-12-15 22:45:00,74.26484109,0.181,False
2013-12-15 22:50:00,73.98708474,0.396,False
2013-12-15 22:55:00,72.31098996,0.924,False
2013-12-15 23:00:00,72.60756049999998,0.201,False
2013-12-15 23:05:00,70.873288,1.241,False
2013-12-15 23:10:00,70.65734792,0.537,False
2013-12-15 23:15:00,70.28280554,0.608,False
2013-12-15 23:20:00,71.2668673,1.003,False
2013-12-15 23:25:00,70.10070864,0.115,False
2013-12-15 23:30:00,69.85123623,0.151,False
2013-12-15 23:35:00,69.02343247,0.547,False
2013-12-15 23:40:00,68.07660444,1.193,False
2013-12-15 23:45:00,69.09787576,0.636,False
2013-12-15 23:50:00,67.72985404,0.358,False
2013-12-15 23:55:00,66.79399359,1.282,False
2013-12-16 00:00:00,66.89615854,0.81,False
2013-12-16 00:05:00,66.55123626,0.705,False
2013-12-16 00:10:00,67.97364915,1.235,False
2013-12-16 00:15:00,66.11182479,0.859,False
2013-12-16 00:20:00,67.39853634,0.85,False
2013-12-16 00:25:00,65.59692094,1.006,False
2013-12-16 00:30:00,65.31088565,1.077,False
2013-12-16 00:35:00,66.94188976,0.918,False
2013-12-16 00:40:00,65.96888298,0.079,False
2013-12-16 00:45:00,65.12423914,0.839,False
2013-12-16 00:50:00,66.11789457,0.471,False
2013-12-16 00:55:00,64.80124145,0.81,False
2013-12-16 01:00:00,66.39476737,1.168,False
2013-12-16 01:05:00,65.05548849,0.245,False
2013-12-16 01:10:00,65.42792911,0.279,False
2013-12-16 01:15:00,65.79025781,0.798,False
2013-12-16 01:20:00,65.24156143,0.357,False
2013-12-16 01:25:00,64.77355145,0.016,False
2013-12-16 01:30:00,64.25844658,0.293,False
2013-12-16 01:35:00,63.32511037,0.853,False
2013-12-16 01:40:00,63.92825593,0.199,False
2013-12-16 01:45:00,62.71478623,0.834,False
2013-12-16 01:50:00,63.5697321,0.296,False
2013-12-16 01:55:00,62.01093406,1.35,False
2013-12-16 02:00:00,62.35603729,0.636,False
2013-12-16 02:05:00,63.29512278,0.691,False
2013-12-16 02:10:00,61.51612039,1.175,False
2013-12-16 02:15:00,61.50167623,1.021,False
2013-12-16 02:20:00,61.49128902,0.764,False
2013-12-16 02:25:00,63.12723689,1.255,False
2013-12-16 02:30:00,61.41971741,0.38,False
2013-12-16 02:35:00,62.49812045,1.069,False
2013-12-16 02:40:00,62.62345077,1.213,False
2013-12-16 02:45:00,62.01165423,0.559,False
2013-12-16 02:50:00,61.11837772,0.364,False
2013-12-16 02:55:00,59.77550561,1.593,False
2013-12-16 03:00:00,61.50966304,0.876,False
2013-12-16 03:05:00,59.66600129,0.626,False
2013-12-16 03:10:00,59.57919588,0.437,False
2013-12-16 03:15:00,59.12470295,0.604,False
2013-12-16 03:20:00,60.24540836,0.598,False
2013-12-16 03:25:00,60.25964641,0.681,False
2013-12-16 03:30:00,58.81060689,0.837,False
2013-12-16 03:35:00,59.64776118,0.319,False
2013-12-16 03:40:00,58.86810738,0.141,False
2013-12-16 03:45:00,59.59463032,0.815,False
2013-12-16 03:50:00,58.60295114,0.222,False
2013-12-16 03:55:00,58.67059847,0.073,False
2013-12-16 04:00:00,57.61151954,1.094,False
2013-12-16 04:05:00,58.80721121,0.585,False
2013-12-16 04:10:00,57.69286607,0.198,False
2013-12-16 04:15:00,56.74915104,1.035,False
2013-12-16 04:20:00,57.91419321,0.28,False
2013-12-16 04:25:00,57.56596634,0.024,False
2013-12-16 04:30:00,56.72141269,0.797,False
2013-12-16 04:35:00,57.84285288,0.41,False
2013-12-16 04:40:00,57.02785876,0.217,False
2013-12-16 04:45:00,56.93371332,0.05,False
2013-12-16 04:50:00,57.44456351,0.651,False
2013-12-16 04:55:00,57.43423073,0.746,False
2013-12-16 05:00:00,55.01842643,1.312,False
2013-12-16 05:05:00,55.73219618,0.022,False
2013-12-16 05:10:00,54.61028367,1.054,False
2013-12-16 05:15:00,55.08287152,0.431,False
2013-12-16 05:20:00,55.56345357,0.317,False
2013-12-16 05:25:00,54.42607397,0.686,False
2013-12-16 05:30:00,55.77414637,0.986,False
2013-12-16 05:35:00,54.7775747,0.047,False
2013-12-16 05:40:00,55.45028914,0.892,False
2013-12-16 05:45:00,53.85600716,0.865,False
2013-12-16 05:50:00,53.56473816,1.086,False
2013-12-16 05:55:00,53.68843595,0.832,False
2013-12-16 06:00:00,53.29903854,1.022,False
2013-12-16 06:05:00,54.69347371,0.898,False
2013-12-16 06:10:00,54.62144576,0.927,False
2013-12-16 06:15:00,54.41227606,0.775,False
2013-12-16 06:20:00,53.96580671,0.373,False
2013-12-16 06:25:00,53.75843375,0.349,False
2013-12-16 06:30:00,52.01246787,1.206,False
2013-12-16 06:35:00,52.92083965,0.216,False
2013-12-16 06:40:00,51.43811574,1.125,False
2013-12-16 06:45:00,51.46420607,0.828,False
2013-12-16 06:50:00,52.49102788,0.791,False
2013-12-16 06:55:00,52.52687481,1.077,False
2013-12-16 07:00:00,50.45056375,0.946,False
2013-12-16 07:05:00,51.22282136,0.069,False
2013-12-16 07:10:00,50.3957789,0.798,False
2013-12-16 07:15:00,51.35351229,0.253,False
2013-12-16 07:20:00,51.03941604,0.034,False
2013-12-16 07:25:00,50.21714895,0.782,False
2013-12-16 07:30:00,50.55841829,0.39,False
2013-12-16 07:35:00,51.16255256,0.326,False
2013-12-16 07:40:00,50.94886444,0.272,False
2013-12-16 07:45:00,50.79486943,0.282,False
2013-12-16 07:50:00,49.21029401,1.179,False
2013-12-16 07:55:00,48.84738522,1.485,False
2013-12-16 08:00:00,50.14519639,0.141,False
2013-12-16 08:05:00,50.97445399,0.796,False
2013-12-16 08:10:00,50.90921407,0.748,False
2013-12-16 08:15:00,50.02062105,0.153,False
2013-12-16 08:20:00,49.74401138,0.366,False
2013-12-16 08:25:00,49.97094575,0.026,False
2013-12-16 08:30:00,49.33884328,0.565,False
2013-12-16 08:35:00,48.78436052,1.029,False
2013-12-16 08:40:00,49.53339906,0.193,False
2013-12-16 08:45:00,49.78162577,0.139,False
2013-12-16 08:50:00,49.62187665,0.029,False
2013-12-16 08:55:00,49.68919324,0.152,False
2013-12-16 09:00:00,48.30739042,1.414,False
2013-12-16 09:05:00,48.82902834,0.767,False
2013-12-16 09:10:00,50.35484431,1.143,False
2013-12-16 09:15:00,50.21769333,1.052,False
2013-12-16 09:20:00,48.10254852,1.484,False
2013-12-16 09:25:00,49.46442467,0.299,False
2013-12-16 09:30:00,48.33883452,1.031,False
2013-12-16 09:35:00,48.00434093,1.387,False
2013-12-16 09:40:00,48.90008594,0.109,False
2013-12-16 09:45:00,50.17850555,1.725,False
2013-12-16 09:50:00,49.56887872,1.055,False
2013-12-16 09:55:00,49.37605213,0.853,False
2013-12-16 10:00:00,48.80167321,0.013,False
2013-12-16 10:05:00,47.80191086,1.48,False
2013-12-16 10:10:00,49.07504767,0.488,False
2013-12-16 10:15:00,49.24019399,0.842,False
2013-12-16 10:20:00,48.20736299,0.653,False
2013-12-16 10:25:00,48.62104883,0.002,False
2013-12-16 10:30:00,49.51150583,1.347,False
2013-12-16 10:35:00,47.52778085,1.345,False
2013-12-16 10:40:00,49.15285659,1.026,False
2013-12-16 10:45:00,48.22976589,0.132,False
2013-12-16 10:50:00,48.76461254,0.564,False
2013-12-16 10:55:00,48.41482013,0.183,False
2013-12-16 11:00:00,48.5520704,0.417,False
2013-12-16 11:05:00,48.61894249,0.53,False
2013-12-16 11:10:00,47.50916129,0.78,False
2013-12-16 11:15:00,48.65187261,0.77,False
2013-12-16 11:20:00,47.07105491,1.146,False
2013-12-16 11:25:00,47.48283583,0.603,False
2013-12-16 11:30:00,47.15190756,0.951,False
2013-12-16 11:35:00,47.97227843,0.087,False
2013-12-16 11:40:00,47.95899435,0.078,False
2013-12-16 11:45:00,46.96989176,1.043,False
2013-12-16 11:50:00,48.74477405,1.017,False
2013-12-16 11:55:00,47.42435797,0.303,False
2013-12-16 12:00:00,46.61640041,1.049,False
2013-12-16 12:05:00,47.59462942,0.006,False
2013-12-16 12:10:00,48.31961709,0.828,False
2013-12-16 12:15:00,47.22434182,0.35,False
2013-12-16 12:20:00,47.90009631,0.444,False
2013-12-16 12:25:00,48.16424514,0.811,False
2013-12-16 12:30:00,47.60611477,0.136,False
2013-12-16 12:35:00,47.14741295,0.391,False
2013-12-16 12:40:00,47.88889085,0.507,False
2013-12-16 12:45:00,47.25605389,0.142,False
2013-12-16 12:50:00,46.88716102,0.461,False
2013-12-16 12:55:00,46.76427792,0.534,False
2013-12-16 13:00:00,46.26625835,1.047,False
2013-12-16 13:05:00,47.21476764,0.033,False
2013-12-16 13:10:00,47.12237735,0.029,False
2013-12-16 13:15:00,47.84390938,0.72,False
2013-12-16 13:20:00,46.28042599,0.811,False
2013-12-16 13:25:00,47.89438575,0.841,False
2013-12-16 13:30:00,45.88065187,1.027,False
2013-12-16 13:35:00,45.93348708,0.962,False
2013-12-16 13:40:00,46.44069985,0.455,False
2013-12-16 13:45:00,45.69180477,1.139,False
2013-12-16 13:50:00,47.54428761,0.662,False
2013-12-16 13:55:00,45.66502197,0.925,False
2013-12-16 14:00:00,45.78300206,0.658,False
2013-12-16 14:05:00,46.93858357,0.433,False
2013-12-16 14:10:00,46.25313734,0.101,False
2013-12-16 14:15:00,47.62256048,0.998,False
2013-12-16 14:20:00,46.27868176,0.001,False
2013-12-16 14:25:00,46.96455654,0.513,False
2013-12-16 14:30:00,47.48451206,0.881,False
2013-12-16 14:35:00,47.34018048,0.766,False
2013-12-16 14:40:00,46.41420425,0.229,False
2013-12-16 14:45:00,47.49389536,1.053,False
2013-12-16 14:50:00,46.9063076,0.709,False
2013-12-16 14:55:00,45.33579904,0.269,False
2013-12-16 15:00:00,45.20852682,0.312,False
2013-12-16 15:05:00,46.34479413,0.416,False
2013-12-16 15:10:00,46.21011068,0.377,False
2013-12-16 15:15:00,45.54831103,0.065,False
2013-12-16 15:20:00,45.7257248,0.279,False
2013-12-16 15:25:00,43.17745454,0.624,False
2013-12-16 15:30:00,41.30898865,1.026,False
2013-12-16 15:35:00,40.46142699,1.52,False
2013-12-16 15:40:00,37.79127513,2.93,False
2013-12-16 15:45:00,36.24965328,3.707,False
2013-12-16 15:50:00,35.07245553,4.256,False
2013-12-16 15:55:00,32.45494267,5.532,False
2013-12-16 16:00:00,30.69964858,5.76,False
2013-12-16 16:05:00,30.50446055,5.78,False
2013-12-16 16:10:00,27.21222794,7.295,True
2013-12-16 16:15:00,25.68067158,8.0,True
2013-12-16 16:20:00,23.82904352,8.852,True
2013-12-16 16:25:00,22.9838387,9.241,True
2013-12-16 16:30:00,21.73703176,9.348,True
2013-12-16 16:35:00,19.27717911,10.426,True
2013-12-16 16:40:00,18.5919706,10.727,True
2013-12-16 16:45:00,16.45710857,11.662,True
2013-12-16 16:50:00,14.6710595,12.445,True
2013-12-16 16:55:00,12.41409266,13.434,True
2013-12-16 17:00:00,9.633951608,14.653,True
2013-12-16 17:05:00,10.00196599,14.491,True
2013-12-16 17:10:00,6.918644935,15.843,True
2013-12-16 17:15:00,6.440237831,16.052,True
2013-12-16 17:20:00,4.117241297,17.07,True
2013-12-16 17:25:00,2.084721206,17.961,True
2013-12-16 17:30:00,12.12038123,13.563,True
2013-12-16 17:35:00,32.00170328,4.85,False
2013-12-16 17:40:00,41.29106488,0.779,False
2013-12-16 17:45:00,41.16242458,0.835,False
2013-12-16 17:50:00,41.14081509,0.882,False
2013-12-16 17:55:00,40.78222417,1.046,False
2013-12-16 18:00:00,42.95940386,0.05,False
2013-12-16 18:05:00,42.1564866,0.417,False
2013-12-16 18:10:00,41.81195211,0.575,False
2013-12-16 18:15:00,42.55128466,0.237,False
2013-12-16 18:20:00,42.49538316,0.262,False
2013-12-16 18:25:00,41.79045369,0.585,False
2013-12-16 18:30:00,43.92541428,0.221,False
2013-12-16 18:35:00,51.00312098,1.678,False
2013-12-16 18:40:00,60.53594765,2.353,False
2013-12-16 18:45:00,72.36676911,2.92,False
2013-12-16 18:50:00,81.63368993,2.288,False
2013-12-16 18:55:00,87.73037905,1.568,False
2013-12-16 19:00:00,90.42082444,0.716,False
2013-12-16 19:05:00,90.72679849,0.084,False
2013-12-16 19:10:00,92.39017485,0.467,False
2013-12-16 19:15:00,93.81792191,0.415,False
2013-12-16 19:20:00,94.79157436,0.283,False
2013-12-16 19:25:00,97.17508218,0.866,False
2013-12-16 19:30:00,96.57597809,0.174,False
2013-12-16 19:35:00,98.32644166,0.389,False
2013-12-16 19:40:00,98.13878016,0.055,False
2013-12-16 19:45:00,99.00484834,0.391,False
2013-12-16 19:50:00,98.33838178,0.194,False
2013-12-16 19:55:00,100.4016355,0.806,False
2013-12-16 20:00:00,99.59652462,0.312,False
2013-12-16 20:05:00,100.1124855,0.557,False
2013-12-16 20:10:00,99.09488149,0.124,False
2013-12-16 20:15:00,99.02416157,0.256,False
2013-12-16 20:20:00,100.7365703,0.702,False
2013-12-16 20:25:00,101.03139190000002,0.919,False
2013-12-16 20:30:00,100.3720819,0.486,False
2013-12-16 20:35:00,99.79124934,0.024,False
2013-12-16 20:40:00,100.87877009999998,0.849,False
2013-12-16 20:45:00,99.2141362,0.431,False
2013-12-16 20:50:00,101.0045686,0.954,False
2013-12-16 20:55:00,99.55025731,0.204,False
2013-12-16 21:00:00,99.72446638,0.063,False
2013-12-16 21:05:00,99.40226732,0.329,False
2013-12-16 21:10:00,100.2072874,0.342,False
2013-12-16 21:15:00,99.52078102,0.236,False
2013-12-16 21:20:00,100.4465293,0.544,False
2013-12-16 21:25:00,100.4795992,0.571,False
2013-12-16 21:30:00,100.6708725,0.745,False
2013-12-16 21:35:00,100.5846324,0.671,False
2013-12-16 21:40:00,101.4208016,1.415,False
2013-12-16 21:45:00,101.5008296,1.485,False
2013-12-16 21:50:00,100.8198199,0.924,False
2013-12-16 21:55:00,100.5288984,0.68,False
2013-12-16 22:00:00,100.5179726,0.669,False
2013-12-16 22:05:00,100.1548013,0.334,False
2013-12-16 22:10:00,100.6109197,0.764,False
2013-12-16 22:15:00,101.6400774,1.741,False
2013-12-16 22:20:00,101.1290288,1.254,False
2013-12-16 22:25:00,101.8814094,1.964,False
2013-12-16 22:30:00,102.6964292,2.809,False
2013-12-16 22:35:00,101.7138867,1.856,False
2013-12-16 22:40:00,102.7085554,2.821,False
2013-12-16 22:45:00,102.9848334,3.089,False
2013-12-16 22:50:00,101.5080214,1.612,False
2013-12-16 22:55:00,102.0260435,2.101,False
2013-12-16 23:00:00,101.4248327,1.617,False
2013-12-16 23:05:00,102.632546,2.789,False
2013-12-16 23:10:00,100.8237332,1.151,False
2013-12-16 23:15:00,102.0523921,2.343,False
2013-12-16 23:20:00,99.81043131,0.168,False
2013-12-16 23:25:00,100.3277196,0.769,False
2013-12-16 23:30:00,100.0920323,0.612,False
2013-12-16 23:35:00,99.39926996,0.001,False
2013-12-16 23:40:00,98.54638137,0.71,False
2013-12-16 23:45:00,100.034402,0.861,False
2013-12-16 23:50:00,97.95170435,0.749,False
2013-12-16 23:55:00,97.59331335,0.594,False
2013-12-17 00:00:00,97.39754211,0.456,False
2013-12-17 00:05:00,97.85054326,0.117,False
2013-12-17 00:10:00,99.00989219,1.251,False
2013-12-17 00:15:00,97.10450939,0.38,False
2013-12-17 00:20:00,97.12141706,0.276,False
2013-12-17 00:25:00,97.489756,0.099,False
2013-12-17 00:30:00,97.59276131,0.302,False
2013-12-17 00:35:00,97.3476109,0.198,False
2013-12-17 00:40:00,95.44921015,0.732,False
2013-12-17 00:45:00,95.56860991,0.049,False
2013-12-17 00:50:00,95.05862086,0.161,False
2013-12-17 00:55:00,93.81001333,0.834,False
2013-12-17 01:00:00,94.58189255,0.13,False
2013-12-17 01:05:00,94.2630334,0.178,False
2013-12-17 01:10:00,93.33173054,0.178,False
2013-12-17 01:15:00,91.81774793,0.991,False
2013-12-17 01:20:00,93.14369751,0.353,False
2013-12-17 01:25:00,92.13349495,0.11,False
2013-12-17 01:30:00,91.62161377,0.087,False
2013-12-17 01:35:00,91.09451998,0.387,False
2013-12-17 01:40:00,91.67569533,0.222,False
2013-12-17 01:45:00,89.05952603,1.152,False
2013-12-17 01:50:00,90.32529629,0.205,False
2013-12-17 01:55:00,89.73818554,0.237,False
2013-12-17 02:00:00,89.02368314,0.013,False
2013-12-17 02:05:00,87.48752341,0.536,False
2013-12-17 02:10:00,86.23985297,0.435,False
2013-12-17 02:15:00,85.72289113,0.18,False
2013-12-17 02:20:00,81.89829237,1.577,False
2013-12-17 02:25:00,80.30338822,1.214,False
2013-12-17 02:30:00,79.06239879,1.401,False
2013-12-17 02:35:00,79.71894387,0.842,False
2013-12-17 02:40:00,77.1638884,1.72,False
2013-12-17 02:45:00,76.49140641,1.632,False
2013-12-17 02:50:00,76.89895858,1.315,False
2013-12-17 02:55:00,79.7333571,0.065,False
2013-12-17 03:00:00,80.06936263,0.133,False
2013-12-17 03:05:00,82.59365953,1.115,False
2013-12-17 03:10:00,81.42461476,0.66,False
2013-12-17 03:15:00,81.55566572,0.825,False
2013-12-17 03:20:00,80.25766215,0.321,False
2013-12-17 03:25:00,78.70762502,0.269,False
2013-12-17 03:30:00,78.2513514,0.446,False
2013-12-17 03:35:00,77.77803963,0.576,False
2013-12-17 03:40:00,75.59522227,1.425,False
2013-12-17 03:45:00,74.69370974,1.776,False
2013-12-17 03:50:00,73.43719522,2.264,False
2013-12-17 03:55:00,73.05764279,2.412,False
2013-12-17 04:00:00,70.68106999,3.336,False
2013-12-17 04:05:00,69.37844415,3.842,False
2013-12-17 04:10:00,68.95964025,4.005,False
2013-12-17 04:15:00,68.00019556,4.378,False
2013-12-17 04:20:00,68.21831109,4.293,False
2013-12-17 04:25:00,65.86761677,5.207,False
2013-12-17 04:30:00,65.72196238,5.264,False
2013-12-17 04:35:00,66.63913056,4.907,False
2013-12-17 04:40:00,67.97618906,4.387,False
2013-12-17 04:45:00,66.2277498,5.067,False
2013-12-17 04:50:00,68.52912895,4.172,False
2013-12-17 04:55:00,68.14932989,4.32,False
2013-12-17 05:00:00,69.11418862,3.945,False
2013-12-17 05:05:00,70.33109073,3.472,False
2013-12-17 05:10:00,69.06934767,3.962,False
2013-12-17 05:15:00,71.25453284,3.113,False
2013-12-17 05:20:00,71.92223632,2.853,False
2013-12-17 05:25:00,72.48763801,2.849,False
2013-12-17 05:30:00,71.1506885,3.658,False
2013-12-17 05:35:00,72.97955178,3.311,False
2013-12-17 05:40:00,73.56509864,3.635,False
2013-12-17 05:45:00,75.57849976,2.617,False
2013-12-17 05:50:00,76.1061437,2.413,False
2013-12-17 05:55:00,78.83362503,0.709,False
2013-12-17 06:00:00,80.83163912,0.64,False
2013-12-17 06:05:00,80.02110568,0.05,False
2013-12-17 06:10:00,79.14670673,0.638,False
2013-12-17 06:15:00,80.54151007,0.466,False
2013-12-17 06:20:00,79.6522743,0.245,False
2013-12-17 06:25:00,79.88391001,0.057,False
2013-12-17 06:30:00,79.37430051,0.547,False
2013-12-17 06:35:00,79.4973783,0.548,False
2013-12-17 06:40:00,80.90688229999998,0.483,False
2013-12-17 06:45:00,81.99620081,1.269,False
2013-12-17 06:50:00,80.10887212,0.377,False
2013-12-17 06:55:00,81.35163927,0.6,False
2013-12-17 07:00:00,80.21088132,0.594,False
2013-12-17 07:05:00,80.43362798,0.551,False
2013-12-17 07:10:00,80.54196922,0.657,False
2013-12-17 07:15:00,81.85737403,0.472,False
2013-12-17 07:20:00,81.54974668,0.092,False
2013-12-17 07:25:00,82.13457398,0.442,False
2013-12-17 07:30:00,81.34716357,0.448,False
2013-12-17 07:35:00,81.17523726,0.711,False
2013-12-17 07:40:00,81.78518292,0.265,False
2013-12-17 07:45:00,83.42176984,0.974,False
2013-12-17 07:50:00,83.18885318,0.457,False
2013-12-17 07:55:00,83.80101872,0.781,False
2013-12-17 08:00:00,82.76196415,0.471,False
2013-12-17 08:05:00,83.34482145,0.007,False
2013-12-17 08:10:00,82.64831241,0.669,False
2013-12-17 08:15:00,83.33007047,0.06,False
2013-12-17 08:20:00,84.14100188,0.501,False
2013-12-17 08:25:00,84.53696246,0.557,False
2013-12-17 08:30:00,84.18564307,0.064,False
2013-12-17 08:35:00,83.36592448,0.754,False
2013-12-17 08:40:00,85.39114525,0.974,False
2013-12-17 08:45:00,84.09500253,0.592,False
2013-12-17 08:50:00,84.90416599,0.23,False
2013-12-17 08:55:00,85.66163162,0.128,False
2013-12-17 09:00:00,86.56831787,0.693,False
2013-12-17 09:05:00,86.10778326,0.047,False
2013-12-17 09:10:00,87.27614025,0.872,False
2013-12-17 09:15:00,87.18902094,0.288,False
2013-12-17 09:20:00,87.97684798,0.691,False
2013-12-17 09:25:00,86.00936348,1.161,False
2013-12-17 09:30:00,88.07664334,0.618,False
2013-12-17 09:35:00,88.69091679,0.928,False
2013-12-17 09:40:00,87.51830423,0.351,False
2013-12-17 09:45:00,87.28371546,0.674,False
2013-12-17 09:50:00,87.83285555,0.441,False
2013-12-17 09:55:00,89.94675694,1.197,False
2013-12-17 10:00:00,88.56236258,0.242,False
2013-12-17 10:05:00,88.97039962,0.05,False
2013-12-17 10:10:00,89.13459676,0.095,False
2013-12-17 10:15:00,91.01647467,1.662,False
2013-12-17 10:20:00,89.69773039,0.49,False
2013-12-17 10:25:00,91.68986026,1.93,False
2013-12-17 10:30:00,91.34297873,1.588,False
2013-12-17 10:35:00,91.0283329,1.145,False
2013-12-17 10:40:00,92.01013191,1.893,False
2013-12-17 10:45:00,92.3979465,2.166,False
2013-12-17 10:50:00,92.22998736,2.036,False
2013-12-17 10:55:00,92.99674588,2.521,False
2013-12-17 11:00:00,93.73837608,2.874,False
2013-12-17 11:05:00,93.46613938,2.582,False
2013-12-17 11:10:00,92.06713478,1.625,False
2013-12-17 11:15:00,93.75393548,2.644,False
2013-12-17 11:20:00,94.38838515,2.773,False
2013-12-17 11:25:00,92.97203629,1.93,False
2013-12-17 11:30:00,93.12331366,2.018,False
2013-12-17 11:35:00,92.5645818,1.639,False
2013-12-17 11:40:00,91.818986,1.17,False
2013-12-17 11:45:00,92.05358595,1.272,False
2013-12-17 11:50:00,92.82200624,1.632,False
2013-12-17 11:55:00,91.77237887,1.086,False
2013-12-17 12:00:00,91.11569431,0.718,False
2013-12-17 12:05:00,92.32957476,1.328,False
2013-12-17 12:10:00,91.91134255,1.118,False
2013-12-17 12:15:00,90.3690849,0.343,False
2013-12-17 12:20:00,90.5391321,0.428,False
2013-12-17 12:25:00,90.42757133,0.367,False
2013-12-17 12:30:00,89.91222506,0.054,False
2013-12-17 12:35:00,90.80672551,0.441,False
2013-12-17 12:40:00,90.22343639,0.148,False
2013-12-17 12:45:00,91.05500713,0.547,False
2013-12-17 12:50:00,90.59230096,0.291,False
2013-12-17 12:55:00,89.08069305,0.504,False
2013-12-17 13:00:00,90.7520605,0.347,False
2013-12-17 13:05:00,88.93528925,0.642,False
2013-12-17 13:10:00,89.60130601,0.341,False
2013-12-17 13:15:00,88.80617982,0.787,False
2013-12-17 13:20:00,89.98776919,0.149,False
2013-12-17 13:25:00,88.02055976,1.261,False
2013-12-17 13:30:00,89.6063806,0.405,False
2013-12-17 13:35:00,89.46282558,0.498,False
2013-12-17 13:40:00,88.77381731,0.907,False
2013-12-17 13:45:00,88.60443717,1.041,False
2013-12-17 13:50:00,87.49646229,1.808,False
2013-12-17 13:55:00,87.69287176,1.667,False
2013-12-17 14:00:00,87.86023622,1.598,False
2013-12-17 14:05:00,87.79603381,1.666,False
2013-12-17 14:10:00,88.75542565,1.032,False
2013-12-17 14:15:00,88.28229787,1.371,False
2013-12-17 14:20:00,89.67627792,0.409,False
2013-12-17 14:25:00,89.35157475,0.656,False
2013-12-17 14:30:00,89.09398922,0.862,False
2013-12-17 14:35:00,88.38846314,1.414,False
2013-12-17 14:40:00,90.03922989,0.171,False
2013-12-17 14:45:00,88.30180312,1.518,False
2013-12-17 14:50:00,89.08914759,0.921,False
2013-12-17 14:55:00,88.89518313,1.074,False
2013-12-17 15:00:00,89.23620526,0.805,False
2013-12-17 15:05:00,89.30796596,0.774,False
2013-12-17 15:10:00,89.11812844,0.963,False
2013-12-17 15:15:00,89.46573659999999,0.669,False
2013-12-17 15:20:00,89.69567637,0.459,False
2013-12-17 15:25:00,90.66992103,0.346,False
2013-12-17 15:30:00,90.97161819,0.6,False
2013-12-17 15:35:00,89.40911422,0.741,False
2013-12-17 15:40:00,90.12680957,0.161,False
2013-12-17 15:45:00,90.98950781,0.417,False
2013-12-17 15:50:00,91.14410857,0.565,False
2013-12-17 15:55:00,89.50772505,0.837,False
2013-12-17 16:00:00,90.29607474,0.314,False
2013-12-17 16:05:00,90.35478516,0.263,False
2013-12-17 16:10:00,91.21082159,0.435,False
2013-12-17 16:15:00,89.58749753,1.063,False
2013-12-17 16:20:00,91.73064219,0.719,False
2013-12-17 16:25:00,91.95491859,0.87,False
2013-12-17 16:30:00,91.78857257,0.678,False
2013-12-17 16:35:00,90.74927733,0.327,False
2013-12-17 16:40:00,91.19359562,0.022,False
2013-12-17 16:45:00,90.8777108,0.293,False
2013-12-17 16:50:00,90.16007589,0.977,False
2013-12-17 16:55:00,91.08813705,0.214,False
2013-12-17 17:00:00,92.15556172,0.634,False
2013-12-17 17:05:00,90.64591509,0.955,False
2013-12-17 17:10:00,91.57796445,0.081,False
2013-12-17 17:15:00,92.40754515,0.713,False
2013-12-17 17:20:00,92.41114833,0.66,False
2013-12-17 17:25:00,92.47221741,0.608,False
2013-12-17 17:30:00,91.65658731,0.402,False
2013-12-17 17:35:00,92.84372328,0.742,False
2013-12-17 17:40:00,93.12962021,0.974,False
2013-12-17 17:45:00,93.03962549,0.793,False
2013-12-17 17:50:00,93.39936181,1.164,False
2013-12-17 17:55:00,91.215733,1.314,False
2013-12-17 18:00:00,92.38786427,0.024,False
2013-12-17 18:05:00,92.27735153,0.19,False
2013-12-17 18:10:00,91.41112797,1.231,False
2013-12-17 18:15:00,91.66119646,1.001,False
2013-12-17 18:20:00,92.57392692,0.001,False
2013-12-17 18:25:00,92.48160612,0.268,False
2013-12-17 18:30:00,93.92010654,1.154,False
2013-12-17 18:35:00,92.14116706,1.031,False
2013-12-17 18:40:00,92.31622228,0.895,False
2013-12-17 18:45:00,92.57586206,0.632,False
2013-12-17 18:50:00,92.99832272,0.307,False
2013-12-17 18:55:00,93.84541344,0.258,False
2013-12-17 19:00:00,94.55895956,0.781,False
2013-12-17 19:05:00,93.11590142,1.001,False
2013-12-17 19:10:00,94.08073167,0.041,False
2013-12-17 19:15:00,94.87134695,0.681,False
2013-12-17 19:20:00,94.36314279,0.109,False
2013-12-17 19:25:00,95.29192014,0.653,False
2013-12-17 19:30:00,94.15394312,1.071,False
2013-12-17 19:35:00,96.08123024,0.456,False
2013-12-17 19:40:00,97.00981068,0.985,False
2013-12-17 19:45:00,96.19816305,0.382,False
2013-12-17 19:50:00,97.53877659,0.657,False
2013-12-17 19:55:00,96.88504935,0.342,False
2013-12-17 20:00:00,97.38601642,0.006,False
2013-12-17 20:05:00,97.3757424,0.096,False
2013-12-17 20:10:00,98.70207181,1.097,False
2013-12-17 20:15:00,97.92711067,0.169,False
2013-12-17 20:20:00,98.22496919,0.275,False
2013-12-17 20:25:00,99.03797084,0.197,False
2013-12-17 20:30:00,99.82969206,0.606,False
2013-12-17 20:35:00,100.4419733,0.863,False
2013-12-17 20:40:00,99.60536507,0.457,False
2013-12-17 20:45:00,100.1477873,0.108,False
2013-12-17 20:50:00,101.0556747,0.819,False
2013-12-17 20:55:00,100.3253899,0.372,False
2013-12-17 21:00:00,101.415358,0.743,False
2013-12-17 21:05:00,102.2719943,1.651,False
2013-12-17 21:10:00,103.1998947,2.626,False
2013-12-17 21:15:00,101.6712765,0.661,False
2013-12-17 21:20:00,101.6607687,0.523,False
2013-12-17 21:25:00,102.9537105,2.029,False
2013-12-17 21:30:00,101.2530631,0.106,False
2013-12-17 21:35:00,102.9786624,1.954,False
2013-12-17 21:40:00,103.0625062,2.056,False
2013-12-17 21:45:00,101.0339757,0.416,False
2013-12-17 21:50:00,102.2249257,0.987,False
2013-12-17 21:55:00,102.0603519,0.78,False
2013-12-17 22:00:00,102.9522515,1.815,False
2013-12-17 22:05:00,103.0104484,1.937,False
2013-12-17 22:10:00,101.3963122,0.07,False
2013-12-17 22:15:00,103.0100284,1.856,False
2013-12-17 22:20:00,101.8864831,0.503,False
2013-12-17 22:25:00,101.3973503,0.093,False
2013-12-17 22:30:00,100.8007288,0.896,False
2013-12-17 22:35:00,102.1971247,0.819,False
2013-12-17 22:40:00,102.4962621,1.166,False
2013-12-17 22:45:00,101.3548631,0.33,False
2013-12-17 22:50:00,100.8866351,0.907,False
2013-12-17 22:55:00,103.0032839,1.768,False
2013-12-17 23:00:00,101.88426640000002,0.284,False
2013-12-17 23:05:00,102.2955646,0.728,False
2013-12-17 23:10:00,101.7996619,0.025,False
2013-12-17 23:15:00,101.5906885,0.349,False
2013-12-17 23:20:00,102.3612101,0.624,False
2013-12-17 23:25:00,101.4621861,0.545,False
2013-12-17 23:30:00,102.3936871,0.643,False
2013-12-17 23:35:00,102.6557048,0.937,False
2013-12-17 23:40:00,102.2214149,0.409,False
2013-12-17 23:45:00,102.7004806,0.944,False
2013-12-17 23:50:00,101.9303716,0.001,False
2013-12-17 23:55:00,101.8787548,0.138,False
2013-12-18 00:00:00,101.3248744,0.878,False
2013-12-18 00:05:00,101.236637,0.991,False
2013-12-18 00:10:00,102.2515932,0.209,False
2013-12-18 00:15:00,103.1291811,1.247,False
2013-12-18 00:20:00,101.4428465,0.8,False
2013-12-18 00:25:00,102.4517954,0.353,False
2013-12-18 00:30:00,101.5441548,0.708,False
2013-12-18 00:35:00,100.9471686,1.428,False
2013-12-18 00:40:00,100.8753366,1.499,False
2013-12-18 00:45:00,103.1851708,1.295,False
2013-12-18 00:50:00,102.5162248,0.504,False
2013-12-18 00:55:00,102.5915504,0.593,False
2013-12-18 01:00:00,102.1952453,0.124,False
2013-12-18 01:05:00,100.8545963,1.491,False
2013-12-18 01:10:00,100.9480086,1.309,False
2013-12-18 01:15:00,101.4842408,0.662,False
2013-12-18 01:20:00,101.463926,0.598,False
2013-12-18 01:25:00,101.6270386,0.495,False
2013-12-18 01:30:00,101.8388271,0.306,False
2013-12-18 01:35:00,101.5094316,0.708,False
2013-12-18 01:40:00,102.3578651,0.405,False
2013-12-18 01:45:00,101.2142049,0.965,False
2013-12-18 01:50:00,102.4301731,0.583,False
2013-12-18 01:55:00,102.3175319,0.442,False
2013-12-18 02:00:00,102.384302,0.525,False
2013-12-18 02:05:00,102.9932047,1.171,False
2013-12-18 02:10:00,102.2218492,0.323,False
2013-12-18 02:15:00,101.932857,0.037,False
2013-12-18 02:20:00,101.636912,0.479,False
2013-12-18 02:25:00,101.2085896,0.98,False
2013-12-18 02:30:00,102.868644,0.97,False
2013-12-18 02:35:00,100.9228984,1.342,False
2013-12-18 02:40:00,103.0342886,1.166,False
2013-12-18 02:45:00,102.9741096,1.161,False
2013-12-18 02:50:00,102.72489509999998,0.922,False
2013-12-18 02:55:00,102.0892973,0.15,False
2013-12-18 03:00:00,101.9772403,0.016,False
2013-12-18 03:05:00,102.7323123,0.896,False
2013-12-18 03:10:00,102.9897301,1.196,False
2013-12-18 03:15:00,102.57173509999998,0.698,False
2013-12-18 03:20:00,102.0911561,0.147,False
2013-12-18 03:25:00,102.511207,0.6,False
2013-12-18 03:30:00,102.7608103,0.876,False
2013-12-18 03:35:00,101.5629024,0.57,False
2013-12-18 03:40:00,100.9525999,1.306,False
2013-12-18 03:45:00,101.8730299,0.217,False
2013-12-18 03:50:00,102.9139803,1.11,False
2013-12-18 03:55:00,101.0150402,1.147,False
2013-12-18 04:00:00,102.5212585,0.675,False
2013-12-18 04:05:00,100.8638565,1.33,False
2013-12-18 04:10:00,101.7796237,0.222,False
2013-12-18 04:15:00,101.6335225,0.402,False
2013-12-18 04:20:00,102.5286592,0.644,False
2013-12-18 04:25:00,102.1191689,0.081,False
2013-12-18 04:30:00,100.8128991,1.472,False
2013-12-18 04:35:00,101.7734203,0.369,False
2013-12-18 04:40:00,101.9489083,0.18,False
2013-12-18 04:45:00,101.5481939,0.64,False
2013-12-18 04:50:00,100.966005,1.353,False
2013-12-18 04:55:00,102.7013202,0.708,False
2013-12-18 05:00:00,102.8613107,0.898,False
2013-12-18 05:05:00,101.8728946,0.25,False
2013-12-18 05:10:00,101.2712157,0.898,False
2013-12-18 05:15:00,103.028269,1.138,False
2013-12-18 05:20:00,102.6297982,0.647,False
2013-12-18 05:25:00,102.0152952,0.041,False
2013-12-18 05:30:00,102.342013,0.282,False
2013-12-18 05:35:00,103.2643004,1.349,False
2013-12-18 05:40:00,101.8675384,0.282,False
2013-12-18 05:45:00,101.63938,0.553,False
2013-12-18 05:50:00,100.9769029,1.365,False
2013-12-18 05:55:00,101.2010522,1.101,False
2013-12-18 06:00:00,101.428876,0.762,False
2013-12-18 06:05:00,101.404504,0.777,False
2013-12-18 06:10:00,102.8312833,0.962,False
2013-12-18 06:15:00,102.8303345,0.979,False
2013-12-18 06:20:00,102.4637434,0.535,False
2013-12-18 06:25:00,103.0423955,1.213,False
2013-12-18 06:30:00,102.3940886,0.429,False
2013-12-18 06:35:00,101.9067405,0.121,False
2013-12-18 06:40:00,101.749638,0.302,False
2013-12-18 06:45:00,101.1108305,1.074,False
2013-12-18 06:50:00,101.77198359999998,0.355,False
2013-12-18 06:55:00,102.2893517,0.26,False
2013-12-18 07:00:00,102.3064093,0.219,False
2013-12-18 07:05:00,101.1737191,1.121,False
2013-12-18 07:10:00,101.8946261,0.352,False
2013-12-18 07:15:00,102.8853744,0.742,False
2013-12-18 07:20:00,102.7748705,0.573,False
2013-12-18 07:25:00,101.3160186,1.124,False
2013-12-18 07:30:00,102.9725232,0.809,False
2013-12-18 07:35:00,103.088954,0.909,False
2013-12-18 07:40:00,102.1284574,0.218,False
2013-12-18 07:45:00,102.0088492,0.389,False
2013-12-18 07:50:00,102.5042487,0.094,False
2013-12-18 07:55:00,102.7378861,0.35,False
2013-12-18 08:00:00,101.3909974,1.075,False
2013-12-18 08:05:00,101.5145939,0.973,False
2013-12-18 08:10:00,101.6926743,0.795,False
2013-12-18 08:15:00,102.6939641,0.241,False
2013-12-18 08:20:00,101.6981111,0.813,False
2013-12-18 08:25:00,102.7805731,0.358,False
2013-12-18 08:30:00,102.51889090000002,0.052,False
2013-12-18 08:35:00,102.8014642,0.326,False
2013-12-18 08:40:00,103.1820037,0.725,False
2013-12-18 08:45:00,102.656737,0.146,False
2013-12-18 08:50:00,102.026966,0.495,False
2013-12-18 08:55:00,101.6351714,0.933,False
2013-12-18 09:00:00,101.7014938,0.867,False
2013-12-18 09:05:00,101.5499087,1.04,False
2013-12-18 09:10:00,102.24735,0.308,False
2013-12-18 09:15:00,103.8070026,1.449,False
2013-12-18 09:20:00,103.8645899,1.634,False
2013-12-18 09:25:00,103.6217665,1.196,False
2013-12-18 09:30:00,101.8557919,0.818,False
2013-12-18 09:35:00,102.0074573,0.602,False
2013-12-18 09:40:00,102.4349583,0.19,False
2013-12-18 09:45:00,102.5221215,0.128,False
2013-12-18 09:50:00,103.1750635,0.533,False
2013-12-18 09:55:00,103.5700267,0.896,False
2013-12-18 10:00:00,103.6431356,0.919,False
2013-12-18 10:05:00,102.6001148,0.126,False
2013-12-18 10:10:00,103.2869658,0.513,False
2013-12-18 10:15:00,102.4782838,0.264,False
2013-12-18 10:20:00,101.8514934,0.834,False
2013-12-18 10:25:00,101.9849693,0.691,False
2013-12-18 10:30:00,103.8419879,1.028,False
2013-12-18 10:35:00,104.0496781,1.236,False
2013-12-18 10:40:00,103.5289358,0.804,False
2013-12-18 10:45:00,103.6039759,0.85,False
2013-12-18 10:50:00,102.3422603,0.419,False
2013-12-18 10:55:00,104.0565297,1.213,False
2013-12-18 11:00:00,102.8742975,0.04,False
2013-12-18 11:05:00,103.9054233,0.996,False
2013-12-18 11:10:00,102.9416773,0.071,False
2013-12-18 11:15:00,102.0808833,0.792,False
2013-12-18 11:20:00,102.5259782,0.401,False
2013-12-18 11:25:00,102.5457684,0.401,False
2013-12-18 11:30:00,103.87318940000002,0.89,False
2013-12-18 11:35:00,104.2723804,1.254,False
2013-12-18 11:40:00,104.161062,1.149,False
2013-12-18 11:45:00,103.0968672,0.178,False
2013-12-18 11:50:00,102.6276539,0.299,False
2013-12-18 11:55:00,102.2936106,0.614,False
2013-12-18 12:00:00,102.5282997,0.446,False
2013-12-18 12:05:00,103.9868516,0.928,False
2013-12-18 12:10:00,103.3399829,0.261,False
2013-12-18 12:15:00,103.5484595,0.47,False
2013-12-18 12:20:00,103.9665725,0.941,False
2013-12-18 12:25:00,103.8051466,0.835,False
2013-12-18 12:30:00,102.2060107,0.75,False
2013-12-18 12:35:00,102.7220682,0.268,False
2013-12-18 12:40:00,102.8600016,0.185,False
2013-12-18 12:45:00,103.6874937,0.664,False
2013-12-18 12:50:00,104.0153323,0.959,False
2013-12-18 12:55:00,103.9596644,0.902,False
2013-12-18 13:00:00,102.3247679,0.759,False
2013-12-18 13:05:00,104.003005,0.946,False
2013-12-18 13:10:00,102.274308,0.816,False
2013-12-18 13:15:00,102.5519999,0.524,False
2013-12-18 13:20:00,104.0302811,0.917,False
2013-12-18 13:25:00,103.7968965,0.631,False
2013-12-18 13:30:00,103.0610069,0.147,False
2013-12-18 13:35:00,102.6294004,0.521,False
2013-12-18 13:40:00,103.2783339,0.189,False
2013-12-18 13:45:00,102.7097273,0.368,False
2013-12-18 13:50:00,104.2610133,1.253,False
2013-12-18 13:55:00,103.8640066,0.837,False
2013-12-18 14:00:00,102.2659972,0.777,False
2013-12-18 14:05:00,102.9462628,0.078,False
2013-12-18 14:10:00,104.2358778,1.286,False
2013-12-18 14:15:00,103.4437555,0.466,False
2013-12-18 14:20:00,102.6786494,0.323,False
2013-12-18 14:25:00,102.0075757,1.02,False
2013-12-18 14:30:00,102.2778844,0.74,False
2013-12-18 14:35:00,102.6263348,0.34,False
2013-12-18 14:40:00,102.2394642,0.692,False
2013-12-18 14:45:00,103.0199267,0.175,False
2013-12-18 14:50:00,102.4960063,0.37,False
2013-12-18 14:55:00,103.519253,0.692,False
2013-12-18 15:00:00,104.0673488,1.263,False
2013-12-18 15:05:00,103.5393805,0.704,False
2013-12-18 15:10:00,102.8506627,0.0,False
2013-12-18 15:15:00,102.5037558,0.353,False
2013-12-18 15:20:00,102.0426419,0.827,False
2013-12-18 15:25:00,101.89502,0.925,False
2013-12-18 15:30:00,103.0823107,0.385,False
2013-12-18 15:35:00,103.2019086,0.447,False
2013-12-18 15:40:00,102.7198043,0.066,False
2013-12-18 15:45:00,103.5084263,0.824,False
2013-12-18 15:50:00,103.2134268,0.528,False
2013-12-18 15:55:00,103.617839,0.992,False
2013-12-18 16:00:00,103.4317102,0.815,False
2013-12-18 16:05:00,103.4721233,0.879,False
2013-12-18 16:10:00,103.4182504,0.816,False
2013-12-18 16:15:00,102.8509905,0.158,False
2013-12-18 16:20:00,103.7834063,1.266,False
2013-12-18 16:25:00,103.3232158,0.719,False
2013-12-18 16:30:00,101.5922902,1.338,False
2013-12-18 16:35:00,101.8497197,1.026,False
2013-12-18 16:40:00,102.6027573,0.129,False
2013-12-18 16:45:00,102.0840351,0.721,False
2013-12-18 16:50:00,101.6735222,1.149,False
2013-12-18 16:55:00,103.0253613,0.384,False
2013-12-18 17:00:00,102.8428298,0.208,False
2013-12-18 17:05:00,101.5252725,1.317,False
2013-12-18 17:10:00,102.9588643,0.34,False
2013-12-18 17:15:00,102.05025340000002,0.682,False
2013-12-18 17:20:00,102.3093593,0.372,False
2013-12-18 17:25:00,102.7165167,0.119,False
2013-12-18 17:30:00,102.6297121,0.018,False
2013-12-18 17:35:00,101.867754,0.909,False
2013-12-18 17:40:00,102.3207591,0.299,False
2013-12-18 17:45:00,101.5836579,1.204,False
2013-12-18 17:50:00,103.0240885,0.61,False
2013-12-18 17:55:00,101.276588,1.517,False
2013-12-18 18:00:00,101.4017295,1.365,False
2013-12-18 18:05:00,101.5987584,1.101,False
2013-12-18 18:10:00,102.5422891,0.096,False
2013-12-18 18:15:00,102.9637069,0.685,False
2013-12-18 18:20:00,101.8375363,0.63,False
2013-12-18 18:25:00,102.6396988,0.291,False
2013-12-18 18:30:00,103.4804813,1.211,False
2013-12-18 18:35:00,101.9136243,0.593,False
2013-12-18 18:40:00,101.5279816,1.016,False
2013-12-18 18:45:00,102.8469182,0.595,False
2013-12-18 18:50:00,102.8914434,0.648,False
2013-12-18 18:55:00,101.7740424,0.667,False
2013-12-18 19:00:00,102.8338641,0.599,False
2013-12-18 19:05:00,103.1139907,0.949,False
2013-12-18 19:10:00,102.69482159999998,0.476,False
2013-12-18 19:15:00,102.4292214,0.193,False
2013-12-18 19:20:00,103.2506677,1.311,False
2013-12-18 19:25:00,103.1009368,1.129,False
2013-12-18 19:30:00,102.2784006,0.262,False
2013-12-18 19:35:00,101.3112864,1.068,False
2013-12-18 19:40:00,102.2628043,0.111,False
2013-12-18 19:45:00,101.3270859,0.917,False
2013-12-18 19:50:00,103.0873273,1.154,False
2013-12-18 19:55:00,101.4779302,0.92,False
2013-12-18 20:00:00,103.116129,1.281,False
2013-12-18 20:05:00,101.586931,0.557,False
2013-12-18 20:10:00,101.9150242,0.147,False
2013-12-18 20:15:00,101.9163494,0.091,False
2013-12-18 20:20:00,101.8507487,0.137,False
2013-12-18 20:25:00,101.9667732,0.044,False
2013-12-18 20:30:00,102.37207,0.566,False
2013-12-18 20:35:00,101.05774,1.062,False
2013-12-18 20:40:00,101.6131881,0.38,False
2013-12-18 20:45:00,102.0068669,0.115,False
2013-12-18 20:50:00,102.3388729,0.534,False
2013-12-18 20:55:00,103.1019035,1.472,False
2013-12-18 21:00:00,101.5771495,0.418,False
2013-12-18 21:05:00,102.552605,0.805,False
2013-12-18 21:10:00,101.1696337,0.963,False
2013-12-18 21:15:00,101.8888079,0.016,False
2013-12-18 21:20:00,102.6566401,0.953,False
2013-12-18 21:25:00,102.8597312,1.21,False
2013-12-18 21:30:00,101.653531,0.307,False
2013-12-18 21:35:00,102.3538011,0.561,False
2013-12-18 21:40:00,100.817107,1.305,False
2013-12-18 21:45:00,102.778515,1.106,False
2013-12-18 21:50:00,102.7196789,1.032,False
2013-12-18 21:55:00,101.4432871,0.601,False
2013-12-18 22:00:00,100.8587008,1.445,False
2013-12-18 22:05:00,101.0173142,1.199,False
2013-12-18 22:10:00,101.5943914,0.374,False
2013-12-18 22:15:00,101.3077769,0.736,False
2013-12-18 22:20:00,102.8388862,1.338,False
2013-12-18 22:25:00,101.3006558,0.712,False
2013-12-18 22:30:00,102.7832261,1.297,False
2013-12-18 22:35:00,100.9110851,1.068,False
2013-12-18 22:40:00,101.801722,0.058,False
2013-12-18 22:45:00,102.779941,1.34,False
2013-12-18 22:50:00,102.1513007,0.45,False
2013-12-18 22:55:00,101.6187645,0.192,False
2013-12-18 23:00:00,101.9470832,0.167,False
2013-12-18 23:05:00,101.3329655,0.588,False
2013-12-18 23:10:00,101.4570567,0.393,False
2013-12-18 23:15:00,101.0873323,0.762,False
2013-12-18 23:20:00,100.8510761,1.02,False
2013-12-18 23:25:00,100.9646921,0.86,False
2013-12-18 23:30:00,101.6428519,0.015,False
2013-12-18 23:35:00,101.265109,0.429,False
2013-12-18 23:40:00,102.9666168,1.655,False
2013-12-18 23:45:00,102.0784881,0.527,False
2013-12-18 23:50:00,101.0857517,0.642,False
2013-12-18 23:55:00,101.0087127,0.705,False
2013-12-19 00:00:00,101.2854617,0.393,False
2013-12-19 00:05:00,101.7129278,0.125,False
2013-12-19 00:10:00,100.92851170000002,0.799,False
2013-12-19 00:15:00,102.4078335,0.951,False
2013-12-19 00:20:00,101.2530684,0.462,False
2013-12-19 00:25:00,102.8714152,1.538,False
2013-12-19 00:30:00,102.4892605,1.077,False
2013-12-19 00:35:00,101.8516602,0.274,False
2013-12-19 00:40:00,101.991047,0.441,False
2013-12-19 00:45:00,102.1478264,0.575,False
2013-12-19 00:50:00,102.0300027,0.436,False
2013-12-19 00:55:00,101.2719453,0.509,False
2013-12-19 01:00:00,102.6293179,1.107,False
2013-12-19 01:05:00,100.9192699,1.081,False
2013-12-19 01:10:00,101.4928774,0.388,False
2013-12-19 01:15:00,102.0535074,0.293,False
2013-12-19 01:20:00,101.2566259,0.737,False
2013-12-19 01:25:00,102.4014143,0.698,False
2013-12-19 01:30:00,101.0348487,1.074,False
2013-12-19 01:35:00,101.3877653,0.638,False
2013-12-19 01:40:00,102.0443994,0.133,False
2013-12-19 01:45:00,102.2975639,0.433,False
2013-12-19 01:50:00,100.8132102,1.454,False
2013-12-19 01:55:00,102.7350993,1.006,False
2013-12-19 02:00:00,101.0679597,1.123,False
2013-12-19 02:05:00,101.0162451,1.164,False
2013-12-19 02:10:00,101.4357474,0.66,False
2013-12-19 02:15:00,101.5178671,0.558,False
2013-12-19 02:20:00,103.1213166,1.428,False
2013-12-19 02:25:00,101.0417406,1.17,False
2013-12-19 02:30:00,101.261369,0.936,False
2013-12-19 02:35:00,102.541997,0.651,False
2013-12-19 02:40:00,102.691487,0.786,False
2013-12-19 02:45:00,100.9363618,1.322,False
2013-12-19 02:50:00,101.5820241,0.501,False
2013-12-19 02:55:00,101.7594387,0.286,False
2013-12-19 03:00:00,100.8773874,1.249,False
2013-12-19 03:05:00,103.1256776,1.143,False
2013-12-19 03:10:00,102.0617928,0.025,False
2013-12-19 03:15:00,101.9321016,0.121,False
2013-12-19 03:20:00,101.9648299,0.087,False
2013-12-19 03:25:00,101.8372262,0.228,False
2013-12-19 03:30:00,102.90442790000002,0.886,False
2013-12-19 03:35:00,102.9444298,0.939,False
2013-12-19 03:40:00,102.944777,0.92,False
2013-12-19 03:45:00,102.360664,0.322,False
2013-12-19 03:50:00,101.8025885,0.233,False
2013-12-19 03:55:00,103.027489,0.973,False
2013-12-19 04:00:00,101.9640466,0.093,False
2013-12-19 04:05:00,102.9976602,0.953,False
2013-12-19 04:10:00,102.1935609,0.138,False
2013-12-19 04:15:00,103.1773118,1.113,False
2013-12-19 04:20:00,103.1460167,1.081,False
2013-12-19 04:25:00,102.3288104,0.199,False
2013-12-19 04:30:00,102.6624025,0.529,False
2013-12-19 04:35:00,102.8045903,0.67,False
2013-12-19 04:40:00,102.4590618,0.211,False
2013-12-19 04:45:00,102.3710395,0.065,False
2013-12-19 04:50:00,101.4327171,0.812,False
2013-12-19 04:55:00,102.3137118,0.007,False
2013-12-19 05:00:00,101.0958187,1.163,False
2013-12-19 05:05:00,102.6474962,0.331,False
2013-12-19 05:10:00,101.8772454,0.45,False
2013-12-19 05:15:00,102.9576933,0.645,False
2013-12-19 05:20:00,101.6961584,0.657,False
2013-12-19 05:25:00,103.4222888,1.116,False
2013-12-19 05:30:00,101.562666,0.843,False
2013-12-19 05:35:00,102.9811849,0.594,False
2013-12-19 05:40:00,103.1146452,0.734,False
2013-12-19 05:45:00,101.5318036,0.876,False
2013-12-19 05:50:00,101.4505707,1.072,False
2013-12-19 05:55:00,101.631096,0.955,False
2013-12-19 06:00:00,103.2817066,0.831,False
2013-12-19 06:05:00,101.8768961,0.714,False
2013-12-19 06:10:00,103.5072321,1.056,False
2013-12-19 06:15:00,103.2771954,0.718,False
2013-12-19 06:20:00,102.6388869,0.046,False
2013-12-19 06:25:00,101.6388685,0.971,False
2013-12-19 06:30:00,101.5575877,1.078,False
2013-12-19 06:35:00,101.6030324,1.064,False
2013-12-19 06:40:00,101.4542982,1.196,False
2013-12-19 06:45:00,102.5949745,0.002,False
2013-12-19 06:50:00,103.1577013,0.601,False
2013-12-19 06:55:00,102.8682817,0.25,False
2013-12-19 07:00:00,103.2207728,0.642,False
2013-12-19 07:05:00,101.3210727,1.4,False
2013-12-19 07:10:00,101.9332284,0.802,False
2013-12-19 07:15:00,101.8183855,0.878,False
2013-12-19 07:20:00,102.8405284,0.206,False
2013-12-19 07:25:00,103.1122171,0.521,False
2013-12-19 07:30:00,101.8457908,0.849,False
2013-12-19 07:35:00,103.1991867,0.566,False
2013-12-19 07:40:00,102.6969892,0.06,False
2013-12-19 07:45:00,102.1540391,0.525,False
2013-12-19 07:50:00,103.8014839,1.225,False
2013-12-19 07:55:00,102.2179255,0.5,False
2013-12-19 08:00:00,102.9473323,0.257,False
2013-12-19 08:05:00,101.7466178,1.059,False
2013-12-19 08:10:00,102.18117159999998,0.605,False
2013-12-19 08:15:00,103.0720415,0.282,False
2013-12-19 08:20:00,102.7178341,0.089,False
2013-12-19 08:25:00,102.591903,0.279,False
2013-12-19 08:30:00,103.8249892,1.092,False
2013-12-19 08:35:00,103.1653823,0.364,False
2013-12-19 08:40:00,101.9160572,1.037,False
2013-12-19 08:45:00,102.5220944,0.332,False
2013-12-19 08:50:00,102.7655662,0.046,False
2013-12-19 08:55:00,102.1243205,0.912,False
2013-12-19 09:00:00,103.992519,1.355,False
2013-12-19 09:05:00,103.2775532,0.529,False
2013-12-19 09:10:00,103.7939629,1.114,False
2013-12-19 09:15:00,101.759293,1.397,False
2013-12-19 09:20:00,102.3315744,0.673,False
2013-12-19 09:25:00,102.9472947,0.106,False
2013-12-19 09:30:00,103.1922155,0.36,False
2013-12-19 09:35:00,102.1712398,0.934,False
2013-12-19 09:40:00,103.5128864,0.717,False
2013-12-19 09:45:00,103.4909752,0.677,False
2013-12-19 09:50:00,102.6719307,0.39,False
2013-12-19 09:55:00,103.9887521,1.308,False
2013-12-19 10:00:00,104.1542202,1.518,False
2013-12-19 10:05:00,102.9666891,0.012,False
2013-12-19 10:10:00,102.0995793,1.1,False
2013-12-19 10:15:00,102.7496883,0.277,False
2013-12-19 10:20:00,102.3127459,0.893,False
2013-12-19 10:25:00,104.0991157,1.494,False
2013-12-19 10:30:00,103.2773101,0.422,False
2013-12-19 10:35:00,102.4295615,0.732,False
2013-12-19 10:40:00,102.3405123,0.859,False
2013-12-19 10:45:00,103.5006399,0.742,False
2013-12-19 10:50:00,103.6661496,0.916,False
2013-12-19 10:55:00,103.1847796,0.308,False
2013-12-19 11:00:00,103.9221757,1.282,False
2013-12-19 11:05:00,103.9454587,1.239,False
2013-12-19 11:10:00,103.3948368,0.466,False
2013-12-19 11:15:00,103.7981068,0.933,False
2013-12-19 11:20:00,103.2215892,0.17,False
2013-12-19 11:25:00,103.3862283,0.378,False
2013-12-19 11:30:00,102.5966601,0.621,False
2013-12-19 11:35:00,102.665102,0.465,False
2013-12-19 11:40:00,103.4157383,0.552,False
2013-12-19 11:45:00,102.4944578,0.616,False
2013-12-19 11:50:00,103.1051186,0.158,False
2013-12-19 11:55:00,103.9193719,1.188,False
2013-12-19 12:00:00,102.7634378,0.274,False
2013-12-19 12:05:00,102.9938,0.041,False
2013-12-19 12:10:00,102.8582392,0.131,False
2013-12-19 12:15:00,103.6254282,0.854,False
2013-12-19 12:20:00,102.4325203,0.659,False
2013-12-19 12:25:00,104.232897,1.621,False
2013-12-19 12:30:00,102.5726686,0.467,False
2013-12-19 12:35:00,104.2757844,1.714,False
2013-12-19 12:40:00,104.3097989,1.757,False
2013-12-19 12:45:00,103.6249861,0.918,False
2013-12-19 12:50:00,102.4731622,0.521,False
2013-12-19 12:55:00,102.4268138,0.581,False
2013-12-19 13:00:00,104.2919878,1.912,False
2013-12-19 13:05:00,102.4213922,0.433,False
2013-12-19 13:10:00,102.9265256,0.283,False
2013-12-19 13:15:00,102.9564421,0.321,False
2013-12-19 13:20:00,103.5355318,1.123,False
2013-12-19 13:25:00,102.8952507,0.297,False
2013-12-19 13:30:00,102.5744815,0.117,False
2013-12-19 13:35:00,103.070351,0.517,False
2013-12-19 13:40:00,101.7163471,1.222,False
2013-12-19 13:45:00,103.3137448,0.817,False
2013-12-19 13:50:00,102.6657166,0.0,False
2013-12-19 13:55:00,101.6636803,1.291,False
2013-12-19 14:00:00,103.317579,0.945,False
2013-12-19 14:05:00,103.75772940000002,1.513,False
2013-12-19 14:10:00,103.5603004,1.274,False
2013-12-19 14:15:00,103.5223812,1.259,False
2013-12-19 14:20:00,101.9584073,0.734,False
2013-12-19 14:25:00,101.9825193,0.678,False
2013-12-19 14:30:00,102.916168,0.558,False
2013-12-19 14:35:00,102.3764283,0.121,False
2013-12-19 14:40:00,101.4713094,1.231,False
2013-12-19 14:45:00,101.8270918,0.707,False
2013-12-19 14:50:00,102.0593101,0.428,False
2013-12-19 14:55:00,101.2565093,1.34,False
2013-12-19 15:00:00,102.3449397,0.02,False
2013-12-19 15:05:00,103.0409744,0.821,False
2013-12-19 15:10:00,101.8285694,0.549,False
2013-12-19 15:15:00,101.5742088,0.752,False
2013-12-19 15:20:00,101.2812461,0.979,False
2013-12-19 15:25:00,102.471962,0.377,False
2013-12-19 15:30:00,102.3364758,0.252,False
2013-12-19 15:35:00,101.2529916,0.845,False
2013-12-19 15:40:00,102.521415,0.508,False
2013-12-19 15:45:00,101.9338021,0.09,False
2013-12-19 15:50:00,101.5392593,0.488,False
2013-12-19 15:55:00,100.8748952,1.219,False
2013-12-19 16:00:00,101.1123773,0.945,False
2013-12-19 16:05:00,102.3004449,0.396,False
2013-12-19 16:10:00,101.1233453,0.91,False
2013-12-19 16:15:00,102.0462894,0.161,False
2013-12-19 16:20:00,101.2388735,0.685,False
2013-12-19 16:25:00,102.7658227,1.052,False
2013-12-19 16:30:00,102.8825642,1.2,False
2013-12-19 16:35:00,102.6961753,1.015,False
2013-12-19 16:40:00,101.4465074,0.329,False
2013-12-19 16:45:00,100.6695348,1.174,False
2013-12-19 16:50:00,101.9658495,0.389,False
2013-12-19 16:55:00,100.7960049,0.915,False
2013-12-19 17:00:00,102.6490646,1.225,False
2013-12-19 17:05:00,100.7414727,0.872,False
2013-12-19 17:10:00,101.2278519,0.302,False
2013-12-19 17:15:00,101.870822,0.452,False
2013-12-19 17:20:00,102.6707351,1.421,False
2013-12-19 17:25:00,101.3974442,0.028,False
2013-12-19 17:30:00,100.6099214,0.87,False
2013-12-19 17:35:00,101.4989834,0.134,False
2013-12-19 17:40:00,101.9358718,0.659,False
2013-12-19 17:45:00,101.797528,0.566,False
2013-12-19 17:50:00,100.9957068,0.304,False
2013-12-19 17:55:00,100.899559,0.395,False
2013-12-19 18:00:00,102.2015782,1.064,False
2013-12-19 18:05:00,102.0863919,0.95,False
2013-12-19 18:10:00,102.1222641,1.077,False
2013-12-19 18:15:00,100.2705267,0.943,False
2013-12-19 18:20:00,102.1264498,1.141,False
2013-12-19 18:25:00,101.7693609,0.781,False
2013-12-19 18:30:00,100.2488256,0.938,False
2013-12-19 18:35:00,100.7692456,0.342,False
2013-12-19 18:40:00,101.0684132,0.045,False
2013-12-19 18:45:00,100.9178118,0.054,False
2013-12-19 18:50:00,101.0905113,0.19,False
2013-12-19 18:55:00,102.1619909,1.384,False
2013-12-19 19:00:00,101.0718097,0.174,False
2013-12-19 19:05:00,101.0748676,0.189,False
2013-12-19 19:10:00,100.610413,0.315,False
2013-12-19 19:15:00,101.295229,0.488,False
2013-12-19 19:20:00,99.80330878,1.105,False
2013-12-19 19:25:00,100.927493,0.158,False
2013-12-19 19:30:00,101.3750673,0.685,False
2013-12-19 19:35:00,100.6186938,0.108,False
2013-12-19 19:40:00,100.5188367,0.182,False
2013-12-19 19:45:00,99.70782136,1.075,False
2013-12-19 19:50:00,101.8244371,1.478,False
2013-12-19 19:55:00,100.1355193,0.545,False
2013-12-19 20:00:00,99.46235448,1.266,False
2013-12-19 20:05:00,100.363749,0.095,False
2013-12-19 20:10:00,101.6395518,1.73,False
2013-12-19 20:15:00,99.43407521,1.027,False
2013-12-19 20:20:00,100.8879334,0.722,False
2013-12-19 20:25:00,100.8261751,0.672,False
2013-12-19 20:30:00,101.3826488,1.345,False
2013-12-19 20:35:00,100.9198665,0.926,False
2013-12-19 20:40:00,100.1891241,0.14,False
2013-12-19 20:45:00,100.01387259999998,0.064,False
2013-12-19 20:50:00,99.90376861,0.008,False
2013-12-19 20:55:00,98.77357395,1.358,False
2013-12-19 21:00:00,99.75518753,0.093,False
2013-12-19 21:05:00,99.56530184,0.273,False
2013-12-19 21:10:00,98.84379153,1.103,False
2013-12-19 21:15:00,100.6854122,1.114,False
2013-12-19 21:20:00,99.22268412,0.614,False
2013-12-19 21:25:00,99.91629736,0.342,False
2013-12-19 21:30:00,99.78918068,0.315,False
2013-12-19 21:35:00,99.37954315,0.146,False
2013-12-19 21:40:00,98.94875224,0.634,False
2013-12-19 21:45:00,100.2785242,1.001,False
2013-12-19 21:50:00,100.2338263,0.997,False
2013-12-19 21:55:00,99.47325312,0.203,False
2013-12-19 22:00:00,99.76767925,0.758,False
2013-12-19 22:05:00,98.27163495,0.916,False
2013-12-19 22:10:00,99.8653524,1.046,False
2013-12-19 22:15:00,99.51560766,0.711,False
2013-12-19 22:20:00,97.8623155,1.087,False
2013-12-19 22:25:00,98.262604,0.561,False
2013-12-19 22:30:00,98.46651968,0.221,False
2013-12-19 22:35:00,97.94558175,0.711,False
2013-12-19 22:40:00,98.70455193,0.292,False
2013-12-19 22:45:00,98.45814,0.11,False
2013-12-19 22:50:00,97.62689065,0.754,False
2013-12-19 22:55:00,99.00642926,1.088,False
2013-12-19 23:00:00,97.76736762,0.201,False
2013-12-19 23:05:00,97.84586831,0.057,False
2013-12-19 23:10:00,99.05583147,1.449,False
2013-12-19 23:15:00,97.08644751,0.869,False
2013-12-19 23:20:00,98.60389842,1.066,False
2013-12-19 23:25:00,97.60251571,0.057,False
2013-12-19 23:30:00,97.32757742,0.351,False
2013-12-19 23:35:00,97.34855714,0.269,False
2013-12-19 23:40:00,97.18062801,0.409,False
2013-12-19 23:45:00,97.92268808,0.612,False
2013-12-19 23:50:00,96.2308228,1.353,False
2013-12-19 23:55:00,96.71840204,0.673,False
2013-12-20 00:00:00,96.14539884,1.276,False
2013-12-20 00:05:00,96.13587584,1.172,False
2013-12-20 00:10:00,96.46719719,0.658,False
2013-12-20 00:15:00,96.23320742,0.736,False
2013-12-20 00:20:00,97.22566444,0.658,False
2013-12-20 00:25:00,96.29884724,0.341,False
2013-12-20 00:30:00,95.63219409,1.033,False
2013-12-20 00:35:00,97.53532288,1.304,False
2013-12-20 00:40:00,97.4954435,1.326,False
2013-12-20 00:45:00,96.08184705,0.256,False
2013-12-20 00:50:00,97.67297929,1.601,False
2013-12-20 00:55:00,96.25340369,0.006,False
2013-12-20 01:00:00,95.70067615,0.616,False
2013-12-20 01:05:00,96.96844475,0.844,False
2013-12-20 01:10:00,95.14060109,1.249,False
2013-12-20 01:15:00,96.641695,0.529,False
2013-12-20 01:20:00,95.93823724,0.242,False
2013-12-20 01:25:00,96.31125765,0.244,False
2013-12-20 01:30:00,96.52715176,0.624,False
2013-12-20 01:35:00,96.22982933,0.49,False
2013-12-20 01:40:00,94.64321522,1.262,False
2013-12-20 01:45:00,96.24316423,0.709,False
2013-12-20 01:50:00,95.16678943,0.281,False
2013-12-20 01:55:00,94.96599536,0.227,False
2013-12-20 02:00:00,94.82274633,0.328,False
2013-12-20 02:05:00,94.32984486,0.843,False
2013-12-20 02:10:00,96.36589881,1.675,False
2013-12-20 02:15:00,94.25682202,0.887,False
2013-12-20 02:20:00,94.16086629,0.998,False
2013-12-20 02:25:00,94.67490936,0.345,False
2013-12-20 02:30:00,94.17994573,0.944,False
2013-12-20 02:35:00,95.67895642,0.91,False
2013-12-20 02:40:00,94.81690329,0.093,False
2013-12-20 02:45:00,94.90761226,0.057,False
2013-12-20 02:50:00,94.15386132,0.823,False
2013-12-20 02:55:00,94.12631122,0.876,False
2013-12-20 03:00:00,94.22560916,0.758,False
2013-12-20 03:05:00,94.94495615,0.102,False
2013-12-20 03:10:00,94.42864535,0.521,False
2013-12-20 03:15:00,93.34964567,1.807,False
2013-12-20 03:20:00,94.26197364,0.702,False
2013-12-20 03:25:00,94.8796248,0.073,False
2013-12-20 03:30:00,93.39301753,1.67,False
2013-12-20 03:35:00,93.83287969,1.099,False
2013-12-20 03:40:00,94.25247119,0.597,False
2013-12-20 03:45:00,93.24000244,1.842,False
2013-12-20 03:50:00,94.22732546,0.588,False
2013-12-20 03:55:00,93.387214,1.594,False
2013-12-20 04:00:00,92.73982071,2.369,False
2013-12-20 04:05:00,92.97527647,2.087,False
2013-12-20 04:10:00,94.20411509,0.616,False
2013-12-20 04:15:00,94.16130052,0.679,False
2013-12-20 04:20:00,94.74415331,0.032,False
2013-12-20 04:25:00,94.21320655,0.605,False
2013-12-20 04:30:00,92.98369587,2.077,False
2013-12-20 04:35:00,94.64445839,0.086,False
2013-12-20 04:40:00,94.4303603,0.336,False
2013-12-20 04:45:00,94.99679424,0.294,False
2013-12-20 04:50:00,95.04091582,0.347,False
2013-12-20 04:55:00,94.95860014,0.248,False
2013-12-20 05:00:00,94.84074712,0.104,False
2013-12-20 05:05:00,93.49943165,1.393,False
2013-12-20 05:10:00,95.25618056,0.522,False
2013-12-20 05:15:00,94.54797519,0.267,False
2013-12-20 05:20:00,93.37287583,1.677,False
2013-12-20 05:25:00,95.42271917,0.688,False
2013-12-20 05:30:00,94.1849538,0.752,False
2013-12-20 05:35:00,93.70199926,1.326,False
2013-12-20 05:40:00,93.54485022,1.501,False
2013-12-20 05:45:00,95.60771393,0.733,False
2013-12-20 05:50:00,95.44529841,0.508,False
2013-12-20 05:55:00,94.97444411,0.009,False
2013-12-20 06:00:00,95.53535487,0.612,False
2013-12-20 06:05:00,95.69837717,0.789,False
2013-12-20 06:10:00,94.75824695,0.423,False
2013-12-20 06:15:00,95.75646498,0.632,False
2013-12-20 06:20:00,94.35287826,1.058,False
2013-12-20 06:25:00,94.16833924,1.373,False
2013-12-20 06:30:00,94.69233624,0.862,False
2013-12-20 06:35:00,94.81945384,0.734,False
2013-12-20 06:40:00,95.75348179,0.312,False
2013-12-20 06:45:00,94.30562951,1.482,False
2013-12-20 06:50:00,96.64729296,1.25,False
2013-12-20 06:55:00,95.62203762,0.008,False
2013-12-20 07:00:00,96.06404005,0.464,False
2013-12-20 07:05:00,96.72968801,1.174,False
2013-12-20 07:10:00,95.21884092,0.595,False
2013-12-20 07:15:00,95.20449402,0.613,False
2013-12-20 07:20:00,96.76503474,1.042,False
2013-12-20 07:25:00,96.45825923,0.567,False
2013-12-20 07:30:00,97.11753937,1.176,False
2013-12-20 07:35:00,96.26483538,0.234,False
2013-12-20 07:40:00,96.02626573,0.045,False
2013-12-20 07:45:00,96.8922537,0.789,False
2013-12-20 07:50:00,95.99677033,0.197,False
2013-12-20 07:55:00,97.14816523,0.781,False
2013-12-20 08:00:00,95.43213566,1.026,False
2013-12-20 08:05:00,97.25363358,0.709,False
2013-12-20 08:10:00,95.90134415,0.656,False
2013-12-20 08:15:00,96.4777411,0.138,False
2013-12-20 08:20:00,95.71937856,0.91,False
2013-12-20 08:25:00,95.57659257,1.129,False
2013-12-20 08:30:00,97.55465766,0.726,False
2013-12-20 08:35:00,97.65689281,0.762,False
2013-12-20 08:40:00,97.8406919,0.881,False
2013-12-20 08:45:00,96.12340815,0.831,False
2013-12-20 08:50:00,97.27513671,0.21,False
2013-12-20 08:55:00,97.54114932,0.414,False
2013-12-20 09:00:00,97.39692396,0.255,False
2013-12-20 09:05:00,97.00806987,0.149,False
2013-12-20 09:10:00,97.772608,0.524,False
2013-12-20 09:15:00,96.96143398,0.284,False
2013-12-20 09:20:00,96.07717733,1.128,False
2013-12-20 09:25:00,97.10641296,0.195,False
2013-12-20 09:30:00,97.94624141,0.589,False
2013-12-20 09:35:00,96.55927666,0.953,False
2013-12-20 09:40:00,97.71534146,0.195,False
2013-12-20 09:45:00,96.60315397,0.948,False
2013-12-20 09:50:00,98.52856859,0.995,False
2013-12-20 09:55:00,98.54845038,0.985,False
2013-12-20 10:00:00,98.27845508,0.659,False
2013-12-20 10:05:00,98.4887444,0.775,False
2013-12-20 10:10:00,96.79837047,0.937,False
2013-12-20 10:15:00,97.51308146,0.229,False
2013-12-20 10:20:00,97.60153738,0.198,False
2013-12-20 10:25:00,97.17599419,0.728,False
2013-12-20 10:30:00,99.12037672,1.136,False
2013-12-20 10:35:00,99.05826937,0.997,False
2013-12-20 10:40:00,97.2827027,0.79,False
2013-12-20 10:45:00,98.4756023,0.342,False
2013-12-20 10:50:00,99.35435837,1.135,False
2013-12-20 10:55:00,99.13694397,0.87,False
2013-12-20 11:00:00,97.5326932,0.667,False
2013-12-20 11:05:00,97.33444424,0.972,False
2013-12-20 11:10:00,99.32929416,0.832,False
2013-12-20 11:15:00,98.22521799,0.241,False
2013-12-20 11:20:00,98.62719108,0.107,False
2013-12-20 11:25:00,97.72820725,0.733,False
2013-12-20 11:30:00,98.11725289,0.399,False
2013-12-20 11:35:00,98.56940759,0.01,False
2013-12-20 11:40:00,99.48105564,0.844,False
2013-12-20 11:45:00,99.08342452,0.492,False
2013-12-20 11:50:00,98.59607466,0.013,False
2013-12-20 11:55:00,98.05687445,0.524,False
2013-12-20 12:00:00,98.98482915,0.401,False
2013-12-20 12:05:00,99.85396758,1.212,False
2013-12-20 12:10:00,98.10587791,0.448,False
2013-12-20 12:15:00,98.92963055,0.326,False
2013-12-20 12:20:00,98.17355361,0.371,False
2013-12-20 12:25:00,99.10580931,0.474,False
2013-12-20 12:30:00,99.00832709,0.372,False
2013-12-20 12:35:00,99.73082595,0.996,False
2013-12-20 12:40:00,99.17083101,0.51,False
2013-12-20 12:45:00,100.3286675,1.488,False
2013-12-20 12:50:00,99.56890461,0.84,False
2013-12-20 12:55:00,98.09518963,0.416,False
2013-12-20 13:00:00,99.59729518,0.865,False
2013-12-20 13:05:00,99.13308047,0.46,False
2013-12-20 13:10:00,99.80276046,1.011,False
2013-12-20 13:15:00,98.67831751,0.079,False
2013-12-20 13:20:00,98.86314815,0.225,False
2013-12-20 13:25:00,98.69002678,0.082,False
2013-12-20 13:30:00,100.03177209999998,1.077,False
2013-12-20 13:35:00,99.29693653,0.576,False
2013-12-20 13:40:00,99.88200378,1.051,False
2013-12-20 13:45:00,99.24786934,0.568,False
2013-12-20 13:50:00,100.14888,1.314,False
2013-12-20 13:55:00,99.73411394,1.122,False
2013-12-20 14:00:00,98.45970829,0.2,False
2013-12-20 14:05:00,98.80294921,0.457,False
2013-12-20 14:10:00,99.87295314,1.267,False
2013-12-20 14:15:00,100.2657028,1.576,False
2013-12-20 14:20:00,100.0779628,1.462,False
2013-12-20 14:25:00,99.01711718,0.65,False
2013-12-20 14:30:00,97.4444738,0.442,False
2013-12-20 14:35:00,98.84563666,0.519,False
2013-12-20 14:40:00,98.22366526,0.192,False
2013-12-20 14:45:00,97.23209226,0.441,False
2013-12-20 14:50:00,97.37454978,0.343,False
2013-12-20 14:55:00,97.80191064,0.049,False
2013-12-20 15:00:00,96.48536241,0.741,False
2013-12-20 15:05:00,96.22738148,0.87,False
2013-12-20 15:10:00,97.64364737,0.03,False
2013-12-20 15:15:00,96.07819256,0.881,False
2013-12-20 15:20:00,94.99581618,1.455,False
2013-12-20 15:25:00,95.31526536,1.241,False
2013-12-20 15:30:00,95.19803602,1.27,False
2013-12-20 15:35:00,96.26872646,0.634,False
2013-12-20 15:40:00,95.75364261,0.91,False
2013-12-20 15:45:00,94.94473018,1.329,False
2013-12-20 15:50:00,94.60706,1.531,False
2013-12-20 15:55:00,94.46560064,1.578,False
2013-12-20 16:00:00,93.77007191,1.929,False
2013-12-20 16:05:00,93.28261356,2.13,False
2013-12-20 16:10:00,94.68680793,1.313,False
2013-12-20 16:15:00,95.01658096,1.076,False
2013-12-20 16:20:00,94.15229517,1.508,False
2013-12-20 16:25:00,95.078443,0.88,False
2013-12-20 16:30:00,95.31722194,0.66,False
2013-12-20 16:35:00,94.83740909,0.944,False
2013-12-20 16:40:00,95.21335177,0.706,False
2013-12-20 16:45:00,96.0883065,0.185,False
2013-12-20 16:50:00,95.62831868,0.448,False
2013-12-20 16:55:00,95.66068878,0.413,False
2013-12-20 17:00:00,97.16953432,0.547,False
2013-12-20 17:05:00,97.34780752,0.666,False
2013-12-20 17:10:00,97.31243556,0.654,False
2013-12-20 17:15:00,96.4762957,0.149,False
2013-12-20 17:20:00,97.36972458,0.74,False
2013-12-20 17:25:00,97.5418911,0.926,False
2013-12-20 17:30:00,96.90210115,0.518,False
2013-12-20 17:35:00,97.45009251,0.886,False
2013-12-20 17:40:00,98.08219076,1.352,False
2013-12-20 17:45:00,98.41549691,1.627,False
2013-12-20 17:50:00,96.27541677,0.309,False
2013-12-20 17:55:00,97.9544116,1.405,False
2013-12-20 18:00:00,97.89906108,1.383,False
2013-12-20 18:05:00,96.41145079,0.476,False
2013-12-20 18:10:00,98.1317819,1.63,False
2013-12-20 18:15:00,96.3929495,0.481,False
2013-12-20 18:20:00,95.71180568,0.105,False
2013-12-20 18:25:00,96.97503195,1.004,False
2013-12-20 18:30:00,96.17229699,0.466,False
2013-12-20 18:35:00,97.64916697,1.623,False
2013-12-20 18:40:00,96.79217262,1.088,False
2013-12-20 18:45:00,95.40163998,0.013,False
2013-12-20 18:50:00,96.508439,0.961,False
2013-12-20 18:55:00,96.24429741,0.766,False
2013-12-20 19:00:00,95.71565939,0.294,False
2013-12-20 19:05:00,97.17826917,1.64,False
2013-12-20 19:10:00,96.29584067,0.832,False
2013-12-20 19:15:00,96.3869428,0.916,False
2013-12-20 19:20:00,95.37090025,0.014,False
2013-12-20 19:25:00,95.06575023,0.304,False
2013-12-20 19:30:00,95.86907474,0.473,False
2013-12-20 19:35:00,95.13415774,0.247,False
2013-12-20 19:40:00,94.9541236,0.424,False
2013-12-20 19:45:00,95.1770572,0.205,False
2013-12-20 19:50:00,94.46001233,0.773,False
2013-12-20 19:55:00,95.82002259,0.631,False
2013-12-20 20:00:00,95.65997223,0.513,False
2013-12-20 20:05:00,94.38667671,0.57,False
2013-12-20 20:10:00,96.02200364,1.082,False
2013-12-20 20:15:00,94.7244998,0.121,False
2013-12-20 20:20:00,94.09584447,0.283,False
2013-12-20 20:25:00,95.47827474,1.068,False
2013-12-20 20:30:00,93.29537659,0.345,False
2013-12-20 20:35:00,92.74037178,0.266,False
2013-12-20 20:40:00,92.80172896,0.026,False
2013-12-20 20:45:00,92.19506593,0.355,False
2013-12-20 20:50:00,91.63742895,0.601,False
2013-12-20 20:55:00,92.47125029,0.234,False
2013-12-20 21:00:00,92.16721828,0.214,False
2013-12-20 21:05:00,90.08034772,0.843,False
2013-12-20 21:10:00,89.10382881,1.023,False
2013-12-20 21:15:00,90.61317102,0.333,False
2013-12-20 21:20:00,90.27418532,0.418,False
2013-12-20 21:25:00,89.28560571,0.06,False
2013-12-20 21:30:00,88.40566649,0.346,False
2013-12-20 21:35:00,88.75626384,0.109,False
2013-12-20 21:40:00,87.68752945,0.34,False
2013-12-20 21:45:00,88.06186246,0.117,False
2013-12-20 21:50:00,87.18872332,0.155,False
2013-12-20 21:55:00,85.18181009,1.079,False
2013-12-20 22:00:00,86.44740139,0.414,False
2013-12-20 22:05:00,84.32968101,0.765,False
2013-12-20 22:10:00,83.81716243,0.903,False
2013-12-20 22:15:00,83.69756484,0.952,False
2013-12-20 22:20:00,84.49031735,0.424,False
2013-12-20 22:25:00,84.57608822,0.369,False
2013-12-20 22:30:00,82.04844675,2.004,False
2013-12-20 22:35:00,82.69124759,1.588,False
2013-12-20 22:40:00,80.94874140000002,2.716,False
2013-12-20 22:45:00,81.23944542,2.528,False
2013-12-20 22:50:00,79.49567569999998,3.656,False
2013-12-20 22:55:00,78.57907807,4.249,False
2013-12-20 23:00:00,78.80108482,4.105,False
2013-12-20 23:05:00,77.25956934,5.102,False
2013-12-20 23:10:00,74.6881569,6.766,True
2013-12-20 23:15:00,73.77393927,7.38,True
2013-12-20 23:20:00,75.12640336,6.482,True
2013-12-20 23:25:00,75.45786814,6.268,True
2013-12-20 23:30:00,75.03852509,6.539,True
2013-12-20 23:35:00,75.75675378,5.752,False
2013-12-20 23:40:00,76.94324551,4.883,False
2013-12-20 23:45:00,75.47560225,5.757,False
2013-12-20 23:50:00,76.85962531,4.933,False
2013-12-20 23:55:00,77.92799067,4.208,False
2013-12-21 00:00:00,77.62195233,4.386,False
2013-12-21 00:05:00,78.05083567,4.132,False
2013-12-21 00:10:00,80.53005206,2.688,False
2013-12-21 00:15:00,80.40438813,2.761,False
2013-12-21 00:20:00,80.48233415,2.617,False
2013-12-21 00:25:00,81.85777561,1.697,False
2013-12-21 00:30:00,82.57722029,1.226,False
2013-12-21 00:35:00,83.48498273,0.765,False
2013-12-21 00:40:00,83.63403976,0.684,False
2013-12-21 00:45:00,85.19202272,0.02,False
2013-12-21 00:50:00,85.15709392,0.005,False
2013-12-21 00:55:00,84.46952811,0.277,False
2013-12-21 01:00:00,85.78621772,0.27,False
2013-12-21 01:05:00,83.90159916,0.505,False
2013-12-21 01:10:00,84.13442739,0.422,False
2013-12-21 01:15:00,85.13531354,0.029,False
2013-12-21 01:20:00,86.30509477,0.325,False
2013-12-21 01:25:00,85.95430927,0.034,False
2013-12-21 01:30:00,86.73524656,0.28,False
2013-12-21 01:35:00,86.21717327,0.017,False
2013-12-21 01:40:00,85.22251067,0.46,False
2013-12-21 01:45:00,86.13429667,0.175,False
2013-12-21 01:50:00,87.85149425,0.507,False
2013-12-21 01:55:00,87.03340247,0.031,False
2013-12-21 02:00:00,86.90907477,0.177,False
2013-12-21 02:05:00,87.44703825,0.093,False
2013-12-21 02:10:00,87.95147201,0.282,False
2013-12-21 02:15:00,88.5808489,0.618,False
2013-12-21 02:20:00,87.62108057,0.046,False
2013-12-21 02:25:00,88.69109058,0.618,False
2013-12-21 02:30:00,88.99160028,0.778,False
2013-12-21 02:35:00,88.64333389,0.592,False
2013-12-21 02:40:00,88.23890242,0.376,False
2013-12-21 02:45:00,88.57898031,0.506,False
2013-12-21 02:50:00,90.38609001,1.536,False
2013-12-21 02:55:00,88.72530669,0.603,False
2013-12-21 03:00:00,90.31885761,1.536,False
2013-12-21 03:05:00,88.68252974,0.538,False
2013-12-21 03:10:00,90.5704692,1.589,False
2013-12-21 03:15:00,89.88129185,1.179,False
2013-12-21 03:20:00,89.61955168,0.949,False
2013-12-21 03:25:00,90.86593052,1.644,False
2013-12-21 03:30:00,90.82371529,1.583,False
2013-12-21 03:35:00,90.72405335,1.498,False
2013-12-21 03:40:00,91.14449756,1.742,False
2013-12-21 03:45:00,90.57059681,1.366,False
2013-12-21 03:50:00,90.38563461,1.134,False
2013-12-21 03:55:00,88.76082037,0.105,False
2013-12-21 04:00:00,90.27279105,0.934,False
2013-12-21 04:05:00,89.92227309,0.684,False
2013-12-21 04:10:00,88.17198640000002,0.238,False
2013-12-21 04:15:00,88.28600524,0.178,False
2013-12-21 04:20:00,88.64479279999998,0.019,False
2013-12-21 04:25:00,89.3006276,0.273,False
2013-12-21 04:30:00,89.0573035,0.141,False
2013-12-21 04:35:00,87.99481625,0.374,False
2013-12-21 04:40:00,88.38117790000004,0.258,False
2013-12-21 04:45:00,88.63879379,0.164,False
2013-12-21 04:50:00,87.70481131,0.583,False
2013-12-21 04:55:00,88.33835764,0.333,False
2013-12-21 05:00:00,87.09826121,0.864,False
2013-12-21 05:05:00,87.40079498,0.748,False
2013-12-21 05:10:00,86.55806783,1.071,False
2013-12-21 05:15:00,87.64149868,0.656,False
2013-12-21 05:20:00,86.41454031,1.125,False
2013-12-21 05:25:00,86.35030536,1.15,False
2013-12-21 05:30:00,85.99009306,1.288,False
2013-12-21 05:35:00,86.68409429,1.022,False
2013-12-21 05:40:00,87.66204225,0.648,False
2013-12-21 05:45:00,88.31467015,0.398,False
2013-12-21 05:50:00,87.34955469,0.768,False
2013-12-21 05:55:00,89.80828144,0.249,False
2013-12-21 06:00:00,89.71185559999998,0.211,False
2013-12-21 06:05:00,90.44383823,0.562,False
2013-12-21 06:10:00,89.03427074,0.005,False
2013-12-21 06:15:00,90.74012815,0.753,False
2013-12-21 06:20:00,90.16068658,0.619,False
2013-12-21 06:25:00,90.28070968,0.697,False
2013-12-21 06:30:00,92.22110919,1.622,False
2013-12-21 06:35:00,91.15823765,1.251,False
2013-12-21 06:40:00,92.44035384,1.884,False
2013-12-21 06:45:00,92.18287959,1.822,False
2013-12-21 06:50:00,90.9432022,1.276,False
2013-12-21 06:55:00,92.34257185,1.958,False
2013-12-21 07:00:00,90.48019303,1.064,False
2013-12-21 07:05:00,90.83091829,1.326,False
2013-12-21 07:10:00,90.61562541,1.285,False
2013-12-21 07:15:00,90.40796442,1.248,False
2013-12-21 07:20:00,89.53816523,0.833,False
2013-12-21 07:25:00,90.95839448,1.455,False
2013-12-21 07:30:00,90.18176419,1.119,False
2013-12-21 07:35:00,90.10304011,1.093,False
2013-12-21 07:40:00,89.66888175,0.904,False
2013-12-21 07:45:00,89.48278576,0.839,False
2013-12-21 07:50:00,88.28477082,0.316,False
2013-12-21 07:55:00,89.41176608,0.852,False
2013-12-21 08:00:00,87.73368961,0.128,False
2013-12-21 08:05:00,87.58284244,0.062,False
2013-12-21 08:10:00,87.79629275,0.16,False
2013-12-21 08:15:00,88.35463709,0.419,False
2013-12-21 08:20:00,87.13308131,0.14,False
2013-12-21 08:25:00,87.57937475,0.071,False
2013-12-21 08:30:00,87.72034659999998,0.141,False
2013-12-21 08:35:00,87.66790955,0.132,False
2013-12-21 08:40:00,87.4277965,0.0,False
2013-12-21 08:45:00,86.45696955,0.558,False
2013-12-21 08:50:00,87.4092304,0.018,False
2013-12-21 08:55:00,86.9303749,0.253,False
2013-12-21 09:00:00,85.71608226,0.901,False
2013-12-21 09:05:00,86.16854263,0.596,False
2013-12-21 09:10:00,86.82280938,0.243,False
2013-12-21 09:15:00,86.61833503,0.381,False
2013-12-21 09:20:00,85.76122153,0.966,False
2013-12-21 09:25:00,85.60680440000002,1.119,False
2013-12-21 09:30:00,87.31453304,0.123,False
2013-12-21 09:35:00,87.1829315,0.022,False
2013-12-21 09:40:00,86.82423846,0.32,False
2013-12-21 09:45:00,86.79800527,0.345,False
2013-12-21 09:50:00,85.43818243,1.686,False
2013-12-21 09:55:00,85.53187753,1.595,False
2013-12-21 10:00:00,86.76192454,0.409,False
2013-12-21 10:05:00,85.536461,1.673,False
2013-12-21 10:10:00,86.16897095,1.073,False
2013-12-21 10:15:00,85.41333182,1.893,False
2013-12-21 10:20:00,85.41135906,2.003,False
2013-12-21 10:25:00,87.46267633,0.373,False
2013-12-21 10:30:00,87.18630984,0.036,False
2013-12-21 10:35:00,86.9471622,0.268,False
2013-12-21 10:40:00,86.80958443,0.443,False
2013-12-21 10:45:00,86.9158259,0.308,False
2013-12-21 10:50:00,86.52454748,0.805,False
2013-12-21 10:55:00,85.65815328,1.906,False
2013-12-21 11:00:00,87.42929164,0.345,False
2013-12-21 11:05:00,85.54664063,1.974,False
2013-12-21 11:10:00,85.69299291,1.68,False
2013-12-21 11:15:00,86.62301573,0.614,False
2013-12-21 11:20:00,85.66326108,1.714,False
2013-12-21 11:25:00,86.86439898,0.367,False
2013-12-21 11:30:00,86.48266625,0.805,False
2013-12-21 11:35:00,85.47293559999999,1.857,False
2013-12-21 11:40:00,85.90232869,1.391,False
2013-12-21 11:45:00,86.80017771,0.417,False
2013-12-21 11:50:00,85.46060379,2.005,False
2013-12-21 11:55:00,86.88025944,0.377,False
2013-12-21 12:00:00,86.59181101,0.773,False
2013-12-21 12:05:00,87.23155974,0.087,False
2013-12-21 12:10:00,87.32550475,0.007,False
2013-12-21 12:15:00,86.56427362,0.996,False
2013-12-21 12:20:00,87.52394883,0.092,False
2013-12-21 12:25:00,87.66282207,0.215,False
2013-12-21 12:30:00,87.73760112,0.183,False
2013-12-21 12:35:00,87.29949518,0.473,False
2013-12-21 12:40:00,89.33332669,1.53,False
2013-12-21 12:45:00,89.06566269,0.567,False
2013-12-21 12:50:00,88.164979,0.902,False
2013-12-21 12:55:00,89.01635263,0.029,False
2013-12-21 13:00:00,89.87359968,0.91,False
2013-12-21 13:05:00,89.76754190000004,0.72,False
2013-12-21 13:10:00,90.75702345,1.944,False
2013-12-21 13:15:00,89.25499018,0.004,False
2013-12-21 13:20:00,89.79597242,0.682,False
2013-12-21 13:25:00,89.82656485,0.692,False
2013-12-21 13:30:00,90.66514354,1.794,False
2013-12-21 13:35:00,91.65272188,3.091,False
2013-12-21 13:40:00,89.97384656,0.853,False
2013-12-21 13:45:00,91.22298448,2.494,False
2013-12-21 13:50:00,90.19279281,1.124,False
2013-12-21 13:55:00,91.47647335,2.788,False
2013-12-21 14:00:00,91.04067146,2.225,False
2013-12-21 14:05:00,90.76253025,1.839,False
2013-12-21 14:10:00,89.59508382,0.309,False
2013-12-21 14:15:00,90.9486617,2.088,False
2013-12-21 14:20:00,89.94092354,0.704,False
2013-12-21 14:25:00,89.90755526,0.63,False
2013-12-21 14:30:00,90.88944143,2.09,False
2013-12-21 14:35:00,89.3608054,0.186,False
2013-12-21 14:40:00,89.31649184,0.309,False
2013-12-21 14:45:00,89.85828152,0.554,False
2013-12-21 14:50:00,89.90058323,0.586,False
2013-12-21 14:55:00,89.28388890000002,0.346,False
2013-12-21 15:00:00,91.07425553,2.197,False
2013-12-21 15:05:00,89.4612691,0.094,False
2013-12-21 15:10:00,89.85061557,0.464,False
2013-12-21 15:15:00,90.79022557,1.733,False
2013-12-21 15:20:00,89.24929778,0.428,False
2013-12-21 15:25:00,90.80318083,1.712,False
2013-12-21 15:30:00,88.94280309999998,0.832,False
2013-12-21 15:35:00,90.55968704,1.379,False
2013-12-21 15:40:00,89.65536545,0.138,False
2013-12-21 15:45:00,89.96743469,0.553,False
2013-12-21 15:50:00,89.39095819,0.219,False
2013-12-21 15:55:00,89.69527240000002,0.204,False
2013-12-21 16:00:00,88.66313816,1.215,False
2013-12-21 16:05:00,89.20526182,0.435,False
2013-12-21 16:10:00,89.36458727,0.203,False
2013-12-21 16:15:00,89.88477375,0.514,False
2013-12-21 16:20:00,89.51391435,0.006,False
2013-12-21 16:25:00,88.98073716,0.667,False
2013-12-21 16:30:00,88.97527043,0.641,False
2013-12-21 16:35:00,89.53250939,0.145,False
2013-12-21 16:40:00,89.08956636,0.382,False
2013-12-21 16:45:00,88.72578893,0.871,False
2013-12-21 16:50:00,88.47020037,1.188,False
2013-12-21 16:55:00,89.61266229,0.427,False
2013-12-21 17:00:00,89.64458735,0.517,False
2013-12-21 17:05:00,88.98058234,0.405,False
2013-12-21 17:10:00,90.04468276,1.147,False
2013-12-21 17:15:00,89.65080112,0.589,False
2013-12-21 17:20:00,89.50621295,0.41,False
2013-12-21 17:25:00,89.45587813,0.355,False
2013-12-21 17:30:00,88.76588843,0.715,False
2013-12-21 17:35:00,89.51209233,0.422,False
2013-12-21 17:40:00,89.89636488,0.937,False
2013-12-21 17:45:00,88.51763248,0.981,False
2013-12-21 17:50:00,88.70380057,0.693,False
2013-12-21 17:55:00,89.91784918,0.842,False
2013-12-21 18:00:00,88.98736656,0.296,False
2013-12-21 18:05:00,87.88199487,1.617,False
2013-12-21 18:10:00,87.66616609,1.802,False
2013-12-21 18:15:00,89.56987133,0.364,False
2013-12-21 18:20:00,88.41656171,0.889,False
2013-12-21 18:25:00,89.14899103,0.153,False
2013-12-21 18:30:00,89.11704036,0.186,False
2013-12-21 18:35:00,88.81200315,0.588,False
2013-12-21 18:40:00,87.46259723,1.99,False
2013-12-21 18:45:00,89.22074079999999,0.158,False
2013-12-21 18:50:00,89.15422393,0.217,False
2013-12-21 18:55:00,87.52767318,1.774,False
2013-12-21 19:00:00,88.45131179,0.873,False
2013-12-21 19:05:00,88.11223816,1.228,False
2013-12-21 19:10:00,88.82962633,0.585,False
2013-12-21 19:15:00,87.65004357,1.595,False
2013-12-21 19:20:00,87.99489449,1.296,False
2013-12-21 19:25:00,87.93680444,1.286,False
2013-12-21 19:30:00,88.39075973,0.894,False
2013-12-21 19:35:00,88.65166796,0.696,False
2013-12-21 19:40:00,89.10388331,0.324,False
2013-12-21 19:45:00,87.82990099,1.368,False
2013-12-21 19:50:00,88.22680123,1.051,False
2013-12-21 19:55:00,87.88262625,1.416,False
2013-12-21 20:00:00,89.47091574,0.109,False
2013-12-21 20:05:00,88.26296423,1.048,False
2013-12-21 20:10:00,89.43049935,0.141,False
2013-12-21 20:15:00,90.02626716,0.313,False
2013-12-21 20:20:00,89.72632303,0.071,False
2013-12-21 20:25:00,90.2275454,0.411,False
2013-12-21 20:30:00,92.01572713,1.691,False
2013-12-21 20:35:00,90.51578915,0.515,False
2013-12-21 20:40:00,92.37664362,1.825,False
2013-12-21 20:45:00,91.44664119,1.241,False
2013-12-21 20:50:00,92.13220387,1.643,False
2013-12-21 20:55:00,91.72306958,1.341,False
2013-12-21 21:00:00,92.23850178,1.756,False
2013-12-21 21:05:00,91.14201282,0.985,False
2013-12-21 21:10:00,92.84299405,2.206,False
2013-12-21 21:15:00,91.53972716,1.314,False
2013-12-21 21:20:00,92.03959898,1.634,False
2013-12-21 21:25:00,90.48665351,0.53,False
2013-12-21 21:30:00,91.85882682,1.506,False
2013-12-21 21:35:00,91.03862038,0.922,False
2013-12-21 21:40:00,91.27180343,1.088,False
2013-12-21 21:45:00,90.70981022,0.689,False
2013-12-21 21:50:00,91.1605687,1.009,False
2013-12-21 21:55:00,90.64133645,0.64,False
2013-12-21 22:00:00,90.71331726,0.71,False
2013-12-21 22:05:00,90.26725112,0.397,False
2013-12-21 22:10:00,90.69208262,0.718,False
2013-12-21 22:15:00,90.44370955,0.512,False
2013-12-21 22:20:00,91.24733739,1.098,False
2013-12-21 22:25:00,91.63021302,1.428,False
2013-12-21 22:30:00,89.67800581,0.049,False
2013-12-21 22:35:00,89.46906751,0.215,False
2013-12-21 22:40:00,90.51942031,0.639,False
2013-12-21 22:45:00,89.47883129,0.216,False
2013-12-21 22:50:00,90.09520769,0.299,False
2013-12-21 22:55:00,91.40561167,1.432,False
2013-12-21 23:00:00,89.58035369,0.142,False
2013-12-21 23:05:00,91.073202,1.169,False
2013-12-21 23:10:00,89.96853372,0.199,False
2013-12-21 23:15:00,90.99069538,1.097,False
2013-12-21 23:20:00,89.65142532,0.059,False
2013-12-21 23:25:00,89.94010002,0.216,False
2013-12-21 23:30:00,90.45484025,0.68,False
2013-12-21 23:35:00,88.42715911,1.076,False
2013-12-21 23:40:00,88.79701028,0.736,False
2013-12-21 23:45:00,90.02032390000002,0.369,False
2013-12-21 23:50:00,89.75725083,0.204,False
2013-12-21 23:55:00,88.46354581,0.906,False
2013-12-22 00:00:00,89.61917716,0.134,False
2013-12-22 00:05:00,88.49424029,0.799,False
2013-12-22 00:10:00,88.92017801,0.324,False
2013-12-22 00:15:00,87.7824185,1.215,False
2013-12-22 00:20:00,89.7112243,0.685,False
2013-12-22 00:25:00,89.28912941,0.357,False
2013-12-22 00:30:00,89.47158789,0.573,False
2013-12-22 00:35:00,88.78423545,0.006,False
2013-12-22 00:40:00,89.6526068,0.907,False
2013-12-22 00:45:00,87.73986444,0.662,False
2013-12-22 00:50:00,87.76503949,0.609,False
2013-12-22 00:55:00,87.6005588,0.72,False
2013-12-22 01:00:00,88.86698609999998,0.494,False
2013-12-22 01:05:00,89.26885555,0.929,False
2013-12-22 01:10:00,86.91783644,1.102,False
2013-12-22 01:15:00,88.98598426,0.901,False
2013-12-22 01:20:00,87.7060617,0.069,False
2013-12-22 01:25:00,87.64286087,0.113,False
2013-12-22 01:30:00,88.24687308,0.425,False
2013-12-22 01:35:00,88.12996404,0.332,False
2013-12-22 01:40:00,88.21590373,0.423,False
2013-12-22 01:45:00,87.61323505,0.052,False
2013-12-22 01:50:00,86.87922332,0.642,False
2013-12-22 01:55:00,87.5956997,0.009,False
2013-12-22 02:00:00,87.21671409999998,0.323,False
2013-12-22 02:05:00,88.38240536,0.717,False
2013-12-22 02:10:00,86.88936668,0.476,False
2013-12-22 02:15:00,87.34970076,0.086,False
2013-12-22 02:20:00,87.4331179,0.035,False
2013-12-22 02:25:00,86.42330436,0.71,False
2013-12-22 02:30:00,87.78938162,0.418,False
2013-12-22 02:35:00,86.62957842,0.54,False
2013-12-22 02:40:00,85.75492568,1.141,False
2013-12-22 02:45:00,87.74577524,0.518,False
2013-12-22 02:50:00,85.94685831,0.983,False
2013-12-22 02:55:00,86.87075846,0.219,False
2013-12-22 03:00:00,85.77859732,1.153,False
2013-12-22 03:05:00,85.20132257,1.644,False
2013-12-22 03:10:00,85.11008077,1.773,False
2013-12-22 03:15:00,85.73052827,1.23,False
2013-12-22 03:20:00,86.35248271,0.702,False
2013-12-22 03:25:00,86.28268554,0.751,False
2013-12-22 03:30:00,84.97839034,1.899,False
2013-12-22 03:35:00,85.99357701,1.006,False
2013-12-22 03:40:00,86.17088628,0.82,False
2013-12-22 03:45:00,86.01429912,0.988,False
2013-12-22 03:50:00,85.78231219999998,1.15,False
2013-12-22 03:55:00,85.62458678,1.249,False
2013-12-22 04:00:00,84.96430931,1.755,False
2013-12-22 04:05:00,86.14325319,0.802,False
2013-12-22 04:10:00,85.37131336,1.426,False
2013-12-22 04:15:00,85.18066398,1.759,False
2013-12-22 04:20:00,84.71139618,2.152,False
2013-12-22 04:25:00,86.01587602,1.06,False
2013-12-22 04:30:00,86.28933053,0.803,False
2013-12-22 04:35:00,86.92495482,0.285,False
2013-12-22 04:40:00,87.05603411,0.179,False
2013-12-22 04:45:00,86.7653504,0.408,False
2013-12-22 04:50:00,85.81158779,1.149,False
2013-12-22 04:55:00,86.03072827,1.062,False
2013-12-22 05:00:00,86.56289443,0.647,False
2013-12-22 05:05:00,87.47020398,0.014,False
2013-12-22 05:10:00,87.83487509999998,0.302,False
2013-12-22 05:15:00,86.72499123,0.662,False
2013-12-22 05:20:00,86.26311254,1.065,False
2013-12-22 05:25:00,88.30628688,0.412,False
2013-12-22 05:30:00,87.86865559,0.085,False
2013-12-22 05:35:00,86.48498951,0.941,False
2013-12-22 05:40:00,87.66211216,0.071,False
2013-12-22 05:45:00,88.9287777,0.9,False
2013-12-22 05:50:00,88.07368268,0.169,False
2013-12-22 05:55:00,87.75259085,0.087,False
2013-12-22 06:00:00,88.0202401,0.108,False
2013-12-22 06:05:00,87.90014499,0.049,False
2013-12-22 06:10:00,88.07743588,0.025,False
2013-12-22 06:15:00,88.62355565,0.448,False
2013-12-22 06:20:00,89.25767239,0.966,False
2013-12-22 06:25:00,87.75600568,0.314,False
2013-12-22 06:30:00,88.36040535,0.117,False
2013-12-22 06:35:00,89.68752847,1.279,False
2013-12-22 06:40:00,88.76319607,0.468,False
2013-12-22 06:45:00,89.95396806,1.715,False
2013-12-22 06:50:00,90.2108992,2.004,False
2013-12-22 06:55:00,90.27189893,2.067,False
2013-12-22 07:00:00,88.64084521,0.384,False
2013-12-22 07:05:00,90.06958489,1.869,False
2013-12-22 07:10:00,88.91828788,0.672,False
2013-12-22 07:15:00,89.96280462,1.758,False
2013-12-22 07:20:00,88.45682615,0.128,False
2013-12-22 07:25:00,89.41187665,1.133,False
2013-12-22 07:30:00,89.98560553,1.751,False
2013-12-22 07:35:00,90.1138644,1.807,False
2013-12-22 07:40:00,89.06286745,0.693,False
2013-12-22 07:45:00,89.75759527,1.342,False
2013-12-22 07:50:00,88.50230809,0.024,False
2013-12-22 07:55:00,88.59994216,0.098,False
2013-12-22 08:00:00,89.30797627,0.873,False
2013-12-22 08:05:00,89.3300224,0.897,False
2013-12-22 08:10:00,87.75997679999998,0.792,False
2013-12-22 08:15:00,89.90467471,1.481,False
2013-12-22 08:20:00,88.23606208,0.296,False
2013-12-22 08:25:00,87.85618868,0.739,False
2013-12-22 08:30:00,88.65309307,0.165,False
2013-12-22 08:35:00,89.3351801,0.903,False
2013-12-22 08:40:00,89.14383484,0.641,False
2013-12-22 08:45:00,89.68019278,1.203,False
2013-12-22 08:50:00,89.17678563,0.716,False
2013-12-22 08:55:00,88.20274621,0.326,False
2013-12-22 09:00:00,88.62047763,0.12,False
2013-12-22 09:05:00,88.75839189,0.264,False
2013-12-22 09:10:00,88.51244277,0.005,False
2013-12-22 09:15:00,87.3908222,1.154,False
2013-12-22 09:20:00,89.11537691,0.648,False
2013-12-22 09:25:00,88.94683708,0.555,False
2013-12-22 09:30:00,88.17595319,0.309,False
2013-12-22 09:35:00,89.01258812,0.543,False
2013-12-22 09:40:00,87.77268832,0.658,False
2013-12-22 09:45:00,88.00744813,0.337,False
2013-12-22 09:50:00,87.23328745,1.082,False
2013-12-22 09:55:00,88.15201562,0.092,False
2013-12-22 10:00:00,87.11910128,1.15,False
2013-12-22 10:05:00,87.53307509999998,0.702,False
2013-12-22 10:10:00,87.15420951,1.102,False
2013-12-22 10:15:00,89.15042299,1.018,False
2013-12-22 10:20:00,87.80012201,0.389,False
2013-12-22 10:25:00,87.67919745,0.491,False
2013-12-22 10:30:00,89.13048974,1.104,False
2013-12-22 10:35:00,88.20884853,0.158,False
2013-12-22 10:40:00,88.94486982,1.002,False
2013-12-22 10:45:00,88.2047075,0.211,False
2013-12-22 10:50:00,88.60487322,0.661,False
2013-12-22 10:55:00,88.01939403,0.08,False
2013-12-22 11:00:00,86.94863702,0.979,False
2013-12-22 11:05:00,86.89398731,1.006,False
2013-12-22 11:10:00,87.88866011,0.06,False
2013-12-22 11:15:00,88.12349207,0.318,False
2013-12-22 11:20:00,87.67087329,0.149,False
2013-12-22 11:25:00,87.48023942,0.328,False
2013-12-22 11:30:00,86.98962548,0.809,False
2013-12-22 11:35:00,88.69368745,1.054,False
2013-12-22 11:40:00,88.3039567,0.662,False
2013-12-22 11:45:00,86.55771389,1.173,False
2013-12-22 11:50:00,87.16998908,0.505,False
2013-12-22 11:55:00,86.48195087,1.194,False
2013-12-22 12:00:00,86.77692369,0.827,False
2013-12-22 12:05:00,88.36302227,0.838,False
2013-12-22 12:10:00,86.69455381,0.829,False
2013-12-22 12:15:00,88.24562813,0.744,False
2013-12-22 12:20:00,87.62259445,0.06,False
2013-12-22 12:25:00,88.55467911,1.016,False
2013-12-22 12:30:00,87.0321917,0.536,False
2013-12-22 12:35:00,86.91676298,0.652,False
2013-12-22 12:40:00,87.8126267,0.25,False
2013-12-22 12:45:00,87.67924219,0.116,False
2013-12-22 12:50:00,86.63280486,0.937,False
2013-12-22 12:55:00,87.71854859999998,0.112,False
2013-12-22 13:00:00,88.07350539,0.476,False
2013-12-22 13:05:00,87.59582499,0.052,False
2013-12-22 13:10:00,87.43373153,0.253,False
2013-12-22 13:15:00,88.04976837,0.395,False
2013-12-22 13:20:00,87.12066316,0.595,False
2013-12-22 13:25:00,86.52604263,1.229,False
2013-12-22 13:30:00,85.87519408,1.944,False
2013-12-22 13:35:00,88.00016014,0.321,False
2013-12-22 13:40:00,86.15101245,1.65,False
2013-12-22 13:45:00,86.43105953,1.379,False
2013-12-22 13:50:00,85.97308583,1.877,False
2013-12-22 13:55:00,87.01313225,0.746,False
2013-12-22 14:00:00,87.16889826,0.577,False
2013-12-22 14:05:00,87.93379803,0.222,False
2013-12-22 14:10:00,85.80476767,2.281,False
2013-12-22 14:15:00,85.9556633,2.05,False
2013-12-22 14:20:00,86.81526935,1.086,False
2013-12-22 14:25:00,86.55155471,1.438,False
2013-12-22 14:30:00,87.2922433,0.734,False
2013-12-22 14:35:00,86.98336108,1.133,False
2013-12-22 14:40:00,86.23579988,1.997,False
2013-12-22 14:45:00,87.43764024,0.671,False
2013-12-22 14:50:00,87.03576836,1.177,False
2013-12-22 14:55:00,85.85791515,2.552,False
2013-12-22 15:00:00,88.11225221,0.076,False
2013-12-22 15:05:00,87.26479447,1.187,False
2013-12-22 15:10:00,89.01455515,0.765,False
2013-12-22 15:15:00,88.57465898,0.115,False
2013-12-22 15:20:00,88.49935032,0.032,False
2013-12-22 15:25:00,87.75402756,0.934,False
2013-12-22 15:30:00,88.44969053,0.25,False
2013-12-22 15:35:00,89.49654702,0.727,False
2013-12-22 15:40:00,88.74769631,0.6,False
2013-12-22 15:45:00,90.03787641,0.32,False
2013-12-22 15:50:00,90.75562788,0.611,False
2013-12-22 15:55:00,90.43970925,0.193,False
2013-12-22 16:00:00,91.86468597,1.01,False
2013-12-22 16:05:00,92.15075206,0.782,False
2013-12-22 16:10:00,91.31886325,0.566,False
2013-12-22 16:15:00,92.67246353,0.881,False
2013-12-22 16:20:00,91.70109053,0.426,False
2013-12-22 16:25:00,91.98975403,0.486,False
2013-12-22 16:30:00,93.55367786,0.855,False
2013-12-22 16:35:00,93.44067669,0.293,False
2013-12-22 16:40:00,92.95065834,0.63,False
2013-12-22 16:45:00,94.02144366,0.27,False
2013-12-22 16:50:00,94.15782046,0.081,False
2013-12-22 16:55:00,94.96310513,0.73,False
2013-12-22 17:00:00,94.64164421,0.025,False
2013-12-22 17:05:00,94.60260305,0.066,False
2013-12-22 17:10:00,95.61023568,0.949,False
2013-12-22 17:15:00,95.56728328,0.51,False
2013-12-22 17:20:00,94.66753899,0.884,False
2013-12-22 17:25:00,96.07152398,0.725,False
2013-12-22 17:30:00,96.49985215,1.194,False
2013-12-22 17:35:00,96.14764535,0.749,False
2013-12-22 17:40:00,95.42575428,0.189,False
2013-12-22 17:45:00,95.54107702,0.067,False
2013-12-22 17:50:00,96.96024208,1.776,False
2013-12-22 17:55:00,96.99743526,1.824,False
2013-12-22 18:00:00,97.47418604,2.462,False
2013-12-22 18:05:00,96.03208126,0.377,False
2013-12-22 18:10:00,96.53853446,0.841,False
2013-12-22 18:15:00,95.65819924,0.476,False
2013-12-22 18:20:00,95.83304386,0.237,False
2013-12-22 18:25:00,96.29041536,0.34,False
2013-12-22 18:30:00,96.25810241,0.296,False
2013-12-22 18:35:00,97.03271845,1.307,False
2013-12-22 18:40:00,96.53876734,0.646,False
2013-12-22 18:45:00,96.5087715,0.556,False
2013-12-22 18:50:00,95.57536921,0.693,False
2013-12-22 18:55:00,96.24224017,0.144,False
2013-12-22 19:00:00,96.46164334,0.401,False
2013-12-22 19:05:00,96.16890993,0.035,False
2013-12-22 19:10:00,97.44357036,1.687,False
2013-12-22 19:15:00,97.45918054,1.67,False
2013-12-22 19:20:00,96.04179315,0.257,False
2013-12-22 19:25:00,97.12655353,1.184,False
2013-12-22 19:30:00,96.40431448,0.176,False
2013-12-22 19:35:00,97.36493348,1.433,False
2013-12-22 19:40:00,95.34350374,1.393,False
2013-12-22 19:45:00,96.35793266,0.002,False
2013-12-22 19:50:00,95.98812394,0.514,False
2013-12-22 19:55:00,96.36580837,0.005,False
2013-12-22 20:00:00,95.61421077,1.058,False
2013-12-22 20:05:00,97.3689851,1.306,False
2013-12-22 20:10:00,96.98045227,0.723,False
2013-12-22 20:15:00,97.18131623,0.947,False
2013-12-22 20:20:00,97.05720485,0.73,False
2013-12-22 20:25:00,97.02284284,0.675,False
2013-12-22 20:30:00,95.30693627,1.673,False
2013-12-22 20:35:00,96.83681538,0.445,False
2013-12-22 20:40:00,97.15455847,0.899,False
2013-12-22 20:45:00,95.45000386,1.589,False
2013-12-22 20:50:00,97.03774575,0.71,False
2013-12-22 20:55:00,96.12320903,0.57,False
2013-12-22 21:00:00,97.53314996,1.473,False
2013-12-22 21:05:00,96.85879901,0.504,False
2013-12-22 21:10:00,96.96879814,0.628,False
2013-12-22 21:15:00,95.83862782,1.086,False
2013-12-22 21:20:00,96.58264069,0.032,False
2013-12-22 21:25:00,95.98034748,0.826,False
2013-12-22 21:30:00,96.92177137,0.441,False
2013-12-22 21:35:00,95.93045618,0.964,False
2013-12-22 21:40:00,96.81497015,0.294,False
2013-12-22 21:45:00,95.8365981,1.128,False
2013-12-22 21:50:00,96.22129547,0.63,False
2013-12-22 21:55:00,97.52937859,1.089,False
2013-12-22 22:00:00,96.70618486,0.024,False
2013-12-22 22:05:00,95.48790817,1.731,False
2013-12-22 22:10:00,95.63377536,1.534,False
2013-12-22 22:15:00,96.6687866,0.133,False
2013-12-22 22:20:00,96.74114831,0.037,False
2013-12-22 22:25:00,97.22722114,0.592,False
2013-12-22 22:30:00,96.35528331,0.502,False
2013-12-22 22:35:00,96.86999134,0.175,False
2013-12-22 22:40:00,95.73239377,1.273,False
2013-12-22 22:45:00,96.89736156,0.238,False
2013-12-22 22:50:00,96.14640114,0.756,False
2013-12-22 22:55:00,96.40125929,0.431,False
2013-12-22 23:00:00,97.53210407,0.961,False
2013-12-22 23:05:00,97.36663839,0.772,False
2013-12-22 23:10:00,96.87407063,0.184,False
2013-12-22 23:15:00,97.31785347,0.79,False
2013-12-22 23:20:00,96.96973836,0.35,False
2013-12-22 23:25:00,96.27119614,0.593,False
2013-12-22 23:30:00,96.4267569,0.355,False
2013-12-22 23:35:00,96.94488462,0.35,False
2013-12-22 23:40:00,96.42991089,0.341,False
2013-12-22 23:45:00,95.24139589,1.915,False
2013-12-22 23:50:00,95.70159189,1.306,False
2013-12-22 23:55:00,96.89774626,0.338,False
2013-12-23 00:00:00,96.61913592,0.032,False
2013-12-23 00:05:00,97.42858487,1.104,False
2013-12-23 00:10:00,96.88159066,0.485,False
2013-12-23 00:15:00,95.87889102,0.71,False
2013-12-23 00:20:00,95.31499459,1.471,False
2013-12-23 00:25:00,96.93795785,0.677,False
2013-12-23 00:30:00,97.07407981,0.872,False
2013-12-23 00:35:00,96.03543721,0.453,False
2013-12-23 00:40:00,96.79725686,0.554,False
2013-12-23 00:45:00,97.1251971,1.027,False
2013-12-23 00:50:00,97.40459052,1.435,False
2013-12-23 00:55:00,96.34032792,0.01,False
2013-12-23 01:00:00,96.79789709,0.668,False
2013-12-23 01:05:00,96.93655213,0.988,False
2013-12-23 01:10:00,96.72842455,0.712,False
2013-12-23 01:15:00,97.26368774,1.446,False
2013-12-23 01:20:00,95.31033164,1.07,False
2013-12-23 01:25:00,95.61172323,0.491,False
2013-12-23 01:30:00,95.27761525,0.847,False
2013-12-23 01:35:00,95.27821822,0.833,False
2013-12-23 01:40:00,95.82844216,0.073,False
2013-12-23 01:45:00,95.82558555,0.077,False
2013-12-23 01:50:00,97.3547637,1.984,False
2013-12-23 01:55:00,97.18432145,1.794,False
2013-12-23 02:00:00,95.90443004,0.182,False
2013-12-23 02:05:00,95.65983997,0.027,False
2013-12-23 02:10:00,96.71460249,1.395,False
2013-12-23 02:15:00,95.35654709,0.228,False
2013-12-23 02:20:00,96.95638284,1.938,False
2013-12-23 02:25:00,95.3642782,0.005,False
2013-12-23 02:30:00,95.88619734,0.665,False
2013-12-23 02:35:00,97.24434915,2.219,False
2013-12-23 02:40:00,97.34886282,2.281,False
2013-12-23 02:45:00,95.88541794,0.674,False
2013-12-23 02:50:00,95.46485786,0.208,False
2013-12-23 02:55:00,94.06277079,0.883,False
2013-12-23 03:00:00,94.43815691,0.207,False
2013-12-23 03:05:00,93.06688922,1.021,False
2013-12-23 03:10:00,94.00451134,0.495,False
2013-12-23 03:15:00,92.29475338,0.487,False
2013-12-23 03:20:00,91.84286025,0.508,False
2013-12-23 03:25:00,92.52468169,0.409,False
2013-12-23 03:30:00,91.61380135,0.103,False
2013-12-23 03:35:00,90.35481264,0.908,False
2013-12-23 03:40:00,90.90400049,0.106,False
2013-12-23 03:45:00,90.93242635,0.012,False
2013-12-23 03:50:00,91.12150894,0.423,False
2013-12-23 03:55:00,89.11612424,0.727,False
2013-12-23 04:00:00,89.56959011,0.137,False
2013-12-23 04:05:00,89.24994855,0.057,False
2013-12-23 04:10:00,87.58682491,1.011,False
2013-12-23 04:15:00,88.41090856,0.226,False
2013-12-23 04:20:00,87.41847576,0.279,False
2013-12-23 04:25:00,87.53332516,0.06,False
2013-12-23 04:30:00,87.88076595,0.242,False
2013-12-23 04:35:00,86.80680563,0.665,False
2013-12-23 04:40:00,85.29605263,1.907,False
2013-12-23 04:45:00,85.70026944,1.524,False
2013-12-23 04:50:00,86.03795482,1.222,False
2013-12-23 04:55:00,85.99762741,1.217,False
2013-12-23 05:00:00,84.8908066,2.053,False
2013-12-23 05:05:00,86.42482209,0.746,False
2013-12-23 05:10:00,85.76515116,1.264,False
2013-12-23 05:15:00,85.91172247,1.067,False
2013-12-23 05:20:00,85.35056483,1.499,False
2013-12-23 05:25:00,85.23631395,1.603,False
2013-12-23 05:30:00,85.58685613,1.205,False
2013-12-23 05:35:00,86.11701306,0.754,False
2013-12-23 05:40:00,86.44547749,0.372,False
2013-12-23 05:45:00,85.44910757,1.193,False
2013-12-23 05:50:00,85.93715646,0.776,False
2013-12-23 05:55:00,85.71625128,0.948,False
2013-12-23 06:00:00,84.84943617,1.637,False
2013-12-23 06:05:00,85.73554496,0.895,False
2013-12-23 06:10:00,85.29884159,1.232,False
2013-12-23 06:15:00,85.92899216,0.711,False
2013-12-23 06:20:00,85.90377512,0.697,False
2013-12-23 06:25:00,86.70815992,0.084,False
2013-12-23 06:30:00,86.92882416,0.095,False
2013-12-23 06:35:00,87.60543537,0.591,False
2013-12-23 06:40:00,87.16957015,0.276,False
2013-12-23 06:45:00,85.95901872,0.616,False
2013-12-23 06:50:00,85.77562818,0.741,False
2013-12-23 06:55:00,86.86447395,0.066,False
2013-12-23 07:00:00,86.6456421,0.067,False
2013-12-23 07:05:00,86.28162209999998,0.304,False
2013-12-23 07:10:00,87.52560154,0.616,False
2013-12-23 07:15:00,86.68554606,0.014,False
2013-12-23 07:20:00,86.62844145,0.014,False
2013-12-23 07:25:00,87.73092395,0.815,False
2013-12-23 07:30:00,88.13647636,1.192,False
2013-12-23 07:35:00,86.07416343,0.269,False
2013-12-23 07:40:00,88.28653125,1.398,False
2013-12-23 07:45:00,86.39513683,0.011,False
2013-12-23 07:50:00,87.23737483,0.644,False
2013-12-23 07:55:00,86.78144588,0.298,False
2013-12-23 08:00:00,88.57709428,1.74,False
2013-12-23 08:05:00,88.14826649,1.395,False
2013-12-23 08:10:00,86.76681263,0.307,False
2013-12-23 08:15:00,87.78661897,1.126,False
2013-12-23 08:20:00,87.19347173,0.65,False
2013-12-23 08:25:00,86.83858233,0.365,False
2013-12-23 08:30:00,87.82998715,1.161,False
2013-12-23 08:35:00,86.68469136,0.242,False
2013-12-23 08:40:00,88.84606842,1.977,False
2013-12-23 08:45:00,88.36751687,1.587,False
2013-12-23 08:50:00,89.09764068,2.155,False
2013-12-23 08:55:00,87.95896918,1.27,False
2013-12-23 09:00:00,87.34005942,0.788,False
2013-12-23 09:05:00,87.81195093,1.155,False
2013-12-23 09:10:00,88.50029314,1.691,False
2013-12-23 09:15:00,86.37239408,0.035,False
2013-12-23 09:20:00,86.64780584,0.25,False
2013-12-23 09:25:00,86.79109755,0.361,False
2013-12-23 09:30:00,87.18743516,0.68,False
2013-12-23 09:35:00,86.88675979,0.5,False
2013-12-23 09:40:00,87.29288643,0.851,False
2013-12-23 09:45:00,85.62607224,0.22,False
2013-12-23 09:50:00,85.61769903,0.218,False
2013-12-23 09:55:00,85.25383852,0.439,False
2013-12-23 10:00:00,85.95248694,0.017,False
2013-12-23 10:05:00,86.27840864,0.261,False
2013-12-23 10:10:00,85.89246173,0.128,False
2013-12-23 10:15:00,85.95971784,0.228,False
2013-12-23 10:20:00,85.31225106,0.013,False
2013-12-23 10:25:00,84.10170176,0.318,False
2013-12-23 10:30:00,84.47250174,0.077,False
2013-12-23 10:35:00,82.31456172,0.387,False
2013-12-23 10:40:00,81.01697741,0.281,False
2013-12-23 10:45:00,79.83202392,0.272,False
2013-12-23 10:50:00,79.20815870000001,0.143,False
2013-12-23 10:55:00,76.53102,1.224,False
2013-12-23 11:00:00,78.14410981,0.473,False
2013-12-23 11:05:00,77.88314213,0.495,False
2013-12-23 11:10:00,75.74113708,1.518,False
2013-12-23 11:15:00,76.51891965,1.015,False
2013-12-23 11:20:00,74.93669477,1.847,False
2013-12-23 11:25:00,75.4124062,1.611,False
2013-12-23 11:30:00,75.67821926,1.479,False
2013-12-23 11:35:00,74.31361275,2.507,False
2013-12-23 11:40:00,75.26551373,1.959,False
2013-12-23 11:45:00,73.16689236,3.541,False
2013-12-23 11:50:00,73.10554712,3.581,False
2013-12-23 11:55:00,73.07170026,3.693,False
2013-12-23 12:00:00,72.85390906,4.081,False
2013-12-23 12:05:00,72.68118188,4.481,False
2013-12-23 12:10:00,72.46152349,5.055,False
2013-12-23 12:15:00,71.57180759999999,5.78,False
2013-12-23 12:20:00,70.85694455,6.363,True
2013-12-23 12:25:00,70.52484602,6.633,True
2013-12-23 12:30:00,70.96480665,6.275,True
2013-12-23 12:35:00,70.73778761,6.46,True
2013-12-23 12:40:00,69.85628764,7.178,True
2013-12-23 12:45:00,70.81077737,7.14,True
2013-12-23 12:50:00,71.32337357,6.674,True
2013-12-23 12:55:00,72.34316514,5.441,False
2013-12-23 13:00:00,73.49665194,4.448,False
2013-12-23 13:05:00,73.23407403,4.674,False
2013-12-23 13:10:00,75.66032144,2.384,False
2013-12-23 13:15:00,76.21819424,1.9,False
2013-12-23 13:20:00,75.67467019,2.323,False
2013-12-23 13:25:00,77.20955116,1.077,False
2013-12-23 13:30:00,78.16948659,0.366,False
2013-12-23 13:35:00,78.069576,0.44,False
2013-12-23 13:40:00,78.73309671,0.048,False
2013-12-23 13:45:00,79.18560529999998,0.36,False
2013-12-23 13:50:00,79.16182625,0.344,False
2013-12-23 13:55:00,77.97928662,0.472,False
2013-12-23 14:00:00,78.59352838,0.249,False
2013-12-23 14:05:00,79.32776707,0.163,False
2013-12-23 14:10:00,78.56697633,0.518,False
2013-12-23 14:15:00,79.1893315,0.018,False
2013-12-23 14:20:00,79.15036619,0.03,False
2013-12-23 14:25:00,79.17815894,0.009,False
2013-12-23 14:30:00,79.81191295,0.534,False
2013-12-23 14:35:00,79.1058741,0.194,False
2013-12-23 14:40:00,80.03247046,0.439,False
2013-12-23 14:45:00,81.02946553,1.16,False
2013-12-23 14:50:00,79.29485679999998,0.656,False
2013-12-23 14:55:00,79.85445946,0.212,False
2013-12-23 15:00:00,81.12411665,0.778,False
2013-12-23 15:05:00,80.08450198,0.776,False
2013-12-23 15:10:00,82.25330628,1.488,False
2013-12-23 15:15:00,81.47779383,0.467,False
2013-12-23 15:20:00,81.70221683,0.467,False
2013-12-23 15:25:00,80.86779764,0.859,False
2013-12-23 15:30:00,80.73098517,1.475,False
2013-12-23 15:35:00,82.72079533,0.619,False
2013-12-23 15:40:00,82.18852334,0.104,False
2013-12-23 15:45:00,82.86236758,0.64,False
2013-12-23 15:50:00,83.37804049,1.019,False
2013-12-23 15:55:00,83.32571768,0.688,False
2013-12-23 16:00:00,82.28757111,0.714,False
2013-12-23 16:05:00,84.14931688,1.486,False
2013-12-23 16:10:00,84.06220569,1.129,False
2013-12-23 16:15:00,83.16971029,0.172,False
2013-12-23 16:20:00,82.42448957,1.253,False
2013-12-23 16:25:00,82.84213711,0.742,False
2013-12-23 16:30:00,83.79659988,0.271,False
2013-12-23 16:35:00,84.90736879,1.482,False
2013-12-23 16:40:00,83.90641317,0.023,False
2013-12-23 16:45:00,83.27058884,1.025,False
2013-12-23 16:50:00,83.39805842,1.046,False
2013-12-23 16:55:00,83.93892009,0.517,False
2013-12-23 17:00:00,84.95289102,0.462,False
2013-12-23 17:05:00,84.42725876,0.63,False
2013-12-23 17:10:00,84.85298264,0.068,False
2013-12-23 17:15:00,84.89987915,0.041,False
2013-12-23 17:20:00,85.77403626,0.935,False
2013-12-23 17:25:00,86.74917275,1.829,False
2013-12-23 17:30:00,85.13900478,0.547,False
2013-12-23 17:35:00,85.40334255,0.791,False
2013-12-23 17:40:00,86.55736257,0.134,False
2013-12-23 17:45:00,87.03965288,0.475,False
2013-12-23 17:50:00,86.72732888,0.013,False
2013-12-23 17:55:00,87.05470323,0.293,False
2013-12-23 18:00:00,88.01663301,1.282,False
2013-12-23 18:05:00,86.8859855,0.199,False
2013-12-23 18:10:00,87.28545079999998,0.181,False
2013-12-23 18:15:00,86.33348142,1.166,False
2013-12-23 18:20:00,87.22631124,0.414,False
2013-12-23 18:25:00,87.92627218,0.066,False
2013-12-23 18:30:00,87.82134057,0.19,False
2013-12-23 18:35:00,88.22460867,0.248,False
2013-12-23 18:40:00,88.74718697,0.766,False
2013-12-23 18:45:00,89.08884688,0.746,False
2013-12-23 18:50:00,89.82544201,1.236,False
2013-12-23 18:55:00,88.0406382,1.083,False
2013-12-23 19:00:00,89.03160282,0.024,False
2013-12-23 19:05:00,89.09577561,0.042,False
2013-12-23 19:10:00,90.49219829,1.638,False
2013-12-23 19:15:00,88.87134367,0.433,False
2013-12-23 19:20:00,89.3875172,0.132,False
2013-12-23 19:25:00,88.99070482,0.828,False
2013-12-23 19:30:00,89.62057812,0.307,False
2013-12-23 19:35:00,90.9466138,0.993,False
2013-12-23 19:40:00,89.96954573,0.316,False
2013-12-23 19:45:00,90.77253085,0.296,False
2013-12-23 19:50:00,91.4500044,0.829,False
2013-12-23 19:55:00,90.06209085,0.808,False
2013-12-23 20:00:00,91.88348463,0.905,False
2013-12-23 20:05:00,91.56702515,0.552,False
2013-12-23 20:10:00,90.46888312,0.632,False
2013-12-23 20:15:00,92.39678959,0.954,False
2013-12-23 20:20:00,90.94534784,0.52,False
2013-12-23 20:25:00,91.00851466,0.664,False
2013-12-23 20:30:00,92.76116267,0.721,False
2013-12-23 20:35:00,91.28916624,0.88,False
2013-12-23 20:40:00,92.0823062,0.444,False
2013-12-23 20:45:00,93.01705261,0.114,False
2013-12-23 20:50:00,93.52966984,0.459,False
2013-12-23 20:55:00,93.77596081,0.62,False
2013-12-23 21:00:00,93.74613421,0.461,False
2013-12-23 21:05:00,93.08719738,0.266,False
2013-12-23 21:10:00,93.82689237,0.289,False
2013-12-23 21:15:00,93.45875319,0.139,False
2013-12-23 21:20:00,93.32858296,0.25,False
2013-12-23 21:25:00,94.7116021,0.934,False
2013-12-23 21:30:00,94.75283149,0.969,False
2013-12-23 21:35:00,94.9035254,0.981,False
2013-12-23 21:40:00,94.83751096,0.926,False
2013-12-23 21:45:00,95.86988074,1.789,False
2013-12-23 21:50:00,95.38893363,1.387,False
2013-12-23 21:55:00,97.90539664,3.577,False
2013-12-23 22:00:00,96.88409222,2.739,False
2013-12-23 22:05:00,98.6498728,4.271,False
2013-12-23 22:10:00,98.81190804,4.326,False
2013-12-23 22:15:00,97.00463399,2.778,False
2013-12-23 22:20:00,96.63297283,2.4,False
2013-12-23 22:25:00,97.34517252,2.935,False
2013-12-23 22:30:00,97.09139037,2.727,False
2013-12-23 22:35:00,97.37960898,2.94,False
2013-12-23 22:40:00,95.52407897,1.444,False
2013-12-23 22:45:00,96.67605548,2.387,False
2013-12-23 22:50:00,96.60790368,2.331,False
2013-12-23 22:55:00,96.34498244,2.143,False
2013-12-23 23:00:00,96.14244151,1.935,False
2013-12-23 23:05:00,95.30130695,1.287,False
2013-12-23 23:10:00,94.36249107,0.502,False
2013-12-23 23:15:00,95.99869543,1.869,False
2013-12-23 23:20:00,93.71198879,0.042,False
2013-12-23 23:25:00,95.64431617,1.625,False
2013-12-23 23:30:00,94.1655304,0.338,False
2013-12-23 23:35:00,95.10695406,1.126,False
2013-12-23 23:40:00,93.85613604,0.082,False
2013-12-23 23:45:00,92.98516253,0.671,False
2013-12-23 23:50:00,94.59130684,0.718,False
2013-12-23 23:55:00,94.08465821,0.28,False
2013-12-24 00:00:00,93.98715691,0.223,False
2013-12-24 00:05:00,93.77698814,0.099,False
2013-12-24 00:10:00,94.50972389,0.732,False
2013-12-24 00:15:00,92.73825305,0.694,False
2013-12-24 00:20:00,93.29420291,0.223,False
2013-12-24 00:25:00,92.82059989,0.608,False
2013-12-24 00:30:00,94.36694999,0.801,False
2013-12-24 00:35:00,92.74805968,0.471,False
2013-12-24 00:40:00,93.52349042,0.286,False
2013-12-24 00:45:00,92.41268022,0.58,False
2013-12-24 00:50:00,93.05921508,0.009,False
2013-12-24 00:55:00,93.03970722,0.024,False
2013-12-24 01:00:00,92.80061083,0.107,False
2013-12-24 01:05:00,93.87968784,0.925,False
2013-12-24 01:10:00,91.59252578,1.098,False
2013-12-24 01:15:00,91.8456326,0.894,False
2013-12-24 01:20:00,93.61269335,0.886,False
2013-12-24 01:25:00,92.59316349,0.155,False
2013-12-24 01:30:00,91.50188377,1.201,False
2013-12-24 01:35:00,93.29166037,0.851,False
2013-12-24 01:40:00,92.86107305,0.488,False
2013-12-24 01:45:00,92.76063229,0.46,False
2013-12-24 01:50:00,92.26976755,0.198,False
2013-12-24 01:55:00,93.093418,1.334,False
2013-12-24 02:00:00,91.7141179,0.127,False
2013-12-24 02:05:00,91.34955699,0.536,False
2013-12-24 02:10:00,91.276501,0.567,False
2013-12-24 02:15:00,92.41999975,1.005,False
2013-12-24 02:20:00,91.79716543,0.35,False
2013-12-24 02:25:00,90.67354878,1.086,False
2013-12-24 02:30:00,91.80829431,0.502,False
2013-12-24 02:35:00,91.90839855,0.704,False
2013-12-24 02:40:00,90.8119706,0.39,False
2013-12-24 02:45:00,90.16119643,0.839,False
2013-12-24 02:50:00,90.37480723,0.468,False
2013-12-24 02:55:00,91.00756595,0.319,False
2013-12-24 03:00:00,90.77216623,0.195,False
2013-12-24 03:05:00,90.26398267,0.224,False
2013-12-24 03:10:00,89.39414998,1.086,False
2013-12-24 03:15:00,91.50128916,1.239,False
2013-12-24 03:20:00,90.40648225,0.096,False
2013-12-24 03:25:00,90.28474143,0.011,False
2013-12-24 03:30:00,89.89238161,0.349,False
2013-12-24 03:35:00,88.86322479,1.297,False
2013-12-24 03:40:00,90.35575574,0.701,False
2013-12-24 03:45:00,88.53187203,0.988,False
2013-12-24 03:50:00,88.39926939,1.053,False
2013-12-24 03:55:00,90.52209862,1.286,False
2013-12-24 04:00:00,89.04920861,0.095,False
2013-12-24 04:05:00,88.94817558,0.057,False
2013-12-24 04:10:00,88.64475237,0.325,False
2013-12-24 04:15:00,89.38973816,0.524,False
2013-12-24 04:20:00,89.53291816,0.838,False
2013-12-24 04:25:00,87.78072617,0.968,False
2013-12-24 04:30:00,88.95401575,0.357,False
2013-12-24 04:35:00,89.22911826,0.7,False
2013-12-24 04:40:00,87.3844615,1.31,False
2013-12-24 04:45:00,86.85475989,1.82,False
2013-12-24 04:50:00,87.30408027,1.301,False
2013-12-24 04:55:00,88.44376853,0.015,False
2013-12-24 05:00:00,88.6773838,0.3,False
2013-12-24 05:05:00,86.81094211,1.76,False
2013-12-24 05:10:00,88.38054136,0.01,False
2013-12-24 05:15:00,87.94324014,0.483,False
2013-12-24 05:20:00,87.78127611,0.658,False
2013-12-24 05:25:00,86.40989016,2.1,False
2013-12-24 05:30:00,87.25395582,1.205,False
2013-12-24 05:35:00,86.69279849,1.72,False
2013-12-24 05:40:00,85.52445528,2.844,False
2013-12-24 05:45:00,86.27711046,1.928,False
2013-12-24 05:50:00,86.91049768,1.336,False
2013-12-24 05:55:00,87.77844021,0.419,False
2013-12-24 06:00:00,87.93284719,0.259,False
2013-12-24 06:05:00,86.06491792,1.811,False
2013-12-24 06:10:00,86.01718913,1.774,False
2013-12-24 06:15:00,87.62692608,0.483,False
2013-12-24 06:20:00,87.38266678,0.679,False
2013-12-24 06:25:00,86.13641917,1.635,False
2013-12-24 06:30:00,88.41633535,0.142,False
2013-12-24 06:35:00,87.30382832,0.589,False
2013-12-24 06:40:00,86.3386903,1.321,False
2013-12-24 06:45:00,86.5304693,1.141,False
2013-12-24 06:50:00,88.61304536,0.393,False
2013-12-24 06:55:00,88.28082708,0.148,False
2013-12-24 07:00:00,88.58798088,0.469,False
2013-12-24 07:05:00,86.92194367,0.779,False
2013-12-24 07:10:00,87.95563711,0.01,False
2013-12-24 07:15:00,87.75899039,0.131,False
2013-12-24 07:20:00,86.96989628,0.68,False
2013-12-24 07:25:00,87.87400679,0.013,False
2013-12-24 07:30:00,87.66628105,0.154,False
2013-12-24 07:35:00,87.15082681,0.469,False
2013-12-24 07:40:00,87.94120225,0.101,False
2013-12-24 07:45:00,89.30862931,1.033,False
2013-12-24 07:50:00,87.60744574,0.132,False
2013-12-24 07:55:00,87.98319631,0.14,False
2013-12-24 08:00:00,87.53958467,0.177,False
2013-12-24 08:05:00,88.9155401,0.819,False
2013-12-24 08:10:00,89.54211718,1.304,False
2013-12-24 08:15:00,89.06323754,0.993,False
2013-12-24 08:20:00,88.54513176,0.661,False
2013-12-24 08:25:00,89.0770716,1.073,False
2013-12-24 08:30:00,89.68284687,1.536,False
2013-12-24 08:35:00,88.17684249,0.416,False
2013-12-24 08:40:00,88.45247098,0.646,False
2013-12-24 08:45:00,87.80372396,0.15,False
2013-12-24 08:50:00,88.55331947,0.784,False
2013-12-24 08:55:00,88.99504967,1.153,False
2013-12-24 09:00:00,89.99382188,2.026,False
2013-12-24 09:05:00,89.86894864,2.007,False
2013-12-24 09:10:00,88.70915752,1.118,False
2013-12-24 09:15:00,89.05043552,1.506,False
2013-12-24 09:20:00,88.83481181,1.303,False
2013-12-24 09:25:00,89.0509698,1.619,False
2013-12-24 09:30:00,87.91113249,0.532,False
2013-12-24 09:35:00,88.89774024,1.51,False
2013-12-24 09:40:00,88.1749449,0.919,False
2013-12-24 09:45:00,88.46706101,1.173,False
2013-12-24 09:50:00,88.24930626,0.984,False
2013-12-24 09:55:00,87.40403942,0.293,False
2013-12-24 10:00:00,87.08404240000002,0.103,False
2013-12-24 10:05:00,86.61299192,0.113,False
2013-12-24 10:10:00,84.74916752,1.092,False
2013-12-24 10:15:00,84.23758962,0.775,False
2013-12-24 10:20:00,85.86652643,0.916,False
2013-12-24 10:25:00,84.41866458,0.007,False
2013-12-24 10:30:00,84.16121611,0.114,False
2013-12-24 10:35:00,84.43735562,0.154,False
2013-12-24 10:40:00,82.66789245,0.658,False
2013-12-24 10:45:00,82.68560904,0.175,False
2013-12-24 10:50:00,82.3191554,0.227,False
2013-12-24 10:55:00,81.79626556,0.427,False
2013-12-24 11:00:00,83.23639694,0.624,False
2013-12-24 11:05:00,81.33529679,0.339,False
2013-12-24 11:10:00,81.28322257,0.19,False
2013-12-24 11:15:00,82.04393463,0.363,False
2013-12-24 11:20:00,81.45033496,0.079,False
2013-12-24 11:25:00,80.04798753,0.492,False
2013-12-24 11:30:00,79.16410372,0.635,False
2013-12-24 11:35:00,80.64349568,0.385,False
2013-12-24 11:40:00,79.80620538,0.165,False
2013-12-24 11:45:00,78.35759009,0.249,False
2013-12-24 11:50:00,77.54768835,0.465,False
2013-12-24 11:55:00,77.87971928,0.242,False
2013-12-24 12:00:00,78.41505346,0.041,False
2013-12-24 12:05:00,78.55866970000002,0.181,False
2013-12-24 12:10:00,78.07325227,0.033,False
2013-12-24 12:15:00,76.40381846,0.737,False
2013-12-24 12:20:00,77.73611077,0.124,False
2013-12-24 12:25:00,75.213535,1.218,False
2013-12-24 12:30:00,77.08023382,0.404,False
2013-12-24 12:35:00,74.80743849,1.311,False
2013-12-24 12:40:00,75.91504148,0.837,False
2013-12-24 12:45:00,74.35924763,1.354,False
2013-12-24 12:50:00,73.91138207,1.397,False
2013-12-24 12:55:00,75.13510314,0.931,False
2013-12-24 13:00:00,73.40277232,1.409,False
2013-12-24 13:05:00,72.45794329,1.675,False
2013-12-24 13:10:00,74.16054425,1.092,False
2013-12-24 13:15:00,72.4508375,1.552,False
2013-12-24 13:20:00,72.75463903,1.419,False
2013-12-24 13:25:00,72.09336437,1.547,False
2013-12-24 13:30:00,72.56511482,1.388,False
2013-12-24 13:35:00,71.88173451,1.553,False
2013-12-24 13:40:00,70.79667931,1.795,False
2013-12-24 13:45:00,70.45287246,1.846,False
2013-12-24 13:50:00,69.80861369,2.004,False
2013-12-24 13:55:00,69.07325646,2.184,False
2013-12-24 14:00:00,69.55191269,2.067,False
2013-12-24 14:05:00,68.88510075,2.217,False
2013-12-24 14:10:00,68.39481654,2.33,False
2013-12-24 14:15:00,69.00474763,2.116,False
2013-12-24 14:20:00,69.84202057,1.878,False
2013-12-24 14:25:00,70.47841015,1.672,False
2013-12-24 14:30:00,71.53585418,1.329,False
2013-12-24 14:35:00,74.11797440000002,0.676,False
2013-12-24 14:40:00,74.52346109999998,0.552,False
2013-12-24 14:45:00,75.65689775,0.216,False
2013-12-24 14:50:00,77.93849743,0.386,False
2013-12-24 14:55:00,78.29529026,0.507,False
2013-12-24 15:00:00,77.05007943,0.239,False
2013-12-24 15:05:00,77.81675105,0.403,False
2013-12-24 15:10:00,78.86372019,0.628,False
2013-12-24 15:15:00,78.78366292,0.611,False
2013-12-24 15:20:00,78.62975813,0.578,False
2013-12-24 15:25:00,79.38562176,0.74,False
2013-12-24 15:30:00,78.03840627,0.442,False
2013-12-24 15:35:00,78.92264595,0.627,False
2013-12-24 15:40:00,79.96490554,0.833,False
2013-12-24 15:45:00,78.91858838,0.55,False
2013-12-24 15:50:00,79.25255455,0.546,False
2013-12-24 15:55:00,80.60465144,0.789,False
2013-12-24 16:00:00,79.50762676,0.456,False
2013-12-24 16:05:00,80.46736722,0.583,False
2013-12-24 16:10:00,80.27504758,0.517,False
2013-12-24 16:15:00,81.10235194,0.681,False
2013-12-24 16:20:00,81.72061533,0.802,False
2013-12-24 16:25:00,81.56840229,0.731,False
2013-12-24 16:30:00,80.91557943,0.562,False
2013-12-24 16:35:00,81.40886767,0.632,False
2013-12-24 16:40:00,82.60231429,0.838,False
2013-12-24 16:45:00,80.18129714,0.292,False
2013-12-24 16:50:00,79.2593595,0.079,False
2013-12-24 16:55:00,79.37818172,0.098,False
2013-12-24 17:00:00,77.92724011,0.234,False
2013-12-24 17:05:00,76.81947896,0.48,False
2013-12-24 17:10:00,75.96203003,0.676,False
2013-12-24 17:15:00,75.99608952,0.672,False
2013-12-24 17:20:00,75.89904807,0.704,False
2013-12-24 17:25:00,75.47396863,0.811,False
2013-12-24 17:30:00,73.19101398,1.335,False
2013-12-24 17:35:00,73.47550106,1.274,False
2013-12-24 17:40:00,73.56333362,1.263,False
2013-12-24 17:45:00,73.89395975,1.187,False
2013-12-24 17:50:00,75.81250659,0.742,False
2013-12-24 17:55:00,75.47732487,0.82,False
2013-12-24 18:00:00,76.55960821,0.564,False
2013-12-24 18:05:00,76.11942581,0.664,False
2013-12-24 18:10:00,77.69044040000001,0.299,False
2013-12-24 18:15:00,78.30659349,0.158,False
2013-12-24 18:20:00,79.97477975,0.213,False
2013-12-24 18:25:00,79.79992431,0.172,False
2013-12-24 18:30:00,82.07987926,0.691,False
2013-12-24 18:35:00,82.69968084,0.816,False
2013-12-24 18:40:00,81.27790567,0.571,False
2013-12-24 18:45:00,82.03912665,0.804,False
2013-12-24 18:50:00,81.23939171,0.648,False
2013-12-24 18:55:00,81.41302395,0.719,False
2013-12-24 19:00:00,80.52680869,0.577,False
2013-12-24 19:05:00,82.42935215,1.048,False
2013-12-24 19:10:00,80.44422482,0.687,False
2013-12-24 19:15:00,80.78348886,0.784,False
2013-12-24 19:20:00,80.55307873,0.748,False
2013-12-24 19:25:00,80.13473042,0.685,False
2013-12-24 19:30:00,81.42347063,0.971,False
2013-12-24 19:35:00,81.47406139,1.021,False
2013-12-24 19:40:00,80.76307025,0.915,False
2013-12-24 19:45:00,79.67069729,0.718,False
2013-12-24 19:50:00,81.00127029,0.963,False
2013-12-24 19:55:00,79.10518442,0.595,False
2013-12-24 20:00:00,78.27270305,0.44,False
2013-12-24 20:05:00,78.12616839,0.449,False
2013-12-24 20:10:00,77.23923977,0.317,False
2013-12-24 20:15:00,77.03969403,0.288,False
2013-12-24 20:20:00,76.86315733,0.256,False
2013-12-24 20:25:00,75.93650251,0.09,False
2013-12-24 20:30:00,76.6554556,0.219,False
2013-12-24 20:35:00,75.10119463,0.098,False
2013-12-24 20:40:00,75.40135013,0.086,False
2013-12-24 20:45:00,73.96366468,0.385,False
2013-12-24 20:50:00,75.11725934,0.238,False
2013-12-24 20:55:00,72.85196848,0.731,False
2013-12-24 21:00:00,73.407832,0.654,False
2013-12-24 21:05:00,73.66725354,0.623,False
2013-12-24 21:10:00,71.26817231,1.13,False
2013-12-24 21:15:00,72.40574326,0.904,False
2013-12-24 21:20:00,72.00435364,0.984,False
2013-12-24 21:25:00,71.11293312,1.161,False
2013-12-24 21:30:00,69.59334041,1.463,False
2013-12-24 21:35:00,70.54477891,1.274,False
2013-12-24 21:40:00,69.84691559,1.432,False
2013-12-24 21:45:00,69.04371794,1.594,False
2013-12-24 21:50:00,68.5879911,1.711,False
2013-12-24 21:55:00,69.49714222,1.525,False
2013-12-24 22:00:00,68.39254161,1.783,False
2013-12-24 22:05:00,68.1805954,1.827,False
2013-12-24 22:10:00,69.61334202,1.566,False
2013-12-24 22:15:00,70.51807129,1.546,False
2013-12-24 22:20:00,69.55316554,2.038,False
2013-12-24 22:25:00,69.12795083,2.355,False
2013-12-24 22:30:00,70.462528,2.213,False
2013-12-24 22:35:00,70.72928215,2.252,False
2013-12-24 22:40:00,71.05650355,2.21,False
2013-12-24 22:45:00,71.04556373,2.367,False
2013-12-24 22:50:00,71.46161372,2.446,False
2013-12-24 22:55:00,71.74563727,2.612,False
2013-12-24 23:00:00,72.56408627,2.382,False
2013-12-24 23:05:00,72.57367128,2.377,False
2013-12-24 23:10:00,75.11623986,1.015,False
2013-12-24 23:15:00,76.73641584,0.141,False
2013-12-24 23:20:00,78.35660052,0.625,False
2013-12-24 23:25:00,78.53598077,0.079,False
2013-12-24 23:30:00,80.72437718,1.583,False
2013-12-24 23:35:00,79.12895909999997,0.322,False
2013-12-24 23:40:00,79.85481901,0.364,False
2013-12-24 23:45:00,80.97323109999998,0.104,False
2013-12-24 23:50:00,81.05436176,0.034,False
2013-12-24 23:55:00,82.14833725,0.639,False
2013-12-25 00:00:00,81.73258076,0.176,False
2013-12-25 00:05:00,82.39237462,0.103,False
2013-12-25 00:10:00,84.31498806,1.119,False
2013-12-25 00:15:00,83.71236135,0.267,False
2013-12-25 00:20:00,85.26398574,0.539,False
2013-12-25 00:25:00,85.10261502,0.041,False
2013-12-25 00:30:00,85.01255914,0.155,False
2013-12-25 00:35:00,85.91150976,0.413,False
2013-12-25 00:40:00,85.73728276,0.088,False
2013-12-25 00:45:00,86.90140285,0.56,False
2013-12-25 00:50:00,87.12972954,0.131,False
2013-12-25 00:55:00,87.4809364,0.202,False
2013-12-25 01:00:00,88.64326719,0.668,False
2013-12-25 01:05:00,88.77089899,0.073,False
2013-12-25 01:10:00,89.21616249,0.256,False
2013-12-25 01:15:00,89.27107574,0.032,False
2013-12-25 01:20:00,90.16072583,0.681,False
2013-12-25 01:25:00,90.40427056,0.45,False
2013-12-25 01:30:00,90.66504679,0.44,False
2013-12-25 01:35:00,90.48819428,0.093,False
2013-12-25 01:40:00,90.64538991,0.226,False
2013-12-25 01:45:00,90.609499,0.074,False
2013-12-25 01:50:00,90.74453167,0.159,False
2013-12-25 01:55:00,89.86522025,0.929,False
2013-12-25 02:00:00,92.22237365,2.066,False
2013-12-25 02:05:00,91.42257125,0.994,False
2013-12-25 02:10:00,91.51397495,1.212,False
2013-12-25 02:15:00,91.08262603,0.634,False
2013-12-25 02:20:00,90.76740835,0.084,False
2013-12-25 02:25:00,92.19678392,2.281,False
2013-12-25 02:30:00,90.77704656,0.097,False
2013-12-25 02:35:00,91.71482064,1.382,False
2013-12-25 02:40:00,90.41005016,0.443,False
2013-12-25 02:45:00,91.57911084,1.071,False
2013-12-25 02:50:00,91.67176072,1.191,False
2013-12-25 02:55:00,91.81472745,1.271,False
2013-12-25 03:00:00,92.13810498,1.796,False
2013-12-25 03:05:00,90.88041682,0.166,False
2013-12-25 03:10:00,91.67337985,1.194,False
2013-12-25 03:15:00,90.7596841,0.01,False
2013-12-25 03:20:00,90.60281043,0.193,False
2013-12-25 03:25:00,92.21654101,2.101,False
2013-12-25 03:30:00,90.67373183,0.112,False
2013-12-25 03:35:00,92.40127652,2.367,False
2013-12-25 03:40:00,90.94716952,0.28,False
2013-12-25 03:45:00,91.19720526,0.577,False
2013-12-25 03:50:00,91.98069717,1.47,False
2013-12-25 03:55:00,91.51931281,0.882,False
2013-12-25 04:00:00,92.64337413,2.174,False
2013-12-25 04:05:00,92.35162073,1.787,False
2013-12-25 04:10:00,92.01023021,1.305,False
2013-12-25 04:15:00,91.85773394,1.073,False
2013-12-25 04:20:00,92.3874795,1.587,False
2013-12-25 04:25:00,93.3269,2.499,False
2013-12-25 04:30:00,92.40741724,1.545,False
2013-12-25 04:35:00,92.27730201,1.364,False
2013-12-25 04:40:00,92.43456055,1.505,False
2013-12-25 04:45:00,91.62760256,0.783,False
2013-12-25 04:50:00,90.46726141,0.255,False
2013-12-25 04:55:00,91.26298195,0.489,False
2013-12-25 05:00:00,91.65873023,0.864,False
2013-12-25 05:05:00,91.02826412,0.376,False
2013-12-25 05:10:00,90.16313151,0.395,False
2013-12-25 05:15:00,91.12004852,0.601,False
2013-12-25 05:20:00,90.5428185,0.102,False
2013-12-25 05:25:00,89.60071105,0.67,False
2013-12-25 05:30:00,90.92450124,0.958,False
2013-12-25 05:35:00,88.83706192,0.807,False
2013-12-25 05:40:00,89.33148402,0.194,False
2013-12-25 05:45:00,89.72487016,0.322,False
2013-12-25 05:50:00,88.25691168,0.996,False
2013-12-25 05:55:00,89.45833641,0.372,False
2013-12-25 06:00:00,88.96910183,0.071,False
2013-12-25 06:05:00,88.41203492,0.247,False
2013-12-25 06:10:00,89.22120037,0.959,False
2013-12-25 06:15:00,87.5314162,0.455,False
2013-12-25 06:20:00,87.34671531,0.32,False
2013-12-25 06:25:00,87.23620771,0.376,False
2013-12-25 06:30:00,87.08208568,0.447,False
2013-12-25 06:35:00,87.44040336,0.01,False
2013-12-25 06:40:00,85.94541829,1.617,False
2013-12-25 06:45:00,85.57925294,1.99,False
2013-12-25 06:50:00,86.68635926,0.72,False
2013-12-25 06:55:00,87.63648773,0.3,False
2013-12-25 07:00:00,86.07039463,1.375,False
2013-12-25 07:05:00,86.55905585,0.85,False
2013-12-25 07:10:00,85.66431894,1.892,False
2013-12-25 07:15:00,86.82652205,0.524,False
2013-12-25 07:20:00,86.89259853,0.395,False
2013-12-25 07:25:00,85.71919820000002,1.851,False
2013-12-25 07:30:00,85.43472844,2.113,False
2013-12-25 07:35:00,86.40646318,0.846,False
2013-12-25 07:40:00,87.45953219,0.653,False
2013-12-25 07:45:00,86.27632241,0.929,False
2013-12-25 07:50:00,86.80979494,0.216,False
2013-12-25 07:55:00,87.41103041,0.624,False
2013-12-25 08:00:00,86.99544818,0.104,False
2013-12-25 08:05:00,87.64787645,0.986,False
2013-12-25 08:10:00,86.41335945,0.68,False
2013-12-25 08:15:00,87.16642479,0.333,False
2013-12-25 08:20:00,86.94648678,0.105,False
2013-12-25 08:25:00,85.90498929,1.287,False
2013-12-25 08:30:00,87.2578497,0.556,False
2013-12-25 08:35:00,86.06455883,1.049,False
2013-12-25 08:40:00,86.32247825,0.701,False
2013-12-25 08:45:00,86.11943454,0.975,False
2013-12-25 08:50:00,87.32769574,0.655,False
2013-12-25 08:55:00,86.69140236,0.207,False
2013-12-25 09:00:00,87.34672625,0.681,False
2013-12-25 09:05:00,85.93759792,1.21,False
2013-12-25 09:10:00,85.84704618,1.31,False
2013-12-25 09:15:00,86.49764256,0.447,False
2013-12-25 09:20:00,86.77882005,0.073,False
2013-12-25 09:25:00,85.73553904,1.458,False
2013-12-25 09:30:00,87.36975525,0.711,False
2013-12-25 09:35:00,86.21445383,0.81,False
2013-12-25 09:40:00,87.93156885,1.403,False
2013-12-25 09:45:00,86.02248167,1.048,False
2013-12-25 09:50:00,86.41918000000004,0.547,False
2013-12-25 09:55:00,85.96131656,1.164,False
2013-12-25 10:00:00,86.37661359,0.633,False
2013-12-25 10:05:00,86.84263594,0.097,False
2013-12-25 10:10:00,86.63978105,0.394,False
2013-12-25 10:15:00,86.58761033,0.501,False
2013-12-25 10:20:00,86.84156115,0.31,False
2013-12-25 10:25:00,86.36267327,1.056,False
2013-12-25 10:30:00,87.28437361,0.112,False
2013-12-25 10:35:00,86.33632456,1.154,False
2013-12-25 10:40:00,88.21533303,1.332,False
2013-12-25 10:45:00,87.96274798,0.994,False
2013-12-25 10:50:00,86.94238783,0.404,False
2013-12-25 10:55:00,86.27685555,1.33,False
2013-12-25 11:00:00,87.74495606,0.629,False
2013-12-25 11:05:00,87.40713593,0.134,False
2013-12-25 11:10:00,87.88860456,0.773,False
2013-12-25 11:15:00,86.32543188,1.323,False
2013-12-25 11:20:00,87.68781413,0.431,False
2013-12-25 11:25:00,86.54445748,1.068,False
2013-12-25 11:30:00,87.87474082,0.629,False
2013-12-25 11:35:00,88.6689212,1.582,False
2013-12-25 11:40:00,87.20461225,0.499,False
2013-12-25 11:45:00,87.99274606,0.367,False
2013-12-25 11:50:00,88.21774463,0.541,False
2013-12-25 11:55:00,87.36997002,0.679,False
2013-12-25 12:00:00,86.85168322,1.38,False
2013-12-25 12:05:00,86.56810944,1.757,False
2013-12-25 12:10:00,87.23095067,0.973,False
2013-12-25 12:15:00,88.23221576,0.227,False
2013-12-25 12:20:00,88.30188653,0.167,False
2013-12-25 12:25:00,88.13234383,0.107,False
2013-12-25 12:30:00,88.81113965,0.757,False
2013-12-25 12:35:00,87.19225738,1.261,False
2013-12-25 12:40:00,88.99712298,0.891,False
2013-12-25 12:45:00,87.48410778,1.011,False
2013-12-25 12:50:00,87.20731017,1.516,False
2013-12-25 12:55:00,88.57472398,0.055,False
2013-12-25 13:00:00,88.21679431,0.606,False
2013-12-25 13:05:00,88.32251383,0.667,False
2013-12-25 13:10:00,89.64702284,0.357,False
2013-12-25 13:15:00,91.29613726,1.155,False
2013-12-25 13:20:00,91.03310649,0.186,False
2013-12-25 13:25:00,90.63426345,0.41,False
2013-12-25 13:30:00,91.13045209,0.039,False
2013-12-25 13:35:00,91.2161227,0.017,False
2013-12-25 13:40:00,91.25352943,0.019,False
2013-12-25 13:45:00,93.64009164,1.476,False
2013-12-25 13:50:00,93.46664958,0.384,False
2013-12-25 13:55:00,94.1886548,0.675,False
2013-12-25 14:00:00,93.31580908,0.076,False
2013-12-25 14:05:00,95.17554784,1.416,False
2013-12-25 14:10:00,94.95157436,1.117,False
2013-12-25 14:15:00,94.17063228,0.273,False
2013-12-25 14:20:00,95.48656081,1.135,False
2013-12-25 14:25:00,94.95336221,0.674,False
2013-12-25 14:30:00,94.32942163,0.135,False
2013-12-25 14:35:00,94.00432655,0.113,False
2013-12-25 14:40:00,94.11034464,0.049,False
2013-12-25 14:45:00,92.72245361,1.052,False
2013-12-25 14:50:00,94.07395662,0.126,False
2013-12-25 14:55:00,93.40803299,0.556,False
2013-12-25 15:00:00,93.40973185,0.555,False
2013-12-25 15:05:00,94.41040958,0.1,False
2013-12-25 15:10:00,94.209527,0.047,False
2013-12-25 15:15:00,94.90344448,0.496,False
2013-12-25 15:20:00,94.98549242,0.561,False
2013-12-25 15:25:00,96.564505,1.634,False
2013-12-25 15:30:00,95.73334227,1.043,False
2013-12-25 15:35:00,96.46777718,1.566,False
2013-12-25 15:40:00,96.48868635,1.522,False
2013-12-25 15:45:00,95.6079288,0.799,False
2013-12-25 15:50:00,96.21686635,1.162,False
2013-12-25 15:55:00,96.60635876,1.603,False
2013-12-25 16:00:00,97.89685485,2.164,False
2013-12-25 16:05:00,98.11629433,2.295,False
2013-12-25 16:10:00,97.5710779,1.97,False
2013-12-25 16:15:00,97.80908511,2.112,False
2013-12-25 16:20:00,96.44118109,1.489,False
2013-12-25 16:25:00,96.55851874,1.547,False
2013-12-25 16:30:00,97.28476076,2.038,False
2013-12-25 16:35:00,97.74798333,2.058,False
2013-12-25 16:40:00,96.72826963,1.362,False
2013-12-25 16:45:00,96.18883797,1.063,False
2013-12-25 16:50:00,97.19345918,1.62,False
2013-12-25 16:55:00,95.86877308,0.853,False
2013-12-25 17:00:00,96.61836833,1.22,False
2013-12-25 17:05:00,97.11263685,1.476,False
2013-12-25 17:10:00,95.87907622,0.877,False
2013-12-25 17:15:00,95.95716323,0.934,False
2013-12-25 17:20:00,95.39886483,0.642,False
2013-12-25 17:25:00,95.61287385,0.769,False
2013-12-25 17:30:00,95.81807136,0.856,False
2013-12-25 17:35:00,94.14738204,0.097,False
2013-12-25 17:40:00,94.3350868,0.313,False
2013-12-25 17:45:00,94.51434363,0.478,False
2013-12-25 17:50:00,93.86817736,0.196,False
2013-12-25 17:55:00,92.79583507,0.202,False
2013-12-25 18:00:00,92.5758243,0.232,False
2013-12-25 18:05:00,93.10393297,0.002,False
2013-12-25 18:10:00,93.11273107,0.064,False
2013-12-25 18:15:00,93.1696371,0.147,False
2013-12-25 18:20:00,90.99670290000002,0.669,False
2013-12-25 18:25:00,92.79871763,0.131,False
2013-12-25 18:30:00,92.34288625,0.081,False
2013-12-25 18:35:00,90.65210032,0.465,False
2013-12-25 18:40:00,89.90795129,0.686,False
2013-12-25 18:45:00,91.53373157,0.072,False
2013-12-25 18:50:00,91.93397707,0.342,False
2013-12-25 18:55:00,89.74717364,0.538,False
2013-12-25 19:00:00,91.18326094,0.088,False
2013-12-25 19:05:00,90.13312011,0.321,False
2013-12-25 19:10:00,91.01752578,0.092,False
2013-12-25 19:15:00,90.04376479,0.406,False
2013-12-25 19:20:00,91.7203787,0.471,False
2013-12-25 19:25:00,90.96736682,0.073,False
2013-12-25 19:30:00,89.43952902,0.708,False
2013-12-25 19:35:00,88.82011642,1.073,False
2013-12-25 19:40:00,90.66431523,0.059,False
2013-12-25 19:45:00,88.78894548,1.154,False
2013-12-25 19:50:00,88.77831768,1.196,False
2013-12-25 19:55:00,88.95063675,1.126,False
2013-12-25 20:00:00,89.62881705,0.777,False
2013-12-25 20:05:00,88.08294236,2.017,False
2013-12-25 20:10:00,88.26403736,1.903,False
2013-12-25 20:15:00,87.60295611,2.476,False
2013-12-25 20:20:00,88.38337940000002,1.921,False
2013-12-25 20:25:00,88.62276892,1.728,False
2013-12-25 20:30:00,87.78974386,2.446,False
2013-12-25 20:35:00,87.78649875,2.449,False
2013-12-25 20:40:00,87.97747639,2.248,False
2013-12-25 20:45:00,89.20695119,1.258,False
2013-12-25 20:50:00,87.82898408,2.368,False
2013-12-25 20:55:00,89.48612679,1.012,False
2013-12-25 21:00:00,90.28972456,0.368,False
2013-12-25 21:05:00,88.97036952,1.384,False
2013-12-25 21:10:00,88.34929228,1.863,False
2013-12-25 21:15:00,89.49648564,0.979,False
2013-12-25 21:20:00,88.89865754,1.439,False
2013-12-25 21:25:00,90.69236357,0.058,False
2013-12-25 21:30:00,89.86246949999996,0.697,False
2013-12-25 21:35:00,89.57976674,0.915,False
2013-12-25 21:40:00,90.09652278,0.639,False
2013-12-25 21:45:00,90.64422826,0.275,False
2013-12-25 21:50:00,90.5544415,0.346,False
2013-12-25 21:55:00,89.58159438,1.087,False
2013-12-25 22:00:00,90.49604517,0.454,False
2013-12-25 22:05:00,91.4002693,0.254,False
2013-12-25 22:10:00,91.12388111,0.106,False
2013-12-25 22:15:00,91.47189547,0.028,False
2013-12-25 22:20:00,91.79109943,0.246,False
2013-12-25 22:25:00,90.84306865,0.484,False
2013-12-25 22:30:00,92.60784691,0.826,False
2013-12-25 22:35:00,91.59957347,0.076,False
2013-12-25 22:40:00,92.19562771,0.276,False
2013-12-25 22:45:00,92.16007778,0.191,False
2013-12-25 22:50:00,92.88498388,0.688,False
2013-12-25 22:55:00,93.06175917,0.744,False
2013-12-25 23:00:00,91.47063623,0.642,False
2013-12-25 23:05:00,93.233183,0.668,False
2013-12-25 23:10:00,91.92868022,0.579,False
2013-12-25 23:15:00,92.62446925,0.112,False
2013-12-25 23:20:00,91.92520759,0.861,False
2013-12-25 23:25:00,93.21401949,0.233,False
2013-12-25 23:30:00,94.2804221,1.128,False
2013-12-25 23:35:00,92.2702233,0.771,False
2013-12-25 23:40:00,92.96178116,0.242,False
2013-12-25 23:45:00,94.83755057,1.259,False
2013-12-25 23:50:00,94.77522,0.888,False
2013-12-25 23:55:00,92.93363248,1.013,False
2013-12-26 00:00:00,94.67711219,0.508,False
2013-12-26 00:05:00,94.73555695,0.383,False
2013-12-26 00:10:00,94.40198712,0.134,False
2013-12-26 00:15:00,94.80562963,0.098,False
2013-12-26 00:20:00,93.72106719,1.019,False
2013-12-26 00:25:00,95.02768877,0.234,False
2013-12-26 00:30:00,94.04282195,0.756,False
2013-12-26 00:35:00,95.50413408,0.618,False
2013-12-26 00:40:00,93.91085266,1.021,False
2013-12-26 00:45:00,95.7930167,0.733,False
2013-12-26 00:50:00,96.42064988,1.256,False
2013-12-26 00:55:00,95.22385951,0.064,False
2013-12-26 01:00:00,96.31280086,0.844,False
2013-12-26 01:05:00,95.7714564,0.154,False
2013-12-26 01:10:00,95.04837497,0.584,False
2013-12-26 01:15:00,95.07997102,0.58,False
2013-12-26 01:20:00,94.89680998,0.73,False
2013-12-26 01:25:00,96.36600305,0.304,False
2013-12-26 01:30:00,95.84056635,0.23,False
2013-12-26 01:35:00,95.68764483,0.425,False
2013-12-26 01:40:00,96.16523965,0.13,False
2013-12-26 01:45:00,97.33635705,0.686,False
2013-12-26 01:50:00,97.21687848,0.347,False
2013-12-26 01:55:00,96.11389905,0.674,False
2013-12-26 02:00:00,98.16104764,0.734,False
2013-12-26 02:05:00,98.33567631,0.759,False
2013-12-26 02:10:00,98.22502235,0.436,False
2013-12-26 02:15:00,97.89196712,0.095,False
2013-12-26 02:20:00,97.04912349,0.794,False
2013-12-26 02:25:00,98.7208002,0.299,False
2013-12-26 02:30:00,97.05605362,0.932,False
2013-12-26 02:35:00,98.51844548,0.071,False
2013-12-26 02:40:00,99.70590694,0.658,False
2013-12-26 02:45:00,99.89334204,0.655,False
2013-12-26 02:50:00,99.24149951,0.165,False
2013-12-26 02:55:00,99.69417291,0.464,False
2013-12-26 03:00:00,100.8496421,1.205,False
2013-12-26 03:05:00,100.905927,1.196,False
2013-12-26 03:10:00,99.65755961,0.301,False
2013-12-26 03:15:00,100.9299977,1.213,False
2013-12-26 03:20:00,100.8654374,1.167,False
2013-12-26 03:25:00,100.0958515,0.617,False
2013-12-26 03:30:00,101.6525174,1.735,False
2013-12-26 03:35:00,101.0376488,1.293,False
2013-12-26 03:40:00,101.5167278,1.637,False
2013-12-26 03:45:00,101.3686452,1.534,False
2013-12-26 03:50:00,102.3489519,2.24,False
2013-12-26 03:55:00,102.0822188,2.068,False
2013-12-26 04:00:00,100.707893,1.058,False
2013-12-26 04:05:00,100.6596145,1.034,False
2013-12-26 04:10:00,100.6393921,1.019,False
2013-12-26 04:15:00,101.6041202,1.721,False
2013-12-26 04:20:00,101.27763,1.483,False
2013-12-26 04:25:00,100.2854297,0.768,False
2013-12-26 04:30:00,101.2266076,1.457,False
2013-12-26 04:35:00,100.3331617,0.803,False
2013-12-26 04:40:00,101.496352,1.626,False
2013-12-26 04:45:00,100.2947413,0.761,False
2013-12-26 04:50:00,101.5618532,1.703,False
2013-12-26 04:55:00,101.4084658,1.59,False
2013-12-26 05:00:00,99.10278029,0.103,False
2013-12-26 05:05:00,100.6071613,1.095,False
2013-12-26 05:10:00,100.2656888,0.822,False
2013-12-26 05:15:00,101.0161055,1.422,False
2013-12-26 05:20:00,100.8064519,1.207,False
2013-12-26 05:25:00,100.1434498,0.697,False
2013-12-26 05:30:00,100.2033409,0.723,False
2013-12-26 05:35:00,98.81301833,0.327,False
2013-12-26 05:40:00,99.23339386,0.003,False
2013-12-26 05:45:00,98.91224082,0.197,False
2013-12-26 05:50:00,98.98493381,0.047,False
2013-12-26 05:55:00,99.36431046,0.306,False
2013-12-26 06:00:00,99.47330045,0.407,False
2013-12-26 06:05:00,98.70141293,0.121,False
2013-12-26 06:10:00,98.46960476,0.215,False
2013-12-26 06:15:00,98.3566138,0.165,False
2013-12-26 06:20:00,97.63652998,0.591,False
2013-12-26 06:25:00,98.94865393,0.396,False
2013-12-26 06:30:00,98.27151734,0.029,False
2013-12-26 06:35:00,97.62920767,0.372,False
2013-12-26 06:40:00,97.55214803,0.336,False
2013-12-26 06:45:00,97.6542036,0.127,False
2013-12-26 06:50:00,98.44232082,0.558,False
2013-12-26 06:55:00,96.48428978,0.842,False
2013-12-26 07:00:00,98.01483853,0.285,False
2013-12-26 07:05:00,96.88574085,0.527,False
2013-12-26 07:10:00,97.11183298,0.216,False
2013-12-26 07:15:00,98.04364946,0.601,False
2013-12-26 07:20:00,96.51167371,0.492,False
2013-12-26 07:25:00,96.52650552,0.353,False
2013-12-26 07:30:00,97.64658449,0.619,False
2013-12-26 07:35:00,95.62198582,0.843,False
2013-12-26 07:40:00,97.25102221,0.442,False
2013-12-26 07:45:00,95.92523939,0.495,False
2013-12-26 07:50:00,96.46610312,0.075,False
2013-12-26 07:55:00,97.2287298,0.581,False
2013-12-26 08:00:00,96.74913473,0.203,False
2013-12-26 08:05:00,95.23590391,1.054,False
2013-12-26 08:10:00,96.59009419,0.083,False
2013-12-26 08:15:00,95.59571221,0.757,False
2013-12-26 08:20:00,94.68674045,1.604,False
2013-12-26 08:25:00,95.37696127,0.99,False
2013-12-26 08:30:00,96.73686263,0.219,False
2013-12-26 08:35:00,94.91438925,1.482,False
2013-12-26 08:40:00,95.95598954,0.467,False
2013-12-26 08:45:00,96.31869538,0.137,False
2013-12-26 08:50:00,93.98336143,2.111,False
2013-12-26 08:55:00,94.50062847,1.646,False
2013-12-26 09:00:00,95.09747401,1.15,False
2013-12-26 09:05:00,94.31035612,1.776,False
2013-12-26 09:10:00,95.00191495,1.21,False
2013-12-26 09:15:00,94.02053888,1.973,False
2013-12-26 09:20:00,95.16141381,1.058,False
2013-12-26 09:25:00,95.13418072,1.039,False
2013-12-26 09:30:00,95.53222366,0.732,False
2013-12-26 09:35:00,94.32123758,1.666,False
2013-12-26 09:40:00,93.86309335,2.02,False
2013-12-26 09:45:00,95.43111881,0.81,False
2013-12-26 09:50:00,95.58131446,0.694,False
2013-12-26 09:55:00,95.75588401,0.551,False
2013-12-26 10:00:00,94.4834682,1.523,False
2013-12-26 10:05:00,95.19283582,0.984,False
2013-12-26 10:10:00,95.33451141,0.876,False
2013-12-26 10:15:00,94.52541326,1.491,False
2013-12-26 10:20:00,95.49024377,0.758,False
2013-12-26 10:25:00,95.26189599,0.931,False
2013-12-26 10:30:00,96.49712297,0.008,False
2013-12-26 10:35:00,95.0802497,1.069,False
2013-12-26 10:40:00,96.43939715,0.079,False
2013-12-26 10:45:00,96.66032069,0.089,False
2013-12-26 10:50:00,94.93828592,1.275,False
2013-12-26 10:55:00,96.38507202,0.201,False
2013-12-26 11:00:00,97.32069271,0.503,False
2013-12-26 11:05:00,95.66903982,0.739,False
2013-12-26 11:10:00,96.64334984,0.042,False
2013-12-26 11:15:00,97.34024758,0.422,False
2013-12-26 11:20:00,98.20609529,0.981,False
2013-12-26 11:25:00,98.36028652,0.962,False
2013-12-26 11:30:00,97.00234848,0.187,False
2013-12-26 11:35:00,96.4773384,0.647,False
2013-12-26 11:40:00,98.32640033,0.708,False
2013-12-26 11:45:00,97.17867345,0.502,False
2013-12-26 11:50:00,96.82165928,1.106,False
2013-12-26 11:55:00,98.4970172,0.12,False
2013-12-26 12:00:00,99.44821393,0.815,False
2013-12-26 12:05:00,98.47458502,0.009,False
2013-12-26 12:10:00,97.46281998,0.881,False
2013-12-26 12:15:00,99.50715815,0.59,False
2013-12-26 12:20:00,100.114522,0.95,False
2013-12-26 12:25:00,98.6564128,0.537,False
2013-12-26 12:30:00,99.42061421,0.012,False
2013-12-26 12:35:00,98.89133264,0.506,False
2013-12-26 12:40:00,100.13720759999998,0.366,False
2013-12-26 12:45:00,99.94340477,0.01,False
2013-12-26 12:50:00,100.9092173,0.76,False
2013-12-26 12:55:00,99.13648612,0.854,False
2013-12-26 13:00:00,100.7863236,0.4,False
2013-12-26 13:05:00,99.91986962,0.5,False
2013-12-26 13:10:00,101.36165909999998,0.522,False
2013-12-26 13:15:00,101.2804006,0.348,False
2013-12-26 13:20:00,100.6395495,0.353,False
2013-12-26 13:25:00,100.441123,0.662,False
2013-12-26 13:30:00,101.2471597,0.046,False
2013-12-26 13:35:00,102.2884805,0.746,False
2013-12-26 13:40:00,101.9794052,0.418,False
2013-12-26 13:45:00,102.4908524,0.569,False
2013-12-26 13:50:00,102.997301,0.778,False
2013-12-26 13:55:00,102.5902413,0.43,False
2013-12-26 14:00:00,101.3284522,0.653,False
2013-12-26 14:05:00,103.0073618,0.465,False
2013-12-26 14:10:00,101.5388357,0.754,False
2013-12-26 14:15:00,102.970866,0.143,False
2013-12-26 14:20:00,102.074443,0.669,False
2013-12-26 14:25:00,101.9820852,0.75,False
2013-12-26 14:30:00,103.8496692,0.47,False
2013-12-26 14:35:00,104.3909059,0.649,False
2013-12-26 14:40:00,103.8115497,0.075,False
2013-12-26 14:45:00,103.41413409999998,0.213,False
2013-12-26 14:50:00,103.6030295,0.162,False
2013-12-26 14:55:00,104.5706796,0.539,False
2013-12-26 15:00:00,105.2756456,1.052,False
2013-12-26 15:05:00,105.3107878,1.111,False
2013-12-26 15:10:00,104.3595907,0.307,False
2013-12-26 15:15:00,104.4893541,0.41,False
2013-12-26 15:20:00,105.9202767,1.501,False
2013-12-26 15:25:00,105.8132956,1.425,False
2013-12-26 15:30:00,105.7990124,1.414,False
2013-12-26 15:35:00,106.4147969,1.886,False
2013-12-26 15:40:00,108.1174197,3.176,False
2013-12-26 15:45:00,108.5105428,3.434,False
2013-12-26 15:50:00,107.1053566,2.376,False
2013-12-26 15:55:00,107.5425625,2.705,False
2013-12-26 16:00:00,106.2597387,1.739,False
2013-12-26 16:05:00,106.3003885,1.77,False
2013-12-26 16:10:00,107.1635246,2.39,False
2013-12-26 16:15:00,106.5298946,1.918,False
2013-12-26 16:20:00,105.7795165,1.36,False
2013-12-26 16:25:00,107.391149,2.559,False
2013-12-26 16:30:00,106.9274601,2.214,False
2013-12-26 16:35:00,106.4116276,1.791,False
2013-12-26 16:40:00,106.9700814,2.24,False
2013-12-26 16:45:00,105.2115088,0.935,False
2013-12-26 16:50:00,106.1584076,1.638,False
2013-12-26 16:55:00,104.5406734,0.438,False
2013-12-26 17:00:00,105.4784727,1.134,False
2013-12-26 17:05:00,104.9031167,0.707,False
2013-12-26 17:10:00,104.8380898,0.658,False
2013-12-26 17:15:00,106.282425,1.73,False
2013-12-26 17:20:00,105.0525902,0.798,False
2013-12-26 17:25:00,105.5103997,1.131,False
2013-12-26 17:30:00,104.7738339,0.597,False
2013-12-26 17:35:00,105.1467547,0.881,False
2013-12-26 17:40:00,103.5860625,0.118,False
2013-12-26 17:45:00,105.0387855,1.007,False
2013-12-26 17:50:00,103.6130593,0.027,False
2013-12-26 17:55:00,103.0138032,0.461,False
2013-12-26 18:00:00,102.7906257,0.587,False
2013-12-26 18:05:00,104.052151,0.356,False
2013-12-26 18:10:00,103.2218488,0.243,False
2013-12-26 18:15:00,102.8514461,0.469,False
2013-12-26 18:20:00,103.5615118,0.181,False
2013-12-26 18:25:00,103.4206472,0.227,False
2013-12-26 18:30:00,103.6863679,0.51,False
2013-12-26 18:35:00,101.8910842,0.868,False
2013-12-26 18:40:00,102.0461038,0.723,False
2013-12-26 18:45:00,103.0274902,0.113,False
2013-12-26 18:50:00,102.4568471,0.326,False
2013-12-26 18:55:00,101.8681792,0.79,False
2013-12-26 19:00:00,102.3101023,0.268,False
2013-12-26 19:05:00,103.52681640000002,0.909,False
2013-12-26 19:10:00,102.9784903,0.532,False
2013-12-26 19:15:00,102.4673719,0.14,False
2013-12-26 19:20:00,101.9870253,0.291,False
2013-12-26 19:25:00,102.9213126,0.867,False
2013-12-26 19:30:00,100.9627213,1.149,False
2013-12-26 19:35:00,102.8547736,1.017,False
2013-12-26 19:40:00,101.9061762,0.008,False
2013-12-26 19:45:00,101.5433164,0.389,False
2013-12-26 19:50:00,100.6136164,1.282,False
2013-12-26 19:55:00,102.3552901,0.988,False
2013-12-26 20:00:00,101.1028816,0.225,False
2013-12-26 20:05:00,100.298366,0.927,False
2013-12-26 20:10:00,102.2061371,1.409,False
2013-12-26 20:15:00,99.98757213,1.154,False
2013-12-26 20:20:00,101.4830913,0.668,False
2013-12-26 20:25:00,99.77372216,1.383,False
2013-12-26 20:30:00,100.9429813,0.123,False
2013-12-26 20:35:00,100.8071357,0.048,False
2013-12-26 20:40:00,100.9269628,0.273,False
2013-12-26 20:45:00,100.889815,0.23,False
2013-12-26 20:50:00,100.0781,0.749,False
2013-12-26 20:55:00,100.7275704,0.192,False
2013-12-26 21:00:00,100.7331838,0.417,False
2013-12-26 21:05:00,101.063652,1.218,False
2013-12-26 21:10:00,100.525842,0.655,False
2013-12-26 21:15:00,99.98354455,0.085,False
2013-12-26 21:20:00,100.0421998,0.039,False
2013-12-26 21:25:00,98.54049377,2.076,False
2013-12-26 21:30:00,100.6969126,1.142,False
2013-12-26 21:35:00,98.77300695,1.178,False
2013-12-26 21:40:00,100.0469819,0.884,False
2013-12-26 21:45:00,99.46092601,0.254,False
2013-12-26 21:50:00,99.17038724,0.076,False
2013-12-26 21:55:00,98.43748977,0.795,False
2013-12-26 22:00:00,98.54645525,0.475,False
2013-12-26 22:05:00,98.82380869,0.035,False
2013-12-26 22:10:00,99.064578,0.463,False
2013-12-26 22:15:00,98.21826667,0.715,False
2013-12-26 22:20:00,98.95000473,0.47,False
2013-12-26 22:25:00,97.66672256,1.259,False
2013-12-26 22:30:00,98.71108137,0.319,False
2013-12-26 22:35:00,99.40252174,1.442,False
2013-12-26 22:40:00,98.36005838,0.103,False
2013-12-26 22:45:00,97.58697663,0.802,False
2013-12-26 22:50:00,98.70808809,0.98,False
2013-12-26 22:55:00,97.73724102,0.147,False
2013-12-26 23:00:00,96.65421275,1.518,False
2013-12-26 23:05:00,96.54541636,1.548,False
2013-12-26 23:10:00,98.07243384,0.597,False
2013-12-26 23:15:00,97.41071462,0.205,False
2013-12-26 23:20:00,96.51114165,1.346,False
2013-12-26 23:25:00,97.22065449,0.239,False
2013-12-26 23:30:00,96.09254452,1.681,False
2013-12-26 23:35:00,97.54046004,0.556,False
2013-12-26 23:40:00,97.93815159,1.265,False
2013-12-26 23:45:00,97.37364549,0.763,False
2013-12-26 23:50:00,97.74759792,1.397,False
2013-12-26 23:55:00,97.06327936,0.592,False
2013-12-27 00:00:00,96.4635321,0.08,False
2013-12-27 00:05:00,96.43098248,0.067,False
2013-12-27 00:10:00,96.9228691,0.569,False
2013-12-27 00:15:00,96.02255693,0.353,False
2013-12-27 00:20:00,96.21644779,0.043,False
2013-12-27 00:25:00,96.65452565,0.604,False
2013-12-27 00:30:00,95.07990473,1.099,False
2013-12-27 00:35:00,96.14237176,0.357,False
2013-12-27 00:40:00,95.04734841,0.471,False
2013-12-27 00:45:00,94.34162605,0.931,False
2013-12-27 00:50:00,95.62675816,0.502,False
2013-12-27 00:55:00,94.54728484,0.494,False
2013-12-27 01:00:00,95.30563252,0.299,False
2013-12-27 01:05:00,95.13701157,0.346,False
2013-12-27 01:10:00,94.13539172,0.248,False
2013-12-27 01:15:00,93.9386924,0.232,False
2013-12-27 01:20:00,94.90013884,0.663,False
2013-12-27 01:25:00,92.39270894,1.104,False
2013-12-27 01:30:00,92.33583811,0.971,False
2013-12-27 01:35:00,93.83243496,0.274,False
2013-12-27 01:40:00,91.92412405,0.839,False
2013-12-27 01:45:00,93.3022499,0.487,False
2013-12-27 01:50:00,91.61228393,0.557,False
2013-12-27 01:55:00,93.58776733,0.864,False
2013-12-27 02:00:00,91.7819162,0.405,False
2013-12-27 02:05:00,91.18670076,0.818,False
2013-12-27 02:10:00,91.32405296,0.723,False
2013-12-27 02:15:00,92.81536241,0.302,False
2013-12-27 02:20:00,90.85081323,0.98,False
2013-12-27 02:25:00,90.813068,0.979,False
2013-12-27 02:30:00,92.03271113,0.201,False
2013-12-27 02:35:00,90.4156721,1.18,False
2013-12-27 02:40:00,90.05819782,1.345,False
2013-12-27 02:45:00,91.6158893,0.397,False
2013-12-27 02:50:00,89.84732346,1.206,False
2013-12-27 02:55:00,91.12649236,0.508,False
2013-12-27 03:00:00,88.90917303,1.482,False
2013-12-27 03:05:00,91.03238288,0.396,False
2013-12-27 03:10:00,88.71155587,1.504,False
2013-12-27 03:15:00,90.45553056,0.649,False
2013-12-27 03:20:00,89.590538,0.986,False
2013-12-27 03:25:00,89.92249218,0.811,False
2013-12-27 03:30:00,90.14517818,0.673,False
2013-12-27 03:35:00,89.08119592,1.148,False
2013-12-27 03:40:00,87.81135701,1.695,False
2013-12-27 03:45:00,87.36461399,1.85,False
2013-12-27 03:50:00,87.72231061,1.666,False
2013-12-27 03:55:00,87.30931856,1.834,False
2013-12-27 04:00:00,87.10343495,1.881,False
2013-12-27 04:05:00,88.82725009999999,1.057,False
2013-12-27 04:10:00,87.84800242,1.487,False
2013-12-27 04:15:00,89.52881577,0.716,False
2013-12-27 04:20:00,89.6455753,0.643,False
2013-12-27 04:25:00,89.10169551,0.876,False
2013-12-27 04:30:00,90.44402226,0.249,False
2013-12-27 04:35:00,91.49093066,0.267,False
2013-12-27 04:40:00,92.40964252,0.711,False
2013-12-27 04:45:00,91.40622834,0.267,False
2013-12-27 04:50:00,91.0395817,0.127,False
2013-12-27 04:55:00,93.34888194,1.191,False
2013-12-27 05:00:00,92.86509714,0.996,False
2013-12-27 05:05:00,93.38702372,1.248,False
2013-12-27 05:10:00,92.73539476,0.991,False
2013-12-27 05:15:00,93.34286207,1.302,False
2013-12-27 05:20:00,93.47214854,1.35,False
2013-12-27 05:25:00,94.15915086,1.673,False
2013-12-27 05:30:00,93.01801756,1.203,False
2013-12-27 05:35:00,92.96084682,1.245,False
2013-12-27 05:40:00,92.3084048,1.056,False
2013-12-27 05:45:00,91.64337733,0.743,False
2013-12-27 05:50:00,92.76325854,1.333,False
2013-12-27 05:55:00,91.39224999,0.674,False
2013-12-27 06:00:00,91.09207779,0.562,False
2013-12-27 06:05:00,92.11640945,1.092,False
2013-12-27 06:10:00,92.01786428,1.067,False
2013-12-27 06:15:00,91.13156387,0.625,False
2013-12-27 06:20:00,92.20384668,1.251,False
2013-12-27 06:25:00,90.44075747,0.334,False
2013-12-27 06:30:00,90.68597352,0.494,False
2013-12-27 06:35:00,90.72062069,0.569,False
2013-12-27 06:40:00,90.61179395,0.514,False
2013-12-27 06:45:00,89.8241345,0.066,False
2013-12-27 06:50:00,90.44356019,0.436,False
2013-12-27 06:55:00,90.90540119,0.766,False
2013-12-27 07:00:00,90.92685006,0.78,False
2013-12-27 07:05:00,89.45647151,0.179,False
2013-12-27 07:10:00,89.54611882,0.116,False
2013-12-27 07:15:00,90.05787567,0.253,False
2013-12-27 07:20:00,89.83633008,0.09,False
2013-12-27 07:25:00,89.78236541,0.074,False
2013-12-27 07:30:00,90.61874661,0.707,False
2013-12-27 07:35:00,88.97267509,0.534,False
2013-12-27 07:40:00,88.48456487,0.902,False
2013-12-27 07:45:00,89.93334013,0.279,False
2013-12-27 07:50:00,88.01332573,1.112,False
2013-12-27 07:55:00,88.79527306,0.511,False
2013-12-27 08:00:00,89.47575994,0.007,False
2013-12-27 08:05:00,89.40749031,0.044,False
2013-12-27 08:10:00,88.54107118,0.678,False
2013-12-27 08:15:00,87.20447162,1.809,False
2013-12-27 08:20:00,88.89399205,0.459,False
2013-12-27 08:25:00,88.67840212,0.6,False
2013-12-27 08:30:00,88.97190252,0.272,False
2013-12-27 08:35:00,88.49849808,0.681,False
2013-12-27 08:40:00,87.82026853,1.31,False
2013-12-27 08:45:00,88.72616329,0.43,False
2013-12-27 08:50:00,89.20998046,0.022,False
2013-12-27 08:55:00,87.87933765,1.238,False
2013-12-27 09:00:00,89.16311705,0.023,False
2013-12-27 09:05:00,88.09505473,1.08,False
2013-12-27 09:10:00,87.18108226,2.068,False
2013-12-27 09:15:00,89.16185911,0.027,False
2013-12-27 09:20:00,89.50480669,0.369,False
2013-12-27 09:25:00,88.52285275,0.707,False
2013-12-27 09:30:00,89.40299996,0.275,False
2013-12-27 09:35:00,88.74072421,0.483,False
2013-12-27 09:40:00,89.23790251,0.086,False
2013-12-27 09:45:00,87.59687775,1.957,False
2013-12-27 09:50:00,89.40824624,0.281,False
2013-12-27 09:55:00,87.34581343,2.081,False
2013-12-27 10:00:00,89.24584169,0.095,False
2013-12-27 10:05:00,88.06957331,1.252,False
2013-12-27 10:10:00,89.58048079,0.451,False
2013-12-27 10:15:00,87.48705321,1.728,False
2013-12-27 10:20:00,87.87989624,1.269,False
2013-12-27 10:25:00,88.84764322,0.303,False
2013-12-27 10:30:00,89.87835544,0.678,False
2013-12-27 10:35:00,89.92316676,0.72,False
2013-12-27 10:40:00,87.95533101,1.138,False
2013-12-27 10:45:00,87.67620371,1.431,False
2013-12-27 10:50:00,89.2911694,0.061,False
2013-12-27 10:55:00,88.14889456,0.992,False
2013-12-27 11:00:00,89.50526048,0.227,False
2013-12-27 11:05:00,89.06820019,0.155,False
2013-12-27 11:10:00,88.92770239,0.252,False
2013-12-27 11:15:00,88.7070015,0.44,False
2013-12-27 11:20:00,88.04127503,1.012,False
2013-12-27 11:25:00,88.79586699,0.458,False
2013-12-27 11:30:00,88.53712709999998,0.67,False
2013-12-27 11:35:00,89.14727882,0.247,False
2013-12-27 11:40:00,88.03799336,0.989,False
2013-12-27 11:45:00,89.46884913,0.028,False
2013-12-27 11:50:00,90.39539232,0.571,False
2013-12-27 11:55:00,89.51442248,0.056,False
2013-12-27 12:00:00,89.25914514,0.274,False
2013-12-27 12:05:00,89.8621392,0.046,False
2013-12-27 12:10:00,89.61603801,0.171,False
2013-12-27 12:15:00,88.2152296,1.214,False
2013-12-27 12:20:00,89.88578436,0.014,False
2013-12-27 12:25:00,89.71642325,0.298,False
2013-12-27 12:30:00,91.47117846,0.469,False
2013-12-27 12:35:00,92.15826964,0.563,False
2013-12-27 12:40:00,91.62813444,0.178,False
2013-12-27 12:45:00,93.18185354,1.068,False
2013-12-27 12:50:00,95.02332564,2.331,False
2013-12-27 12:55:00,95.39246377,2.218,False
2013-12-27 13:00:00,94.77846609,1.893,False
2013-12-27 13:05:00,95.32039914,2.006,False
2013-12-27 13:10:00,97.45158432,3.581,False
2013-12-27 13:15:00,97.05038592,3.311,False
2013-12-27 13:20:00,96.61010861,3.252,False
2013-12-27 13:25:00,96.37838711,3.126,False
2013-12-27 13:30:00,94.47338607,1.722,False
2013-12-27 13:35:00,96.31827307,3.079,False
2013-12-27 13:40:00,95.9089476,2.778,False
2013-12-27 13:45:00,94.15334285,1.485,False
2013-12-27 13:50:00,94.74900644,1.927,False
2013-12-27 13:55:00,94.92377555,2.052,False
2013-12-27 14:00:00,94.81561971,1.973,False
2013-12-27 14:05:00,94.59580972,1.787,False
2013-12-27 14:10:00,94.45016988,1.559,False
2013-12-27 14:15:00,93.05051414,0.575,False
2013-12-27 14:20:00,93.60080023,0.912,False
2013-12-27 14:25:00,93.07609377,0.585,False
2013-12-27 14:30:00,93.25337751,0.684,False
2013-12-27 14:35:00,93.20048269,0.644,False
2013-12-27 14:40:00,94.23066421,1.262,False
2013-12-27 14:45:00,93.03719299,0.542,False
2013-12-27 14:50:00,92.7959942,0.344,False
2013-12-27 14:55:00,93.81746185,0.771,False
2013-12-27 15:00:00,93.61222717,0.656,False
2013-12-27 15:05:00,93.01986594,0.382,False
2013-12-27 15:10:00,93.02251039,0.37,False
2013-12-27 15:15:00,91.50192675,0.256,False
2013-12-27 15:20:00,93.24882486,0.444,False
2013-12-27 15:25:00,91.05978759,0.392,False
2013-12-27 15:30:00,92.5635384,0.14,False
2013-12-27 15:35:00,91.22064722,0.281,False
2013-12-27 15:40:00,92.11663472,0.043,False
2013-12-27 15:45:00,92.85742917,0.25,False
2013-12-27 15:50:00,93.21990246,0.414,False
2013-12-27 15:55:00,91.82224782,0.123,False
2013-12-27 16:00:00,92.70228321,0.416,False
2013-12-27 16:05:00,89.62150763,0.191,False
2013-12-27 16:10:00,88.16452018,0.194,False
2013-12-27 16:15:00,87.93193878,0.031,False
2013-12-27 16:20:00,87.70516499,0.03,False
2013-12-27 16:25:00,86.19064087,0.201,False
2013-12-27 16:30:00,84.36113355,0.243,False
2013-12-27 16:35:00,83.61403988,0.099,False
2013-12-27 16:40:00,81.43829677,0.308,False
2013-12-27 16:45:00,81.06563233,0.227,False
2013-12-27 16:50:00,80.70206887,0.328,False
2013-12-27 16:55:00,79.06080978,0.808,False
2013-12-27 17:00:00,77.02237123,1.404,False
2013-12-27 17:05:00,75.37826856,1.884,False
2013-12-27 17:10:00,74.0336015,2.277,False
2013-12-27 17:15:00,74.93721187,1.834,False
2013-12-27 17:20:00,72.78828863,2.1,False
2013-12-27 17:25:00,72.47907949,1.879,False
2013-12-27 17:30:00,70.11856261,2.354,False
2013-12-27 17:35:00,67.89905429999999,2.451,False
2013-12-27 17:40:00,68.97973831,2.162,False
2013-12-27 17:45:00,67.25745219,2.332,False
2013-12-27 17:50:00,66.33263226,2.347,False
2013-12-27 17:55:00,66.92997041,2.229,False
2013-12-27 18:00:00,65.33383879,2.453,False
2013-12-27 18:05:00,64.72163698,2.524,False
2013-12-27 18:10:00,65.20511067,2.387,False
2013-12-27 18:15:00,64.01552646,2.42,False
2013-12-27 18:20:00,64.19683116,2.246,False
2013-12-27 18:25:00,65.09867845,2.032,False
2013-12-27 18:30:00,62.57971724,2.339,False
2013-12-27 18:35:00,62.20756384,2.384,False
2013-12-27 18:40:00,63.53212992,2.223,False
2013-12-27 18:45:00,61.30842268,2.493,False
2013-12-27 18:50:00,60.63279687,2.575,False
2013-12-27 18:55:00,61.32437167,2.491,False
2013-12-27 19:00:00,61.65867838,2.45,False
2013-12-27 19:05:00,60.02576845,2.649,False
2013-12-27 19:10:00,61.25192005,2.5,False
2013-12-27 19:15:00,62.28035363,2.305,False
2013-12-27 19:20:00,66.33870010000001,1.797,False
2013-12-27 19:25:00,73.90275684,0.877,False
2013-12-27 19:30:00,78.82136428,0.28,False
2013-12-27 19:35:00,79.41767181,0.181,False
2013-12-27 19:40:00,82.24678748,0.163,False
2013-12-27 19:45:00,82.20871193,0.181,False
2013-12-27 19:50:00,83.7626603,0.37,False
2013-12-27 19:55:00,85.19521312,0.549,False
2013-12-27 20:00:00,84.90739747,0.486,False
2013-12-27 20:05:00,84.57763243,0.446,False
2013-12-27 20:10:00,85.50091305,0.585,False
2013-12-27 20:15:00,85.31962688,0.601,False
2013-12-27 20:20:00,84.92520547,0.569,False
2013-12-27 20:25:00,83.79663023,0.417,False
2013-12-27 20:30:00,85.40292843,0.663,False
2013-12-27 20:35:00,86.03411485,0.756,False
2013-12-27 20:40:00,86.54608576,0.832,False
2013-12-27 20:45:00,86.73272121,0.859,False
2013-12-27 20:50:00,85.45975514,0.671,False
2013-12-27 20:55:00,86.37464344,0.806,False
2013-12-27 21:00:00,87.22142453,0.931,False
2013-12-27 21:05:00,86.84317961,0.883,False
2013-12-27 21:10:00,87.54602085,0.993,False
2013-12-27 21:15:00,87.22371519,0.953,False
2013-12-27 21:20:00,86.62274904,0.871,False
2013-12-27 21:25:00,85.90039038,0.727,False
2013-12-27 21:30:00,85.87863416,0.724,False
2013-12-27 21:35:00,83.91669303,0.435,False
2013-12-27 21:40:00,85.37149867,0.661,False
2013-12-27 21:45:00,84.68380098,0.554,False
2013-12-27 21:50:00,83.54349032,0.376,False
2013-12-27 21:55:00,82.45550231,0.207,False
2013-12-27 22:00:00,83.11111247,0.322,False
2013-12-27 22:05:00,83.22213077,0.35,False
2013-12-27 22:10:00,80.74093592,0.065,False
2013-12-27 22:15:00,81.17976682,0.009,False
2013-12-27 22:20:00,81.46276195,0.057,False
2013-12-27 22:25:00,81.69667918,0.098,False
2013-12-27 22:30:00,80.52638505,0.108,False
2013-12-27 22:35:00,81.38133907,0.045,False
2013-12-27 22:40:00,80.15571106,0.168,False
2013-12-27 22:45:00,81.60870348,0.121,False
2013-12-27 22:50:00,80.61042009999998,0.011,False
2013-12-27 22:55:00,81.07900516,0.088,False
2013-12-27 23:00:00,79.34387175,0.177,False
2013-12-27 23:05:00,80.10308899,0.005,False
2013-12-27 23:10:00,78.49784683,0.28,False
2013-12-27 23:15:00,75.67487922,0.798,False
2013-12-27 23:20:00,74.80381291,0.972,False
2013-12-27 23:25:00,75.21116472,0.88,False
2013-12-27 23:30:00,72.56032539,1.358,False
2013-12-27 23:35:00,71.26782341,1.683,False
2013-12-27 23:40:00,69.62985649999999,2.184,False
2013-12-27 23:45:00,67.99668051,2.554,False
2013-12-27 23:50:00,70.47995338,1.817,False
2013-12-27 23:55:00,70.61343106,1.624,False
2013-12-28 00:00:00,74.50700962,0.475,False
2013-12-28 00:05:00,75.9146293,0.03,False
2013-12-28 00:10:00,77.36801814,0.479,False
2013-12-28 00:15:00,78.98712452,0.99,False
2013-12-28 00:20:00,81.2382639,1.601,False
2013-12-28 00:25:00,79.92090138,1.31,False
2013-12-28 00:30:00,78.53935002,1.009,False
2013-12-28 00:35:00,79.14331701,1.261,False
2013-12-28 00:40:00,78.20506275,1.212,False
2013-12-28 00:45:00,78.32312621,1.448,False
2013-12-28 00:50:00,76.91726009,1.187,False
2013-12-28 00:55:00,74.80305728,0.662,False
2013-12-28 01:00:00,73.68176977,0.447,False
2013-12-28 01:05:00,74.46165006,0.643,False
2013-12-28 01:10:00,71.94070344,0.171,False
2013-12-28 01:15:00,71.93789424,0.171,False
2013-12-28 01:20:00,70.94219354,0.031,False
2013-12-28 01:25:00,69.82225674,0.228,False
2013-12-28 01:30:00,69.60030838,0.26,False
2013-12-28 01:35:00,66.46993588,0.788,False
2013-12-28 01:40:00,67.37400264,0.628,False
2013-12-28 01:45:00,68.46894672,0.439,False
2013-12-28 01:50:00,70.81276109999997,0.048,False
2013-12-28 01:55:00,69.65666767,0.229,False
2013-12-28 02:00:00,71.62183874,0.077,False
2013-12-28 02:05:00,71.37677611,0.039,False
2013-12-28 02:10:00,69.30283851,0.252,False
2013-12-28 02:15:00,69.39622658,0.239,False
2013-12-28 02:20:00,69.30053479,0.253,False
2013-12-28 02:25:00,67.65616521,0.483,False
2013-12-28 02:30:00,68.79764525,0.323,False
2013-12-28 02:35:00,68.86690179,0.325,False
2013-12-28 02:40:00,67.05317081,0.613,False
2013-12-28 02:45:00,67.30083786,0.603,False
2013-12-28 02:50:00,66.04289709,0.791,False
2013-12-28 02:55:00,66.3249604,0.749,False
2013-12-28 03:00:00,66.69118215,0.694,False
2013-12-28 03:05:00,64.82885806,0.915,False
2013-12-28 03:10:00,64.10208218,0.949,False
2013-12-28 03:15:00,63.24460168,0.974,False
2013-12-28 03:20:00,62.77629153,0.961,False
2013-12-28 03:25:00,63.97166024,0.802,False
2013-12-28 03:30:00,61.66005989,1.111,False
2013-12-28 03:35:00,62.76162141,0.957,False
2013-12-28 03:40:00,61.39990482,1.144,False
2013-12-28 03:45:00,59.15989372,1.459,False
2013-12-28 03:50:00,61.41747059,1.175,False
2013-12-28 03:55:00,64.83900573,0.729,False
2013-12-28 04:00:00,67.74370333,0.316,False
2013-12-28 04:05:00,69.70160272,0.038,False
2013-12-28 04:10:00,72.25481958,0.325,False
2013-12-28 04:15:00,78.64081353,1.234,False
2013-12-28 04:20:00,81.4082007,1.627,False
2013-12-28 04:25:00,84.91454895,2.126,False
2013-12-28 04:30:00,86.45843484,2.275,False
2013-12-28 04:35:00,86.25484395,2.161,False
2013-12-28 04:40:00,85.50156263,2.014,False
2013-12-28 04:45:00,83.22345126,1.667,False
2013-12-28 04:50:00,83.79594057,1.693,False
2013-12-28 04:55:00,82.22390778,1.429,False
2013-12-28 05:00:00,79.34674234,1.014,False
2013-12-28 05:05:00,79.05232405,0.957,False
2013-12-28 05:10:00,77.29763212,0.615,False
2013-12-28 05:15:00,75.70971748,0.246,False
2013-12-28 05:20:00,74.91635790000002,0.037,False
2013-12-28 05:25:00,73.56325826,0.249,False
2013-12-28 05:30:00,72.38601817,0.481,False
2013-12-28 05:35:00,72.16277773,0.626,False
2013-12-28 05:40:00,71.30631063,0.948,False
2013-12-28 05:45:00,70.11070953,1.242,False
2013-12-28 05:50:00,67.95295064,1.599,False
2013-12-28 05:55:00,66.20564689,1.973,False
2013-12-28 06:00:00,65.92505305,2.25,False
2013-12-28 06:05:00,64.99982552,2.73,False
2013-12-28 06:10:00,65.04849841,2.957,False
2013-12-28 06:15:00,68.80547831,2.351,False
2013-12-28 06:20:00,72.18400956,1.906,False
2013-12-28 06:25:00,74.38946348,1.716,False
2013-12-28 06:30:00,75.83087731,1.523,False
2013-12-28 06:35:00,79.54324706,0.932,False
2013-12-28 06:40:00,82.22175083,0.545,False
2013-12-28 06:45:00,81.76380027,0.708,False
2013-12-28 06:50:00,83.84341973,0.415,False
2013-12-28 06:55:00,85.07388505,0.267,False
2013-12-28 07:00:00,87.41567049,0.102,False
2013-12-28 07:05:00,88.12017201,0.166,False
2013-12-28 07:10:00,89.07190439,0.314,False
2013-12-28 07:15:00,91.07984277,0.743,False
2013-12-28 07:20:00,90.99221725,0.715,False
2013-12-28 07:25:00,90.39122429,0.565,False
2013-12-28 07:30:00,91.9747941,0.941,False
2013-12-28 07:35:00,91.97332889,0.952,False
2013-12-28 07:40:00,91.74528522,0.913,False
2013-12-28 07:45:00,90.81949407,0.711,False
2013-12-28 07:50:00,91.9704521,1.125,False
2013-12-28 07:55:00,91.45383517,1.063,False
2013-12-28 08:00:00,90.7819457,0.873,False
2013-12-28 08:05:00,91.28893289,1.086,False
2013-12-28 08:10:00,89.6055067,0.528,False
2013-12-28 08:15:00,90.45998121,0.775,False
2013-12-28 08:20:00,91.94958045,1.334,False
2013-12-28 08:25:00,91.57948018,1.195,False
2013-12-28 08:30:00,90.73174261,0.813,False
2013-12-28 08:35:00,91.64977618,1.294,False
2013-12-28 08:40:00,90.30977986,0.804,False
2013-12-28 08:45:00,90.42436598,0.885,False
2013-12-28 08:50:00,91.34884475,1.409,False
2013-12-28 08:55:00,88.90959989,0.165,False
2013-12-28 09:00:00,88.92127008,0.186,False
2013-12-28 09:05:00,88.774833,0.106,False
2013-12-28 09:10:00,89.20751836,0.361,False
2013-12-28 09:15:00,88.13606443,0.348,False
2013-12-28 09:20:00,88.92516048,0.194,False
2013-12-28 09:25:00,89.36418543,0.522,False
2013-12-28 09:30:00,88.11209635,0.406,False
2013-12-28 09:35:00,87.78895682,0.675,False
2013-12-28 09:40:00,88.69582423,0.038,False
2013-12-28 09:45:00,88.185218,0.383,False
2013-12-28 09:50:00,88.09366416,0.489,False
2013-12-28 09:55:00,88.68422518,0.031,False
2013-12-28 10:00:00,87.27421153,1.277,False
2013-12-28 10:05:00,88.73522859,0.08,False
2013-12-28 10:10:00,86.80560688,1.763,False
2013-12-28 10:15:00,87.61585490000002,0.951,False
2013-12-28 10:20:00,88.60673425,0.033,False
2013-12-28 10:25:00,89.04556409999998,0.667,False
2013-12-28 10:30:00,89.16503076,0.947,False
2013-12-28 10:35:00,88.61485072,0.393,False
2013-12-28 10:40:00,87.28316335,0.949,False
2013-12-28 10:45:00,87.98631419,0.187,False
2013-12-28 10:50:00,86.96243337,1.291,False
2013-12-28 10:55:00,87.65709005,0.517,False
2013-12-28 11:00:00,88.83204086,0.855,False
2013-12-28 11:05:00,87.88544855,0.244,False
2013-12-28 11:10:00,89.16241774,1.319,False
2013-12-28 11:15:00,87.76116177,0.371,False
2013-12-28 11:20:00,87.88274909,0.181,False
2013-12-28 11:25:00,88.54020478,0.663,False
2013-12-28 11:30:00,87.22275408,0.921,False
2013-12-28 11:35:00,87.10082541,1.044,False
2013-12-28 11:40:00,87.35945872,0.68,False
2013-12-28 11:45:00,88.09413858,0.261,False
2013-12-28 11:50:00,88.83404447,1.273,False
2013-12-28 11:55:00,88.23247711,0.597,False
2013-12-28 12:00:00,88.06380889,0.44,False
2013-12-28 12:05:00,88.98463656,1.64,False
2013-12-28 12:10:00,87.56009511,0.095,False
2013-12-28 12:15:00,87.38045157,0.258,False
2013-12-28 12:20:00,88.23144633,0.851,False
2013-12-28 12:25:00,88.00056155,0.631,False
2013-12-28 12:30:00,88.08069085,0.807,False
2013-12-28 12:35:00,87.97657943,0.734,False
2013-12-28 12:40:00,88.25107131,1.085,False
2013-12-28 12:45:00,86.93437855,0.442,False
2013-12-28 12:50:00,87.6763562,0.442,False
2013-12-28 12:55:00,87.45030957,0.196,False
2013-12-28 13:00:00,87.09870215,0.156,False
2013-12-28 13:05:00,87.26144522,0.03,False
2013-12-28 13:10:00,87.94525226,0.776,False
2013-12-28 13:15:00,87.24105343,0.081,False
2013-12-28 13:20:00,87.34922223,0.268,False
2013-12-28 13:25:00,88.07031054,1.045,False
2013-12-28 13:30:00,86.17567152,0.947,False
2013-12-28 13:35:00,86.25226337,0.801,False
2013-12-28 13:40:00,87.51080408,0.675,False
2013-12-28 13:45:00,86.87226953,0.037,False
2013-12-28 13:50:00,87.09382157,0.514,False
2013-12-28 13:55:00,85.29443312,1.384,False
2013-12-28 14:00:00,86.12820926,0.467,False
2013-12-28 14:05:00,86.24341305,0.344,False
2013-12-28 14:10:00,85.03387651,1.258,False
2013-12-28 14:15:00,85.25525178,1.044,False
2013-12-28 14:20:00,86.80646309999999,0.518,False
2013-12-28 14:25:00,84.87842979,1.164,False
2013-12-28 14:30:00,85.32677337,0.692,False
2013-12-28 14:35:00,86.00817668,0.048,False
2013-12-28 14:40:00,85.50483572,0.4,False
2013-12-28 14:45:00,85.72460445,0.092,False
2013-12-28 14:50:00,85.55279016,0.068,False
2013-12-28 14:55:00,83.54574105,1.565,False
2013-12-28 15:00:00,83.51752215,1.558,False
2013-12-28 15:05:00,85.12471105,0.214,False
2013-12-28 15:10:00,84.17857838,0.893,False
2013-12-28 15:15:00,84.3749995,0.71,False
2013-12-28 15:20:00,83.26068767,1.484,False
2013-12-28 15:25:00,83.38070321,1.275,False
2013-12-28 15:30:00,83.63769041,0.949,False
2013-12-28 15:35:00,83.12711582,1.113,False
2013-12-28 15:40:00,82.05423808,1.664,False
2013-12-28 15:45:00,82.24214198,1.486,False
2013-12-28 15:50:00,81.52213507,1.806,False
2013-12-28 15:55:00,82.16948427,1.282,False
2013-12-28 16:00:00,81.58693128,1.614,False
2013-12-28 16:05:00,81.72794737,1.477,False
2013-12-28 16:10:00,84.36776534,0.124,False
2013-12-28 16:15:00,83.63085407,0.21,False
2013-12-28 16:20:00,83.31381689,0.291,False
2013-12-28 16:25:00,83.7827485,0.001,False
2013-12-28 16:30:00,84.0991828,0.198,False
2013-12-28 16:35:00,85.95466598,1.155,False
2013-12-28 16:40:00,86.41206016,1.31,False
2013-12-28 16:45:00,84.71615457,0.499,False
2013-12-28 16:50:00,86.78777081,1.34,False
2013-12-28 16:55:00,87.53020166,1.665,False
2013-12-28 17:00:00,86.76996758,1.36,False
2013-12-28 17:05:00,85.47991984,0.873,False
2013-12-28 17:10:00,86.65057763,1.324,False
2013-12-28 17:15:00,84.59243487,0.557,False
2013-12-28 17:20:00,84.34998652,0.491,False
2013-12-28 17:25:00,84.64197142,0.657,False
2013-12-28 17:30:00,83.78604343,0.467,False
2013-12-28 17:35:00,82.88742768,0.225,False
2013-12-28 17:40:00,83.05641340000003,0.296,False
2013-12-28 17:45:00,83.97169132,0.643,False
2013-12-28 17:50:00,83.06977418,0.373,False
2013-12-28 17:55:00,82.22863743,0.139,False
2013-12-28 18:00:00,82.70807675,0.374,False
2013-12-28 18:05:00,81.92555268,0.135,False
2013-12-28 18:10:00,81.22551699,0.054,False
2013-12-28 18:15:00,79.51614092,0.616,False
2013-12-28 18:20:00,79.24502712,0.64,False
2013-12-28 18:25:00,77.68528016,1.236,False
2013-12-28 18:30:00,75.98819124,1.755,False
2013-12-28 18:35:00,74.13937297,2.444,False
2013-12-28 18:40:00,75.38875733,1.972,False
2013-12-28 18:45:00,76.3598429,1.651,False
2013-12-28 18:50:00,78.90530021,0.695,False
2013-12-28 18:55:00,81.18958133,0.213,False
2013-12-28 19:00:00,80.25275533,0.194,False
2013-12-28 19:05:00,77.65621193,1.449,False
2013-12-28 19:10:00,77.44478274,1.623,False
2013-12-28 19:15:00,75.46172115,2.618,False
2013-12-28 19:20:00,74.8234959,2.938,False
2013-12-28 19:25:00,74.81778379,2.941,False
2013-12-28 19:30:00,75.0111843,2.844,False
2013-12-28 19:35:00,76.58449639,2.055,False
2013-12-28 19:40:00,77.32421758,1.684,False
2013-12-28 19:45:00,77.46622626,1.664,False
2013-12-28 19:50:00,78.27341021,1.246,False
2013-12-28 19:55:00,78.13659632,1.348,False
2013-12-28 20:00:00,77.55681305,1.742,False
2013-12-28 20:05:00,78.6941233,1.169,False
2013-12-28 20:10:00,77.93113463,1.683,False
2013-12-28 20:15:00,77.95632191,1.725,False
2013-12-28 20:20:00,79.55629773,0.752,False
2013-12-28 20:25:00,79.42927999,0.909,False
2013-12-28 20:30:00,78.26387513,1.864,False
2013-12-28 20:35:00,80.04997055,0.486,False
2013-12-28 20:40:00,79.51206779,0.88,False
2013-12-28 20:45:00,80.58116112,0.072,False
2013-12-28 20:50:00,80.50660188,0.131,False
2013-12-28 20:55:00,79.24226237,1.089,False
2013-12-28 21:00:00,79.7151282,0.731,False
2013-12-28 21:05:00,80.81259622,0.102,False
2013-12-28 21:10:00,80.44643213,0.177,False
2013-12-28 21:15:00,80.4858202,0.147,False
2013-12-28 21:20:00,81.50060134,0.541,False
2013-12-28 21:25:00,79.70578299,1.037,False
2013-12-28 21:30:00,81.81103384,0.493,False
2013-12-28 21:35:00,80.77930255,0.441,False
2013-12-28 21:40:00,81.32901169,0.021,False
2013-12-28 21:45:00,81.80770237,0.329,False
2013-12-28 21:50:00,81.72799888,0.181,False
2013-12-28 21:55:00,82.33296326,0.648,False
2013-12-28 22:00:00,81.81909419,0.048,False
2013-12-28 22:05:00,82.62653707,0.772,False
2013-12-28 22:10:00,82.43431112,0.591,False
2013-12-28 22:15:00,82.48175143,0.581,False
2013-12-28 22:20:00,81.2561347,0.736,False
2013-12-28 22:25:00,81.37637551,0.736,False
2013-12-28 22:30:00,82.50069249,0.36,False
2013-12-28 22:35:00,83.64561936,1.499,False
2013-12-28 22:40:00,82.86593587,0.585,False
2013-12-28 22:45:00,82.80336059999998,0.464,False
2013-12-28 22:50:00,82.34180613,0.101,False
2013-12-28 22:55:00,81.56625277,1.05,False
2013-12-28 23:00:00,82.4277598,0.075,False
2013-12-28 23:05:00,81.94708785,0.677,False
2013-12-28 23:10:00,82.18122426,0.445,False
2013-12-28 23:15:00,82.50826828,0.12,False
2013-12-28 23:20:00,83.04901246,0.406,False
2013-12-28 23:25:00,82.03158413,0.952,False
2013-12-28 23:30:00,83.74012247,1.099,False
2013-12-28 23:35:00,84.0236737,1.408,False
2013-12-28 23:40:00,84.1737043,1.518,False
2013-12-28 23:45:00,83.64184928,0.805,False
2013-12-28 23:50:00,82.14053831,1.088,False
2013-12-28 23:55:00,83.91691377,1.062,False
2013-12-29 00:00:00,83.04860727,0.255,False
2013-12-29 00:05:00,82.58760639,1.119,False
2013-12-29 00:10:00,83.53959487,0.027,False
2013-12-29 00:15:00,84.16221322,0.667,False
2013-12-29 00:20:00,82.98647118,0.798,False
2013-12-29 00:25:00,82.87925965,0.97,False
2013-12-29 00:30:00,83.58415419,0.156,False
2013-12-29 00:35:00,83.01128736,0.898,False
2013-12-29 00:40:00,82.81673983,1.207,False
2013-12-29 00:45:00,84.05604503,0.286,False
2013-12-29 00:50:00,83.88686098,0.034,False
2013-12-29 00:55:00,84.19648392,0.358,False
2013-12-29 01:00:00,83.99548289,0.073,False
2013-12-29 01:05:00,83.96540511,0.012,False
2013-12-29 01:10:00,84.51443272,0.693,False
2013-12-29 01:15:00,84.42600048,0.597,False
2013-12-29 01:20:00,83.95614161,0.065,False
2013-12-29 01:25:00,84.02101781,0.005,False
2013-12-29 01:30:00,83.83179369,0.271,False
2013-12-29 01:35:00,84.29773218,0.367,False
2013-12-29 01:40:00,83.46482609,0.916,False
2013-12-29 01:45:00,83.69937159,0.67,False
2013-12-29 01:50:00,84.64676423,0.681,False
2013-12-29 01:55:00,85.57077618,1.971,False
2013-12-29 02:00:00,84.01375456,0.332,False
2013-12-29 02:05:00,85.64826536,1.841,False
2013-12-29 02:10:00,83.82267399,0.847,False
2013-12-29 02:15:00,83.71779916,1.038,False
2013-12-29 02:20:00,84.76649423,0.38,False
2013-12-29 02:25:00,83.95493805,0.821,False
2013-12-29 02:30:00,85.85770387,1.511,False
2013-12-29 02:35:00,84.16250704,1.144,False
2013-12-29 02:40:00,85.65762284,0.663,False
2013-12-29 02:45:00,84.48026923,1.126,False
2013-12-29 02:50:00,85.19665801,0.257,False
2013-12-29 02:55:00,86.08315503,0.845,False
2013-12-29 03:00:00,84.41009382,1.709,False
2013-12-29 03:05:00,85.90715277,0.359,False
2013-12-29 03:10:00,86.40667579,1.02,False
2013-12-29 03:15:00,85.40978029,0.481,False
2013-12-29 03:20:00,85.92212279,0.095,False
2013-12-29 03:25:00,86.18205232,0.392,False
2013-12-29 03:30:00,86.89679401,1.283,False
2013-12-29 03:35:00,85.84129469,0.154,False
2013-12-29 03:40:00,85.71105216,0.402,False
2013-12-29 03:45:00,85.17898528,1.122,False
2013-12-29 03:50:00,85.34455514,0.963,False
2013-12-29 03:55:00,86.20410402,0.112,False
2013-12-29 04:00:00,86.02168995,0.42,False
2013-12-29 04:05:00,86.4281297,0.101,False
2013-12-29 04:10:00,86.63258545,0.123,False
2013-12-29 04:15:00,87.63655291,0.673,False
2013-12-29 04:20:00,88.48201284,1.158,False
2013-12-29 04:25:00,87.96263532,0.351,False
2013-12-29 04:30:00,87.52726882,0.22,False
2013-12-29 04:35:00,86.92590287,0.924,False
2013-12-29 04:40:00,88.05120505,0.041,False
2013-12-29 04:45:00,89.1830476,0.9,False
2013-12-29 04:50:00,87.89440444,0.263,False
2013-12-29 04:55:00,89.47575606,0.969,False
2013-12-29 05:00:00,88.33034389,0.114,False
2013-12-29 05:05:00,89.44426832,0.867,False
2013-12-29 05:10:00,88.93538867,0.419,False
2013-12-29 05:15:00,88.79094577,0.287,False
2013-12-29 05:20:00,89.3117754,0.63,False
2013-12-29 05:25:00,89.55781035,0.729,False
2013-12-29 05:30:00,88.43529928,0.247,False
2013-12-29 05:35:00,89.5200619,0.651,False
2013-12-29 05:40:00,89.26712861,0.355,False
2013-12-29 05:45:00,90.23369449,1.102,False
2013-12-29 05:50:00,90.09368663,0.96,False
2013-12-29 05:55:00,90.74362081,1.477,False
2013-12-29 06:00:00,91.04812,1.659,False
2013-12-29 06:05:00,90.64089027,1.318,False
2013-12-29 06:10:00,90.82356991,1.422,False
2013-12-29 06:15:00,90.42230833,0.994,False
2013-12-29 06:20:00,90.87425012,1.29,False
2013-12-29 06:25:00,92.29324040000002,2.338,False
2013-12-29 06:30:00,90.60119131,0.933,False
2013-12-29 06:35:00,90.85411065,1.118,False
2013-12-29 06:40:00,91.99949237,1.979,False
2013-12-29 06:45:00,91.42251154,1.523,False
2013-12-29 06:50:00,92.63781247,2.469,False
2013-12-29 06:55:00,90.96413509,1.158,False
2013-12-29 07:00:00,91.84379139,1.752,False
2013-12-29 07:05:00,91.03020881,1.141,False
2013-12-29 07:10:00,90.2785564,0.539,False
2013-12-29 07:15:00,91.73682948,1.52,False
2013-12-29 07:20:00,89.990302,0.328,False
2013-12-29 07:25:00,89.02499026,0.34,False
2013-12-29 07:30:00,89.13101435,0.266,False
2013-12-29 07:35:00,89.50931639,0.0,False
2013-12-29 07:40:00,88.68625131,0.618,False
2013-12-29 07:45:00,87.73659491,1.244,False
2013-12-29 07:50:00,89.10222181,0.306,False
2013-12-29 07:55:00,88.74461723,0.566,False
2013-12-29 08:00:00,87.44963528,1.591,False
2013-12-29 08:05:00,87.54466669,1.517,False
2013-12-29 08:10:00,87.50475003,1.548,False
2013-12-29 08:15:00,89.5099557,0.0,False
2013-12-29 08:20:00,88.70838363,0.593,False
2013-12-29 08:25:00,90.23540353,0.537,False
2013-12-29 08:30:00,89.95864819,0.362,False
2013-12-29 08:35:00,89.87412509,0.299,False
2013-12-29 08:40:00,89.15299026,0.185,False
2013-12-29 08:45:00,89.00295213,0.29,False
2013-12-29 08:50:00,90.19096061,0.617,False
2013-12-29 08:55:00,91.0496324,1.406,False
2013-12-29 09:00:00,89.55238827,0.295,False
2013-12-29 09:05:00,91.06183979,1.558,False
2013-12-29 09:10:00,90.44913486,1.085,False
2013-12-29 09:15:00,90.78954204,1.402,False
2013-12-29 09:20:00,90.6247021,1.323,False
2013-12-29 09:25:00,89.43021875,0.36,False
2013-12-29 09:30:00,90.24338054,1.204,False
2013-12-29 09:35:00,89.74775841,0.924,False
2013-12-29 09:40:00,89.39936967,0.657,False
2013-12-29 09:45:00,89.57930037,0.877,False
2013-12-29 09:50:00,88.36106259,0.113,False
2013-12-29 09:55:00,89.31491287,0.963,False
2013-12-29 10:00:00,87.99712095,0.244,False
2013-12-29 10:05:00,89.1987989,1.105,False
2013-12-29 10:10:00,89.14267389,1.151,False
2013-12-29 10:15:00,88.04119194,0.137,False
2013-12-29 10:20:00,88.28712667,0.543,False
2013-12-29 10:25:00,87.02034287,0.703,False
2013-12-29 10:30:00,87.67602965,0.067,False
2013-12-29 10:35:00,88.19926868,0.669,False
2013-12-29 10:40:00,88.59799026,1.111,False
2013-12-29 10:45:00,86.61145192,0.639,False
2013-12-29 10:50:00,87.81868749,0.908,False
2013-12-29 10:55:00,86.78908157,0.027,False
2013-12-29 11:00:00,86.84416367,0.147,False
2013-12-29 11:05:00,85.55337132,1.041,False
2013-12-29 11:10:00,85.33258018,1.168,False
2013-12-29 11:15:00,86.40886036,0.266,False
2013-12-29 11:20:00,85.02760301,0.862,False
2013-12-29 11:25:00,86.44850098,0.909,False
2013-12-29 11:30:00,85.90914994,0.568,False
2013-12-29 11:35:00,84.31042815,1.276,False
2013-12-29 11:40:00,85.34763344,0.019,False
2013-12-29 11:45:00,84.53808926,0.738,False
2013-12-29 11:50:00,85.33244300000001,0.632,False
2013-12-29 11:55:00,85.76261363,1.598,False
2013-12-29 12:00:00,84.31311054,0.059,False
2013-12-29 12:05:00,84.25510612,0.07,False
2013-12-29 12:10:00,84.40784408,0.155,False
2013-12-29 12:15:00,83.39050157,0.536,False
2013-12-29 12:20:00,82.90717917,0.524,False
2013-12-29 12:25:00,82.55307982,0.672,False
2013-12-29 12:30:00,82.77924097,0.08,False
2013-12-29 12:35:00,81.95105290000002,0.898,False
2013-12-29 12:40:00,83.26942759,1.135,False
2013-12-29 12:45:00,81.66543846,0.607,False
2013-12-29 12:50:00,82.21917877,0.26,False
2013-12-29 12:55:00,81.63071554,0.47,False
2013-12-29 13:00:00,81.26913379,0.732,False
2013-12-29 13:05:00,81.01564996,0.985,False
2013-12-29 13:10:00,80.7629771,1.202,False
2013-12-29 13:15:00,81.00156682,0.699,False
2013-12-29 13:20:00,80.22984645,1.58,False
2013-12-29 13:25:00,81.17639171,0.215,False
2013-12-29 13:30:00,82.03234314,1.008,False
2013-12-29 13:35:00,80.90036572,0.494,False
2013-12-29 13:40:00,81.03153615,0.29,False
2013-12-29 13:45:00,80.20033691,1.46,False
2013-12-29 13:50:00,80.182448,1.448,False
2013-12-29 13:55:00,80.68758547,0.691,False
2013-12-29 14:00:00,81.21451057,0.073,False
2013-12-29 14:05:00,80.27331278,1.2,False
2013-12-29 14:10:00,80.05026551,1.587,False
2013-12-29 14:15:00,80.79936316,0.531,False
2013-12-29 14:20:00,81.09024818,0.053,False
2013-12-29 14:25:00,81.38496242,0.379,False
2013-12-29 14:30:00,81.40093721,0.45,False
2013-12-29 14:35:00,80.94790935,0.216,False
2013-12-29 14:40:00,80.15875391,1.422,False
2013-12-29 14:45:00,81.16599633,0.109,False
2013-12-29 14:50:00,81.22885448,0.204,False
2013-12-29 14:55:00,82.02344266,1.455,False
2013-12-29 15:00:00,80.66520137,0.672,False
2013-12-29 15:05:00,80.35698877,1.121,False
2013-12-29 15:10:00,80.09875504,1.514,False
2013-12-29 15:15:00,79.8202558,1.937,False
2013-12-29 15:20:00,80.73425237,0.531,False
2013-12-29 15:25:00,81.09853378,0.006,False
2013-12-29 15:30:00,79.93423154,1.77,False
2013-12-29 15:35:00,81.04924012,0.067,False
2013-12-29 15:40:00,81.26261543,0.248,False
2013-12-29 15:45:00,80.97602327,0.181,False
2013-12-29 15:50:00,80.02736334,1.628,False
2013-12-29 15:55:00,80.82745264,0.384,False
2013-12-29 16:00:00,81.86091633,1.057,False
2013-12-29 16:05:00,81.15566865,0.085,False
2013-12-29 16:10:00,80.17315106,1.371,False
2013-12-29 16:15:00,81.02855392,0.19,False
2013-12-29 16:20:00,80.96607363,0.313,False
2013-12-29 16:25:00,82.03993032,1.288,False
2013-12-29 16:30:00,80.38872809,1.271,False
2013-12-29 16:35:00,80.13384854,1.66,False
2013-12-29 16:40:00,80.89546645,0.503,False
2013-12-29 16:45:00,80.17939183,1.645,False
2013-12-29 16:50:00,80.80368714,0.899,False
2013-12-29 16:55:00,80.37604069,1.608,False
2013-12-29 17:00:00,81.96317956,0.694,False
2013-12-29 17:05:00,81.59049157,0.024,False
2013-12-29 17:10:00,81.45941862,0.199,False
2013-12-29 17:15:00,79.97231751,2.349,False
2013-12-29 17:20:00,81.55696804,0.233,False
2013-12-29 17:25:00,80.87262698,1.31,False
2013-12-29 17:30:00,81.63641632,0.325,False
2013-12-29 17:35:00,81.89234667,0.046,False
2013-12-29 17:40:00,82.27875781,0.375,False
2013-12-29 17:45:00,83.20202484,1.553,False
2013-12-29 17:50:00,81.9907142,0.053,False
2013-12-29 17:55:00,81.60909901,0.683,False
2013-12-29 18:00:00,81.81825898,0.784,False
2013-12-29 18:05:00,82.79670424,0.108,False
2013-12-29 18:10:00,82.62043794,0.47,False
2013-12-29 18:15:00,84.08984665,1.138,False
2013-12-29 18:20:00,83.36873758,0.093,False
2013-12-29 18:25:00,83.22618474,0.183,False
2013-12-29 18:30:00,85.02315187,1.818,False
2013-12-29 18:35:00,83.37804708,0.623,False
2013-12-29 18:40:00,84.43813773,0.47,False
2013-12-29 18:45:00,84.70252031,0.606,False
2013-12-29 18:50:00,83.73951655,0.788,False
2013-12-29 18:55:00,84.01993518,0.683,False
2013-12-29 19:00:00,84.32663735,0.666,False
2013-12-29 19:05:00,85.03775891,0.009,False
2013-12-29 19:10:00,86.6833781,1.865,False
2013-12-29 19:15:00,85.32469273,0.458,False
2013-12-29 19:20:00,86.89435718,0.992,False
2013-12-29 19:25:00,86.59391324,0.436,False
2013-12-29 19:30:00,87.14025335,0.949,False
2013-12-29 19:35:00,87.61342166,1.59,False
2013-12-29 19:40:00,86.86545811,0.535,False
2013-12-29 19:45:00,86.73464531,0.161,False
2013-12-29 19:50:00,88.13755137,2.06,False
2013-12-29 19:55:00,88.29074568,2.267,False
2013-12-29 20:00:00,87.31985412,0.96,False
2013-12-29 20:05:00,87.60098241,1.343,False
2013-12-29 20:10:00,87.10860124,0.672,False
2013-12-29 20:15:00,87.64253835,1.39,False
2013-12-29 20:20:00,88.96046833,3.197,False
2013-12-29 20:25:00,86.70149311,0.101,False
2013-12-29 20:30:00,87.2948109,0.91,False
2013-12-29 20:35:00,88.90685573,3.085,False
2013-12-29 20:40:00,86.96089111,0.451,False
2013-12-29 20:45:00,86.82874022,0.264,False
2013-12-29 20:50:00,88.40971213,2.412,False
2013-12-29 20:55:00,88.34329355,2.322,False
2013-12-29 21:00:00,87.99162761,1.86,False
2013-12-29 21:05:00,86.70505074,0.106,False
2013-12-29 21:10:00,86.86772365,0.28,False
2013-12-29 21:15:00,88.21114370000002,2.099,False
2013-12-29 21:20:00,87.21611193,0.752,False
2013-12-29 21:25:00,87.1555056,0.67,False
2013-12-29 21:30:00,86.02871229,0.843,False
2013-12-29 21:35:00,87.75891791,1.465,False
2013-12-29 21:40:00,86.79029651,0.174,False
2013-12-29 21:45:00,86.23345173,0.556,False
2013-12-29 21:50:00,86.75429518,0.122,False
2013-12-29 21:55:00,87.14663262,0.633,False
2013-12-29 22:00:00,86.28406821,0.49,False
2013-12-29 22:05:00,87.80200076,1.487,False
2013-12-29 22:10:00,86.78695267,0.165,False
2013-12-29 22:15:00,86.71285259,0.114,False
2013-12-29 22:20:00,86.99470085,0.478,False
2013-12-29 22:25:00,86.6375747,0.013,False
2013-12-29 22:30:00,85.92017647,0.92,False
2013-12-29 22:35:00,86.35236971,0.354,False
2013-12-29 22:40:00,87.55224798,1.319,False
2013-12-29 22:45:00,85.64218791,1.122,False
2013-12-29 22:50:00,85.57883793,1.109,False
2013-12-29 22:55:00,86.30321511,0.077,False
2013-12-29 23:00:00,86.18316334,0.194,False
2013-12-29 23:05:00,86.04149081,0.353,False
2013-12-29 23:10:00,85.76744626,0.714,False
2013-12-29 23:15:00,86.13857443,0.21,False
2013-12-29 23:20:00,86.61735415,0.46,False
2013-12-29 23:25:00,85.47291884,1.107,False
2013-12-29 23:30:00,85.69799085,0.753,False
2013-12-29 23:35:00,85.80526753,0.607,False
2013-12-29 23:40:00,85.63323499,0.852,False
2013-12-29 23:45:00,86.27221757,0.026,False
2013-12-29 23:50:00,86.37258683,0.22,False
2013-12-29 23:55:00,86.48939882,0.382,False
2013-12-30 00:00:00,85.33367772,1.187,False
2013-12-30 00:05:00,86.71789908,0.701,False
2013-12-30 00:10:00,85.98859847,0.234,False
2013-12-30 00:15:00,84.67821628,2.012,False
2013-12-30 00:20:00,85.9240103,0.288,False
2013-12-30 00:25:00,84.83883964,1.761,False
2013-12-30 00:30:00,84.89483728,1.7,False
2013-12-30 00:35:00,85.92746708,0.32,False
2013-12-30 00:40:00,84.66710073,2.114,False
2013-12-30 00:45:00,85.87045514,0.411,False
2013-12-30 00:50:00,84.97792971,1.674,False
2013-12-30 00:55:00,84.89138557,1.797,False
2013-12-30 01:00:00,85.43274431,1.017,False
2013-12-30 01:05:00,86.49240299,0.463,False
2013-12-30 01:10:00,85.66197625,0.697,False
2013-12-30 01:15:00,84.96833408,1.595,False
2013-12-30 01:20:00,86.67126808,0.675,False
2013-12-30 01:25:00,85.51086955,0.86,False
2013-12-30 01:30:00,86.62290101,0.601,False
2013-12-30 01:35:00,85.61930244,0.805,False
2013-12-30 01:40:00,86.30789653,0.104,False
2013-12-30 01:45:00,84.80087544,1.887,False
2013-12-30 01:50:00,85.52550048,1.008,False
2013-12-30 01:55:00,85.83871827,0.617,False
2013-12-30 02:00:00,85.86784133,0.583,False
2013-12-30 02:05:00,86.11367698,0.301,False
2013-12-30 02:10:00,86.56048123,0.248,False
2013-12-30 02:15:00,85.24461853,1.518,False
2013-12-30 02:20:00,86.41116789,0.022,False
2013-12-30 02:25:00,85.61518938,1.051,False
2013-12-30 02:30:00,87.52432187,1.366,False
2013-12-30 02:35:00,86.86015927,0.477,False
2013-12-30 02:40:00,87.08467309999996,0.698,False
2013-12-30 02:45:00,85.61524689,1.201,False
2013-12-30 02:50:00,86.89256318,0.358,False
2013-12-30 02:55:00,87.33900717,0.871,False
2013-12-30 03:00:00,86.71604152,0.107,False
2013-12-30 03:05:00,85.83675297,0.93,False
2013-12-30 03:10:00,86.37327091,0.289,False
2013-12-30 03:15:00,86.13366659,0.535,False
2013-12-30 03:20:00,87.61360157,0.986,False
2013-12-30 03:25:00,86.44548429,0.336,False
2013-12-30 03:30:00,87.86747984,1.137,False
2013-12-30 03:35:00,86.59099644,0.283,False
2013-12-30 03:40:00,86.66206811,0.23,False
2013-12-30 03:45:00,86.62413201,0.395,False
2013-12-30 03:50:00,86.81317359,0.268,False
2013-12-30 03:55:00,86.309415,0.96,False
2013-12-30 04:00:00,87.0412695,0.312,False
2013-12-30 04:05:00,88.22237625,0.979,False
2013-12-30 04:10:00,86.60830059999998,0.989,False
2013-12-30 04:15:00,88.07204458,0.629,False
2013-12-30 04:20:00,87.52778921,0.052,False
2013-12-30 04:25:00,86.80137244,0.961,False
2013-12-30 04:30:00,88.10989513,0.401,False
2013-12-30 04:35:00,87.40808917,0.581,False
2013-12-30 04:40:00,87.65632338,0.467,False
2013-12-30 04:45:00,89.25207825,1.036,False
2013-12-30 04:50:00,87.32494076,0.889,False
2013-12-30 04:55:00,88.29051244,0.061,False
2013-12-30 05:00:00,88.41871404,0.035,False
2013-12-30 05:05:00,88.58988387,0.047,False
2013-12-30 05:10:00,89.60523421,0.701,False
2013-12-30 05:15:00,88.49121895,0.664,False
2013-12-30 05:20:00,89.15311994,0.047,False
2013-12-30 05:25:00,90.43955776,1.298,False
2013-12-30 05:30:00,90.3025924,1.288,False
2013-12-30 05:35:00,90.67529909,1.716,False
2013-12-30 05:40:00,90.87257279,1.864,False
2013-12-30 05:45:00,90.79297577,1.598,False
2013-12-30 05:50:00,90.7601763,1.55,False
2013-12-30 05:55:00,91.49621714,2.434,False
2013-12-30 06:00:00,90.37593704,1.033,False
2013-12-30 06:05:00,90.67946214,1.398,False
2013-12-30 06:10:00,90.23580821,0.865,False
2013-12-30 06:15:00,89.80306617,0.292,False
2013-12-30 06:20:00,90.16014245,0.673,False
2013-12-30 06:25:00,90.64072016,1.25,False
2013-12-30 06:30:00,89.98546429999998,0.463,False
2013-12-30 06:35:00,91.65912854,2.473,False
2013-12-30 06:40:00,89.59392905,0.007,False
2013-12-30 06:45:00,90.43239745,0.863,False
2013-12-30 06:50:00,91.12459671,1.58,False
2013-12-30 06:55:00,91.52640886,1.997,False
2013-12-30 07:00:00,89.83578177,0.273,False
2013-12-30 07:05:00,90.15980802,0.581,False
2013-12-30 07:10:00,89.38811748,0.244,False
2013-12-30 07:15:00,90.05654202,0.528,False
2013-12-30 07:20:00,91.20261014,1.661,False
2013-12-30 07:25:00,91.19533078,1.524,False
2013-12-30 07:30:00,90.69751377,1.048,False
2013-12-30 07:35:00,89.24066001,0.337,False
2013-12-30 07:40:00,90.80434099,1.119,False
2013-12-30 07:45:00,90.67844904,0.967,False
2013-12-30 07:50:00,90.31709576,0.643,False
2013-12-30 07:55:00,89.50766272,0.082,False
2013-12-30 08:00:00,89.21966258,0.324,False
2013-12-30 08:05:00,90.16127689,0.461,False
2013-12-30 08:10:00,90.09377293,0.395,False
2013-12-30 08:15:00,89.17423594,0.304,False
2013-12-30 08:20:00,89.43042443,0.097,False
2013-12-30 08:25:00,89.10555605,0.321,False
2013-12-30 08:30:00,90.45321413,0.662,False
2013-12-30 08:35:00,89.61445904,0.103,False
2013-12-30 08:40:00,90.01588149999998,0.429,False
2013-12-30 08:45:00,89.75359518,0.288,False
2013-12-30 08:50:00,89.30430486,0.022,False
2013-12-30 08:55:00,89.52603002,0.209,False
2013-12-30 09:00:00,88.99135585,0.154,False
2013-12-30 09:05:00,88.74473358,0.279,False
2013-12-30 09:10:00,89.90285305,0.604,False
2013-12-30 09:15:00,89.76102309999996,0.526,False
2013-12-30 09:20:00,87.89441056,0.664,False
2013-12-30 09:25:00,88.15215895,0.221,False
2013-12-30 09:30:00,88.98889188,0.572,False
2013-12-30 09:35:00,86.67683317,1.007,False
2013-12-30 09:40:00,86.27172985,1.318,False
2013-12-30 09:45:00,88.20640035,0.169,False
2013-12-30 09:50:00,88.05130143,0.132,False
2013-12-30 09:55:00,87.15508917,0.394,False
2013-12-30 10:00:00,86.20660696,1.111,False
2013-12-30 10:05:00,87.18920935,0.206,False
2013-12-30 10:10:00,86.13292705,0.898,False
2013-12-30 10:15:00,84.91403233,1.82,False
2013-12-30 10:20:00,85.02905863,1.575,False
2013-12-30 10:25:00,84.34836638,2.162,False
2013-12-30 10:30:00,84.18859112,2.447,False
2013-12-30 10:35:00,83.81717176,2.894,False
2013-12-30 10:40:00,84.586774,2.125,False
2013-12-30 10:45:00,84.01579466,2.587,False
2013-12-30 10:50:00,83.42958213,3.225,False
2013-12-30 10:55:00,83.75011147,2.951,False
2013-12-30 11:00:00,83.9161682,2.809,False
2013-12-30 11:05:00,83.61012213,3.07,False
2013-12-30 11:10:00,82.74783836,3.806,False
2013-12-30 11:15:00,83.01930907,3.395,False
2013-12-30 11:20:00,83.08214687,3.344,False
2013-12-30 11:25:00,83.45883793,2.835,False
2013-12-30 11:30:00,84.05319248,2.385,False
2013-12-30 11:35:00,84.74386155,1.863,False
2013-12-30 11:40:00,84.00245761,2.424,False
2013-12-30 11:45:00,84.05427840000002,2.385,False
2013-12-30 11:50:00,86.15663301,0.773,False
2013-12-30 11:55:00,86.51256424,0.511,False
2013-12-30 12:00:00,86.12803602,0.776,False
2013-12-30 12:05:00,85.44253459999999,1.269,False
2013-12-30 12:10:00,86.20424809999999,0.705,False
2013-12-30 12:15:00,86.55254376,0.447,False
2013-12-30 12:20:00,87.41492478,0.142,False
2013-12-30 12:25:00,87.84195122,0.439,False
2013-12-30 12:30:00,86.75627193,0.312,False
2013-12-30 12:35:00,88.1368813,0.643,False
2013-12-30 12:40:00,87.50931895,0.136,False
2013-12-30 12:45:00,87.06119246,0.288,False
2013-12-30 12:50:00,87.01123337,0.312,False
2013-12-30 12:55:00,88.52256033,0.696,False
2013-12-30 13:00:00,87.22584297,0.273,False
2013-12-30 13:05:00,87.17906551,0.409,False
2013-12-30 13:10:00,88.29234703,0.191,False
2013-12-30 13:15:00,86.97481529,0.759,False
2013-12-30 13:20:00,87.79622257,0.29,False
2013-12-30 13:25:00,88.78407283,0.307,False
2013-12-30 13:30:00,88.50081953,0.098,False
2013-12-30 13:35:00,89.52104442,0.679,False
2013-12-30 13:40:00,89.58966269,0.681,False
2013-12-30 13:45:00,88.57090296,0.015,False
2013-12-30 13:50:00,88.38913517,0.174,False
2013-12-30 13:55:00,89.50518838,0.463,False
2013-12-30 14:00:00,89.33588022,0.331,False
2013-12-30 14:05:00,88.83869771,0.102,False
2013-12-30 14:10:00,88.30285966,0.598,False
2013-12-30 14:15:00,88.75842052,0.401,False
2013-12-30 14:20:00,88.21806023,0.805,False
2013-12-30 14:25:00,89.45169436,0.04,False
2013-12-30 14:30:00,90.75953337,0.802,False
2013-12-30 14:35:00,89.64642482,0.019,False
2013-12-30 14:40:00,89.64506847,0.0,False
2013-12-30 14:45:00,90.54935655,0.617,False
2013-12-30 14:50:00,90.19452247,0.383,False
2013-12-30 14:55:00,91.29972291,1.154,False
2013-12-30 15:00:00,89.16319611,0.444,False
2013-12-30 15:05:00,91.12422239,0.925,False
2013-12-30 15:10:00,91.04464865,0.896,False
2013-12-30 15:15:00,89.97894852,0.129,False
2013-12-30 15:20:00,90.56413841,0.534,False
2013-12-30 15:25:00,90.17181717,0.254,False
2013-12-30 15:30:00,90.39571132,0.4,False
2013-12-30 15:35:00,90.72020898,0.597,False
2013-12-30 15:40:00,91.35866308,0.985,False
2013-12-30 15:45:00,92.02724044,1.395,False
2013-12-30 15:50:00,91.98375192,1.292,False
2013-12-30 15:55:00,92.97149707,1.778,False
2013-12-30 16:00:00,91.78971074,1.098,False
2013-12-30 16:05:00,91.80963928,1.09,False
2013-12-30 16:10:00,92.38678821,1.393,False
2013-12-30 16:15:00,92.00267852,1.165,False
2013-12-30 16:20:00,92.56753666,1.428,False
2013-12-30 16:25:00,93.2325477,1.679,False
2013-12-30 16:30:00,92.73541269,1.362,False
2013-12-30 16:35:00,93.81262767,1.784,False
2013-12-30 16:40:00,94.52833259,2.013,False
2013-12-30 16:45:00,92.11434743,0.957,False
2013-12-30 16:50:00,93.76461889,1.496,False
2013-12-30 16:55:00,93.31902609,1.328,False
2013-12-30 17:00:00,91.273838,0.525,False
2013-12-30 17:05:00,91.08990785,0.459,False
2013-12-30 17:10:00,92.63113393,1.008,False
2013-12-30 17:15:00,90.78893354,0.352,False
2013-12-30 17:20:00,90.9519568,0.351,False
2013-12-30 17:25:00,91.06545018,0.363,False
2013-12-30 17:30:00,91.33462802,0.442,False
2013-12-30 17:35:00,90.91491066,0.316,False
2013-12-30 17:40:00,89.17716408,0.326,False
2013-12-30 17:45:00,89.39277787,0.262,False
2013-12-30 17:50:00,88.70781286,0.494,False
2013-12-30 17:55:00,89.95170298,0.064,False
2013-12-30 18:00:00,88.14037271,0.673,False
2013-12-30 18:05:00,89.47444722,0.246,False
2013-12-30 18:10:00,88.31818915,0.591,False
2013-12-30 18:15:00,88.01005193,0.679,False
2013-12-30 18:20:00,87.71148775,0.799,False
2013-12-30 18:25:00,88.74327896,0.487,False
2013-12-30 18:30:00,87.08923409,1.003,False
2013-12-30 18:35:00,87.48786306,0.933,False
2013-12-30 18:40:00,86.28293233,1.302,False
2013-12-30 18:45:00,86.16289287,1.317,False
2013-12-30 18:50:00,86.85440025,1.114,False
2013-12-30 18:55:00,86.92096171,1.095,False
2013-12-30 19:00:00,86.54295358,1.224,False
2013-12-30 19:05:00,86.89125592,1.049,False
2013-12-30 19:10:00,86.09610865,1.254,False
2013-12-30 19:15:00,85.30604328,1.491,False
2013-12-30 19:20:00,86.32696008,1.153,False
2013-12-30 19:25:00,86.62278378,1.121,False
2013-12-30 19:30:00,87.21981712,0.971,False
2013-12-30 19:35:00,86.28084138,1.29,False
2013-12-30 19:40:00,88.01545635,0.666,False
2013-12-30 19:45:00,86.94452016,1.028,False
2013-12-30 19:50:00,88.53392038,0.485,False
2013-12-30 19:55:00,88.02130925,0.655,False
2013-12-30 20:00:00,88.40742045,0.527,False
2013-12-30 20:05:00,88.17349038,0.568,False
2013-12-30 20:10:00,88.15756945,0.574,False
2013-12-30 20:15:00,90.10957848,0.125,False
2013-12-30 20:20:00,90.31000845,0.198,False
2013-12-30 20:25:00,90.07486119,0.112,False
2013-12-30 20:30:00,89.90621051,0.05,False
2013-12-30 20:35:00,90.52066194,0.275,False
2013-12-30 20:40:00,92.24257486,0.907,False
2013-12-30 20:45:00,92.65529614,1.015,False
2013-12-30 20:50:00,92.40440938,0.916,False
2013-12-30 20:55:00,93.5093256,1.318,False
2013-12-30 21:00:00,92.21734957,0.844,False
2013-12-30 21:05:00,92.6943953,1.031,False
2013-12-30 21:10:00,94.55692519,1.709,False
2013-12-30 21:15:00,92.3260666,0.874,False
2013-12-30 21:20:00,92.24342425,0.848,False
2013-12-30 21:25:00,93.06192721,1.188,False
2013-12-30 21:30:00,92.07704672,0.788,False
2013-12-30 21:35:00,91.87461256,0.721,False
2013-12-30 21:40:00,92.53476256,0.967,False
2013-12-30 21:45:00,90.90987905,0.263,False
2013-12-30 21:50:00,92.10675739,0.791,False
2013-12-30 21:55:00,91.23204874,0.357,False
2013-12-30 22:00:00,90.30838796,0.115,False
2013-12-30 22:05:00,89.87289344,0.35,False
2013-12-30 22:10:00,89.66706494,0.474,False
2013-12-30 22:15:00,90.09222048,0.273,False
2013-12-30 22:20:00,90.1605226,0.261,False
2013-12-30 22:25:00,89.93060321,0.465,False
2013-12-30 22:30:00,89.65784861,0.737,False
2013-12-30 22:35:00,88.80225746,1.345,False
2013-12-30 22:40:00,88.54648635,1.559,False
2013-12-30 22:45:00,90.04006506,0.756,False
2013-12-30 22:50:00,89.40655261,1.25,False
2013-12-30 22:55:00,89.92660546,0.997,False
2013-12-30 23:00:00,89.64596975,1.279,False
2013-12-30 23:05:00,90.69258882,0.607,False
2013-12-30 23:10:00,90.42693709,0.878,False
2013-12-30 23:15:00,90.01269756,1.26,False
2013-12-30 23:20:00,89.90502684,1.387,False
2013-12-30 23:25:00,90.62100056,0.893,False
2013-12-30 23:30:00,90.55901667,0.953,False
2013-12-30 23:35:00,90.57067869,0.963,False
2013-12-30 23:40:00,90.60147342,1.0,False
2013-12-30 23:45:00,91.39664794,0.348,False
2013-12-30 23:50:00,91.05592333,0.618,False
2013-12-30 23:55:00,92.15360623,0.23,False
2013-12-31 00:00:00,92.93703387,0.882,False
2013-12-31 00:05:00,91.82436295,0.031,False
2013-12-31 00:10:00,91.68176561,0.15,False
2013-12-31 00:15:00,92.06221244,0.172,False
2013-12-31 00:20:00,92.5124226,0.575,False
2013-12-31 00:25:00,92.82230356,0.854,False
2013-12-31 00:30:00,91.2199615,0.57,False
2013-12-31 00:35:00,92.23684491,0.345,False
2013-12-31 00:40:00,92.83899984,0.908,False
2013-12-31 00:45:00,91.34718487,0.522,False
2013-12-31 00:50:00,91.42448639,0.504,False
2013-12-31 00:55:00,91.63013437,0.328,False
2013-12-31 01:00:00,91.74787679,0.261,False
2013-12-31 01:05:00,92.74764993,0.679,False
2013-12-31 01:10:00,92.15636635,0.095,False
2013-12-31 01:15:00,93.57887749,1.507,False
2013-12-31 01:20:00,93.13427487,1.046,False
2013-12-31 01:25:00,93.27745639,1.105,False
2013-12-31 01:30:00,92.00883642,0.14,False
2013-12-31 01:35:00,91.57837206,0.593,False
2013-12-31 01:40:00,92.39735675,0.155,False
2013-12-31 01:45:00,91.48548671,0.742,False
2013-12-31 01:50:00,91.84845863,0.444,False
2013-12-31 01:55:00,93.26561074,0.868,False
2013-12-31 02:00:00,92.05212514,0.369,False
2013-12-31 02:05:00,92.86605446,0.435,False
2013-12-31 02:10:00,92.09554146,0.357,False
2013-12-31 02:15:00,93.05146184,0.649,False
2013-12-31 02:20:00,92.63507744,0.165,False
2013-12-31 02:25:00,93.75314401,1.359,False
2013-12-31 02:30:00,93.31367684,0.838,False
2013-12-31 02:35:00,92.43625457,0.189,False
2013-12-31 02:40:00,91.75250542,0.997,False
2013-12-31 02:45:00,92.2405309,0.52,False
2013-12-31 02:50:00,92.79637848,0.088,False
2013-12-31 02:55:00,92.43619929,0.308,False
2013-12-31 03:00:00,91.93560603,0.884,False
2013-12-31 03:05:00,93.8439109,1.234,False
2013-12-31 03:10:00,92.25096258,0.539,False
2013-12-31 03:15:00,92.90390912,0.159,False
2013-12-31 03:20:00,93.45690345,0.764,False
2013-12-31 03:25:00,93.90471427,1.263,False
2013-12-31 03:30:00,93.1058648,0.399,False
2013-12-31 03:35:00,92.69203953,0.073,False
2013-12-31 03:40:00,92.025835,0.828,False
2013-12-31 03:45:00,93.548722,0.838,False
2013-12-31 03:50:00,92.45277075,0.402,False
2013-12-31 03:55:00,92.76892235,0.094,False
2013-12-31 04:00:00,92.08081766,0.88,False
2013-12-31 04:05:00,92.50991401,0.41,False
2013-12-31 04:10:00,92.58237851,0.359,False
2013-12-31 04:15:00,92.35578296,0.66,False
2013-12-31 04:20:00,94.48945611,1.662,False
2013-12-31 04:25:00,94.00648335,1.207,False
2013-12-31 04:30:00,94.20440933,1.454,False
2013-12-31 04:35:00,93.59376473,0.747,False
2013-12-31 04:40:00,94.4337602,1.612,False
2013-12-31 04:45:00,94.33117659,1.393,False
2013-12-31 04:50:00,93.78867887,0.828,False
2013-12-31 04:55:00,92.73966807,0.374,False
2013-12-31 05:00:00,94.04995389,1.124,False
2013-12-31 05:05:00,92.43802204,0.661,False
2013-12-31 05:10:00,92.84429139,0.213,False
2013-12-31 05:15:00,93.88532912,0.913,False
2013-12-31 05:20:00,93.17864112,0.196,False
2013-12-31 05:25:00,93.88911586,0.936,False
2013-12-31 05:30:00,93.67690603,0.769,False
2013-12-31 05:35:00,94.14441397,1.331,False
2013-12-31 05:40:00,93.68615892,0.826,False
2013-12-31 05:45:00,92.63726316,0.334,False
2013-12-31 05:50:00,92.32775235,0.68,False
2013-12-31 05:55:00,93.94628534,1.126,False
2013-12-31 06:00:00,92.32503295,0.703,False
2013-12-31 06:05:00,93.28063823,0.355,False
2013-12-31 06:10:00,93.02352734,0.103,False
2013-12-31 06:15:00,92.52357681,0.49,False
2013-12-31 06:20:00,92.42941363,0.602,False
2013-12-31 06:25:00,92.26113857,0.831,False
2013-12-31 06:30:00,93.95502258,1.41,False
2013-12-31 06:35:00,94.18795715,1.754,False
2013-12-31 06:40:00,94.0633579,1.591,False
2013-12-31 06:45:00,92.91773886,0.088,False
2013-12-31 06:50:00,93.38938031,0.708,False
2013-12-31 06:55:00,93.17856803,0.431,False
2013-12-31 07:00:00,92.39162974,0.604,False
2013-12-31 07:05:00,93.70513657,1.13,False
2013-12-31 07:10:00,93.68092836,1.098,False
2013-12-31 07:15:00,93.3631789,0.674,False
2013-12-31 07:20:00,92.33748444,0.675,False
2013-12-31 07:25:00,92.08484039,1.007,False
2013-12-31 07:30:00,93.87484873,1.365,False
2013-12-31 07:35:00,93.19653426,0.468,False
2013-12-31 07:40:00,94.14735482,1.725,False
2013-12-31 07:45:00,92.4135707,0.549,False
2013-12-31 07:50:00,93.34345477,0.681,False
2013-12-31 07:55:00,92.96895968,0.248,False
2013-12-31 08:00:00,91.75317008,1.36,False
2013-12-31 08:05:00,92.84172189,0.142,False
2013-12-31 08:10:00,91.68295458,1.45,False
2013-12-31 08:15:00,92.95616905,0.31,False
2013-12-31 08:20:00,91.87348016,1.109,False
2013-12-31 08:25:00,92.62590051,0.034,False
2013-12-31 08:30:00,92.22110532,0.553,False
2013-12-31 08:35:00,92.74725261,0.195,False
2013-12-31 08:40:00,92.90306123,0.461,False
2013-12-31 08:45:00,92.09370985,0.615,False
2013-12-31 08:50:00,92.81539803,0.377,False
2013-12-31 08:55:00,93.24096063,0.951,False
2013-12-31 09:00:00,92.09858885,0.58,False
2013-12-31 09:05:00,92.17781775,0.483,False
2013-12-31 09:10:00,91.99479743,0.663,False
2013-12-31 09:15:00,92.07523982,0.477,False
2013-12-31 09:20:00,92.72574844,0.436,False
2013-12-31 09:25:00,92.85747725,0.661,False
2013-12-31 09:30:00,92.57899017,0.288,False
2013-12-31 09:35:00,92.27877072,0.039,False
2013-12-31 09:40:00,91.9950937,0.365,False
2013-12-31 09:45:00,93.1703581,1.292,False
2013-12-31 09:50:00,91.85983125,0.456,False
2013-12-31 09:55:00,92.54288175,0.541,False
2013-12-31 10:00:00,91.65067053,0.591,False
2013-12-31 10:05:00,92.10133671,0.007,False
2013-12-31 10:10:00,92.66544333,0.756,False
2013-12-31 10:15:00,91.51420324,0.752,False
2013-12-31 10:20:00,93.30933405,1.613,False
2013-12-31 10:25:00,92.24247502,0.277,False
2013-12-31 10:30:00,92.99606906,1.34,False
2013-12-31 10:35:00,92.86350227,1.214,False
2013-12-31 10:40:00,92.53845142,0.814,False
2013-12-31 10:45:00,92.92507245,1.388,False
2013-12-31 10:50:00,91.04121271,1.188,False
2013-12-31 10:55:00,91.38673368,0.679,False
2013-12-31 11:00:00,91.85847705,0.011,False
2013-12-31 11:05:00,91.96873263,0.141,False
2013-12-31 11:10:00,92.72628825,1.194,False
2013-12-31 11:15:00,91.13057053,1.003,False
2013-12-31 11:20:00,92.53324825,0.863,False
2013-12-31 11:25:00,91.47770325,0.487,False
2013-12-31 11:30:00,91.13887929,0.903,False
2013-12-31 11:35:00,90.23486217,2.032,False
2013-12-31 11:40:00,92.08717877,0.602,False
2013-12-31 11:45:00,90.84406923,1.105,False
2013-12-31 11:50:00,90.99572815,0.804,False
2013-12-31 11:55:00,89.93275148,2.152,False
2013-12-31 12:00:00,91.64489028,0.262,False
2013-12-31 12:05:00,91.29826746,0.169,False
2013-12-31 12:10:00,91.64916864,0.35,False
2013-12-31 12:15:00,90.38336147,1.349,False
2013-12-31 12:20:00,90.17688949,1.585,False
2013-12-31 12:25:00,91.9220456,0.846,False
2013-12-31 12:30:00,89.67048923,2.048,False
2013-12-31 12:35:00,91.19614051,0.036,False
2013-12-31 12:40:00,90.0936479,1.263,False
2013-12-31 12:45:00,90.53494364,0.698,False
2013-12-31 12:50:00,91.87429411,0.918,False
2013-12-31 12:55:00,91.84533759,0.954,False
2013-12-31 13:00:00,91.40617991,0.561,False
2013-12-31 13:05:00,91.92524834,1.36,False
2013-12-31 13:10:00,91.43423695,0.965,False
2013-12-31 13:15:00,91.8183895,1.453,False
2013-12-31 13:20:00,90.09155908,0.488,False
2013-12-31 13:25:00,91.34019505,0.997,False
2013-12-31 13:30:00,90.64884326,0.277,False
2013-12-31 13:35:00,90.53622368,0.191,False
2013-12-31 13:40:00,90.43101905,0.156,False
2013-12-31 13:45:00,90.35508584,0.172,False
2013-12-31 13:50:00,89.91762212,0.255,False
2013-12-31 13:55:00,91.77215585,1.97,False
2013-12-31 14:00:00,89.35570997,0.776,False
2013-12-31 14:05:00,91.25807859,1.549,False
2013-12-31 14:10:00,90.51034828,0.675,False
2013-12-31 14:15:00,91.31640776,1.66,False
2013-12-31 14:20:00,89.94352669999998,0.095,False
2013-12-31 14:25:00,89.60557531,0.245,False
2013-12-31 14:30:00,89.85450199,0.194,False
2013-12-31 14:35:00,89.88501524,0.233,False
2013-12-31 14:40:00,89.31238199,0.43,False
2013-12-31 14:45:00,89.73685652,0.145,False
2013-12-31 14:50:00,89.62283024,0.019,False
2013-12-31 14:55:00,89.43521378,0.184,False
2013-12-31 15:00:00,89.07014318,0.519,False
2013-12-31 15:05:00,89.57271725,0.081,False
2013-12-31 15:10:00,87.70399198,2.049,False
2013-12-31 15:15:00,89.08749414,0.388,False
2013-12-31 15:20:00,89.18987216,0.261,False
2013-12-31 15:25:00,88.08452744,1.53,False
2013-12-31 15:30:00,88.3361422,1.199,False
2013-12-31 15:35:00,89.30804121,0.048,False
2013-12-31 15:40:00,88.62696385,0.814,False
2013-12-31 15:45:00,86.97738285,2.771,False
2013-12-31 15:50:00,87.34584509,2.387,False
2013-12-31 15:55:00,88.98882678,0.455,False
2013-12-31 16:00:00,88.7721553,0.728,False
2013-12-31 16:05:00,88.39903092,1.254,False
2013-12-31 16:10:00,88.02303540000004,2.011,False
2013-12-31 16:15:00,89.25065664,0.134,False
2013-12-31 16:20:00,89.07775383,0.406,False
2013-12-31 16:25:00,89.41749579,0.121,False
2013-12-31 16:30:00,87.29061172,3.347,False
2013-12-31 16:35:00,88.36515414,1.59,False
2013-12-31 16:40:00,89.05155719,0.438,False
2013-12-31 16:45:00,89.33444756,0.006,False
2013-12-31 16:50:00,88.33957164,1.376,False
2013-12-31 16:55:00,89.60853625,0.373,False
2013-12-31 17:00:00,89.3423499,0.006,False
2013-12-31 17:05:00,87.89068576,2.214,False
2013-12-31 17:10:00,89.4211801,0.136,False
2013-12-31 17:15:00,89.3418334,0.006,False
2013-12-31 17:20:00,88.77601495,0.919,False
2013-12-31 17:25:00,89.33005978,0.012,False
2013-12-31 17:30:00,89.95859951,0.949,False
2013-12-31 17:35:00,87.75157735,2.426,False
2013-12-31 17:40:00,87.98599779,2.068,False
2013-12-31 17:45:00,88.55680240000002,1.146,False
2013-12-31 17:50:00,88.57983084,1.107,False
2013-12-31 17:55:00,88.52949525,1.089,False
2013-12-31 18:00:00,89.98210758,0.821,False
2013-12-31 18:05:00,90.1106514,0.973,False
2013-12-31 18:10:00,89.0467752,0.392,False
2013-12-31 18:15:00,88.32243847,1.369,False
2013-12-31 18:20:00,89.3620601,0.073,False
2013-12-31 18:25:00,88.84336262,0.862,False
2013-12-31 18:30:00,88.86533409999998,0.956,False
2013-12-31 18:35:00,89.10460867,0.921,False
2013-12-31 18:40:00,89.61168709,0.46,False
2013-12-31 18:45:00,90.49467637,0.575,False
2013-12-31 18:50:00,90.32877612,0.194,False
2013-12-31 18:55:00,88.72233074,2.127,False
2013-12-31 19:00:00,90.48488074,0.1,False
2013-12-31 19:05:00,90.26016336,0.311,False
2013-12-31 19:10:00,91.38867313,1.134,False
2013-12-31 19:15:00,90.60569808,0.53,False
2013-12-31 19:20:00,92.33857219,1.186,False
2013-12-31 19:25:00,91.43943817,0.315,False
2013-12-31 19:30:00,92.27434518,0.2,False
2013-12-31 19:35:00,92.8371105,0.681,False
2013-12-31 19:40:00,92.53288242,0.125,False
2013-12-31 19:45:00,91.94994182,0.784,False
2013-12-31 19:50:00,92.58945556,0.021,False
2013-12-31 19:55:00,92.62289663,0.137,False
2013-12-31 20:00:00,94.05744203,0.89,False
2013-12-31 20:05:00,93.83610897,0.019,False
2013-12-31 20:10:00,94.36181804,0.588,False
2013-12-31 20:15:00,94.69496004,0.836,False
2013-12-31 20:20:00,95.02924484,1.129,False
2013-12-31 20:25:00,94.17565234,0.09,False
2013-12-31 20:30:00,94.39445922,0.274,False
2013-12-31 20:35:00,94.25622865,0.067,False
2013-12-31 20:40:00,94.82776083,0.673,False
2013-12-31 20:45:00,94.74061269,0.544,False
2013-12-31 20:50:00,95.48309536,1.5,False
2013-12-31 20:55:00,94.8614873,0.654,False
2013-12-31 21:00:00,94.79135342,0.519,False
2013-12-31 21:05:00,94.07055918,0.386,False
2013-12-31 21:10:00,96.12586836,2.156,False
2013-12-31 21:15:00,94.68594171,0.332,False
2013-12-31 21:20:00,94.21713354,0.343,False
2013-12-31 21:25:00,95.75369717,1.33,False
2013-12-31 21:30:00,94.58511128,0.013,False
2013-12-31 21:35:00,95.36811173,0.864,False
2013-12-31 21:40:00,96.08578019,1.807,False
2013-12-31 21:45:00,94.31965884,0.391,False
2013-12-31 21:50:00,95.66545488,1.22,False
2013-12-31 21:55:00,95.9552957,1.453,False
2013-12-31 22:00:00,94.60658853,0.128,False
2013-12-31 22:05:00,95.46659283,0.86,False
2013-12-31 22:10:00,93.86811496,0.967,False
2013-12-31 22:15:00,95.96336216,1.417,False
2013-12-31 22:20:00,95.65660628,1.06,False
2013-12-31 22:25:00,94.85626218,0.158,False
2013-12-31 22:30:00,95.03003653,0.353,False
2013-12-31 22:35:00,95.38955424,0.748,False
2013-12-31 22:40:00,94.91397375,0.219,False
2013-12-31 22:45:00,93.90294628,0.908,False
2013-12-31 22:50:00,94.9791209,0.277,False
2013-12-31 22:55:00,95.51035764,0.841,False
2013-12-31 23:00:00,95.49245046,0.822,False
2013-12-31 23:05:00,94.9120493,0.219,False
2013-12-31 23:10:00,94.12323797,0.631,False
2013-12-31 23:15:00,95.16992874,0.48,False
2013-12-31 23:20:00,95.56320496,0.945,False
2013-12-31 23:25:00,95.82120463,1.28,False
2013-12-31 23:30:00,95.80876799,1.249,False
2013-12-31 23:35:00,94.42254722,0.296,False
2013-12-31 23:40:00,95.15557927,0.521,False
2013-12-31 23:45:00,94.11514352,0.572,False
2013-12-31 23:50:00,95.33048815,0.692,False
2013-12-31 23:55:00,95.19612651,0.614,False
2014-01-01 00:00:00,93.5254905,1.126,False
2014-01-01 00:05:00,95.28591991,0.823,False
2014-01-01 00:10:00,93.90397098,0.589,False
2014-01-01 00:15:00,95.41508226,1.005,False
2014-01-01 00:20:00,95.21853609,0.862,False
2014-01-01 00:25:00,94.13826486,0.199,False
2014-01-01 00:30:00,95.18953696,0.859,False
2014-01-01 00:35:00,94.30458613,0.005,False
2014-01-01 00:40:00,93.21932668,0.976,False
2014-01-01 00:45:00,94.01579171,0.113,False
2014-01-01 00:50:00,95.04575094,0.907,False
2014-01-01 00:55:00,95.22996706,1.165,False
2014-01-01 01:00:00,93.61598822,0.387,False
2014-01-01 01:05:00,93.20836725,0.739,False
2014-01-01 01:10:00,92.83104101,1.128,False
2014-01-01 01:15:00,94.61932567,0.753,False
2014-01-01 01:20:00,94.36253961,0.531,False
2014-01-01 01:25:00,94.63232872,0.884,False
2014-01-01 01:30:00,92.64656936,1.3,False
2014-01-01 01:35:00,93.594419,0.127,False
2014-01-01 01:40:00,93.86922726,0.267,False
2014-01-01 01:45:00,94.69000603,1.225,False
2014-01-01 01:50:00,93.21273493,0.419,False
2014-01-01 01:55:00,93.22703803,0.359,False
2014-01-01 02:00:00,93.65037383,0.147,False
2014-01-01 02:05:00,94.29357411,0.908,False
2014-01-01 02:10:00,93.5726019,0.145,False
2014-01-01 02:15:00,93.99019254,0.73,False
2014-01-01 02:20:00,93.48692876,0.157,False
2014-01-01 02:25:00,92.04237592,1.488,False
2014-01-01 02:30:00,92.94199916,0.337,False
2014-01-01 02:35:00,92.68868867,0.664,False
2014-01-01 02:40:00,92.50963407,0.883,False
2014-01-01 02:45:00,92.02200339,1.446,False
2014-01-01 02:50:00,93.00455172,0.078,False
2014-01-01 02:55:00,92.98376168,0.013,False
2014-01-01 03:00:00,93.35481125,0.522,False
2014-01-01 03:05:00,92.14193668,0.993,False
2014-01-01 03:10:00,93.83002025,1.441,False
2014-01-01 03:15:00,92.19863873,0.691,False
2014-01-01 03:20:00,93.34438066,0.966,False
2014-01-01 03:25:00,93.76566606,1.701,False
2014-01-01 03:30:00,91.65123601,1.354,False
2014-01-01 03:35:00,92.70512006,0.345,False
2014-01-01 03:40:00,93.51446165,1.617,False
2014-01-01 03:45:00,92.40663479,0.028,False
2014-01-01 03:50:00,92.60605975,0.37,False
2014-01-01 03:55:00,93.405017,1.728,False
2014-01-01 04:00:00,92.02994014,0.312,False
2014-01-01 04:05:00,91.78599108,0.65,False
2014-01-01 04:10:00,93.13256933,1.435,False
2014-01-01 04:15:00,91.91158967,0.402,False
2014-01-01 04:20:00,91.91239129,0.347,False
2014-01-01 04:25:00,91.96009363,0.188,False
2014-01-01 04:30:00,90.96668773,1.747,False
2014-01-01 04:35:00,92.10770456,0.142,False
2014-01-01 04:40:00,92.2244991,0.381,False
2014-01-01 04:45:00,90.96029419,1.518,False
2014-01-01 04:50:00,90.93831501,1.515,False
2014-01-01 04:55:00,92.34609761,0.674,False
2014-01-01 05:00:00,91.3812304,0.769,False
2014-01-01 05:05:00,91.69803329,0.194,False
2014-01-01 05:10:00,91.50247183,0.421,False
2014-01-01 05:15:00,90.91618957,1.231,False
2014-01-01 05:20:00,92.23756309,0.676,False
2014-01-01 05:25:00,92.45630885,1.014,False
2014-01-01 05:30:00,92.21752209,0.716,False
2014-01-01 05:35:00,91.91649425,0.324,False
2014-01-01 05:40:00,91.75651835,0.128,False
2014-01-01 05:45:00,92.37010657,1.187,False
2014-01-01 05:50:00,91.17095499,0.486,False
2014-01-01 05:55:00,91.22808775,0.386,False
2014-01-01 06:00:00,90.20077982,1.837,False
2014-01-01 06:05:00,91.68433105,0.342,False
2014-01-01 06:10:00,91.31409765,0.19,False
2014-01-01 06:15:00,91.42170221,0.006,False
2014-01-01 06:20:00,91.41306215,0.023,False
2014-01-01 06:25:00,91.47041259,0.106,False
2014-01-01 06:30:00,91.74515774,0.557,False
2014-01-01 06:35:00,90.14680642,1.702,False
2014-01-01 06:40:00,90.9582675,0.528,False
2014-01-01 06:45:00,89.63747621,2.405,False
2014-01-01 06:50:00,91.33713981,0.095,False
2014-01-01 06:55:00,91.78199908,0.759,False
2014-01-01 07:00:00,90.07576066,1.629,False
2014-01-01 07:05:00,91.16067054,0.028,False
2014-01-01 07:10:00,89.78936402,1.839,False
2014-01-01 07:15:00,90.96969964,0.207,False
2014-01-01 07:20:00,91.48859038,0.623,False
2014-01-01 07:25:00,90.55183052,0.629,False
2014-01-01 07:30:00,90.89828309,0.089,False
2014-01-01 07:35:00,90.04705646,1.171,False
2014-01-01 07:40:00,91.87837085,1.165,False
2014-01-01 07:45:00,89.95950984,1.216,False
2014-01-01 07:50:00,90.61735977,0.442,False
2014-01-01 07:55:00,89.96380500000002,1.276,False
2014-01-01 08:00:00,90.17090501,0.964,False
2014-01-01 08:05:00,91.24836311,0.325,False
2014-01-01 08:10:00,89.97492603,1.129,False
2014-01-01 08:15:00,91.81372013,0.97,False
2014-01-01 08:20:00,90.3465988,0.804,False
2014-01-01 08:25:00,91.29339405,0.347,False
2014-01-01 08:30:00,89.94377207,1.38,False
2014-01-01 08:35:00,91.19027701,0.238,False
2014-01-01 08:40:00,90.75982849,0.323,False
2014-01-01 08:45:00,90.08327927,1.203,False
2014-01-01 08:50:00,91.57334555,0.792,False
2014-01-01 08:55:00,89.99270097,1.321,False
2014-01-01 09:00:00,90.57714653,0.523,False
2014-01-01 09:05:00,91.6759923,0.749,False
2014-01-01 09:10:00,90.73676167,0.393,False
2014-01-01 09:15:00,89.80911025,1.434,False
2014-01-01 09:20:00,91.87215483,0.892,False
2014-01-01 09:25:00,89.77252631,1.361,False
2014-01-01 09:30:00,89.65076540000004,1.489,False
2014-01-01 09:35:00,91.93846238,0.886,False
2014-01-01 09:40:00,91.07497682,0.045,False
2014-01-01 09:45:00,90.40008412,0.781,False
2014-01-01 09:50:00,89.96510923,1.235,False
2014-01-01 09:55:00,90.87296628,0.319,False
2014-01-01 10:00:00,89.92758505,1.273,False
2014-01-01 10:05:00,90.30325352,0.965,False
2014-01-01 10:10:00,90.92707244,0.347,False
2014-01-01 10:15:00,90.07355625,1.387,False
2014-01-01 10:20:00,91.18899221,0.36,False
2014-01-01 10:25:00,90.9468432,0.712,False
2014-01-01 10:30:00,90.05169846,1.736,False
2014-01-01 10:35:00,91.73282111,0.042,False
2014-01-01 10:40:00,90.32217035,1.65,False
2014-01-01 10:45:00,91.95399182,0.121,False
2014-01-01 10:50:00,90.761707,1.257,False
2014-01-01 10:55:00,92.62293135,0.744,False
2014-01-01 11:00:00,91.04564699,1.176,False
2014-01-01 11:05:00,92.27659907,0.024,False
2014-01-01 11:10:00,92.31976771,0.167,False
2014-01-01 11:15:00,93.17661095,0.403,False
2014-01-01 11:20:00,93.56369802,0.549,False
2014-01-01 11:25:00,93.14486609,0.008,False
2014-01-01 11:30:00,93.27800948,0.125,False
2014-01-01 11:35:00,93.34122262,0.13,False
2014-01-01 11:40:00,93.15896213,0.168,False
2014-01-01 11:45:00,93.53348767,0.106,False
2014-01-01 11:50:00,95.01982175,1.638,False
2014-01-01 11:55:00,92.99670492,0.672,False
2014-01-01 12:00:00,95.44391464,1.882,False
2014-01-01 12:05:00,93.65285584,0.236,False
2014-01-01 12:10:00,95.78313677,1.806,False
2014-01-01 12:15:00,93.80977399,0.87,False
2014-01-01 12:20:00,93.92752619,1.089,False
2014-01-01 12:25:00,94.94598093,0.042,False
2014-01-01 12:30:00,96.26207709,1.283,False
2014-01-01 12:35:00,94.86550734,0.548,False
2014-01-01 12:40:00,94.34227974,1.386,False
2014-01-01 12:45:00,96.7285331,1.274,False
2014-01-01 12:50:00,96.34823128,0.727,False
2014-01-01 12:55:00,95.60318337,0.206,False
2014-01-01 13:00:00,95.92157114,0.081,False
2014-01-01 13:05:00,95.2495639,0.933,False
2014-01-01 13:10:00,96.16843666,0.006,False
2014-01-01 13:15:00,96.74763633,0.619,False
2014-01-01 13:20:00,95.68161387,0.731,False
2014-01-01 13:25:00,95.77515293,0.683,False
2014-01-01 13:30:00,96.40147622,0.09,False
2014-01-01 13:35:00,96.77525634,0.149,False
2014-01-01 13:40:00,96.17789747,0.624,False
2014-01-01 13:45:00,97.07337634,0.355,False
2014-01-01 13:50:00,96.83562393,0.052,False
2014-01-01 13:55:00,98.15882946,1.492,False
2014-01-01 14:00:00,98.04032626,1.236,False
2014-01-01 14:05:00,97.83531487,0.666,False
2014-01-01 14:10:00,96.56011540000002,0.976,False
2014-01-01 14:15:00,98.04855574,0.629,False
2014-01-01 14:20:00,98.13198931,0.505,False
2014-01-01 14:25:00,98.01612948,0.101,False
2014-01-01 14:30:00,96.8030312,1.342,False
2014-01-01 14:35:00,98.69137912,0.702,False
2014-01-01 14:40:00,97.42631299,0.699,False
2014-01-01 14:45:00,98.63303345,0.539,False
2014-01-01 14:50:00,99.37282578,1.29,False
2014-01-01 14:55:00,97.44648292,0.768,False
2014-01-01 15:00:00,97.52168738,0.802,False
2014-01-01 15:05:00,98.88861051,0.394,False
2014-01-01 15:10:00,98.39357004,0.279,False
2014-01-01 15:15:00,99.17334214,0.469,False
2014-01-01 15:20:00,99.32856664,0.603,False
2014-01-01 15:25:00,98.10916573,0.749,False
2014-01-01 15:30:00,100.1757419,1.373,False
2014-01-01 15:35:00,98.76777778,0.142,False
2014-01-01 15:40:00,98.91245993,0.003,False
2014-01-01 15:45:00,98.19517645,0.894,False
2014-01-01 15:50:00,100.5077529,1.346,False
2014-01-01 15:55:00,98.91878356,0.454,False
2014-01-01 16:00:00,98.76336414,0.669,False
2014-01-01 16:05:00,99.81048187,0.378,False
2014-01-01 16:10:00,100.5696147,1.132,False
2014-01-01 16:15:00,98.84983322,0.846,False
2014-01-01 16:20:00,101.1766369,1.229,False
2014-01-01 16:25:00,99.51861298,0.729,False
2014-01-01 16:30:00,99.4268309,0.864,False
2014-01-01 16:35:00,99.46600565,0.795,False
2014-01-01 16:40:00,100.950389,0.546,False
2014-01-01 16:45:00,101.3417117,0.914,False
2014-01-01 16:50:00,101.7399821,1.201,False
2014-01-01 16:55:00,100.8771984,0.343,False
2014-01-01 17:00:00,101.9933787,1.365,False
2014-01-01 17:05:00,101.7210202,1.059,False
2014-01-01 17:10:00,101.1724464,0.513,False
2014-01-01 17:15:00,100.2660166,0.373,False
2014-01-01 17:20:00,100.4216259,0.21,False
2014-01-01 17:25:00,102.4882282,1.664,False
2014-01-01 17:30:00,101.7528691,0.96,False
2014-01-01 17:35:00,101.5506165,0.746,False
2014-01-01 17:40:00,102.5948722,1.751,False
2014-01-01 17:45:00,100.7796195,0.003,False
2014-01-01 17:50:00,102.9439081,2.079,False
2014-01-01 17:55:00,101.580492,0.72,False
2014-01-01 18:00:00,101.3196,0.469,False
2014-01-01 18:05:00,101.6210085,0.79,False
2014-01-01 18:10:00,101.0932079,0.177,False
2014-01-01 18:15:00,100.7709969,0.133,False
2014-01-01 18:20:00,101.7385945,0.772,False
2014-01-01 18:25:00,101.8456701,0.872,False
2014-01-01 18:30:00,100.5176704,0.364,False
2014-01-01 18:35:00,102.4637619,1.447,False
2014-01-01 18:40:00,102.2886027,1.284,False
2014-01-01 18:45:00,101.2843238,0.349,False
2014-01-01 18:50:00,102.0941771,1.155,False
2014-01-01 18:55:00,101.3881966,0.486,False
2014-01-01 19:00:00,101.8010463,0.905,False
2014-01-01 19:05:00,100.9941312,0.086,False
2014-01-01 19:10:00,102.3777955,1.49,False
2014-01-01 19:15:00,100.3193522,0.598,False
2014-01-01 19:20:00,100.7863375,0.128,False
2014-01-01 19:25:00,102.2380199,1.542,False
2014-01-01 19:30:00,100.0764976,0.871,False
2014-01-01 19:35:00,101.9571337,1.298,False
2014-01-01 19:40:00,100.191467,0.75,False
2014-01-01 19:45:00,101.1030516,0.391,False
2014-01-01 19:50:00,101.0628809,0.351,False
2014-01-01 19:55:00,101.8372908,1.364,False
2014-01-01 20:00:00,100.6711993,0.069,False
2014-01-01 20:05:00,100.6078078,0.092,False
2014-01-01 20:10:00,100.5933359,0.056,False
2014-01-01 20:15:00,99.8194088,0.958,False
2014-01-01 20:20:00,101.9052615,1.601,False
2014-01-01 20:25:00,100.694856,0.116,False
2014-01-01 20:30:00,101.0482568,0.632,False
2014-01-01 20:35:00,100.7603685,0.306,False
2014-01-01 20:40:00,101.1307427,0.847,False
2014-01-01 20:45:00,100.447565,0.086,False
2014-01-01 20:50:00,101.1555311,1.154,False
2014-01-01 20:55:00,99.46127338,1.005,False
2014-01-01 21:00:00,99.68143577,0.692,False
2014-01-01 21:05:00,100.9409037,1.091,False
2014-01-01 21:10:00,99.54739299,0.709,False
2014-01-01 21:15:00,99.16204758,1.16,False
2014-01-01 21:20:00,100.5350845,0.77,False
2014-01-01 21:25:00,99.24372306,0.916,False
2014-01-01 21:30:00,99.04404956,1.124,False
2014-01-01 21:35:00,99.97758187,0.171,False
2014-01-01 21:40:00,99.94772496,0.161,False
2014-01-01 21:45:00,100.1828862,0.54,False
2014-01-01 21:50:00,99.43913345,0.431,False
2014-01-01 21:55:00,99.46349369,0.396,False
2014-01-01 22:00:00,99.48358878,0.316,False
2014-01-01 22:05:00,99.15716628,0.684,False
2014-01-01 22:10:00,98.65874047,1.255,False
2014-01-01 22:15:00,99.76110498,0.282,False
2014-01-01 22:20:00,99.49323525,0.036,False
2014-01-01 22:25:00,99.62782779,0.182,False
2014-01-01 22:30:00,98.70416694,1.005,False
2014-01-01 22:35:00,99.55559772,0.122,False
2014-01-01 22:40:00,99.74494378,0.385,False
2014-01-01 22:45:00,100.2254401,1.073,False
2014-01-01 22:50:00,99.85714885,0.587,False
2014-01-01 22:55:00,98.68523758,0.85,False
2014-01-01 23:00:00,98.61926621,0.834,False
2014-01-01 23:05:00,98.31692378,1.077,False
2014-01-01 23:10:00,99.31149556,0.178,False
2014-01-01 23:15:00,99.41600728,0.348,False
2014-01-01 23:20:00,99.01685941,0.053,False
2014-01-01 23:25:00,98.92658728,0.146,False
2014-01-01 23:30:00,99.83592622,0.943,False
2014-01-01 23:35:00,100.0722506,1.223,False
2014-01-01 23:40:00,98.70789553,0.343,False
2014-01-01 23:45:00,98.38602184,0.7,False
2014-01-01 23:50:00,98.88898838,0.103,False
2014-01-01 23:55:00,98.74310463,0.236,False
2014-01-02 00:00:00,99.90239406,1.142,False
2014-01-02 00:05:00,98.32722848,0.672,False
2014-01-02 00:10:00,99.0747294,0.233,False
2014-01-02 00:15:00,98.92604305,0.089,False
2014-01-02 00:20:00,98.25386853,0.623,False
2014-01-02 00:25:00,99.75795356,1.196,False
2014-01-02 00:30:00,98.08420403,0.72,False
2014-01-02 00:35:00,98.24099992,0.526,False
2014-01-02 00:40:00,98.66040477,0.029,False
2014-01-02 00:45:00,97.43580512,1.433,False
2014-01-02 00:50:00,98.84001749,0.209,False
2014-01-02 00:55:00,99.04979081,0.476,False
2014-01-02 01:00:00,99.40010071,0.923,False
2014-01-02 01:05:00,97.62512724,1.11,False
2014-01-02 01:10:00,97.49412435,1.145,False
2014-01-02 01:15:00,97.53776797,0.949,False
2014-01-02 01:20:00,98.96677783,0.732,False
2014-01-02 01:25:00,99.01580657,0.806,False
2014-01-02 01:30:00,98.85817508,0.663,False
2014-01-02 01:35:00,98.98842425,0.858,False
2014-01-02 01:40:00,98.29418226,0.152,False
2014-01-02 01:45:00,98.99219113,1.129,False
2014-01-02 01:50:00,98.57857622,0.887,False
2014-01-02 01:55:00,98.68647412,1.202,False
2014-01-02 02:00:00,96.87299059,0.824,False
2014-01-02 02:05:00,96.90002961,0.717,False
2014-01-02 02:10:00,98.58798482,1.307,False
2014-01-02 02:15:00,96.95238327,0.54,False
2014-01-02 02:20:00,97.68223303,0.507,False
2014-01-02 02:25:00,96.17217837,0.988,False
2014-01-02 02:30:00,97.9510373,1.098,False
2014-01-02 02:35:00,97.4009962,0.55,False
2014-01-02 02:40:00,96.12835774,0.878,False
2014-01-02 02:45:00,96.33010965,0.546,False
2014-01-02 02:50:00,95.94767601,0.857,False
2014-01-02 02:55:00,95.97734544,0.635,False
2014-01-02 03:00:00,97.07054156,0.798,False
2014-01-02 03:05:00,95.20380784,1.221,False
2014-01-02 03:10:00,96.72956453,0.638,False
2014-01-02 03:15:00,97.01436656,1.002,False
2014-01-02 03:20:00,96.41736338,0.423,False
2014-01-02 03:25:00,96.64599224,0.793,False
2014-01-02 03:30:00,94.46593292,1.688,False
2014-01-02 03:35:00,95.58279703,0.187,False
2014-01-02 03:40:00,96.18598849,0.699,False
2014-01-02 03:45:00,95.63112261,0.091,False
2014-01-02 03:50:00,95.84455818,0.584,False
2014-01-02 03:55:00,95.04674042,0.179,False
2014-01-02 04:00:00,94.80439609,0.369,False
2014-01-02 04:05:00,95.18651889,0.305,False
2014-01-02 04:10:00,95.5281332,0.863,False
2014-01-02 04:15:00,93.48074662,1.603,False
2014-01-02 04:20:00,94.27135992,0.475,False
2014-01-02 04:25:00,94.24184452,0.335,False
2014-01-02 04:30:00,94.7830233,0.557,False
2014-01-02 04:35:00,94.5116714,0.311,False
2014-01-02 04:40:00,94.82046794,0.798,False
2014-01-02 04:45:00,93.78968776,0.468,False
2014-01-02 04:50:00,94.02858114,0.101,False
2014-01-02 04:55:00,92.99381518,1.194,False
2014-01-02 05:00:00,92.34191274,1.844,False
2014-01-02 05:05:00,94.31220768,1.405,False
2014-01-02 05:10:00,93.88613742,1.029,False
2014-01-02 05:15:00,92.49558291,0.891,False
2014-01-02 05:20:00,92.90954401,0.166,False
2014-01-02 05:25:00,93.05859789,0.151,False
2014-01-02 05:30:00,92.48729753,0.305,False
2014-01-02 05:35:00,93.1699835,0.96,False
2014-01-02 05:40:00,92.38990125,0.066,False
2014-01-02 05:45:00,91.77159521,0.806,False
2014-01-02 05:50:00,93.17268894,1.102,False
2014-01-02 05:55:00,92.25229077,0.005,False
2014-01-02 06:00:00,92.25980998,0.119,False
2014-01-02 06:05:00,92.07858831,0.006,False
2014-01-02 06:10:00,91.73200506,0.39,False
2014-01-02 06:15:00,92.00158379,0.006,False
2014-01-02 06:20:00,91.41688562,0.653,False
2014-01-02 06:25:00,92.06870684,0.303,False
2014-01-02 06:30:00,91.70191941,0.06,False
2014-01-02 06:35:00,91.68488841,0.039,False
2014-01-02 06:40:00,91.86554981,0.205,False
2014-01-02 06:45:00,91.59099833,0.056,False
2014-01-02 06:50:00,90.00476208,1.762,False
2014-01-02 06:55:00,92.01186535,0.728,False
2014-01-02 07:00:00,91.34371774,0.009,False
2014-01-02 07:05:00,90.18899312,1.22,False
2014-01-02 07:10:00,91.31198143,0.129,False
2014-01-02 07:15:00,91.3276485,0.351,False
2014-01-02 07:20:00,90.89883007,0.007,False
2014-01-02 07:25:00,90.91313581,0.38,False
2014-01-02 07:30:00,89.10044195,1.09,False
2014-01-02 07:35:00,91.06048606,0.982,False
2014-01-02 07:40:00,89.49375514,0.567,False
2014-01-02 07:45:00,90.08350413,0.277,False
2014-01-02 07:50:00,90.12990294,0.553,False
2014-01-02 07:55:00,89.62331707,0.285,False
2014-01-02 08:00:00,87.94802892,0.558,False
2014-01-02 08:05:00,87.7974717,0.078,False
2014-01-02 08:10:00,86.30828323,1.333,False
2014-01-02 08:15:00,83.95560999,3.467,False
2014-01-02 08:20:00,83.48159228,3.765,False
2014-01-02 08:25:00,81.76569975,5.039,False
2014-01-02 08:30:00,80.7652532,5.894,False
2014-01-02 08:35:00,79.34307539,6.669,True
2014-01-02 08:40:00,78.31514811,7.478,True
2014-01-02 08:45:00,78.62598237,7.115,True
2014-01-02 08:50:00,76.35530338,9.035,True
2014-01-02 08:55:00,74.72282209,10.466,True
2014-01-02 09:00:00,75.24190297,9.437,True
2014-01-02 09:05:00,73.07248748,11.174,True
2014-01-02 09:10:00,70.73611835,12.006,True
2014-01-02 09:15:00,70.64496345,12.024,True
2014-01-02 09:20:00,70.07096215,11.343,True
2014-01-02 09:25:00,68.92669167,12.131,True
2014-01-02 09:30:00,68.15031702,12.666,True
2014-01-02 09:35:00,67.06756693,13.412,True
2014-01-02 09:40:00,68.09456879999999,12.655,True
2014-01-02 09:45:00,67.41543115,13.083,True
2014-01-02 09:50:00,67.58208041,12.307,True
2014-01-02 09:55:00,71.05345659,10.573,True
2014-01-02 10:00:00,74.39194308,8.246,True
2014-01-02 10:05:00,78.37222676,5.479,False
2014-01-02 10:10:00,82.54602534,2.817,False
2014-01-02 10:15:00,83.80003703,1.732,False
2014-01-02 10:20:00,86.05459289,0.171,False
2014-01-02 10:25:00,86.55680602,0.196,False
2014-01-02 10:30:00,86.68859989,0.287,False
2014-01-02 10:35:00,86.31910048,0.032,False
2014-01-02 10:40:00,86.64302929,0.311,False
2014-01-02 10:45:00,87.03890921,0.595,False
2014-01-02 10:50:00,87.4074622,0.86,False
2014-01-02 10:55:00,85.68921347,0.374,False
2014-01-02 11:00:00,85.50213993,0.453,False
2014-01-02 11:05:00,87.23784576,0.825,False
2014-01-02 11:10:00,86.80322094,0.513,False
2014-01-02 11:15:00,86.41329244,0.264,False
2014-01-02 11:20:00,86.89388531,0.629,False
2014-01-02 11:25:00,86.50594009,0.296,False
2014-01-02 11:30:00,87.73099199,1.241,False
2014-01-02 11:35:00,86.95956199,0.591,False
2014-01-02 11:40:00,86.32784311,0.045,False
2014-01-02 11:45:00,86.29755944,0.021,False
2014-01-02 11:50:00,87.74909586,1.218,False
2014-01-02 11:55:00,87.31214808,0.862,False
2014-01-02 12:00:00,85.9386812,0.32,False
2014-01-02 12:05:00,87.68990719,1.185,False
2014-01-02 12:10:00,86.17371318,0.134,False
2014-01-02 12:15:00,87.64336298,1.229,False
2014-01-02 12:20:00,86.81007406,0.453,False
2014-01-02 12:25:00,87.10230825,0.737,False
2014-01-02 12:30:00,87.11476608,0.749,False
2014-01-02 12:35:00,86.38852748,0.062,False
2014-01-02 12:40:00,86.09200815,0.219,False
2014-01-02 12:45:00,87.78727679999999,1.386,False
2014-01-02 12:50:00,86.40571727,0.078,False
2014-01-02 12:55:00,85.47529702,0.812,False
2014-01-02 13:00:00,85.47304347,0.814,False
2014-01-02 13:05:00,86.24693868,0.075,False
2014-01-02 13:10:00,87.5772134,1.224,False
2014-01-02 13:15:00,85.66843587,0.661,False
2014-01-02 13:20:00,85.44931632,0.915,False
2014-01-02 13:25:00,86.70835504,0.403,False
2014-01-02 13:30:00,87.72763514,1.432,False
2014-01-02 13:35:00,86.04174634,0.225,False
2014-01-02 13:40:00,86.80029473,0.551,False
2014-01-02 13:45:00,86.87924609,0.647,False
2014-01-02 13:50:00,86.3390005,0.142,False
2014-01-02 13:55:00,85.40223256,0.738,False
2014-01-02 14:00:00,86.08683635,0.088,False
2014-01-02 14:05:00,87.05385686,0.824,False
2014-01-02 14:10:00,86.01694108,0.138,False
2014-01-02 14:15:00,86.82183841,0.652,False
2014-01-02 14:20:00,86.20226406,0.104,False
2014-01-02 14:25:00,86.59495840000002,0.489,False
2014-01-02 14:30:00,87.48336065,1.297,False
2014-01-02 14:35:00,86.81420998,0.746,False
2014-01-02 14:40:00,86.19278220000002,0.256,False
2014-01-02 14:45:00,86.55079523,0.613,False
2014-01-02 14:50:00,85.82512756,0.048,False
2014-01-02 14:55:00,85.85702358,0.143,False
2014-01-02 15:00:00,86.45327798,0.756,False
2014-01-02 15:05:00,86.18520995,0.604,False
2014-01-02 15:10:00,85.16077197,0.255,False
2014-01-02 15:15:00,84.63004000000002,0.658,False
2014-01-02 15:20:00,84.68400602,0.518,False
2014-01-02 15:25:00,84.31197464,0.707,False
2014-01-02 15:30:00,83.93056993,0.853,False
2014-01-02 15:35:00,86.15235654,1.059,False
2014-01-02 15:40:00,85.71211797,0.723,False
2014-01-02 15:45:00,85.21991982,0.344,False
2014-01-02 15:50:00,84.14634798,0.504,False
2014-01-02 15:55:00,83.55426059,0.974,False
2014-01-02 16:00:00,84.15691017,0.497,False
2014-01-02 16:05:00,83.99817969,0.615,False
2014-01-02 16:10:00,84.81904416,0.03,False
2014-01-02 16:15:00,84.83547212,0.044,False
2014-01-02 16:20:00,84.78363454,0.003,False
2014-01-02 16:25:00,84.0507637,0.603,False
2014-01-02 16:30:00,84.06273362,0.593,False
2014-01-02 16:35:00,82.60652718,1.858,False
2014-01-02 16:40:00,82.96708692,1.55,False
2014-01-02 16:45:00,82.24611867,2.095,False
2014-01-02 16:50:00,82.73174477,1.693,False
2014-01-02 16:55:00,83.44382615,1.105,False
2014-01-02 17:00:00,82.73705297,1.644,False
2014-01-02 17:05:00,82.75158659,1.596,False
2014-01-02 17:10:00,80.66013245,3.315,False
2014-01-02 17:15:00,80.19373890000001,3.6,False
2014-01-02 17:20:00,79.7920687,3.824,False
2014-01-02 17:25:00,76.98506040000002,5.868,False
2014-01-02 17:30:00,75.15478849,6.871,True
2014-01-02 17:35:00,75.69149767,6.488,True
2014-01-02 17:40:00,74.72032183,6.915,True
2014-01-02 17:45:00,75.31921247,6.368,True
2014-01-02 17:50:00,77.08124989,5.001,False
2014-01-02 17:55:00,77.96527022,4.329,False
2014-01-02 18:00:00,79.48380684,3.115,False
2014-01-02 18:05:00,80.81857872,2.126,False
2014-01-02 18:10:00,81.40922142,1.741,False
2014-01-02 18:15:00,83.80145072,0.496,False
2014-01-02 18:20:00,83.96109218,0.42,False
2014-01-02 18:25:00,83.21543367,0.789,False
2014-01-02 18:30:00,84.7771023,0.113,False
2014-01-02 18:35:00,84.29216393,0.442,False
2014-01-02 18:40:00,83.98862815,0.529,False
2014-01-02 18:45:00,85.64982183,0.146,False
2014-01-02 18:50:00,85.33169662,0.059,False
2014-01-02 18:55:00,85.93756803,0.066,False
2014-01-02 19:00:00,87.26605022,0.5,False
2014-01-02 19:05:00,85.86738449,0.137,False
2014-01-02 19:10:00,86.5456439,0.132,False
2014-01-02 19:15:00,88.12683011,0.258,False
2014-01-02 19:20:00,88.04317026,0.152,False
2014-01-02 19:25:00,87.67903123,0.067,False
2014-01-02 19:30:00,88.35283273,0.102,False
2014-01-02 19:35:00,87.58134338,0.196,False
2014-01-02 19:40:00,89.2602974,0.381,False
2014-01-02 19:45:00,88.10449982,0.272,False
2014-01-02 19:50:00,89.75871529999998,0.175,False
2014-01-02 19:55:00,90.62805552,0.431,False
2014-01-02 20:00:00,91.41583379,0.733,False
2014-01-02 20:05:00,89.89437529,0.115,False
2014-01-02 20:10:00,91.21899568,0.583,False
2014-01-02 20:15:00,91.6595425,0.699,False
2014-01-02 20:20:00,92.2551412,1.018,False
2014-01-02 20:25:00,92.0275337,0.997,False
2014-01-02 20:30:00,93.50271351,1.739,False
2014-01-02 20:35:00,92.29828767,1.176,False
2014-01-02 20:40:00,94.04535734,2.062,False
2014-01-02 20:45:00,93.06697518,1.557,False
2014-01-02 20:50:00,93.69968524,1.941,False
2014-01-02 20:55:00,92.59702597,1.388,False
2014-01-02 21:00:00,92.52782913,1.438,False
2014-01-02 21:05:00,91.98150585,1.184,False
2014-01-02 21:10:00,92.23059968,1.372,False
2014-01-02 21:15:00,94.04815377,2.607,False
2014-01-02 21:20:00,91.99618867,1.246,False
2014-01-02 21:25:00,92.42489167,1.53,False
2014-01-02 21:30:00,91.31241538,0.807,False
2014-01-02 21:35:00,93.39742974,2.216,False
2014-01-02 21:40:00,92.9563434,1.883,False
2014-01-02 21:45:00,92.76993607,1.823,False
2014-01-02 21:50:00,92.63245472,1.729,False
2014-01-02 21:55:00,90.82450683,0.468,False
2014-01-02 22:00:00,90.52507735,0.27,False
2014-01-02 22:05:00,91.40058207,0.85,False
2014-01-02 22:10:00,91.73142987,1.048,False
2014-01-02 22:15:00,91.47876457,0.864,False
2014-01-02 22:20:00,91.75934405,1.043,False
2014-01-02 22:25:00,91.72676640000002,1.022,False
2014-01-02 22:30:00,90.08738705,0.02,False
2014-01-02 22:35:00,91.80366809,1.071,False
2014-01-02 22:40:00,89.38491363,0.462,False
2014-01-02 22:45:00,90.33817691,0.138,False
2014-01-02 22:50:00,90.67748199,0.352,False
2014-01-02 22:55:00,89.47614676,0.405,False
2014-01-02 23:00:00,89.04196082,0.597,False
2014-01-02 23:05:00,90.92029795,0.765,False
2014-01-02 23:10:00,90.56175276,0.671,False
2014-01-02 23:15:00,88.68593841,0.483,False
2014-01-02 23:20:00,88.35503548,0.6,False
2014-01-02 23:25:00,89.07119846,0.01,False
2014-01-02 23:30:00,88.93945342,0.037,False
2014-01-02 23:35:00,90.15025403,0.91,False
2014-01-02 23:40:00,89.51528422,0.547,False
2014-01-02 23:45:00,88.28563061,0.286,False
2014-01-02 23:50:00,88.67868535,0.003,False
2014-01-02 23:55:00,88.46633011,0.079,False
2014-01-03 00:00:00,87.96853045,0.371,False
2014-01-03 00:05:00,88.81530098,0.399,False
2014-01-03 00:10:00,87.3077584,0.905,False
2014-01-03 00:15:00,88.68598164,0.402,False
2014-01-03 00:20:00,88.37172779,0.188,False
2014-01-03 00:25:00,87.75024112,0.276,False
2014-01-03 00:30:00,88.13650496,0.247,False
2014-01-03 00:35:00,86.67981691,0.983,False
2014-01-03 00:40:00,87.63706246,0.095,False
2014-01-03 00:45:00,88.18641789,0.412,False
2014-01-03 00:50:00,86.27844407,1.375,False
2014-01-03 00:55:00,86.99257052,0.663,False
2014-01-03 01:00:00,86.36979703,1.183,False
2014-01-03 01:05:00,86.46681784,1.093,False
2014-01-03 01:10:00,85.45984968,2.022,False
2014-01-03 01:15:00,86.70884985,0.888,False
2014-01-03 01:20:00,86.70719118,0.889,False
2014-01-03 01:25:00,87.34512473,0.306,False
2014-01-03 01:30:00,87.60582274,0.039,False
2014-01-03 01:35:00,85.67567721,1.972,False
2014-01-03 01:40:00,87.22500317,0.451,False
2014-01-03 01:45:00,86.88021118,0.868,False
2014-01-03 01:50:00,86.70311133,1.069,False
2014-01-03 01:55:00,87.76354479,0.135,False
2014-01-03 02:00:00,85.70825305,2.306,False
2014-01-03 02:05:00,87.23519526,0.488,False
2014-01-03 02:10:00,87.39095437,0.302,False
2014-01-03 02:15:00,87.56376217,0.096,False
2014-01-03 02:20:00,87.18013695,0.553,False
2014-01-03 02:25:00,86.202937,1.761,False
2014-01-03 02:30:00,87.72876576,0.1,False
2014-01-03 02:35:00,86.43525592,1.373,False
2014-01-03 02:40:00,85.99005185,1.97,False
2014-01-03 02:45:00,86.91699974,0.889,False
2014-01-03 02:50:00,87.06967677,0.685,False
2014-01-03 02:55:00,87.3243692,0.37,False
2014-01-03 03:00:00,87.12654053,0.579,False
2014-01-03 03:05:00,87.56901799,0.085,False
2014-01-03 03:10:00,86.25383374,1.445,False
2014-01-03 03:15:00,86.21579648,1.613,False
2014-01-03 03:20:00,87.50790094,0.16,False
2014-01-03 03:25:00,86.66155595,1.061,False
2014-01-03 03:30:00,86.7335566,0.985,False
2014-01-03 03:35:00,87.66514068,0.006,False
2014-01-03 03:40:00,88.60762944,0.969,False
2014-01-03 03:45:00,87.869214,0.124,False
2014-01-03 03:50:00,86.91539341,0.837,False
2014-01-03 03:55:00,86.92065528,0.88,False
2014-01-03 04:00:00,88.46084295,0.617,False
2014-01-03 04:05:00,89.07656535,1.185,False
2014-01-03 04:10:00,87.82631392,0.193,False
2014-01-03 04:15:00,89.00618314,0.81,False
2014-01-03 04:20:00,88.62507017,0.328,False
2014-01-03 04:25:00,87.65227218,0.777,False
2014-01-03 04:30:00,88.10505453,0.364,False
2014-01-03 04:35:00,89.04199909,0.582,False
2014-01-03 04:40:00,88.2987213,0.239,False
2014-01-03 04:45:00,89.10382585,0.585,False
2014-01-03 04:50:00,88.92304712,0.368,False
2014-01-03 04:55:00,88.89741834,0.326,False
2014-01-03 05:00:00,87.93137214,0.733,False
2014-01-03 05:05:00,90.28704345,1.767,False
2014-01-03 05:10:00,90.24894377,1.656,False
2014-01-03 05:15:00,89.49170243,0.738,False
2014-01-03 05:20:00,88.84949943,0.05,False
2014-01-03 05:25:00,90.44289975,1.644,False
2014-01-03 05:30:00,90.18228773,1.383,False
2014-01-03 05:35:00,88.53329247,0.371,False
2014-01-03 05:40:00,88.58156446,0.334,False
2014-01-03 05:45:00,88.32147590000002,0.635,False
2014-01-03 05:50:00,90.35126607,1.497,False
2014-01-03 05:55:00,90.29484224,1.392,False
2014-01-03 06:00:00,88.71483252,0.322,False
2014-01-03 06:05:00,90.49639155,1.463,False
2014-01-03 06:10:00,89.39905036,0.346,False
2014-01-03 06:15:00,88.42508743,0.682,False
2014-01-03 06:20:00,88.59150579,0.537,False
2014-01-03 06:25:00,88.90679279999998,0.227,False
2014-01-03 06:30:00,90.55695715,1.531,False
2014-01-03 06:35:00,89.20834620000002,0.035,False
2014-01-03 06:40:00,90.25847155,1.158,False
2014-01-03 06:45:00,89.28095637,0.112,False
2014-01-03 06:50:00,90.100051,0.94,False
2014-01-03 06:55:00,90.32928473,1.171,False
2014-01-03 07:00:00,89.98486609,0.795,False
2014-01-03 07:05:00,90.03168726,0.81,False
2014-01-03 07:10:00,90.58844422,1.428,False
2014-01-03 07:15:00,90.00108313,0.684,False
2014-01-03 07:20:00,89.44579235,0.026,False
2014-01-03 07:25:00,89.58302971,0.172,False
2014-01-03 07:30:00,88.50709001,1.053,False
2014-01-03 07:35:00,89.84298745,0.405,False
2014-01-03 07:40:00,88.8814703,0.69,False
2014-01-03 07:45:00,89.97021989,0.5,False
2014-01-03 07:50:00,88.75358473,0.781,False
2014-01-03 07:55:00,90.17327138,0.683,False
2014-01-03 08:00:00,89.69173264,0.188,False
2014-01-03 08:05:00,88.98165358,0.53,False
2014-01-03 08:10:00,90.23483402,0.788,False
2014-01-03 08:15:00,88.5273052,1.018,False
2014-01-03 08:20:00,89.77296161,0.315,False
2014-01-03 08:25:00,89.46412113,0.094,False
2014-01-03 08:30:00,88.49690097,1.2,False
2014-01-03 08:35:00,90.37960484,1.015,False
2014-01-03 08:40:00,89.76715579,0.317,False
2014-01-03 08:45:00,90.3960986,0.967,False
2014-01-03 08:50:00,89.082631,0.519,False
2014-01-03 08:55:00,90.44009104,1.059,False
2014-01-03 09:00:00,90.58487216,1.342,False
2014-01-03 09:05:00,89.00465603,0.513,False
2014-01-03 09:10:00,89.32412407,0.146,False
2014-01-03 09:15:00,89.14457402,0.357,False
2014-01-03 09:20:00,90.55343188,1.274,False
2014-01-03 09:25:00,89.10739418,0.528,False
2014-01-03 09:30:00,89.51362755,0.089,False
2014-01-03 09:35:00,88.66458889,1.177,False
2014-01-03 09:40:00,88.21022327,1.826,False
2014-01-03 09:45:00,89.23458975,0.451,False
2014-01-03 09:50:00,90.17697537,0.705,False
2014-01-03 09:55:00,88.71191689,1.002,False
2014-01-03 10:00:00,89.90468513,0.454,False
2014-01-03 10:05:00,88.84538954,0.896,False
2014-01-03 10:10:00,90.59249864,1.358,False
2014-01-03 10:15:00,89.59324771,0.058,False
2014-01-03 10:20:00,88.59303386,1.182,False
2014-01-03 10:25:00,90.03241947,0.617,False
2014-01-03 10:30:00,89.95272847,0.509,False
2014-01-03 10:35:00,89.77518035,0.169,False
2014-01-03 10:40:00,88.20684656,1.62,False
2014-01-03 10:45:00,88.26816285,1.752,False
2014-01-03 10:50:00,88.925876,0.914,False
2014-01-03 10:55:00,88.20851725,1.897,False
2014-01-03 11:00:00,89.46584931,0.3,False
2014-01-03 11:05:00,89.28633231,0.54,False
2014-01-03 11:10:00,89.83081717,0.113,False
2014-01-03 11:15:00,90.13668356,0.524,False
2014-01-03 11:20:00,89.70196636,0.093,False
2014-01-03 11:25:00,89.86723141,0.128,False
2014-01-03 11:30:00,89.03324718,0.981,False
2014-01-03 11:35:00,89.32844598,0.638,False
2014-01-03 11:40:00,89.71805843,0.139,False
2014-01-03 11:45:00,88.85369969999998,1.198,False
2014-01-03 11:50:00,89.04990927,0.961,False
2014-01-03 11:55:00,89.34880242,0.62,False
2014-01-03 12:00:00,88.80070422,1.253,False
2014-01-03 12:05:00,88.99783403,1.025,False
2014-01-03 12:10:00,89.82307731,0.121,False
2014-01-03 12:15:00,90.50498861,0.539,False
2014-01-03 12:20:00,90.25498594,0.215,False
2014-01-03 12:25:00,90.28477262,0.243,False
2014-01-03 12:30:00,90.43646233,0.32,False
2014-01-03 12:35:00,90.02479128,0.115,False
2014-01-03 12:40:00,88.93733726,1.163,False
2014-01-03 12:45:00,89.16321068,1.052,False
2014-01-03 12:50:00,89.29830332,0.944,False
2014-01-03 12:55:00,90.29788953,0.044,False
2014-01-03 13:00:00,91.37836607,1.011,False
2014-01-03 13:05:00,90.63908034,0.179,False
2014-01-03 13:10:00,91.29684434,0.824,False
2014-01-03 13:15:00,89.48974781,1.169,False
2014-01-03 13:20:00,91.63561264,1.228,False
2014-01-03 13:25:00,90.39010504,0.484,False
2014-01-03 13:30:00,90.49980404,0.674,False
2014-01-03 13:35:00,89.47661767,2.059,False
2014-01-03 13:40:00,91.46078763,0.142,False
2014-01-03 13:45:00,91.59822547,0.215,False
2014-01-03 13:50:00,90.94507459,0.748,False
2014-01-03 13:55:00,91.22254165,0.515,False
2014-01-03 14:00:00,92.88887792,1.603,False
2014-01-03 14:05:00,92.27634399,0.554,False
2014-01-03 14:10:00,91.73015803,0.35,False
2014-01-03 14:15:00,92.30789722,0.411,False
2014-01-03 14:20:00,92.80488388,1.018,False
2014-01-03 14:25:00,94.9220929,3.659,False
2014-01-03 14:30:00,94.9833025,3.489,False
2014-01-03 14:35:00,95.80802397,4.482,False
2014-01-03 14:40:00,95.54177624,3.993,False
2014-01-03 14:45:00,94.42250065,2.459,False
2014-01-03 14:50:00,95.14304752,3.228,False
2014-01-03 14:55:00,93.35505987,1.339,False
2014-01-03 15:00:00,95.47641797,3.501,False
2014-01-03 15:05:00,94.95828073,3.19,False
2014-01-03 15:10:00,93.34390753,1.25,False
2014-01-03 15:15:00,94.1819936,2.017,False
2014-01-03 15:20:00,93.71663028,1.407,False
2014-01-03 15:25:00,94.90396137,2.58,False
2014-01-03 15:30:00,94.16421813,1.73,False
2014-01-03 15:35:00,92.8386063,0.468,False
2014-01-03 15:40:00,92.38627723,0.047,False
2014-01-03 15:45:00,92.68313044,0.236,False
2014-01-03 15:50:00,91.99726074,0.433,False
2014-01-03 15:55:00,92.52968483,0.101,False
2014-01-03 16:00:00,92.14585776,0.309,False
2014-01-03 16:05:00,93.54644279,1.186,False
2014-01-03 16:10:00,92.74830746,0.304,False
2014-01-03 16:15:00,92.74978411,0.282,False
2014-01-03 16:20:00,92.05384054,0.526,False
2014-01-03 16:25:00,93.41527475,1.06,False
2014-01-03 16:30:00,91.9892254,0.601,False
2014-01-03 16:35:00,92.62966305,0.145,False
2014-01-03 16:40:00,92.74278558,0.294,False
2014-01-03 16:45:00,92.94321876,0.542,False
2014-01-03 16:50:00,92.24538066,0.303,False
2014-01-03 16:55:00,92.09029363,0.473,False
2014-01-03 17:00:00,92.65225308,0.167,False
2014-01-03 17:05:00,92.79796008,0.414,False
2014-01-03 17:10:00,91.23451841,1.525,False
2014-01-03 17:15:00,92.07604133,0.463,False
2014-01-03 17:20:00,93.23925936,0.917,False
2014-01-03 17:25:00,93.13175174,0.814,False
2014-01-03 17:30:00,91.53161476,1.047,False
2014-01-03 17:35:00,91.67790646,0.874,False
2014-01-03 17:40:00,93.04174066,0.849,False
2014-01-03 17:45:00,91.49447902,1.055,False
2014-01-03 17:50:00,92.69900213,0.666,False
2014-01-03 17:55:00,91.27674649,1.128,False
2014-01-03 18:00:00,91.84845825,0.323,False
2014-01-03 18:05:00,92.81035048,1.006,False
2014-01-03 18:10:00,93.11365539,1.423,False
2014-01-03 18:15:00,91.29086352,1.085,False
2014-01-03 18:20:00,92.03216075,0.045,False
2014-01-03 18:25:00,92.83615831,1.087,False
2014-01-03 18:30:00,91.49108944,0.809,False
2014-01-03 18:35:00,92.48426846,0.625,False
2014-01-03 18:40:00,91.28060571,1.128,False
2014-01-03 18:45:00,92.04318934,0.005,False
2014-01-03 18:50:00,92.0829413,0.059,False
2014-01-03 18:55:00,92.33796222,0.417,False
2014-01-03 19:00:00,91.20097518,1.145,False
2014-01-03 19:05:00,92.4427577,0.537,False
2014-01-03 19:10:00,92.5266086,0.665,False
2014-01-03 19:15:00,91.86942798,0.226,False
2014-01-03 19:20:00,91.10636048,1.233,False
2014-01-03 19:25:00,91.5694939,0.62,False
2014-01-03 19:30:00,91.42275921,0.808,False
2014-01-03 19:35:00,91.93945394,0.125,False
2014-01-03 19:40:00,91.87586899,0.199,False
2014-01-03 19:45:00,91.41586433,0.781,False
2014-01-03 19:50:00,91.2157981,0.919,False
2014-01-03 19:55:00,91.62863123,0.425,False
2014-01-03 20:00:00,92.04130903,0.064,False
2014-01-03 20:05:00,92.44876633,0.584,False
2014-01-03 20:10:00,91.38261566,0.655,False
2014-01-03 20:15:00,91.94847326,0.003,False
2014-01-03 20:20:00,91.27076746,0.785,False
2014-01-03 20:25:00,91.35000288,0.688,False
2014-01-03 20:30:00,93.1153972,1.377,False
2014-01-03 20:35:00,92.0499181,0.128,False
2014-01-03 20:40:00,91.79038469,0.186,False
2014-01-03 20:45:00,91.18554567,0.962,False
2014-01-03 20:50:00,91.92237367,0.042,False
2014-01-03 20:55:00,91.57983106,0.509,False
2014-01-03 21:00:00,92.03457295,0.09,False
2014-01-03 21:05:00,93.0183055,1.328,False
2014-01-03 21:10:00,93.34532541,1.76,False
2014-01-03 21:15:00,91.21710446,0.932,False
2014-01-03 21:20:00,92.43345991,0.588,False
2014-01-03 21:25:00,92.8098316,1.006,False
2014-01-03 21:30:00,91.59374196,0.449,False
2014-01-03 21:35:00,91.7360828,0.318,False
2014-01-03 21:40:00,92.45505492,0.531,False
2014-01-03 21:45:00,91.17826854,1.019,False
2014-01-03 21:50:00,91.37048067,0.774,False
2014-01-03 21:55:00,92.86806189,0.959,False
2014-01-03 22:00:00,93.16316772,1.275,False
2014-01-03 22:05:00,91.64023473,0.448,False
2014-01-03 22:10:00,92.62432569,0.65,False
2014-01-03 22:15:00,93.00742899,1.065,False
2014-01-03 22:20:00,92.39463959,0.369,False
2014-01-03 22:25:00,91.4287404,0.724,False
2014-01-03 22:30:00,92.89795823,0.722,False
2014-01-03 22:35:00,91.94370925,0.347,False
2014-01-03 22:40:00,92.17943645,0.217,False
2014-01-03 22:45:00,91.25303282,1.142,False
2014-01-03 22:50:00,92.02616803,0.39,False
2014-01-03 22:55:00,92.42890014,0.002,False
2014-01-03 23:00:00,91.75610675,0.663,False
2014-01-03 23:05:00,91.95959548,0.463,False
2014-01-03 23:10:00,91.258303,1.126,False
2014-01-03 23:15:00,92.97942601,0.549,False
2014-01-03 23:20:00,91.16741579,1.214,False
2014-01-03 23:25:00,91.37114684,1.016,False
2014-01-03 23:30:00,92.40117771,0.027,False
2014-01-03 23:35:00,92.18698135,0.222,False
2014-01-03 23:40:00,92.60152442,0.178,False
2014-01-03 23:45:00,91.9779753,0.412,False
2014-01-03 23:50:00,92.89076075,0.454,False
2014-01-03 23:55:00,93.22542746,0.773,False
2014-01-04 00:00:00,91.67778125,0.695,False
2014-01-04 00:05:00,91.57388617,0.793,False
2014-01-04 00:10:00,93.13693942,0.704,False
2014-01-04 00:15:00,93.0028204,0.59,False
2014-01-04 00:20:00,93.11146584,0.703,False
2014-01-04 00:25:00,93.30556207,0.997,False
2014-01-04 00:30:00,93.9609695,1.747,False
2014-01-04 00:35:00,93.95415388,1.741,False
2014-01-04 00:40:00,92.73828754,0.546,False
2014-01-04 00:45:00,93.35181721,1.228,False
2014-01-04 00:50:00,95.0591541,2.93,False
2014-01-04 00:55:00,95.53344283,3.372,False
2014-01-04 01:00:00,94.52004392,2.475,False
2014-01-04 01:05:00,93.65161243,1.668,False
2014-01-04 01:10:00,95.46219248,3.45,False
2014-01-04 01:15:00,95.35321827,3.359,False
2014-01-04 01:20:00,95.17640223,3.201,False
2014-01-04 01:25:00,94.18775709,2.267,False
2014-01-04 01:30:00,92.57889531,0.683,False
2014-01-04 01:35:00,94.18912169,2.449,False
2014-01-04 01:40:00,92.95731042,1.171,False
2014-01-04 01:45:00,92.71709048,0.926,False
2014-01-04 01:50:00,91.71731446,0.092,False
2014-01-04 01:55:00,91.60548967,0.172,False
2014-01-04 02:00:00,91.60200497,0.133,False
2014-01-04 02:05:00,92.39731261,0.681,False
2014-01-04 02:10:00,91.81453916,0.16,False
2014-01-04 02:15:00,91.47478998,0.173,False
2014-01-04 02:20:00,91.19099413,0.412,False
2014-01-04 02:25:00,92.42996876,0.794,False
2014-01-04 02:30:00,90.99331782,0.613,False
2014-01-04 02:35:00,90.57161276,1.029,False
2014-01-04 02:40:00,90.55287286,1.037,False
2014-01-04 02:45:00,91.92641876,0.329,False
2014-01-04 02:50:00,91.44238931,0.142,False
2014-01-04 02:55:00,89.93974064,1.584,False
2014-01-04 03:00:00,91.49284402,0.073,False
2014-01-04 03:05:00,91.42246426,0.135,False
2014-01-04 03:10:00,91.36886602,0.155,False
2014-01-04 03:15:00,91.55840696,0.033,False
2014-01-04 03:20:00,91.80080029,0.279,False
2014-01-04 03:25:00,89.91869742,1.59,False
2014-01-04 03:30:00,91.47960563,0.002,False
2014-01-04 03:35:00,91.36095518,0.104,False
2014-01-04 03:40:00,91.42556291,0.035,False
2014-01-04 03:45:00,91.35574414,0.09,False
2014-01-04 03:50:00,90.13897747,1.363,False
2014-01-04 03:55:00,90.17086022,1.36,False
2014-01-04 04:00:00,91.85817152,0.446,False
2014-01-04 04:05:00,90.76161106,0.728,False
2014-01-04 04:10:00,91.43699992,0.005,False
2014-01-04 04:15:00,89.96939968,1.708,False
2014-01-04 04:20:00,91.62335531,0.243,False
2014-01-04 04:25:00,91.33443282,0.162,False
2014-01-04 04:30:00,91.07681558,0.55,False
2014-01-04 04:35:00,90.79230387,1.03,False
2014-01-04 04:40:00,91.90982526,0.743,False
2014-01-04 04:45:00,90.5747328,1.375,False
2014-01-04 04:50:00,90.52078246,1.461,False
2014-01-04 04:55:00,89.62604996,2.737,False
2014-01-04 05:00:00,90.06017044,1.911,False
2014-01-04 05:05:00,91.31844225,0.158,False
2014-01-04 05:10:00,91.36369379,0.1,False
2014-01-04 05:15:00,90.42143474,1.183,False
2014-01-04 05:20:00,90.45240444,1.059,False
2014-01-04 05:25:00,91.56059052,0.104,False
2014-01-04 05:30:00,91.88785992,0.447,False
2014-01-04 05:35:00,91.19647378,0.295,False
2014-01-04 05:40:00,90.18435985,1.404,False
2014-01-04 05:45:00,91.68002026,0.126,False
2014-01-04 05:50:00,91.44105919,0.121,False
2014-01-04 05:55:00,91.89639328,0.303,False
2014-01-04 06:00:00,90.24914003,1.38,False
2014-01-04 06:05:00,90.20730518,1.45,False
2014-01-04 06:10:00,92.14537464,0.364,False
2014-01-04 06:15:00,92.06169783,0.235,False
2014-01-04 06:20:00,90.60066686,1.008,False
2014-01-04 06:25:00,91.15441106,0.553,False
2014-01-04 06:30:00,91.28661434,0.444,False
2014-01-04 06:35:00,92.51263748,0.525,False
2014-01-04 06:40:00,90.78679332,0.869,False
2014-01-04 06:45:00,93.07774914,0.94,False
2014-01-04 06:50:00,92.2854328,0.318,False
2014-01-04 06:55:00,92.88743248,0.782,False
2014-01-04 07:00:00,93.28416384,1.101,False
2014-01-04 07:05:00,93.29382851,1.111,False
2014-01-04 07:10:00,91.93688094,0.052,False
2014-01-04 07:15:00,92.30990179,0.322,False
2014-01-04 07:20:00,92.24009811,0.271,False
2014-01-04 07:25:00,93.67309354,1.364,False
2014-01-04 07:30:00,91.64627228,0.198,False
2014-01-04 07:35:00,93.6824898,1.316,False
2014-01-04 07:40:00,92.76222956,0.615,False
2014-01-04 07:45:00,93.15500197,0.845,False
2014-01-04 07:50:00,92.61090365,0.367,False
2014-01-04 07:55:00,94.16897175,1.388,False
2014-01-04 08:00:00,93.2270407,0.697,False
2014-01-04 08:05:00,93.10335967,0.624,False
2014-01-04 08:10:00,94.3865292,1.552,False
2014-01-04 08:15:00,93.18474177,0.683,False
2014-01-04 08:20:00,93.64378132,1.049,False
2014-01-04 08:25:00,94.17650902,1.496,False
2014-01-04 08:30:00,93.06276036,0.635,False
2014-01-04 08:35:00,92.63598132,0.296,False
2014-01-04 08:40:00,93.50906317,0.947,False
2014-01-04 08:45:00,93.90701898,1.244,False
2014-01-04 08:50:00,93.12365558,0.639,False
2014-01-04 08:55:00,93.49378073,0.87,False
2014-01-04 09:00:00,92.24137779,0.0,False
2014-01-04 09:05:00,93.59036215,0.904,False
2014-01-04 09:10:00,91.79904221,0.296,False
2014-01-04 09:15:00,93.16156978,0.599,False
2014-01-04 09:20:00,91.52078318,0.457,False
2014-01-04 09:25:00,90.79351931,0.919,False
2014-01-04 09:30:00,92.21501562,0.016,False
2014-01-04 09:35:00,90.51321417,1.065,False
2014-01-04 09:40:00,90.99281797,0.738,False
2014-01-04 09:45:00,91.04468909,0.683,False
2014-01-04 09:50:00,90.67885574,0.814,False
2014-01-04 09:55:00,91.68335428,0.15,False
2014-01-04 10:00:00,91.85186979,0.048,False
2014-01-04 10:05:00,90.82763564,0.583,False
2014-01-04 10:10:00,92.46375702,0.349,False
2014-01-04 10:15:00,91.56549305,0.095,False
2014-01-04 10:20:00,92.72264496,0.566,False
2014-01-04 10:25:00,91.62004618,0.007,False
2014-01-04 10:30:00,93.32736791,0.93,False
2014-01-04 10:35:00,91.94185605,0.195,False
2014-01-04 10:40:00,94.3769476,1.512,False
2014-01-04 10:45:00,94.15202089,1.411,False
2014-01-04 10:50:00,93.96676647,1.337,False
2014-01-04 10:55:00,92.59682306,0.59,False
2014-01-04 11:00:00,92.2676239,0.414,False
2014-01-04 11:05:00,91.59615751,0.053,False
2014-01-04 11:10:00,90.99845022,0.243,False
2014-01-04 11:15:00,91.96186343,0.229,False
2014-01-04 11:20:00,90.69784288,0.382,False
2014-01-04 11:25:00,91.04016879,0.214,False
2014-01-04 11:30:00,90.2613402,0.582,False
2014-01-04 11:35:00,90.60871105,0.413,False
2014-01-04 11:40:00,88.61797935,1.246,False
2014-01-04 11:45:00,87.63102383,1.539,False
2014-01-04 11:50:00,89.5491707,0.761,False
2014-01-04 11:55:00,87.15911177,1.657,False
2014-01-04 12:00:00,87.29203003,1.502,False
2014-01-04 12:05:00,86.19664227,1.829,False
2014-01-04 12:10:00,87.36805522,1.345,False
2014-01-04 12:15:00,85.59690333,1.896,False
2014-01-04 12:20:00,85.0895309,2.037,False
2014-01-04 12:25:00,84.78309067,2.105,False
2014-01-04 12:30:00,85.63753275,1.821,False
2014-01-04 12:35:00,86.84406805,1.392,False
2014-01-04 12:40:00,86.55877955,1.487,False
2014-01-04 12:45:00,85.78645888,1.743,False
2014-01-04 12:50:00,86.26386495,1.577,False
2014-01-04 12:55:00,88.35317421,0.884,False
2014-01-04 13:00:00,88.35774409,0.86,False
2014-01-04 13:05:00,88.95714704,0.633,False
2014-01-04 13:10:00,89.056602,0.598,False
2014-01-04 13:15:00,88.63126514,0.665,False
2014-01-04 13:20:00,89.66409901,0.311,False
2014-01-04 13:25:00,89.37232990000004,0.373,False
2014-01-04 13:30:00,90.81067966,0.1,False
2014-01-04 13:35:00,91.73069577,0.396,False
2014-01-04 13:40:00,91.46761716,0.33,False
2014-01-04 13:45:00,91.24681117,0.302,False
2014-01-04 13:50:00,93.72943899,1.015,False
2014-01-04 13:55:00,94.30203677,1.187,False
2014-01-04 14:00:00,92.48510315,0.709,False
2014-01-04 14:05:00,93.45657833,0.981,False
2014-01-04 14:10:00,93.61830228,1.035,False
2014-01-04 14:15:00,93.60539528,1.049,False
2014-01-04 14:20:00,92.7269112,0.848,False
2014-01-04 14:25:00,92.94064299,0.914,False
2014-01-04 14:30:00,94.38044486,1.32,False
2014-01-04 14:35:00,93.11945823,0.999,False
2014-01-04 14:40:00,92.04524715,0.774,False
2014-01-04 14:45:00,93.24725478,1.094,False
2014-01-04 14:50:00,91.67172502,0.653,False
2014-01-04 14:55:00,91.38053116,0.576,False
2014-01-04 15:00:00,92.59803766,0.883,False
2014-01-04 15:05:00,92.01369499,0.733,False
2014-01-04 15:10:00,91.21549273,0.525,False
2014-01-04 15:15:00,89.80283629,0.118,False
2014-01-04 15:20:00,90.90663557,0.442,False
2014-01-04 15:25:00,90.25416402,0.218,False
2014-01-04 15:30:00,89.90282158,0.055,False
2014-01-04 15:35:00,90.3082237,0.155,False
2014-01-04 15:40:00,90.02237887,0.06,False
2014-01-04 15:45:00,90.62001609,0.238,False
2014-01-04 15:50:00,90.02287242,0.022,False
2014-01-04 15:55:00,88.31997669,0.643,False
2014-01-04 16:00:00,89.3313199,0.27,False
2014-01-04 16:05:00,89.42048784,0.239,False
2014-01-04 16:10:00,87.56805223,0.985,False
2014-01-04 16:15:00,88.40558850000002,0.71,False
2014-01-04 16:20:00,87.88621664,1.009,False
2014-01-04 16:25:00,86.95044572,1.454,False
2014-01-04 16:30:00,87.84611993,1.103,False
2014-01-04 16:35:00,86.35544954,1.646,False
2014-01-04 16:40:00,87.19977741,1.263,False
2014-01-04 16:45:00,87.95288041,0.935,False
2014-01-04 16:50:00,86.56037467,1.494,False
2014-01-04 16:55:00,87.25380707,1.241,False
2014-01-04 17:00:00,86.19086695,1.676,False
2014-01-04 17:05:00,86.93796654,1.37,False
2014-01-04 17:10:00,87.04718225,1.387,False
2014-01-04 17:15:00,88.14996668,0.921,False
2014-01-04 17:20:00,88.52370898,0.753,False
2014-01-04 17:25:00,88.32348564,0.843,False
2014-01-04 17:30:00,89.44828961,0.319,False
2014-01-04 17:35:00,88.83122109,0.639,False
2014-01-04 17:40:00,88.52282503,0.833,False
2014-01-04 17:45:00,89.33788494,0.398,False
2014-01-04 17:50:00,90.021416,0.012,False
2014-01-04 17:55:00,89.3118579,0.432,False
2014-01-04 18:00:00,90.57940378,0.364,False
2014-01-04 18:05:00,90.56118173,0.377,False
2014-01-04 18:10:00,91.29508931,0.913,False
2014-01-04 18:15:00,91.7221149,1.241,False
2014-01-04 18:20:00,90.93211827,0.66,False
2014-01-04 18:25:00,90.50786704,0.357,False
2014-01-04 18:30:00,91.30657302,0.934,False
2014-01-04 18:35:00,89.80068370000002,0.14,False
2014-01-04 18:40:00,90.9178717,0.67,False
2014-01-04 18:45:00,89.72467894,0.17,False
2014-01-04 18:50:00,89.99049073,0.026,False
2014-01-04 18:55:00,90.77498271,0.614,False
2014-01-04 19:00:00,90.43807578,0.379,False
2014-01-04 19:05:00,90.00421297,0.065,False
2014-01-04 19:10:00,90.89448428,0.71,False
2014-01-04 19:15:00,90.13935659,0.166,False
2014-01-04 19:20:00,90.55960049,0.485,False
2014-01-04 19:25:00,90.65723015,0.574,False
2014-01-04 19:30:00,91.64737422,1.424,False
2014-01-04 19:35:00,90.06469733,0.131,False
2014-01-04 19:40:00,91.69422905,1.554,False
2014-01-04 19:45:00,90.99967989,0.971,False
2014-01-04 19:50:00,91.36753743,1.329,False
2014-01-04 19:55:00,91.68729282,1.679,False
2014-01-04 20:00:00,91.98522018,1.961,False
2014-01-04 20:05:00,91.44271036,1.494,False
2014-01-04 20:10:00,90.14173759,0.222,False
2014-01-04 20:15:00,91.69197952,1.8,False
2014-01-04 20:20:00,91.85402408,1.964,False
2014-01-04 20:25:00,89.95885688,0.045,False
2014-01-04 20:30:00,90.82285265,0.987,False
2014-01-04 20:35:00,91.11411627,1.357,False
2014-01-04 20:40:00,90.01097447,0.109,False
2014-01-04 20:45:00,89.87978822,0.04,False
2014-01-04 20:50:00,90.51030723,0.706,False
2014-01-04 20:55:00,88.88857429,1.128,False
2014-01-04 21:00:00,89.96793477,0.151,False
2014-01-04 21:05:00,89.9491036,0.224,False
2014-01-04 21:10:00,88.86252848,0.95,False
2014-01-04 21:15:00,88.46000586,1.311,False
2014-01-04 21:20:00,90.61892736,1.661,False
2014-01-04 21:25:00,89.40079839,0.426,False
2014-01-04 21:30:00,89.56287319,0.882,False
2014-01-04 21:35:00,88.42239578,0.551,False
2014-01-04 21:40:00,89.24889856,0.566,False
2014-01-04 21:45:00,88.65548375,0.082,False
2014-01-04 21:50:00,88.71971844,0.039,False
2014-01-04 21:55:00,88.57156196,0.051,False
2014-01-04 22:00:00,88.42237354,0.154,False
2014-01-04 22:05:00,88.72647839,0.255,False
2014-01-04 22:10:00,87.59794397,1.014,False
2014-01-04 22:15:00,88.24110732,0.242,False
2014-01-04 22:20:00,87.98904536,0.497,False
2014-01-04 22:25:00,88.84114987,0.553,False
2014-01-04 22:30:00,88.14789115,0.138,False
2014-01-04 22:35:00,87.24715496,1.14,False
2014-01-04 22:40:00,88.50625596,0.499,False
2014-01-04 22:45:00,87.76298683,0.305,False
2014-01-04 22:50:00,87.56486042,0.382,False
2014-01-04 22:55:00,88.52677156,1.064,False
2014-01-04 23:00:00,87.00005927,0.731,False
2014-01-04 23:05:00,86.1818103,1.734,False
2014-01-04 23:10:00,87.46708969,0.041,False
2014-01-04 23:15:00,88.29494533,1.179,False
2014-01-04 23:20:00,88.03435340000001,1.156,False
2014-01-04 23:25:00,87.53135509,0.757,False
2014-01-04 23:30:00,86.79676436,0.046,False
2014-01-04 23:35:00,85.99999203,0.888,False
2014-01-04 23:40:00,86.59034015,0.016,False
2014-01-04 23:45:00,86.61609341,0.033,False
2014-01-04 23:50:00,86.58876725,0.114,False
2014-01-04 23:55:00,85.23059072,1.336,False
2014-01-05 00:00:00,85.99100146,0.342,False
2014-01-05 00:05:00,85.70171418,0.624,False
2014-01-05 00:10:00,85.93578281,0.336,False
2014-01-05 00:15:00,86.8697573,0.753,False
2014-01-05 00:20:00,85.13483189,1.213,False
2014-01-05 00:25:00,85.86120079999998,0.322,False
2014-01-05 00:30:00,84.92489281,1.303,False
2014-01-05 00:35:00,84.79438504,1.453,False
2014-01-05 00:40:00,84.99556411,1.182,False
2014-01-05 00:45:00,85.71533690000003,0.335,False
2014-01-05 00:50:00,85.63814451,0.41,False
2014-01-05 00:55:00,85.15459242,0.927,False
2014-01-05 01:00:00,85.91954964,0.009,False
2014-01-05 01:05:00,85.23658377,0.74,False
2014-01-05 01:10:00,85.31901284,0.603,False
2014-01-05 01:15:00,85.18340381,0.674,False
2014-01-05 01:20:00,84.63647879,1.215,False
2014-01-05 01:25:00,85.01358906,0.78,False
2014-01-05 01:30:00,85.12995155,0.611,False
2014-01-05 01:35:00,85.14000487,0.572,False
2014-01-05 01:40:00,86.08459894,0.632,False
2014-01-05 01:45:00,84.40621906,1.083,False
2014-01-05 01:50:00,84.89707881,0.546,False
2014-01-05 01:55:00,86.39642882,1.097,False
2014-01-05 02:00:00,84.98822378,0.398,False
2014-01-05 02:05:00,86.20481102,0.979,False
2014-01-05 02:10:00,84.24079426,1.221,False
2014-01-05 02:15:00,85.25492557,0.071,False
2014-01-05 02:20:00,84.478974,0.914,False
2014-01-05 02:25:00,86.01441811,0.774,False
2014-01-05 02:30:00,86.23696963,1.022,False
2014-01-05 02:35:00,86.32258862,1.096,False
2014-01-05 02:40:00,86.03927482,0.854,False
2014-01-05 02:45:00,84.18139395,1.166,False
2014-01-05 02:50:00,84.35475081,0.955,False
2014-01-05 02:55:00,86.22134827,0.98,False
2014-01-05 03:00:00,85.18302235,0.119,False
2014-01-05 03:05:00,86.39147739,1.155,False
2014-01-05 03:10:00,84.03304609999998,1.238,False
2014-01-05 03:15:00,84.22047666,1.033,False
2014-01-05 03:20:00,85.31361791,0.104,False
2014-01-05 03:25:00,84.49892834,0.753,False
2014-01-05 03:30:00,86.1020214,0.899,False
2014-01-05 03:35:00,85.32050795,0.111,False
2014-01-05 03:40:00,85.40587364,0.199,False
2014-01-05 03:45:00,85.70479344,0.508,False
2014-01-05 03:50:00,84.70310649999998,0.493,False
2014-01-05 03:55:00,85.84275184,0.691,False
2014-01-05 04:00:00,85.07573955,0.088,False
2014-01-05 04:05:00,84.80973161,0.334,False
2014-01-05 04:10:00,84.44459607,0.676,False
2014-01-05 04:15:00,85.40102577,0.324,False
2014-01-05 04:20:00,84.90442539,0.165,False
2014-01-05 04:25:00,85.41437912,0.361,False
2014-01-05 04:30:00,85.75566078,0.715,False
2014-01-05 04:35:00,85.35910865,0.319,False
2014-01-05 04:40:00,84.27767299,0.743,False
2014-01-05 04:45:00,84.99797223,0.005,False
2014-01-05 04:50:00,85.28455873,0.297,False
2014-01-05 04:55:00,85.03247779,0.04,False
2014-01-05 05:00:00,85.43286515,0.466,False
2014-01-05 05:05:00,84.04304323,0.967,False
2014-01-05 05:10:00,85.57711344,0.685,False
2014-01-05 05:15:00,83.45210759,1.592,False
2014-01-05 05:20:00,85.47719111,0.664,False
2014-01-05 05:25:00,85.33649571,0.514,False
2014-01-05 05:30:00,83.73075001,1.116,False
2014-01-05 05:35:00,84.53604986,0.211,False
2014-01-05 05:40:00,85.539405,0.881,False
2014-01-05 05:45:00,85.42245505,0.794,False
2014-01-05 05:50:00,85.57598043,0.961,False
2014-01-05 05:55:00,85.43310592,0.821,False
2014-01-05 06:00:00,84.97137043,0.329,False
2014-01-05 06:05:00,83.16251115,1.633,False
2014-01-05 06:10:00,85.32667087,0.86,False
2014-01-05 06:15:00,84.59536204,0.034,False
2014-01-05 06:20:00,85.39948072,0.961,False
2014-01-05 06:25:00,84.30293643,0.242,False
2014-01-05 06:30:00,83.11022923,1.56,False
2014-01-05 06:35:00,85.05797941,0.762,False
2014-01-05 06:40:00,84.09863445,0.275,False
2014-01-05 06:45:00,84.73494652,0.47,False
2014-01-05 06:50:00,83.70258616,0.675,False
2014-01-05 06:55:00,85.08873907,0.906,False
2014-01-05 07:00:00,84.12306223,0.087,False
2014-01-05 07:05:00,84.97919783,0.967,False
2014-01-05 07:10:00,84.33495934,0.27,False
2014-01-05 07:15:00,84.66147545,0.664,False
2014-01-05 07:20:00,84.00493422,0.021,False
2014-01-05 07:25:00,84.68974683,0.891,False
2014-01-05 07:30:00,82.79992682,1.026,False
2014-01-05 07:35:00,84.7313962,1.093,False
2014-01-05 07:40:00,83.10272594,0.666,False
2014-01-05 07:45:00,83.74436120000001,0.11,False
2014-01-05 07:50:00,83.34406263,0.242,False
2014-01-05 07:55:00,83.27965559,0.291,False
2014-01-05 08:00:00,84.0869017,0.61,False
2014-01-05 08:05:00,83.34225292,0.134,False
2014-01-05 08:10:00,82.71881379,0.786,False
2014-01-05 08:15:00,83.48633405,0.096,False
2014-01-05 08:20:00,84.29669435,1.034,False
2014-01-05 08:25:00,84.34901235,1.115,False
2014-01-05 08:30:00,82.6180975,0.749,False
2014-01-05 08:35:00,82.59999139,0.753,False
2014-01-05 08:40:00,83.03518951,0.253,False
2014-01-05 08:45:00,82.40272185,0.897,False
2014-01-05 08:50:00,83.30978719,0.193,False
2014-01-05 08:55:00,82.3766624,0.827,False
2014-01-05 09:00:00,82.53025297,0.662,False
2014-01-05 09:05:00,83.30151814,0.231,False
2014-01-05 09:10:00,83.58454225,0.609,False
2014-01-05 09:15:00,82.38236749,0.734,False
2014-01-05 09:20:00,81.87765868,1.19,False
2014-01-05 09:25:00,82.04914471,0.902,False
2014-01-05 09:30:00,83.10617839,0.419,False
2014-01-05 09:35:00,83.55025541,1.057,False
2014-01-05 09:40:00,82.46406063,0.212,False
2014-01-05 09:45:00,82.78242728,0.211,False
2014-01-05 09:50:00,82.5652277,0.02,False
2014-01-05 09:55:00,83.73267109999998,1.441,False
2014-01-05 10:00:00,81.57511276,1.121,False
2014-01-05 10:05:00,82.64236422,0.232,False
2014-01-05 10:10:00,83.54475073,1.366,False
2014-01-05 10:15:00,83.09931626,0.859,False
2014-01-05 10:20:00,82.24112719,0.177,False
2014-01-05 10:25:00,81.85968718,0.637,False
2014-01-05 10:30:00,82.97689632,0.906,False
2014-01-05 10:35:00,83.45684239,1.763,False
2014-01-05 10:40:00,81.50158663,0.629,False
2014-01-05 10:45:00,83.25415588,1.958,False
2014-01-05 10:50:00,81.56352893,0.217,False
2014-01-05 10:55:00,82.43937809,1.185,False
2014-01-05 11:00:00,82.33912501,1.098,False
2014-01-05 11:05:00,80.51649775,0.671,False
2014-01-05 11:10:00,80.17171388,0.232,False
2014-01-05 11:15:00,78.54257431,1.424,False
2014-01-05 11:20:00,78.45752572,0.431,False
2014-01-05 11:25:00,79.0057131,0.688,False
2014-01-05 11:30:00,76.68104307,1.438,False
2014-01-05 11:35:00,77.01647754,0.237,False
2014-01-05 11:40:00,76.49867968,0.134,False
2014-01-05 11:45:00,74.04847619,1.732,False
2014-01-05 11:50:00,73.26564403,0.791,False
2014-01-05 11:55:00,73.47267675,0.061,False
2014-01-05 12:00:00,73.55889649,0.279,False
2014-01-05 12:05:00,72.68190133,0.429,False
2014-01-05 12:10:00,69.61036102,2.488,False
2014-01-05 12:15:00,70.02446773,0.026,False
2014-01-05 12:20:00,70.05985166,0.356,False
2014-01-05 12:25:00,67.95470144,1.216,False
2014-01-05 12:30:00,67.58051827,0.32,False
2014-01-05 12:35:00,67.64253240000001,0.044,False
2014-01-05 12:40:00,65.91116429,1.18,False
2014-01-05 12:45:00,64.67911136,1.46,False
2014-01-05 12:50:00,65.59153017,0.613,False
2014-01-05 12:55:00,63.29321309,0.896,False
2014-01-05 13:00:00,62.39914178,0.578,False
2014-01-05 13:05:00,61.0153558,1.091,False
2014-01-05 13:10:00,61.31925478,0.18,False
2014-01-05 13:15:00,60.75081018,0.157,False
2014-01-05 13:20:00,59.84844405,0.534,False
2014-01-05 13:25:00,59.67109773,0.093,False
2014-01-05 13:30:00,59.57175481,0.052,False
2014-01-05 13:35:00,59.57632406,0.001,False
2014-01-05 13:40:00,59.40820587,0.159,False
2014-01-05 13:45:00,59.43847202,0.062,False
2014-01-05 13:50:00,57.63138241,1.668,False
2014-01-05 13:55:00,59.57893470000001,0.236,False
2014-01-05 14:00:00,57.42226464,1.285,False
2014-01-05 14:05:00,59.20921649,0.613,False
2014-01-05 14:10:00,58.40056351,0.008,False
2014-01-05 14:15:00,57.63746967,0.344,False
2014-01-05 14:20:00,58.41919197,0.595,False
2014-01-05 14:25:00,58.57633044,0.756,False
2014-01-05 14:30:00,57.43165297,0.096,False
2014-01-05 14:35:00,57.15864247,0.227,False
2014-01-05 14:40:00,56.0382358,0.958,False
2014-01-05 14:45:00,57.72582723,0.282,False
2014-01-05 14:50:00,56.27682749,0.656,False
2014-01-05 14:55:00,57.48599536,0.122,False
2014-01-05 15:00:00,56.19439786,0.617,False
2014-01-05 15:05:00,55.35927839,1.086,False
2014-01-05 15:10:00,56.97334681,0.178,False
2014-01-05 15:15:00,56.68936415,0.37,False
2014-01-05 15:20:00,55.18598038,1.297,False
2014-01-05 15:25:00,56.45429684,0.515,False
2014-01-05 15:30:00,54.37813925,1.794,False
2014-01-05 15:35:00,55.88751894,0.864,False
2014-01-05 15:40:00,55.51314535,1.095,False
2014-01-05 15:45:00,53.58513187,2.084,False
2014-01-05 15:50:00,54.41692991,1.616,False
2014-01-05 15:55:00,53.08527732,2.365,False
2014-01-05 16:00:00,54.03061877,1.834,False
2014-01-05 16:05:00,54.2302424,1.721,False
2014-01-05 16:10:00,53.51657988,2.123,False
2014-01-05 16:15:00,53.42621889,2.174,False
2014-01-05 16:20:00,52.89904267,2.47,False
2014-01-05 16:25:00,53.67904336,2.031,False
2014-01-05 16:30:00,52.39037967,2.756,False
2014-01-05 16:35:00,52.49113278,2.7,False
2014-01-05 16:40:00,52.72927693,2.423,False
2014-01-05 16:45:00,54.22834567,1.626,False
2014-01-05 16:50:00,53.11560297,2.218,False
2014-01-05 16:55:00,52.86051460000001,2.353,False
2014-01-05 17:00:00,54.35474691,1.559,False
2014-01-05 17:05:00,52.7009885,2.656,False
2014-01-05 17:10:00,55.01586888,1.307,False
2014-01-05 17:15:00,54.04971674,1.724,False
2014-01-05 17:20:00,53.18042117,2.186,False
2014-01-05 17:25:00,53.51341572,1.896,False
2014-01-05 17:30:00,53.12210213,2.092,False
2014-01-05 17:35:00,53.27858232,1.954,False
2014-01-05 17:40:00,55.81175174,0.841,False
2014-01-05 17:45:00,61.76616859,0.947,False
2014-01-05 17:50:00,64.37043560000001,0.54,False
2014-01-05 17:55:00,68.30337843,0.743,False
2014-01-05 18:00:00,70.49045564,0.405,False
2014-01-05 18:05:00,71.70242739,0.216,False
2014-01-05 18:10:00,72.88865058,0.212,False
2014-01-05 18:15:00,73.75471487,0.15,False
2014-01-05 18:20:00,74.9165865,0.197,False
2014-01-05 18:25:00,75.21904518,0.099,False
2014-01-05 18:30:00,74.93910453,0.045,False
2014-01-05 18:35:00,75.40319089,0.03,False
2014-01-05 18:40:00,78.23755739,0.454,False
2014-01-05 18:45:00,78.12028675,0.0,False
2014-01-05 18:50:00,78.83958607,0.197,False
2014-01-05 18:55:00,78.12290475,0.124,False
2014-01-05 19:00:00,79.62639017,0.221,False
2014-01-05 19:05:00,78.93635263,0.103,False
2014-01-05 19:10:00,80.24228832,0.121,False
2014-01-05 19:15:00,80.51077651,0.136,False
2014-01-05 19:20:00,80.51778287,0.113,False
2014-01-05 19:25:00,80.49080726,0.08,False
2014-01-05 19:30:00,81.32842563,0.3,False
2014-01-05 19:35:00,81.73836196,0.4,False
2014-01-05 19:40:00,80.05081240000001,0.157,False
2014-01-05 19:45:00,80.05871850000003,0.157,False
2014-01-05 19:50:00,82.36131794,0.644,False
2014-01-05 19:55:00,80.21876827,0.105,False
2014-01-05 20:00:00,80.74790273,0.087,False
2014-01-05 20:05:00,81.62985582,0.452,False
2014-01-05 20:10:00,82.91102211,0.971,False
2014-01-05 20:15:00,81.71941246,0.488,False
2014-01-05 20:20:00,82.8461772,0.944,False
2014-01-05 20:25:00,81.2967624,0.317,False
2014-01-05 20:30:00,83.56357639,1.235,False
2014-01-05 20:35:00,82.6636344,0.87,False
2014-01-05 20:40:00,81.74246528,0.497,False
2014-01-05 20:45:00,82.74803288,0.893,False
2014-01-05 20:50:00,83.6268123,1.245,False
2014-01-05 20:55:00,82.44868288,0.709,False
2014-01-05 21:00:00,83.81959671,1.211,False
2014-01-05 21:05:00,83.41524877,1.035,False
2014-01-05 21:10:00,83.90313214,1.181,False
2014-01-05 21:15:00,83.4133705,0.957,False
2014-01-05 21:20:00,84.19275841,1.147,False
2014-01-05 21:25:00,83.18387887,0.816,False
2014-01-05 21:30:00,84.36626063,1.138,False
2014-01-05 21:35:00,85.65969428,1.468,False
2014-01-05 21:40:00,84.85513146,1.156,False
2014-01-05 21:45:00,85.37570599,1.271,False
2014-01-05 21:50:00,85.8144029,1.386,False
2014-01-05 21:55:00,86.26112696,1.428,False
2014-01-05 22:00:00,84.11318168,0.894,False
2014-01-05 22:05:00,85.05971564,1.129,False
2014-01-05 22:10:00,83.27474045,0.686,False
2014-01-05 22:15:00,83.63182199,0.774,False
2014-01-05 22:20:00,82.68254036,0.541,False
2014-01-05 22:25:00,82.29019068,0.481,False
2014-01-05 22:30:00,81.31482403,0.292,False
2014-01-05 22:35:00,81.36070897,0.324,False
2014-01-05 22:40:00,79.55825949999998,0.123,False
2014-01-05 22:45:00,79.3464582,0.115,False
2014-01-05 22:50:00,78.54890418,0.311,False
2014-01-05 22:55:00,78.96240057,0.208,False
2014-01-05 23:00:00,77.99765479,0.382,False
2014-01-05 23:05:00,77.69907011,0.456,False
2014-01-05 23:10:00,76.33663295,0.768,False
2014-01-05 23:15:00,74.87344549,1.132,False
2014-01-05 23:20:00,74.68913781,1.124,False
2014-01-05 23:25:00,73.40960441,1.442,False
2014-01-05 23:30:00,74.1387286,1.261,False
2014-01-05 23:35:00,73.8418471,1.405,False
2014-01-05 23:40:00,74.85849979,1.139,False
2014-01-05 23:45:00,73.93581996,1.38,False
2014-01-05 23:50:00,74.98053879999998,1.107,False
2014-01-05 23:55:00,73.55931037,1.635,False
2014-01-06 00:00:00,74.23048978,1.441,False
2014-01-06 00:05:00,73.39365918,1.904,False
2014-01-06 00:10:00,74.59378037,1.606,False
2014-01-06 00:15:00,74.47194798,1.697,False
2014-01-06 00:20:00,74.64059042,1.702,False
2014-01-06 00:25:00,74.32969017,1.92,False
2014-01-06 00:30:00,76.44159512,1.177,False
2014-01-06 00:35:00,75.77135296,1.526,False
2014-01-06 00:40:00,76.72562478,1.125,False
2014-01-06 00:45:00,77.57391526,0.759,False
2014-01-06 00:50:00,76.22589555,1.406,False
2014-01-06 00:55:00,77.26857592,0.959,False
2014-01-06 01:00:00,77.42502275,0.882,False
2014-01-06 01:05:00,77.90573813,0.645,False
2014-01-06 01:10:00,78.36052716,0.421,False
2014-01-06 01:15:00,78.87565733,0.173,False
2014-01-06 01:20:00,78.05060521,0.601,False
2014-01-06 01:25:00,78.97718677,0.123,False
2014-01-06 01:30:00,79.08431506,0.068,False
2014-01-06 01:35:00,80.72345579,0.77,False
2014-01-06 01:40:00,78.43013909,0.383,False
2014-01-06 01:45:00,80.03940108,0.387,False
2014-01-06 01:50:00,80.7205318,0.677,False
2014-01-06 01:55:00,79.51159100000002,0.008,False
2014-01-06 02:00:00,79.87283345,0.162,False
2014-01-06 02:05:00,78.40718537,0.54,False
2014-01-06 02:10:00,79.91510179,0.062,False
2014-01-06 02:15:00,78.75982947,0.533,False
2014-01-06 02:20:00,79.93264577,0.004,False
2014-01-06 02:25:00,80.21742713,0.111,False
2014-01-06 02:30:00,80.61038784,0.24,False
2014-01-06 02:35:00,79.51777633,0.439,False
2014-01-06 02:40:00,79.47818308,0.571,False
2014-01-06 02:45:00,81.21415464,0.299,False
2014-01-06 02:50:00,79.68783546,0.564,False
2014-01-06 02:55:00,81.58160877,0.419,False
2014-01-06 03:00:00,80.90390604,0.085,False
2014-01-06 03:05:00,80.53697923,0.388,False
2014-01-06 03:10:00,82.87800957,0.867,False
2014-01-06 03:15:00,81.21841136,0.417,False
2014-01-06 03:20:00,82.23401385,0.077,False
2014-01-06 03:25:00,82.87392293,0.186,False
2014-01-06 03:30:00,83.4133554,0.507,False
2014-01-06 03:35:00,82.858429,0.085,False
2014-01-06 03:40:00,83.63296419,0.684,False
2014-01-06 03:45:00,84.23598798,1.125,False
2014-01-06 03:50:00,83.48477738,0.545,False
2014-01-06 03:55:00,84.6737017,1.5,False
2014-01-06 04:00:00,85.45104902,2.164,False
2014-01-06 04:05:00,85.65117613,2.327,False
2014-01-06 04:10:00,84.13906042,1.09,False
2014-01-06 04:15:00,84.08423468,1.071,False
2014-01-06 04:20:00,85.73371299,2.404,False
2014-01-06 04:25:00,84.58826647,1.48,False
2014-01-06 04:30:00,84.51374809,1.416,False
2014-01-06 04:35:00,84.7641411,1.591,False
2014-01-06 04:40:00,85.60790276,2.298,False
2014-01-06 04:45:00,83.75328508,0.726,False
2014-01-06 04:50:00,85.30570822,1.954,False
2014-01-06 04:55:00,85.41302456,2.135,False
2014-01-06 05:00:00,85.16736902,1.843,False
2014-01-06 05:05:00,83.40008469,0.413,False
2014-01-06 05:10:00,84.24193085,1.064,False
2014-01-06 05:15:00,85.11299448,1.71,False
2014-01-06 05:20:00,82.75420396,0.085,False
2014-01-06 05:25:00,83.37787198,0.366,False
2014-01-06 05:30:00,83.10258812,0.157,False
2014-01-06 05:35:00,83.51699812,0.412,False
2014-01-06 05:40:00,83.2952424,0.272,False
2014-01-06 05:45:00,84.20537249,0.888,False
2014-01-06 05:50:00,84.45869722,0.976,False
2014-01-06 05:55:00,84.42430592,0.97,False
2014-01-06 06:00:00,82.74153091,0.072,False
2014-01-06 06:05:00,82.47559411,0.231,False
2014-01-06 06:10:00,83.33091657,0.221,False
2014-01-06 06:15:00,83.88493458,0.514,False
2014-01-06 06:20:00,83.15865396,0.017,False
2014-01-06 06:25:00,83.655288,0.308,False
2014-01-06 06:30:00,82.52998009,0.392,False
2014-01-06 06:35:00,81.99186702,0.726,False
2014-01-06 06:40:00,83.45874711,0.173,False
2014-01-06 06:45:00,82.63840065,0.324,False
2014-01-06 06:50:00,81.41448585,1.174,False
2014-01-06 06:55:00,82.43792233,0.452,False
2014-01-06 07:00:00,82.12998678,0.672,False
2014-01-06 07:05:00,81.90771787,0.823,False
2014-01-06 07:10:00,82.67627172,0.306,False
2014-01-06 07:15:00,83.01741346,0.043,False
2014-01-06 07:20:00,82.29318122,0.618,False
2014-01-06 07:25:00,82.68777374,0.307,False
2014-01-06 07:30:00,81.56504176,1.222,False
2014-01-06 07:35:00,81.77074891,1.054,False
2014-01-06 07:40:00,81.81151632,1.029,False
2014-01-06 07:45:00,80.8984946,1.783,False
2014-01-06 07:50:00,82.37791168,0.575,False
2014-01-06 07:55:00,81.19161714,1.577,False
2014-01-06 08:00:00,79.99597841,2.588,False
2014-01-06 08:05:00,81.28530471,1.498,False
2014-01-06 08:10:00,81.58287747,1.218,False
2014-01-06 08:15:00,80.7476671,1.907,False
2014-01-06 08:20:00,80.90849265,1.774,False
2014-01-06 08:25:00,81.91662612,0.955,False
2014-01-06 08:30:00,81.45091573,1.206,False
2014-01-06 08:35:00,82.28874137,0.554,False
2014-01-06 08:40:00,82.29929332,0.545,False
2014-01-06 08:45:00,81.72713598,0.904,False
2014-01-06 08:50:00,82.58296209999997,0.345,False
2014-01-06 08:55:00,81.21606361,1.238,False
2014-01-06 09:00:00,83.35185311,0.157,False
2014-01-06 09:05:00,83.29387096,0.087,False
2014-01-06 09:10:00,83.57452356,0.249,False
2014-01-06 09:15:00,83.32839828,0.1,False
2014-01-06 09:20:00,83.16171344,0.001,False
2014-01-06 09:25:00,82.17672487,0.609,False
2014-01-06 09:30:00,83.21890959999998,0.022,False
2014-01-06 09:35:00,83.19849049,0.006,False
2014-01-06 09:40:00,82.71352251,0.319,False
2014-01-06 09:45:00,83.48914991,0.15,False
2014-01-06 09:50:00,82.21798509999998,0.642,False
2014-01-06 09:55:00,84.31376581,0.655,False
2014-01-06 10:00:00,83.16531733,0.114,False
2014-01-06 10:05:00,84.80808423,0.959,False
2014-01-06 10:10:00,83.05181422,0.194,False
2014-01-06 10:15:00,83.7951127,0.306,False
2014-01-06 10:20:00,85.07830553,1.168,False
2014-01-06 10:25:00,83.06323494,0.195,False
2014-01-06 10:30:00,85.27128631,1.288,False
2014-01-06 10:35:00,84.08153670000002,0.489,False
2014-01-06 10:40:00,85.31732937,1.368,False
2014-01-06 10:45:00,83.94558823,0.394,False
2014-01-06 10:50:00,84.72108383,1.019,False
2014-01-06 10:55:00,84.94120237,1.191,False
2014-01-06 11:00:00,85.26146254,1.475,False
2014-01-06 11:05:00,85.52315484,1.677,False
2014-01-06 11:10:00,84.83816215,1.122,False
2014-01-06 11:15:00,85.25369011,1.468,False
2014-01-06 11:20:00,86.04778093,2.13,False
2014-01-06 11:25:00,85.88765867,2.029,False
2014-01-06 11:30:00,85.50286293,1.703,False
2014-01-06 11:35:00,85.73143359999997,1.897,False
2014-01-06 11:40:00,85.53527615,1.731,False
2014-01-06 11:45:00,85.69962514,1.916,False
2014-01-06 11:50:00,85.77173652,1.979,False
2014-01-06 11:55:00,84.73298332,1.077,False
2014-01-06 12:00:00,84.42555488,0.81,False
2014-01-06 12:05:00,84.68128954,1.009,False
2014-01-06 12:10:00,83.3553848,0.116,False
2014-01-06 12:15:00,83.26281032,0.135,False
2014-01-06 12:20:00,83.99776006,0.483,False
2014-01-06 12:25:00,83.96626579999999,0.456,False
2014-01-06 12:30:00,83.66220281,0.204,False
2014-01-06 12:35:00,84.65378359999998,1.033,False
2014-01-06 12:40:00,84.11107814,0.578,False
2014-01-06 12:45:00,84.19091755,0.645,False
2014-01-06 12:50:00,83.74560162,0.329,False
2014-01-06 12:55:00,83.96441536,0.513,False
2014-01-06 13:00:00,82.54068299,0.685,False
2014-01-06 13:05:00,82.89907128,0.381,False
2014-01-06 13:10:00,82.72362444,0.493,False
2014-01-06 13:15:00,82.51858384,0.659,False
2014-01-06 13:20:00,84.11290091,0.72,False
2014-01-06 13:25:00,83.22845851,0.006,False
2014-01-06 13:30:00,82.20533086,0.844,False
2014-01-06 13:35:00,83.00089519,0.187,False
2014-01-06 13:40:00,83.66966734,0.366,False
2014-01-06 13:45:00,82.27513881,0.682,False
2014-01-06 13:50:00,83.3450041,0.233,False
2014-01-06 13:55:00,83.18857367,0.142,False
2014-01-06 14:00:00,83.49498975,0.427,False
2014-01-06 14:05:00,83.01458401,0.159,False
2014-01-06 14:10:00,81.49142204,0.905,False
2014-01-06 14:15:00,81.40241904,0.894,False
2014-01-06 14:20:00,83.22973698,0.586,False
2014-01-06 14:25:00,83.35057458,0.803,False
2014-01-06 14:30:00,83.08100342,0.705,False
2014-01-06 14:35:00,83.24270452,0.893,False
2014-01-06 14:40:00,81.95278936,0.151,False
2014-01-06 14:45:00,80.9323325,0.991,False
2014-01-06 14:50:00,82.07663793,0.105,False
2014-01-06 14:55:00,80.68194845,1.202,False
2014-01-06 15:00:00,82.50804525,0.772,False
2014-01-06 15:05:00,81.91590277,0.45,False
2014-01-06 15:10:00,80.91148761,0.471,False
2014-01-06 15:15:00,81.97018135,0.73,False
2014-01-06 15:20:00,81.40134818,0.416,False
2014-01-06 15:25:00,80.11848146,0.576,False
2014-01-06 15:30:00,82.17666985,1.264,False
2014-01-06 15:35:00,80.65774632,0.169,False
2014-01-06 15:40:00,79.53589264,0.545,False
2014-01-06 15:45:00,79.93147632,0.077,False
2014-01-06 15:50:00,78.37827917,1.084,False
2014-01-06 15:55:00,79.34121444,0.077,False
2014-01-06 16:00:00,79.01818343,0.127,False
2014-01-06 16:05:00,76.63087094,1.747,False
2014-01-06 16:10:00,77.76399947,0.801,False
2014-01-06 16:15:00,75.32845883,2.279,False
2014-01-06 16:20:00,75.28571296,2.241,False
2014-01-06 16:25:00,75.86459232,1.803,False
2014-01-06 16:30:00,75.53239068,2.012,False
2014-01-06 16:35:00,74.86198837,2.352,False
2014-01-06 16:40:00,73.55360529,3.147,False
2014-01-06 16:45:00,72.54461682,3.761,False
2014-01-06 16:50:00,73.51521952,3.171,False
2014-01-06 16:55:00,74.37501433,2.595,False
2014-01-06 17:00:00,76.11473149999998,1.558,False
2014-01-06 17:05:00,78.95599563,0.135,False
2014-01-06 17:10:00,80.25449718,0.909,False
2014-01-06 17:15:00,78.75992686,0.018,False
2014-01-06 17:20:00,78.08448364,0.379,False
2014-01-06 17:25:00,78.73154733,0.002,False
2014-01-06 17:30:00,78.93391662,0.119,False
2014-01-06 17:35:00,78.11836644,0.354,False
2014-01-06 17:40:00,78.45276892,0.16,False
2014-01-06 17:45:00,77.17631309,0.9,False
2014-01-06 17:50:00,78.72641221,0.001,False
2014-01-06 17:55:00,77.88333136,0.49,False
2014-01-06 18:00:00,76.25389706,1.457,False
2014-01-06 18:05:00,76.47951086,1.324,False
2014-01-06 18:10:00,77.36304961,0.804,False
2014-01-06 18:15:00,76.09034296,1.553,False
2014-01-06 18:20:00,76.05409046,1.575,False
2014-01-06 18:25:00,75.62151717,1.829,False
2014-01-06 18:30:00,75.03849396,2.172,False
2014-01-06 18:35:00,73.35308341,3.324,False
2014-01-06 18:40:00,74.01133788,2.917,False
2014-01-06 18:45:00,73.99988264,2.784,False
2014-01-06 18:50:00,73.44021392,3.113,False
2014-01-06 18:55:00,75.05785718,2.28,False
2014-01-06 19:00:00,74.84853007,2.409,False
2014-01-06 19:05:00,75.21401565,2.183,False
2014-01-06 19:10:00,76.97299339,1.234,False
2014-01-06 19:15:00,78.62994228,0.213,False
2014-01-06 19:20:00,78.46874189,0.78,False
2014-01-06 19:25:00,80.58422549,0.119,False
2014-01-06 19:30:00,82.40267662,0.972,False
2014-01-06 19:35:00,81.72536803,0.281,False
2014-01-06 19:40:00,84.40833595,0.891,False
2014-01-06 19:45:00,85.50816331,0.923,False
2014-01-06 19:50:00,86.16268168,1.111,False
2014-01-06 19:55:00,84.63204561,0.747,False
2014-01-06 20:00:00,86.07627884,0.529,False
2014-01-06 20:05:00,85.66633665,0.061,False
2014-01-06 20:10:00,86.92247924,1.107,False
2014-01-06 20:15:00,87.16318072,1.185,False
2014-01-06 20:20:00,85.5396658,0.556,False
2014-01-06 20:25:00,85.31585096,1.122,False
2014-01-06 20:30:00,87.56398126,0.676,False
2014-01-06 20:35:00,85.86839222,1.002,False
2014-01-06 20:40:00,86.81130259999998,0.222,False
2014-01-06 20:45:00,86.90526038,0.273,False
2014-01-06 20:50:00,88.11322844,0.849,False
2014-01-06 20:55:00,87.22497285,0.165,False
2014-01-06 21:00:00,88.47622063,0.699,False
2014-01-06 21:05:00,88.32525479,0.289,False
2014-01-06 21:10:00,87.98398838,0.121,False
2014-01-06 21:15:00,88.24419717,0.11,False
2014-01-06 21:20:00,87.22970959,1.063,False
2014-01-06 21:25:00,88.1719918,0.122,False
2014-01-06 21:30:00,88.08488119,0.343,False
2014-01-06 21:35:00,89.19571841,0.68,False
2014-01-06 21:40:00,90.08406103,1.308,False
2014-01-06 21:45:00,88.66311852,0.525,False
2014-01-06 21:50:00,89.54081145,0.187,False
2014-01-06 21:55:00,90.16564079,0.572,False
2014-01-06 22:00:00,89.09710035,0.71,False
2014-01-06 22:05:00,89.98900852,0.142,False
2014-01-06 22:10:00,90.24993342,0.303,False
2014-01-06 22:15:00,89.76383233,0.296,False
2014-01-06 22:20:00,90.84825436,0.779,False
2014-01-06 22:25:00,89.73777457,0.437,False
2014-01-06 22:30:00,90.13732367,0.04,False
2014-01-06 22:35:00,89.95231971,0.274,False
2014-01-06 22:40:00,91.16449874,0.636,False
2014-01-06 22:45:00,90.18584515,0.812,False
2014-01-06 22:50:00,91.16517299,0.037,False
2014-01-06 22:55:00,92.50914884,1.389,False
2014-01-06 23:00:00,91.90828921,0.746,False
2014-01-06 23:05:00,91.67305777,0.232,False
2014-01-06 23:10:00,91.20685161,0.561,False
2014-01-06 23:15:00,91.09427177,0.814,False
2014-01-06 23:20:00,91.9760186,0.1,False
2014-01-06 23:25:00,92.18329002,0.138,False
2014-01-06 23:30:00,93.09269881,0.577,False
2014-01-06 23:35:00,93.05018184,0.45,False
2014-01-06 23:40:00,94.08240997,1.365,False
2014-01-06 23:45:00,92.65498147,0.252,False
2014-01-06 23:50:00,92.47215009,0.576,False
2014-01-06 23:55:00,92.76645355,0.347,False
2014-01-07 00:00:00,94.46797018,1.346,False
2014-01-07 00:05:00,93.13739126,0.022,False
2014-01-07 00:10:00,93.63029389,0.513,False
2014-01-07 00:15:00,94.93767556,1.813,False
2014-01-07 00:20:00,95.1925585,2.053,False
2014-01-07 00:25:00,93.99734965,0.872,False
2014-01-07 00:30:00,94.0526657,0.926,False
2014-01-07 00:35:00,95.31897459,2.177,False
2014-01-07 00:40:00,93.88081412,0.757,False
2014-01-07 00:45:00,94.82736035,1.754,False
2014-01-07 00:50:00,95.07290273,1.934,False
2014-01-07 00:55:00,95.85817817,2.71,False
2014-01-07 01:00:00,95.64495982,2.395,False
2014-01-07 01:05:00,94.08361759,0.917,False
2014-01-07 01:10:00,95.70831521,2.455,False
2014-01-07 01:15:00,93.76695945,0.617,False
2014-01-07 01:20:00,95.48122678,2.186,False
2014-01-07 01:25:00,95.28585184,1.968,False
2014-01-07 01:30:00,93.81745012,0.637,False
2014-01-07 01:35:00,93.44409689,0.286,False
2014-01-07 01:40:00,93.99057637,0.761,False
2014-01-07 01:45:00,95.56326697,2.129,False
2014-01-07 01:50:00,95.18144942,1.727,False
2014-01-07 01:55:00,94.22027707,0.924,False
2014-01-07 02:00:00,94.42340604,1.186,False
2014-01-07 02:05:00,94.69872971,1.455,False
2014-01-07 02:10:00,95.33282414,2.038,False
2014-01-07 02:15:00,95.07919855,1.642,False
2014-01-07 02:20:00,94.88120842,1.452,False
2014-01-07 02:25:00,94.56396095,1.191,False
2014-01-07 02:30:00,93.43092219,0.26,False
2014-01-07 02:35:00,93.72966342,0.523,False
2014-01-07 02:40:00,93.19298719,0.142,False
2014-01-07 02:45:00,93.96787143,0.895,False
2014-01-07 02:50:00,93.39737409,0.426,False
2014-01-07 02:55:00,92.85599879,0.019,False
2014-01-07 03:00:00,91.4571636,1.091,False
2014-01-07 03:05:00,92.22544134,0.349,False
2014-01-07 03:10:00,92.90193837,0.412,False
2014-01-07 03:15:00,92.50426836,0.509,False
2014-01-07 03:20:00,89.92288714,0.82,False
2014-01-07 03:25:00,90.393797,0.196,False
2014-01-07 03:30:00,89.40404308,0.372,False
2014-01-07 03:35:00,89.77988732,0.159,False
2014-01-07 03:40:00,88.95272119,0.339,False
2014-01-07 03:45:00,87.82352583,1.186,False
2014-01-07 03:50:00,89.27552745,0.164,False
2014-01-07 03:55:00,87.35805304,1.508,False
2014-01-07 04:00:00,88.40065495,0.53,False
2014-01-07 04:05:00,88.44356904,0.488,False
2014-01-07 04:10:00,88.95086917,0.005,False
2014-01-07 04:15:00,86.89404209,2.111,False
2014-01-07 04:20:00,87.95008902,0.99,False
2014-01-07 04:25:00,88.74653397,0.158,False
2014-01-07 04:30:00,87.57435138,1.267,False
2014-01-07 04:35:00,88.98496487,0.124,False
2014-01-07 04:40:00,88.55470263,0.273,False
2014-01-07 04:45:00,87.79293841,0.982,False
2014-01-07 04:50:00,88.57379067,0.177,False
2014-01-07 04:55:00,88.76666565,0.073,False
2014-01-07 05:00:00,88.61569966,0.017,False
2014-01-07 05:05:00,88.61310305,0.002,False
2014-01-07 05:10:00,87.35950274,1.531,False
2014-01-07 05:15:00,86.8721189,2.125,False
2014-01-07 05:20:00,88.64626178,0.128,False
2014-01-07 05:25:00,88.85284054,0.464,False
2014-01-07 05:30:00,88.95908306,0.684,False
2014-01-07 05:35:00,88.06665290000002,0.433,False
2014-01-07 05:40:00,87.26137963,1.425,False
2014-01-07 05:45:00,87.82867996,0.656,False
2014-01-07 05:50:00,88.34243882,0.134,False
2014-01-07 05:55:00,86.88545196,1.557,False
2014-01-07 06:00:00,89.00019309,1.178,False
2014-01-07 06:05:00,87.9344167,0.179,False
2014-01-07 06:10:00,87.30077994,0.973,False
2014-01-07 06:15:00,88.0133293,0.077,False
2014-01-07 06:20:00,87.22806412,1.051,False
2014-01-07 06:25:00,89.1780017,1.45,False
2014-01-07 06:30:00,88.86113987,1.019,False
2014-01-07 06:35:00,87.50662252,0.622,False
2014-01-07 06:40:00,86.98876857,1.21,False
2014-01-07 06:45:00,87.18856358,0.931,False
2014-01-07 06:50:00,87.72331263,0.28,False
2014-01-07 06:55:00,88.96606650000004,1.256,False
2014-01-07 07:00:00,87.20751709,0.899,False
2014-01-07 07:05:00,87.33147718,0.683,False
2014-01-07 07:10:00,87.47643997,0.415,False
2014-01-07 07:15:00,88.99257658,1.532,False
2014-01-07 07:20:00,86.99305584,0.975,False
2014-01-07 07:25:00,88.53374239,1.127,False
2014-01-07 07:30:00,88.9526197,1.734,False
2014-01-07 07:35:00,88.95304591,1.81,False
2014-01-07 07:40:00,87.46481455,0.076,False
2014-01-07 07:45:00,88.35909535,1.046,False
2014-01-07 07:50:00,87.17598888,0.394,False
2014-01-07 07:55:00,86.96087658,0.634,False
2014-01-07 08:00:00,87.00715835,0.553,False
2014-01-07 08:05:00,87.94717518,0.562,False
2014-01-07 08:10:00,87.47963717,0.09,False
2014-01-07 08:15:00,88.0017474,0.649,False
2014-01-07 08:20:00,87.14341527,0.247,False
2014-01-07 08:25:00,88.08371483,0.723,False
2014-01-07 08:30:00,88.42201598,0.998,False
2014-01-07 08:35:00,86.81550059,0.446,False
2014-01-07 08:40:00,88.13175339,0.759,False
2014-01-07 08:45:00,87.42741719,0.145,False
2014-01-07 08:50:00,87.32186488,0.092,False
2014-01-07 08:55:00,86.94954429,0.218,False
2014-01-07 09:00:00,88.52298881,1.161,False
2014-01-07 09:05:00,89.06320092,1.648,False
2014-01-07 09:10:00,88.26662840000002,0.929,False
2014-01-07 09:15:00,88.82043494,1.353,False
2014-01-07 09:20:00,87.53700519,0.369,False
2014-01-07 09:25:00,88.42534809,1.135,False
2014-01-07 09:30:00,86.8224946,0.134,False
2014-01-07 09:35:00,87.52550988,0.438,False
2014-01-07 09:40:00,86.70094537,0.202,False
2014-01-07 09:45:00,87.15948363,0.191,False
2014-01-07 09:50:00,86.33919909999999,0.461,False
2014-01-07 09:55:00,87.52643766,0.533,False
2014-01-07 10:00:00,86.89003963,0.027,False
2014-01-07 10:05:00,87.33179604,0.408,False
2014-01-07 10:10:00,86.76385513,0.044,False
2014-01-07 10:15:00,86.36672842,0.351,False
2014-01-07 10:20:00,85.79672701,0.794,False
2014-01-07 10:25:00,85.6461121,0.882,False
2014-01-07 10:30:00,86.56033071,0.176,False
2014-01-07 10:35:00,85.88144245,0.696,False
2014-01-07 10:40:00,86.71089146,0.026,False
2014-01-07 10:45:00,85.96919304,0.592,False
2014-01-07 10:50:00,85.16828206,1.218,False
2014-01-07 10:55:00,85.55242902,0.884,False
2014-01-07 11:00:00,84.32819846,1.783,False
2014-01-07 11:05:00,84.08834265,1.913,False
2014-01-07 11:10:00,84.75030521,1.37,False
2014-01-07 11:15:00,85.40680495,0.836,False
2014-01-07 11:20:00,84.55728542,1.463,False
2014-01-07 11:25:00,83.28404657,2.328,False
2014-01-07 11:30:00,83.54857251,2.095,False
2014-01-07 11:35:00,83.42559384,2.254,False
2014-01-07 11:40:00,84.13948345,1.672,False
2014-01-07 11:45:00,83.51706652,2.117,False
2014-01-07 11:50:00,84.91056389,1.12,False
2014-01-07 11:55:00,85.44694892,0.693,False
2014-01-07 12:00:00,84.98529319,1.023,False
2014-01-07 12:05:00,84.58421301,1.353,False
2014-01-07 12:10:00,85.44624646,0.716,False
2014-01-07 12:15:00,85.52812874,0.653,False
2014-01-07 12:20:00,84.71149114,1.325,False
2014-01-07 12:25:00,84.86085699,1.145,False
2014-01-07 12:30:00,85.50818748,0.652,False
2014-01-07 12:35:00,86.72283115,0.283,False
2014-01-07 12:40:00,86.43793829999998,0.064,False
2014-01-07 12:45:00,87.33262652,0.764,False
2014-01-07 12:50:00,86.60891782,0.2,False
2014-01-07 12:55:00,87.70877966,1.023,False
2014-01-07 13:00:00,85.72533723,0.409,False
2014-01-07 13:05:00,87.635362,1.058,False
2014-01-07 13:10:00,87.73646921,1.132,False
2014-01-07 13:15:00,87.09667459,0.708,False
2014-01-07 13:20:00,87.5375625,1.023,False
2014-01-07 13:25:00,86.51492762,0.301,False
2014-01-07 13:30:00,87.12126324,0.685,False
2014-01-07 13:35:00,85.84256241,0.27,False
2014-01-07 13:40:00,86.0207733,0.199,False
2014-01-07 13:45:00,85.50446445,0.52,False
2014-01-07 13:50:00,87.46942676,0.884,False
2014-01-07 13:55:00,86.2240241,0.041,False
2014-01-07 14:00:00,85.79350078,0.42,False
2014-01-07 14:05:00,86.39295259,0.02,False
2014-01-07 14:10:00,87.56753044,0.918,False
2014-01-07 14:15:00,86.69454721,0.228,False
2014-01-07 14:20:00,87.73680864,1.119,False
2014-01-07 14:25:00,85.79780719,0.56,False
2014-01-07 14:30:00,86.51474821,0.048,False
2014-01-07 14:35:00,87.55040405,0.961,False
2014-01-07 14:40:00,87.22305465,0.672,False
2014-01-07 14:45:00,86.54920835,0.056,False
2014-01-07 14:50:00,86.33365436,0.154,False
2014-01-07 14:55:00,87.27862612,0.675,False
2014-01-07 15:00:00,87.33422392,0.712,False
2014-01-07 15:05:00,87.5220754,0.879,False
2014-01-07 15:10:00,86.34300921,0.219,False
2014-01-07 15:15:00,86.88979519,0.306,False
2014-01-07 15:20:00,85.47166758,1.089,False
2014-01-07 15:25:00,87.5251728,0.92,False
2014-01-07 15:30:00,87.41712159,0.784,False
2014-01-07 15:35:00,86.50079867,0.18,False
2014-01-07 15:40:00,85.80436799,0.866,False
2014-01-07 15:45:00,87.74547431,1.077,False
2014-01-07 15:50:00,86.18408654,0.477,False
2014-01-07 15:55:00,85.49813463,1.159,False
2014-01-07 16:00:00,86.03082065,0.635,False
2014-01-07 16:05:00,87.23875693,0.501,False
2014-01-07 16:10:00,85.66601816,1.015,False
2014-01-07 16:15:00,86.94509073,0.264,False
2014-01-07 16:20:00,86.0043183,0.661,False
2014-01-07 16:25:00,86.65831935,0.008,False
2014-01-07 16:30:00,87.10976993,0.426,False
2014-01-07 16:35:00,87.25176519,0.589,False
2014-01-07 16:40:00,85.5909113,1.11,False
2014-01-07 16:45:00,87.48830600000002,0.809,False
2014-01-07 16:50:00,85.58838916,1.135,False
2014-01-07 16:55:00,87.16189396,0.485,False
2014-01-07 17:00:00,86.47069873,0.244,False
2014-01-07 17:05:00,86.45079023,0.282,False
2014-01-07 17:10:00,86.01882499,0.79,False
2014-01-07 17:15:00,86.33239352,0.462,False
2014-01-07 17:20:00,86.97778657,0.211,False
2014-01-07 17:25:00,86.81807105,0.102,False
2014-01-07 17:30:00,85.9830462,0.874,False
2014-01-07 17:35:00,85.7109922,1.09,False
2014-01-07 17:40:00,87.52134073,0.82,False
2014-01-07 17:45:00,86.70074056,0.004,False
2014-01-07 17:50:00,87.62629252,0.902,False
2014-01-07 17:55:00,86.73250592,0.012,False
2014-01-07 18:00:00,85.58289773,1.098,False
2014-01-07 18:05:00,86.89841598,0.214,False
2014-01-07 18:10:00,86.36619247,0.321,False
2014-01-07 18:15:00,85.55307602,1.127,False
2014-01-07 18:20:00,86.64287833,0.06,False
2014-01-07 18:25:00,87.65469222,0.973,False
2014-01-07 18:30:00,87.60754632,1.024,False
2014-01-07 18:35:00,86.07711280000002,0.633,False
2014-01-07 18:40:00,85.80948498,0.891,False
2014-01-07 18:45:00,87.0156412,0.344,False
2014-01-07 18:50:00,87.67790147,1.022,False
2014-01-07 18:55:00,87.54734809,0.849,False
2014-01-07 19:00:00,87.60891319,0.926,False
2014-01-07 19:05:00,86.89070191,0.201,False
2014-01-07 19:10:00,85.99834426,0.691,False
2014-01-07 19:15:00,87.73416578,1.095,False
2014-01-07 19:20:00,86.50785933,0.213,False
2014-01-07 19:25:00,87.67341687,1.134,False
2014-01-07 19:30:00,87.07562546,0.416,False
2014-01-07 19:35:00,86.29992062,0.426,False
2014-01-07 19:40:00,86.70863213,0.035,False
2014-01-07 19:45:00,85.97578579,0.766,False
2014-01-07 19:50:00,86.91206975,0.218,False
2014-01-07 19:55:00,86.93794167,0.274,False
2014-01-07 20:00:00,86.89532624,0.224,False
2014-01-07 20:05:00,86.87721823,0.181,False
2014-01-07 20:10:00,87.71862827,1.066,False
2014-01-07 20:15:00,86.12784672,0.606,False
2014-01-07 20:20:00,85.87725045,0.84,False
2014-01-07 20:25:00,86.87023791,0.141,False
2014-01-07 20:30:00,85.99332690000001,0.674,False
2014-01-07 20:35:00,85.64398035,1.05,False
2014-01-07 20:40:00,85.64990678,1.108,False
2014-01-07 20:45:00,85.65478584,1.104,False
2014-01-07 20:50:00,87.15182174,0.283,False
2014-01-07 20:55:00,86.00839084,0.776,False
2014-01-07 21:00:00,85.80711176,0.963,False
2014-01-07 21:05:00,87.36783890000002,0.491,False
2014-01-07 21:10:00,87.65810970000004,0.84,False
2014-01-07 21:15:00,86.82250389,0.054,False
2014-01-07 21:20:00,86.54933513,0.212,False
2014-01-07 21:25:00,86.37809291,0.441,False
2014-01-07 21:30:00,85.49662448,1.246,False
2014-01-07 21:35:00,87.60705765,0.863,False
2014-01-07 21:40:00,85.91752837,0.87,False
2014-01-07 21:45:00,87.59324636,0.849,False
2014-01-07 21:50:00,85.59957358,1.196,False
2014-01-07 21:55:00,86.90252506,0.151,False
2014-01-07 22:00:00,86.34825068,0.488,False
2014-01-07 22:05:00,87.6216191,1.077,False
2014-01-07 22:10:00,86.89088048,0.313,False
2014-01-07 22:15:00,86.42033488,0.237,False
2014-01-07 22:20:00,86.10094669,0.52,False
2014-01-07 22:25:00,87.10650249,0.555,False
2014-01-07 22:30:00,85.86556403,0.886,False
2014-01-07 22:35:00,85.77367485,0.903,False
2014-01-07 22:40:00,87.18929683,0.662,False
2014-01-07 22:45:00,87.69007057,1.313,False
2014-01-07 22:50:00,86.31263375,0.356,False
2014-01-07 22:55:00,87.01171434,0.446,False
2014-01-07 23:00:00,85.58763531,1.17,False
2014-01-07 23:05:00,86.23353273,0.353,False
2014-01-07 23:10:00,85.48381363,1.153,False
2014-01-07 23:15:00,87.12869376,0.703,False
2014-01-07 23:20:00,87.66749736,1.289,False
2014-01-07 23:25:00,87.42753124,0.958,False
2014-01-07 23:30:00,87.33729439,0.895,False
2014-01-07 23:35:00,87.75776333,1.334,False
2014-01-07 23:40:00,87.38104543,0.94,False
2014-01-07 23:45:00,85.81341366,0.725,False
2014-01-07 23:50:00,87.26490981,0.851,False
2014-01-07 23:55:00,86.14415722,0.267,False
2014-01-08 00:00:00,86.11422115,0.383,False
2014-01-08 00:05:00,86.26262058,0.307,False
2014-01-08 00:10:00,86.69664217,0.158,False
2014-01-08 00:15:00,85.97099432,0.624,False
2014-01-08 00:20:00,87.78704048,1.348,False
2014-01-08 00:25:00,86.04292124,0.602,False
2014-01-08 00:30:00,86.84911915,0.098,False
2014-01-08 00:35:00,86.34280183,0.431,False
2014-01-08 00:40:00,85.65644739,1.149,False
2014-01-08 00:45:00,87.11721391,0.298,False
2014-01-08 00:50:00,86.96116027,0.196,False
2014-01-08 00:55:00,86.89883086,0.129,False
2014-01-08 01:00:00,86.54202757,0.249,False
2014-01-08 01:05:00,85.88257469999998,0.974,False
2014-01-08 01:10:00,85.85384912,1.003,False
2014-01-08 01:15:00,86.18179638,0.592,False
2014-01-08 01:20:00,87.53286536,0.716,False
2014-01-08 01:25:00,87.12565516,0.329,False
2014-01-08 01:30:00,86.24354809,0.477,False
2014-01-08 01:35:00,86.81448418,0.032,False
2014-01-08 01:40:00,85.68972824,1.079,False
2014-01-08 01:45:00,87.42374661,0.636,False
2014-01-08 01:50:00,87.04249472,0.294,False
2014-01-08 01:55:00,87.33976982,0.588,False
2014-01-08 02:00:00,86.31832526,0.401,False
2014-01-08 02:05:00,87.61016022,0.877,False
2014-01-08 02:10:00,86.00298601,0.713,False
2014-01-08 02:15:00,86.36197879999996,0.358,False
2014-01-08 02:20:00,87.42274454,0.688,False
2014-01-08 02:25:00,85.62311789,1.026,False
2014-01-08 02:30:00,85.46747847,1.174,False
2014-01-08 02:35:00,85.53470087,1.104,False
2014-01-08 02:40:00,86.35255577,0.325,False
2014-01-08 02:45:00,85.79054503,0.844,False
2014-01-08 02:50:00,85.76162227,0.939,False
2014-01-08 02:55:00,87.60725356,1.037,False
2014-01-08 03:00:00,87.04192991,0.401,False
2014-01-08 03:05:00,87.49097369,0.81,False
2014-01-08 03:10:00,87.12264362,0.439,False
2014-01-08 03:15:00,86.98107302,0.318,False
2014-01-08 03:20:00,87.45702581,0.776,False
2014-01-08 03:25:00,87.0565802,0.398,False
2014-01-08 03:30:00,85.67285809999998,1.029,False
2014-01-08 03:35:00,87.74190031,1.063,False
2014-01-08 03:40:00,87.48700815,0.754,False
2014-01-08 03:45:00,86.74639625,0.052,False
2014-01-08 03:50:00,85.99060062,0.663,False
2014-01-08 03:55:00,87.50478293,0.799,False
2014-01-08 04:00:00,87.75644657,1.02,False
2014-01-08 04:05:00,87.51206823,0.791,False
2014-01-08 04:10:00,85.7753931,0.852,False
2014-01-08 04:15:00,85.87378416,0.774,False
2014-01-08 04:20:00,86.70374586,0.016,False
2014-01-08 04:25:00,86.7435568,0.079,False
2014-01-08 04:30:00,87.50922032,0.803,False
2014-01-08 04:35:00,86.32629688,0.317,False
2014-01-08 04:40:00,87.23293749,0.571,False
2014-01-08 04:45:00,85.68315576,0.894,False
2014-01-08 04:50:00,86.12400584,0.442,False
2014-01-08 04:55:00,86.69124623,0.096,False
2014-01-08 05:00:00,85.8619805,0.676,False
2014-01-08 05:05:00,86.43938548,0.138,False
2014-01-08 05:10:00,85.39525040000002,1.087,False
2014-01-08 05:15:00,85.66972208,0.829,False
2014-01-08 05:20:00,87.33532234,0.684,False
2014-01-08 05:25:00,87.63318238,0.98,False
2014-01-08 05:30:00,85.60671095,0.887,False
2014-01-08 05:35:00,87.45248724,0.802,False
2014-01-08 05:40:00,86.59547731,0.006,False
2014-01-08 05:45:00,86.93233341,0.315,False
2014-01-08 05:50:00,86.51117374,0.072,False
2014-01-08 05:55:00,85.35563140000002,1.162,False
2014-01-08 06:00:00,86.68202729,0.088,False
2014-01-08 06:05:00,86.64888718,0.081,False
2014-01-08 06:10:00,86.16995941,0.337,False
2014-01-08 06:15:00,87.08531997,0.552,False
2014-01-08 06:20:00,86.69814446,0.221,False
2014-01-08 06:25:00,87.21709695,0.786,False
2014-01-08 06:30:00,85.99649288,0.329,False
2014-01-08 06:35:00,87.43329484,1.048,False
2014-01-08 06:40:00,85.72872908,0.594,False
2014-01-08 06:45:00,85.36226249,0.855,False
2014-01-08 06:50:00,86.58169512,0.313,False
2014-01-08 06:55:00,87.20105485,0.896,False
2014-01-08 07:00:00,85.94270769,0.216,False
2014-01-08 07:05:00,87.02231983,0.83,False
2014-01-08 07:10:00,85.71104685,0.447,False
2014-01-08 07:15:00,85.56351503,0.637,False
2014-01-08 07:20:00,85.89947004,0.268,False
2014-01-08 07:25:00,86.78721209999998,0.752,False
2014-01-08 07:30:00,84.98945312,1.037,False
2014-01-08 07:35:00,85.64635399,0.313,False
2014-01-08 07:40:00,86.17396127,0.23,False
2014-01-08 07:45:00,86.54367533,0.576,False
2014-01-08 07:50:00,86.96126233,0.972,False
2014-01-08 07:55:00,86.95092890000002,0.962,False
2014-01-08 08:00:00,84.9658627,0.906,False
2014-01-08 08:05:00,85.26524443,0.658,False
2014-01-08 08:10:00,85.10626951,0.775,False
2014-01-08 08:15:00,86.99371968,1.003,False
2014-01-08 08:20:00,86.48833931,0.524,False
2014-01-08 08:25:00,85.22718291,0.652,False
2014-01-08 08:30:00,86.65664246,0.733,False
2014-01-08 08:35:00,85.16720032,0.725,False
2014-01-08 08:40:00,84.96750836,0.94,False
2014-01-08 08:45:00,85.79884346,0.113,False
2014-01-08 08:50:00,85.86167711,0.037,False
2014-01-08 08:55:00,87.04625664,1.106,False
2014-01-08 09:00:00,85.58749087,0.284,False
2014-01-08 09:05:00,84.68175176,1.135,False
2014-01-08 09:10:00,86.36379170000002,0.495,False
2014-01-08 09:15:00,85.84506949,0.022,False
2014-01-08 09:20:00,86.16199324,0.34,False
2014-01-08 09:25:00,84.88511024,0.852,False
2014-01-08 09:30:00,85.90038054,0.128,False
2014-01-08 09:35:00,86.68769812,0.897,False
2014-01-08 09:40:00,84.73212595,0.895,False
2014-01-08 09:45:00,86.69007189,0.955,False
2014-01-08 09:50:00,85.20584088,0.42,False
2014-01-08 09:55:00,84.75039354,0.807,False
2014-01-08 10:00:00,85.23970298,0.359,False
2014-01-08 10:05:00,85.92987724,0.306,False
2014-01-08 10:10:00,85.48446265,0.084,False
2014-01-08 10:15:00,84.83989071,0.678,False
2014-01-08 10:20:00,84.87959192,0.661,False
2014-01-08 10:25:00,86.50977986,0.874,False
2014-01-08 10:30:00,84.51754202,0.938,False
2014-01-08 10:35:00,85.79734854,0.184,False
2014-01-08 10:40:00,86.43972654,0.776,False
2014-01-08 10:45:00,84.66251887,0.861,False
2014-01-08 10:50:00,86.03574946,0.442,False
2014-01-08 10:55:00,86.51168334,0.887,False
2014-01-08 11:00:00,86.49163217,0.916,False
2014-01-08 11:05:00,85.60775948,0.055,False
2014-01-08 11:10:00,84.88386806,0.626,False
2014-01-08 11:15:00,84.56360503,0.992,False
2014-01-08 11:20:00,84.36128163,1.186,False
2014-01-08 11:25:00,85.34728270000002,0.24,False
2014-01-08 11:30:00,86.34002454,0.68,False
2014-01-08 11:35:00,86.11622287,0.497,False
2014-01-08 11:40:00,86.46668633,0.849,False
2014-01-08 11:45:00,85.40047653,0.253,False
2014-01-08 11:50:00,84.42264911,1.21,False
2014-01-08 11:55:00,85.18260936,0.442,False
2014-01-08 12:00:00,85.51074226,0.127,False
2014-01-08 12:05:00,86.18008848,0.449,False
2014-01-08 12:10:00,84.8029917,0.964,False
2014-01-08 12:15:00,84.9408716,0.827,False
2014-01-08 12:20:00,86.00816101,0.232,False
2014-01-08 12:25:00,84.64913902,1.019,False
2014-01-08 12:30:00,84.12964313,1.632,False
2014-01-08 12:35:00,85.67156693,0.102,False
2014-01-08 12:40:00,84.31933547,1.52,False
2014-01-08 12:45:00,84.61183723,1.308,False
2014-01-08 12:50:00,84.57974622,1.42,False
2014-01-08 12:55:00,85.9898254,0.132,False
2014-01-08 13:00:00,85.15992507,0.836,False
2014-01-08 13:05:00,84.67085178,1.387,False
2014-01-08 13:10:00,86.59882906,0.595,False
2014-01-08 13:15:00,85.75212599,0.237,False
2014-01-08 13:20:00,85.2508015,0.765,False
2014-01-08 13:25:00,86.76359714,0.719,False
2014-01-08 13:30:00,85.61446589,0.426,False
2014-01-08 13:35:00,86.63587929,0.62,False
2014-01-08 13:40:00,86.38381065,0.287,False
2014-01-08 13:45:00,84.86612308,1.257,False
2014-01-08 13:50:00,86.51878577,0.453,False
2014-01-08 13:55:00,84.90600655,1.263,False
2014-01-08 14:00:00,86.66341154,0.606,False
2014-01-08 14:05:00,85.52297458,0.655,False
2014-01-08 14:10:00,86.58716485,0.464,False
2014-01-08 14:15:00,87.06906255,0.969,False
2014-01-08 14:20:00,86.17393755,0.003,False
2014-01-08 14:25:00,87.09999313,1.018,False
2014-01-08 14:30:00,85.57941518,0.686,False
2014-01-08 14:35:00,86.61467286,0.467,False
2014-01-08 14:40:00,86.78422626,0.604,False
2014-01-08 14:45:00,87.08277276,0.978,False
2014-01-08 14:50:00,87.07225404,0.912,False
2014-01-08 14:55:00,87.23719919,1.021,False
2014-01-08 15:00:00,86.27634084,0.12,False
2014-01-08 15:05:00,86.66278925,0.234,False
2014-01-08 15:10:00,86.81329686,0.322,False
2014-01-08 15:15:00,86.76781512,0.258,False
2014-01-08 15:20:00,85.64576332,1.033,False
2014-01-08 15:25:00,86.58259090000001,0.003,False
2014-01-08 15:30:00,86.21883734,0.414,False
2014-01-08 15:35:00,87.10312494,0.549,False
2014-01-08 15:40:00,87.44769074,0.88,False
2014-01-08 15:45:00,86.38196715,0.286,False
2014-01-08 15:50:00,85.72982532,1.04,False
2014-01-08 15:55:00,87.7121335,1.188,False
2014-01-08 16:00:00,86.11412847,0.674,False
2014-01-08 16:05:00,85.71382767,1.182,False
2014-01-08 16:10:00,85.46097972,1.479,False
2014-01-08 16:15:00,86.76636682,0.011,False
2014-01-08 16:20:00,87.14380355,0.387,False
2014-01-08 16:25:00,85.6739975,1.417,False
2014-01-08 16:30:00,87.50294825,0.526,False
2014-01-08 16:35:00,86.10356266,1.131,False
2014-01-08 16:40:00,85.7376509,1.585,False
2014-01-08 16:45:00,87.40816097,0.379,False
2014-01-08 16:50:00,88.01216562,1.139,False
2014-01-08 16:55:00,87.42356968,0.4,False
2014-01-08 17:00:00,87.90336465,1.011,False
2014-01-08 17:05:00,86.52474663,0.863,False
2014-01-08 17:10:00,86.03899993,1.626,False
2014-01-08 17:15:00,87.25378551,0.097,False
2014-01-08 17:20:00,86.17890836,1.745,False
2014-01-08 17:25:00,87.03736828,0.54,False
2014-01-08 17:30:00,87.51218133,0.124,False
2014-01-08 17:35:00,87.39791923,0.073,False
2014-01-08 17:40:00,86.20702615,2.066,False
2014-01-08 17:45:00,88.42653008,1.647,False
2014-01-08 17:50:00,87.57374991,0.055,False
2014-01-08 17:55:00,87.44125196,0.361,False
2014-01-08 18:00:00,86.54493248,2.152,False
2014-01-08 18:05:00,88.10200557,0.467,False
2014-01-08 18:10:00,88.62289494,1.214,False
2014-01-08 18:15:00,87.7792815,0.178,False
2014-01-08 18:20:00,86.64591951,1.871,False
2014-01-08 18:25:00,88.7008881,0.918,False
2014-01-08 18:30:00,87.09250685,1.58,False
2014-01-08 18:35:00,87.85119214,0.782,False
2014-01-08 18:40:00,88.6095609,0.04,False
2014-01-08 18:45:00,88.59099327,0.011,False
2014-01-08 18:50:00,88.69932289,0.102,False
2014-01-08 18:55:00,87.9042093,1.07,False
2014-01-08 19:00:00,89.36990627,1.019,False
2014-01-08 19:05:00,88.55622505,0.309,False
2014-01-08 19:10:00,89.69809428,0.919,False
2014-01-08 19:15:00,88.81806673,1.089,False
2014-01-08 19:20:00,89.75963434,0.044,False
2014-01-08 19:25:00,90.52115297,0.713,False
2014-01-08 19:30:00,90.32131772,0.033,False
2014-01-08 19:35:00,90.27413266,0.19,False
2014-01-08 19:40:00,90.80930512,0.186,False
2014-01-08 19:45:00,91.12254802,0.21,False
2014-01-08 19:50:00,91.10986672,0.008,False
2014-01-08 19:55:00,91.2453248,0.079,False
2014-01-08 20:00:00,92.7491828,1.401,False
2014-01-08 20:05:00,91.91777809,0.257,False
2014-01-08 20:10:00,92.66032925,0.441,False
2014-01-08 20:15:00,92.31922352,0.244,False
2014-01-08 20:20:00,92.31684474,0.458,False
2014-01-08 20:25:00,92.68046269,0.049,False
2014-01-08 20:30:00,93.83972269,0.865,False
2014-01-08 20:35:00,93.72288113,0.076,False
2014-01-08 20:40:00,93.98298712,0.09,False
2014-01-08 20:45:00,95.65809225,2.125,False
2014-01-08 20:50:00,95.83211114,2.192,False
2014-01-08 20:55:00,95.81723398,1.676,False
2014-01-08 21:00:00,94.05517348,0.852,False
2014-01-08 21:05:00,94.70264802,0.217,False
2014-01-08 21:10:00,96.0896686,1.381,False
2014-01-08 21:15:00,95.01704472,0.118,False
2014-01-08 21:20:00,96.43686149,1.565,False
2014-01-08 21:25:00,95.94656359,0.925,False
2014-01-08 21:30:00,94.55021896,1.082,False
2014-01-08 21:35:00,94.72250355,1.065,False
2014-01-08 21:40:00,95.85496754,0.575,False
2014-01-08 21:45:00,95.37625142,0.248,False
2014-01-08 21:50:00,95.56651186,0.048,False
2014-01-08 21:55:00,95.20905159,0.615,False
2014-01-08 22:00:00,95.03120528,0.993,False
2014-01-08 22:05:00,95.18405216,0.93,False
2014-01-08 22:10:00,97.02948512,1.922,False
2014-01-08 22:15:00,95.26196459,0.928,False
2014-01-08 22:20:00,95.51394951,0.617,False
2014-01-08 22:25:00,95.47555878,0.821,False
2014-01-08 22:30:00,95.63412377,0.952,False
2014-01-08 22:35:00,97.07082444,0.864,False
2014-01-08 22:40:00,95.71648233,0.916,False
2014-01-08 22:45:00,96.4453096,0.024,False
2014-01-08 22:50:00,97.26960032,0.96,False
2014-01-08 22:55:00,97.61010525,1.293,False
2014-01-08 23:00:00,96.48339059,0.234,False
2014-01-08 23:05:00,97.54579436,0.836,False
2014-01-08 23:10:00,96.86320713,0.035,False
2014-01-08 23:15:00,96.44009952,0.616,False
2014-01-08 23:20:00,97.4360846,0.444,False
2014-01-08 23:25:00,96.80069358,0.339,False
2014-01-08 23:30:00,98.16426979,1.144,False
2014-01-08 23:35:00,96.52076017,0.726,False
2014-01-08 23:40:00,97.25835029,0.013,False
2014-01-08 23:45:00,97.47625157,0.222,False
2014-01-08 23:50:00,97.74230291,0.476,False
2014-01-08 23:55:00,98.07091127,0.732,False
2014-01-09 00:00:00,98.06529517,0.638,False
2014-01-09 00:05:00,97.55237385,0.103,False
2014-01-09 00:10:00,96.92346042,0.57,False
2014-01-09 00:15:00,96.56555971,0.982,False
2014-01-09 00:20:00,97.13139419,0.414,False
2014-01-09 00:25:00,97.14072813,0.437,False
2014-01-09 00:30:00,97.30653036,0.299,False
2014-01-09 00:35:00,97.49121374,0.143,False
2014-01-09 00:40:00,99.06263317,1.611,False
2014-01-09 00:45:00,98.30780273,0.768,False
2014-01-09 00:50:00,97.64219218,0.024,False
2014-01-09 00:55:00,97.72995078,0.122,False
2014-01-09 01:00:00,97.23438336,0.428,False
2014-01-09 01:05:00,97.67132505,0.057,False
2014-01-09 01:10:00,99.07074646,1.62,False
2014-01-09 01:15:00,98.21172243,0.67,False
2014-01-09 01:20:00,98.84513455,1.368,False
2014-01-09 01:25:00,99.4474922,2.023,False
2014-01-09 01:30:00,98.393867,0.842,False
2014-01-09 01:35:00,98.43569718,0.886,False
2014-01-09 01:40:00,99.47461047,1.968,False
2014-01-09 01:45:00,97.95263646,0.368,False
2014-01-09 01:50:00,98.19138003,0.606,False
2014-01-09 01:55:00,98.28252466,0.702,False
2014-01-09 02:00:00,98.70307751,1.231,False
2014-01-09 02:05:00,98.73641552,1.267,False
2014-01-09 02:10:00,99.92971614,2.589,False
2014-01-09 02:15:00,98.14078987,0.588,False
2014-01-09 02:20:00,98.86995832,1.315,False
2014-01-09 02:25:00,98.37671037,0.807,False
2014-01-09 02:30:00,99.92047055,2.364,False
2014-01-09 02:35:00,99.31226193,1.842,False
2014-01-09 02:40:00,99.33843363,1.947,False
2014-01-09 02:45:00,98.63832847,1.197,False
2014-01-09 02:50:00,98.78433604,1.299,False
2014-01-09 02:55:00,99.09703711,1.747,False
2014-01-09 03:00:00,97.2510206,0.034,False
2014-01-09 03:05:00,97.25844873,0.004,False
2014-01-09 03:10:00,97.96602676,0.723,False
2014-01-09 03:15:00,97.63137972,0.389,False
2014-01-09 03:20:00,97.94248093,0.7,False
2014-01-09 03:25:00,97.85176786,0.609,False
2014-01-09 03:30:00,97.84089499,0.598,False
2014-01-09 03:35:00,96.58356718,0.525,False
2014-01-09 03:40:00,96.87906243,0.05,False
2014-01-09 03:45:00,96.98208457,0.143,False
2014-01-09 03:50:00,96.79018198,0.102,False
2014-01-09 03:55:00,95.80558494,0.702,False
2014-01-09 04:00:00,95.67345179,0.539,False
2014-01-09 04:05:00,96.50887327,0.546,False
2014-01-09 04:10:00,95.89001056,0.04,False
2014-01-09 04:15:00,94.34684395,1.32,False
2014-01-09 04:20:00,94.27675137,1.101,False
2014-01-09 04:25:00,95.97536461,0.737,False
2014-01-09 04:30:00,93.59801503,1.162,False
2014-01-09 04:35:00,93.52112092,0.815,False
2014-01-09 04:40:00,93.90450114,0.416,False
2014-01-09 04:45:00,95.20242331,0.961,False
2014-01-09 04:50:00,95.1939964,0.931,False
2014-01-09 04:55:00,93.6251319,0.428,False
2014-01-09 05:00:00,94.24785692,0.458,False
2014-01-09 05:05:00,94.26093052,0.616,False
2014-01-09 05:10:00,94.34108074,0.781,False
2014-01-09 05:15:00,92.03746505,1.467,False
2014-01-09 05:20:00,93.15113955,0.07,False
2014-01-09 05:25:00,92.32570785,0.864,False
2014-01-09 05:30:00,93.29146695,0.379,False
2014-01-09 05:35:00,93.11136561,0.449,False
2014-01-09 05:40:00,92.59849146,0.012,False
2014-01-09 05:45:00,91.19126186,1.42,False
2014-01-09 05:50:00,92.62104176,0.346,False
2014-01-09 05:55:00,92.76437509,0.674,False
2014-01-09 06:00:00,90.5958923,1.278,False
2014-01-09 06:05:00,92.29756954,1.085,False
2014-01-09 06:10:00,91.04849625,0.184,False
2014-01-09 06:15:00,90.25727879,1.079,False
2014-01-09 06:20:00,90.94954578,0.19,False
2014-01-09 06:25:00,91.41869978,0.355,False
2014-01-09 06:30:00,91.23494088,0.147,False
2014-01-09 06:35:00,90.25523485,0.849,False
2014-01-09 06:40:00,90.06139309,0.918,False
2014-01-09 06:45:00,90.3899126,0.562,False
2014-01-09 06:50:00,89.43089335,1.517,False
2014-01-09 06:55:00,90.40752434,0.354,False
2014-01-09 07:00:00,90.41945873,0.342,False
2014-01-09 07:05:00,90.46163727,0.302,False
2014-01-09 07:10:00,88.38557926,2.314,False
2014-01-09 07:15:00,90.59635583,0.16,False
2014-01-09 07:20:00,89.78884596,0.893,False
2014-01-09 07:25:00,90.44458253,0.298,False
2014-01-09 07:30:00,89.19189057,1.435,False
2014-01-09 07:35:00,90.14954238,0.566,False
2014-01-09 07:40:00,89.17204105,1.691,False
2014-01-09 07:45:00,88.82677109999999,2.065,False
2014-01-09 07:50:00,89.39230847,1.452,False
2014-01-09 07:55:00,90.22435281,0.552,False
2014-01-09 08:00:00,88.76589192,1.908,False
2014-01-09 08:05:00,90.41888306,0.286,False
2014-01-09 08:10:00,90.36012915,0.339,False
2014-01-09 08:15:00,89.70474345,0.933,False
2014-01-09 08:20:00,90.19461142,0.489,False
2014-01-09 08:25:00,88.28149143,2.205,False
2014-01-09 08:30:00,88.63515342,1.887,False
2014-01-09 08:35:00,89.92808494,0.715,False
2014-01-09 08:40:00,90.74883284,0.013,False
2014-01-09 08:45:00,89.00088852,1.414,False
2014-01-09 08:50:00,90.86851838,0.11,False
2014-01-09 08:55:00,89.52212702,0.962,False
2014-01-09 09:00:00,89.99156894,0.579,False
2014-01-09 09:05:00,90.56080281,0.165,False
2014-01-09 09:10:00,91.3509966,0.452,False
2014-01-09 09:15:00,89.67719273,0.813,False
2014-01-09 09:20:00,91.16064181,0.271,False
2014-01-09 09:25:00,91.55958487,0.536,False
2014-01-09 09:30:00,90.79675254,0.001,False
2014-01-09 09:35:00,89.76955638,0.715,False
2014-01-09 09:40:00,91.24743834,0.314,False
2014-01-09 09:45:00,90.41400621,0.259,False
2014-01-09 09:50:00,89.92116795,0.593,False
2014-01-09 09:55:00,91.54252088,0.518,False
2014-01-09 10:00:00,91.10955583,0.217,False
2014-01-09 10:05:00,90.96699785,0.114,False
2014-01-09 10:10:00,91.65094487,0.576,False
2014-01-09 10:15:00,92.20710146,0.981,False
2014-01-09 10:20:00,92.63426802,1.251,False
2014-01-09 10:25:00,92.5413761,1.206,False
2014-01-09 10:30:00,90.71920973,0.055,False
2014-01-09 10:35:00,90.79741206,0.001,False
2014-01-09 10:40:00,90.79522126,0.002,False
2014-01-09 10:45:00,92.51811678,1.19,False
2014-01-09 10:50:00,92.52757677,1.233,False
2014-01-09 10:55:00,91.55465874,0.55,False
2014-01-09 11:00:00,92.79255368,1.422,False
2014-01-09 11:05:00,93.10992915,1.68,False
2014-01-09 11:10:00,91.73716234,0.682,False
2014-01-09 11:15:00,91.91991215,0.8,False
2014-01-09 11:20:00,92.07009092,0.907,False
2014-01-09 11:25:00,92.18668132,0.99,False
2014-01-09 11:30:00,92.05793659,0.898,False
2014-01-09 11:35:00,93.02742281,1.62,False
2014-01-09 11:40:00,92.47246044,1.217,False
2014-01-09 11:45:00,93.91298812,2.22,False
2014-01-09 11:50:00,93.78194582,2.169,False
2014-01-09 11:55:00,93.4111812,1.9,False
2014-01-09 12:00:00,92.69375082,1.416,False
2014-01-09 12:05:00,94.59843276,2.763,False
2014-01-09 12:10:00,92.31439478,1.1,False
2014-01-09 12:15:00,92.22151119,1.033,False
2014-01-09 12:20:00,93.21519564,1.753,False
2014-01-09 12:25:00,91.71069419,0.68,False
2014-01-09 12:30:00,91.24176437,0.377,False
2014-01-09 12:35:00,90.70737893,0.105,False
2014-01-09 12:40:00,91.57213221,0.733,False
2014-01-09 12:45:00,90.7992723,0.314,False
2014-01-09 12:50:00,90.31788231,0.141,False
2014-01-09 12:55:00,89.74320267,0.205,False
2014-01-09 13:00:00,87.6904959,0.841,False
2014-01-09 13:05:00,87.22274752,0.429,False
2014-01-09 13:10:00,86.71088876,0.516,False
2014-01-09 13:15:00,87.99638163,0.669,False
2014-01-09 13:20:00,86.09574917,0.435,False
2014-01-09 13:25:00,85.77840570000002,0.599,False
2014-01-09 13:30:00,84.99224243,1.046,False
2014-01-09 13:35:00,85.42097026,0.654,False
2014-01-09 13:40:00,84.41104263,1.333,False
2014-01-09 13:45:00,85.33656022,0.616,False
2014-01-09 13:50:00,86.11716275,0.008,False
2014-01-09 13:55:00,84.0711344,1.451,False
2014-01-09 14:00:00,86.04587065,0.033,False
2014-01-09 14:05:00,85.87538815,0.152,False
2014-01-09 14:10:00,84.55155753,1.111,False
2014-01-09 14:15:00,84.08257558,1.452,False
2014-01-09 14:20:00,85.47055313,0.434,False
2014-01-09 14:25:00,84.47204554,1.167,False
2014-01-09 14:30:00,85.77154613,0.214,False
2014-01-09 14:35:00,85.66982709,0.288,False
2014-01-09 14:40:00,84.74780524,0.932,False
2014-01-09 14:45:00,85.77641379999999,0.113,False
2014-01-09 14:50:00,85.76970276,0.095,False
2014-01-09 14:55:00,85.9023808,0.064,False
2014-01-09 15:00:00,84.22433202,1.49,False
2014-01-09 15:05:00,84.8516028,0.951,False
2014-01-09 15:10:00,85.38562449,0.409,False
2014-01-09 15:15:00,84.33562781,1.557,False
2014-01-09 15:20:00,84.17486088,1.731,False
2014-01-09 15:25:00,85.69339172,0.078,False
2014-01-09 15:30:00,85.60298541,0.157,False
2014-01-09 15:35:00,86.33998826,0.719,False
2014-01-09 15:40:00,85.7564864,0.044,False
2014-01-09 15:45:00,84.61773218,1.252,False
2014-01-09 15:50:00,85.94531897,0.288,False
2014-01-09 15:55:00,86.33561105,0.735,False
2014-01-09 16:00:00,84.64545944,1.117,False
2014-01-09 16:05:00,84.81706191,0.906,False
2014-01-09 16:10:00,86.77692915,1.286,False
2014-01-09 16:15:00,86.57820199,1.168,False
2014-01-09 16:20:00,85.26660734,0.308,False
2014-01-09 16:25:00,84.97466175,0.641,False
2014-01-09 16:30:00,85.52589933,0.016,False
2014-01-09 16:35:00,87.31265277,2.12,False
2014-01-09 16:40:00,85.51292834,0.0,False
2014-01-09 16:45:00,86.08934005,0.699,False
2014-01-09 16:50:00,86.95654965,1.749,False
2014-01-09 16:55:00,86.07950714,0.67,False
2014-01-09 17:00:00,85.7124399,0.238,False
2014-01-09 17:05:00,86.88564841,1.596,False
2014-01-09 17:10:00,85.67979977,0.204,False
2014-01-09 17:15:00,86.44863252,1.058,False
2014-01-09 17:20:00,87.43946803,2.158,False
2014-01-09 17:25:00,87.43191217,2.035,False
2014-01-09 17:30:00,87.24929407,1.972,False
2014-01-09 17:35:00,85.46209595,0.017,False
2014-01-09 17:40:00,85.51240558,0.089,False
2014-01-09 17:45:00,85.72203525,0.301,False
2014-01-09 17:50:00,85.50886967,0.134,False
2014-01-09 17:55:00,85.11714968,0.212,False
2014-01-09 18:00:00,85.178951,0.098,False
2014-01-09 18:05:00,85.63425642,0.326,False
2014-01-09 18:10:00,85.77141666,0.456,False
2014-01-09 18:15:00,85.96664966,0.641,False
2014-01-09 18:20:00,85.3660297,0.076,False
2014-01-09 18:25:00,85.03886716,0.265,False
2014-01-09 18:30:00,85.49462343,0.233,False
2014-01-09 18:35:00,86.06841643,0.772,False
2014-01-09 18:40:00,85.2488474,0.005,False
2014-01-09 18:45:00,84.17476024,1.024,False
2014-01-09 18:50:00,85.31447395,0.051,False
2014-01-09 18:55:00,86.07818939,0.803,False
2014-01-09 19:00:00,84.00980497,1.213,False
2014-01-09 19:05:00,85.01545491,0.242,False
2014-01-09 19:10:00,85.52980401,0.26,False
2014-01-09 19:15:00,84.75011974,0.5,False
2014-01-09 19:20:00,83.71845513,1.54,False
2014-01-09 19:25:00,83.53336188,1.749,False
2014-01-09 19:30:00,83.50638566,1.802,False
2014-01-09 19:35:00,84.10290839,1.208,False
2014-01-09 19:40:00,85.49672747,0.182,False
2014-01-09 19:45:00,83.71459158,1.558,False
2014-01-09 19:50:00,83.10852754,2.063,False
2014-01-09 19:55:00,83.23391882,1.946,False
2014-01-09 20:00:00,82.89479504,2.205,False
2014-01-09 20:05:00,83.11973339,2.0,False
2014-01-09 20:10:00,83.13434316,2.039,False
2014-01-09 20:15:00,84.5257835,0.738,False
2014-01-09 20:20:00,84.11984928,1.163,False
2014-01-09 20:25:00,84.98982125,0.323,False
2014-01-09 20:30:00,84.35128187,0.96,False
2014-01-09 20:35:00,84.56831565,0.744,False
2014-01-09 20:40:00,83.42178595,1.887,False
2014-01-09 20:45:00,84.9539683,0.356,False
2014-01-09 20:50:00,84.37245198,0.932,False
2014-01-09 20:55:00,83.36481689,1.911,False
2014-01-09 21:00:00,85.26042077,0.077,False
2014-01-09 21:05:00,84.19363211,1.165,False
2014-01-09 21:10:00,85.69177746,0.281,False
2014-01-09 21:15:00,85.22075049,0.173,False
2014-01-09 21:20:00,84.88186663,0.5,False
2014-01-09 21:25:00,84.27078611,1.117,False
2014-01-09 21:30:00,84.48908375,0.942,False
2014-01-09 21:35:00,86.16606416,0.595,False
2014-01-09 21:40:00,85.98712494,0.44,False
2014-01-09 21:45:00,85.43461482,0.078,False
2014-01-09 21:50:00,84.89848421,0.662,False
2014-01-09 21:55:00,85.83482308,0.194,False
2014-01-09 22:00:00,86.8981667,1.194,False
2014-01-09 22:05:00,84.79050936,0.839,False
2014-01-09 22:10:00,86.92518138,1.137,False
2014-01-09 22:15:00,86.40845649,0.633,False
2014-01-09 22:20:00,85.31404891,0.417,False
2014-01-09 22:25:00,85.92957281,0.116,False
2014-01-09 22:30:00,86.08464849,0.223,False
2014-01-09 22:35:00,86.6370603,0.715,False
2014-01-09 22:40:00,86.9695279,1.039,False
2014-01-09 22:45:00,87.2024065,1.249,False
2014-01-09 22:50:00,86.98683828,1.002,False
2014-01-09 22:55:00,87.07669633,1.024,False
2014-01-09 23:00:00,86.35429173,0.275,False
2014-01-09 23:05:00,85.73622795,0.381,False
2014-01-09 23:10:00,85.6830943,0.483,False
2014-01-09 23:15:00,85.72678885,0.439,False
2014-01-09 23:20:00,86.59539939,0.418,False
2014-01-09 23:25:00,86.8637189,0.687,False
2014-01-09 23:30:00,87.21432311,1.026,False
2014-01-09 23:35:00,86.52457242,0.333,False
2014-01-09 23:40:00,87.23932411,1.042,False
2014-01-09 23:45:00,86.40004728,0.187,False
2014-01-09 23:50:00,86.90657792,0.703,False
2014-01-09 23:55:00,87.7743205,1.548,False
2014-01-10 00:00:00,86.96326199,0.701,False
2014-01-10 00:05:00,86.56486432,0.213,False
2014-01-10 00:10:00,85.87613604,0.536,False
2014-01-10 00:15:00,87.04355234,0.675,False
2014-01-10 00:20:00,87.26002514,0.837,False
2014-01-10 00:25:00,86.63971821,0.113,False
2014-01-10 00:30:00,87.38860773,0.883,False
2014-01-10 00:35:00,85.51096605,1.098,False
2014-01-10 00:40:00,87.27528249999996,0.75,False
2014-01-10 00:45:00,86.17564752,0.465,False
2014-01-10 00:50:00,85.56098524,1.137,False
2014-01-10 00:55:00,86.91872138,0.275,False
2014-01-10 01:00:00,85.78279205,0.95,False
2014-01-10 01:05:00,86.20443979999996,0.468,False
2014-01-10 01:10:00,87.07826961,0.475,False
2014-01-10 01:15:00,87.17146924,0.599,False
2014-01-10 01:20:00,86.93682133,0.358,False
2014-01-10 01:25:00,86.22951626,0.417,False
2014-01-10 01:30:00,87.59451903,1.031,False
2014-01-10 01:35:00,85.66803623,1.024,False
2014-01-10 01:40:00,85.81131878,0.884,False
2014-01-10 01:45:00,86.06334303,0.634,False
2014-01-10 01:50:00,87.65357835,1.182,False
2014-01-10 01:55:00,86.91368248,0.352,False
2014-01-10 02:00:00,87.42733789,0.979,False
2014-01-10 02:05:00,87.04788559999999,0.506,False
2014-01-10 02:10:00,85.6570017,1.062,False
2014-01-10 02:15:00,86.17900179,0.464,False
2014-01-10 02:20:00,85.92007232,0.75,False
2014-01-10 02:25:00,85.66201673,1.033,False
2014-01-10 02:30:00,86.80611448,0.177,False
2014-01-10 02:35:00,86.36729770000002,0.283,False
2014-01-10 02:40:00,85.44029218,1.267,False
2014-01-10 02:45:00,86.14372838,0.534,False
2014-01-10 02:50:00,86.6871235,0.032,False
2014-01-10 02:55:00,85.74751851,0.977,False
2014-01-10 03:00:00,87.29597263,0.702,False
2014-01-10 03:05:00,86.90740488,0.28,False
2014-01-10 03:10:00,87.28377934,0.672,False
2014-01-10 03:15:00,86.53849024,0.152,False
2014-01-10 03:20:00,87.50573203,0.907,False
2014-01-10 03:25:00,87.27692119,0.655,False
2014-01-10 03:30:00,86.0561302,0.702,False
2014-01-10 03:35:00,87.15195007,0.509,False
2014-01-10 03:40:00,87.55061412,0.888,False
2014-01-10 03:45:00,87.15461979999998,0.446,False
2014-01-10 03:50:00,86.70444956,0.141,False
2014-01-10 03:55:00,86.40413785,0.527,False
2014-01-10 04:00:00,86.03357886,0.913,False
2014-01-10 04:05:00,85.64161983,1.363,False
2014-01-10 04:10:00,85.68109548,1.337,False
2014-01-10 04:15:00,86.46231767,0.488,False
2014-01-10 04:20:00,85.78617397,1.202,False
2014-01-10 04:25:00,86.95072826,0.02,False
2014-01-10 04:30:00,86.09941484,0.905,False
2014-01-10 04:35:00,86.62195394,0.357,False
2014-01-10 04:40:00,86.67141515,0.357,False
2014-01-10 04:45:00,87.67064911,0.602,False
2014-01-10 04:50:00,86.40618265,0.788,False
2014-01-10 04:55:00,86.09588465,1.136,False
2014-01-10 05:00:00,86.64265424,0.616,False
2014-01-10 05:05:00,86.27575642,1.032,False
2014-01-10 05:10:00,86.28996787,1.064,False
2014-01-10 05:15:00,88.01564951,0.786,False
2014-01-10 05:20:00,86.67309036,0.651,False
2014-01-10 05:25:00,86.97595455,0.448,False
2014-01-10 05:30:00,86.5659837,0.995,False
2014-01-10 05:35:00,86.86007242,0.708,False
2014-01-10 05:40:00,88.09202487,0.523,False
2014-01-10 05:45:00,87.64137641,0.015,False
2014-01-10 05:50:00,88.54107503,0.878,False
2014-01-10 05:55:00,87.2833108,0.524,False
2014-01-10 06:00:00,88.22895465,0.361,False
2014-01-10 06:05:00,89.32979009,1.397,False
2014-01-10 06:10:00,89.13310333,1.104,False
2014-01-10 06:15:00,87.85565099,0.219,False
2014-01-10 06:20:00,87.5117724,0.653,False
2014-01-10 06:25:00,88.57496538,0.194,False
2014-01-10 06:30:00,88.92180213,0.366,False
2014-01-10 06:35:00,89.91367169,1.301,False
2014-01-10 06:40:00,87.73476671,0.969,False
2014-01-10 06:45:00,87.91362485,0.904,False
2014-01-10 06:50:00,89.64867622,0.782,False
2014-01-10 06:55:00,90.14412461,1.199,False
2014-01-10 07:00:00,88.05563266,0.835,False
2014-01-10 07:05:00,89.10505938,0.044,False
2014-01-10 07:10:00,90.58425887,1.413,False
2014-01-10 07:15:00,89.18466005,0.056,False
2014-01-10 07:20:00,88.87139504,0.277,False
2014-01-10 07:25:00,90.64426303,1.5,False
2014-01-10 07:30:00,90.65516222,1.471,False
2014-01-10 07:35:00,90.01083993,0.788,False
2014-01-10 07:40:00,89.72621550000002,0.444,False
2014-01-10 07:45:00,89.23880079999998,0.188,False
2014-01-10 07:50:00,89.77219214,0.226,False
2014-01-10 07:55:00,90.01289206,0.43,False
2014-01-10 08:00:00,89.51938517,0.105,False
2014-01-10 08:05:00,90.35725118,0.679,False
2014-01-10 08:10:00,90.5392657,0.81,False
2014-01-10 08:15:00,88.66527772,1.168,False
2014-01-10 08:20:00,88.73010356,1.172,False
2014-01-10 08:25:00,90.65025571,0.757,False
2014-01-10 08:30:00,90.53733837,0.607,False
2014-01-10 08:35:00,90.27319054,0.294,False
2014-01-10 08:40:00,89.24641334,0.759,False
2014-01-10 08:45:00,88.87175948,1.147,False
2014-01-10 08:50:00,90.76558006,0.73,False
2014-01-10 08:55:00,89.83636672,0.178,False
2014-01-10 09:00:00,89.00935911,0.973,False
2014-01-10 09:05:00,91.06181839,0.95,False
2014-01-10 09:10:00,89.58004197,0.521,False
2014-01-10 09:15:00,90.1671001,0.012,False
2014-01-10 09:20:00,89.99617415,0.177,False
2014-01-10 09:25:00,91.13308352,0.882,False
2014-01-10 09:30:00,90.41655215,0.151,False
2014-01-10 09:35:00,89.59706864,0.597,False
2014-01-10 09:40:00,90.34404941,0.089,False
2014-01-10 09:45:00,89.1243272,1.134,False
2014-01-10 09:50:00,91.18993924,0.893,False
2014-01-10 09:55:00,91.31117616,0.985,False
2014-01-10 10:00:00,89.15998255,1.251,False
2014-01-10 10:05:00,89.97672573,0.438,False
2014-01-10 10:10:00,90.79207974,0.398,False
2014-01-10 10:15:00,90.47425867,0.072,False
2014-01-10 10:20:00,90.1040041,0.311,False
2014-01-10 10:25:00,89.90963336,0.51,False
2014-01-10 10:30:00,91.0722141,0.67,False
2014-01-10 10:35:00,91.24258234,0.843,False
2014-01-10 10:40:00,90.59573934,0.156,False
2014-01-10 10:45:00,90.19502992,0.251,False
2014-01-10 10:50:00,91.27238553,0.841,False
2014-01-10 10:55:00,91.39714879,0.968,False
2014-01-10 11:00:00,90.2294667,0.204,False
2014-01-10 11:05:00,90.40187221,0.039,False
2014-01-10 11:10:00,91.22138794,0.74,False
2014-01-10 11:15:00,91.51603652,1.099,False
2014-01-10 11:20:00,90.40572572,0.005,False
2014-01-10 11:25:00,90.03662421,0.378,False
2014-01-10 11:30:00,91.32575366,0.931,False
2014-01-10 11:35:00,89.47721153,0.891,False
2014-01-10 11:40:00,91.6686626,1.23,False
2014-01-10 11:45:00,89.45430847,0.859,False
2014-01-10 11:50:00,90.6322823,0.242,False
2014-01-10 11:55:00,91.20099024,0.845,False
2014-01-10 12:00:00,90.46843949,0.155,False
2014-01-10 12:05:00,91.08574044,0.683,False
2014-01-10 12:10:00,90.85493704,0.538,False
2014-01-10 12:15:00,91.5645546,1.109,False
2014-01-10 12:20:00,90.66654434,0.358,False
2014-01-10 12:25:00,91.66393955,1.133,False
2014-01-10 12:30:00,89.71742373,0.387,False
2014-01-10 12:35:00,89.75722107,0.322,False
2014-01-10 12:40:00,91.17145544,0.751,False
2014-01-10 12:45:00,90.0325527,0.075,False
2014-01-10 12:50:00,90.46785115,0.249,False
2014-01-10 12:55:00,91.57783799,1.107,False
2014-01-10 13:00:00,91.45677921,1.043,False
2014-01-10 13:05:00,90.22156115,0.11,False
2014-01-10 13:10:00,91.51716217,1.031,False
2014-01-10 13:15:00,91.02096073,0.661,False
2014-01-10 13:20:00,91.93980639,1.346,False
2014-01-10 13:25:00,90.03066849,0.111,False
2014-01-10 13:30:00,91.26871616,0.79,False
2014-01-10 13:35:00,91.76934956,1.149,False
2014-01-10 13:40:00,89.74024772,0.344,False
2014-01-10 13:45:00,89.84248661,0.268,False
2014-01-10 13:50:00,89.68001666,0.392,False
2014-01-10 13:55:00,89.00373028,0.878,False
2014-01-10 14:00:00,89.60455034,0.455,False
2014-01-10 14:05:00,89.63076973,0.499,False
2014-01-10 14:10:00,89.63894544,0.494,False
2014-01-10 14:15:00,90.16308219,0.11,False
2014-01-10 14:20:00,88.4204728,1.388,False
2014-01-10 14:25:00,88.5145473,1.29,False
2014-01-10 14:30:00,88.34750005,1.494,False
2014-01-10 14:35:00,89.11894622,0.952,False
2014-01-10 14:40:00,88.29919507,1.589,False
2014-01-10 14:45:00,88.43880897,1.554,False
2014-01-10 14:50:00,88.0328926,1.959,False
2014-01-10 14:55:00,87.13968187,2.711,False
2014-01-10 15:00:00,86.77289099,3.124,False
2014-01-10 15:05:00,87.41373278,2.761,False
2014-01-10 15:10:00,85.66363808,4.132,False
2014-01-10 15:15:00,87.13469925,3.045,False
2014-01-10 15:20:00,87.40942128,2.83,False
2014-01-10 15:25:00,87.12877047,3.108,False
2014-01-10 15:30:00,89.07086641,1.666,False
2014-01-10 15:35:00,87.99787978,2.64,False
2014-01-10 15:40:00,88.58678463,2.092,False
2014-01-10 15:45:00,90.04301835,1.034,False
2014-01-10 15:50:00,88.9139173,2.0,False
2014-01-10 15:55:00,89.55618904,1.52,False
2014-01-10 16:00:00,91.72759286,0.19,False
2014-01-10 16:05:00,91.24555476,0.258,False
2014-01-10 16:10:00,91.02214748,0.467,False
2014-01-10 16:15:00,91.79840863,0.15,False
2014-01-10 16:20:00,92.17685514,0.406,False
2014-01-10 16:25:00,91.93434086,0.211,False
2014-01-10 16:30:00,93.12538497,1.154,False
2014-01-10 16:35:00,91.63826176,0.122,False
2014-01-10 16:40:00,93.03277366,0.977,False
2014-01-10 16:45:00,93.25236312,1.006,False
2014-01-10 16:50:00,92.16872291,0.003,False
2014-01-10 16:55:00,91.47670703,0.615,False
2014-01-10 17:00:00,92.66089982,0.27,False
2014-01-10 17:05:00,91.59261464,0.686,False
2014-01-10 17:10:00,92.65086816,0.078,False
2014-01-10 17:15:00,91.58647169,0.788,False
2014-01-10 17:20:00,93.82766972,0.859,False
2014-01-10 17:25:00,92.74186511,0.052,False
2014-01-10 17:30:00,92.45006081,0.202,False
2014-01-10 17:35:00,93.50623242,0.577,False
2014-01-10 17:40:00,93.10798805,0.263,False
2014-01-10 17:45:00,93.00890455,0.152,False
2014-01-10 17:50:00,92.40454076,0.406,False
2014-01-10 17:55:00,93.75825595,0.671,False
2014-01-10 18:00:00,92.27198364,0.631,False
2014-01-10 18:05:00,92.86318748,0.163,False
2014-01-10 18:10:00,93.314407,0.188,False
2014-01-10 18:15:00,94.04290812,0.814,False
2014-01-10 18:20:00,92.67963988,0.408,False
2014-01-10 18:25:00,94.00117884,0.726,False
2014-01-10 18:30:00,92.78481123,0.441,False
2014-01-10 18:35:00,94.50751238,1.108,False
2014-01-10 18:40:00,94.5128374,1.195,False
2014-01-10 18:45:00,93.61637562,0.28,False
2014-01-10 18:50:00,92.91508878,0.485,False
2014-01-10 18:55:00,93.29132525,0.177,False
2014-01-10 19:00:00,93.08095959,0.495,False
2014-01-10 19:05:00,94.70295881,1.046,False
2014-01-10 19:10:00,92.79071648,1.032,False
2014-01-10 19:15:00,92.66350075,1.245,False
2014-01-10 19:20:00,93.138522,0.823,False
2014-01-10 19:25:00,94.13984224,0.171,False
2014-01-10 19:30:00,94.95756341,0.887,False
2014-01-10 19:35:00,94.91222397,0.859,False
2014-01-10 19:40:00,93.29313231,0.672,False
2014-01-10 19:45:00,94.62397485,0.509,False
2014-01-10 19:50:00,95.24269106,1.097,False
2014-01-10 19:55:00,93.96844213,0.125,False
2014-01-10 20:00:00,95.15363399,1.063,False
2014-01-10 20:05:00,95.31214193,1.21,False
2014-01-10 20:10:00,95.15702875,1.046,False
2014-01-10 20:15:00,93.95190871,0.324,False
2014-01-10 20:20:00,95.49766938,1.158,False
2014-01-10 20:25:00,95.21471997,0.838,False
2014-01-10 20:30:00,93.35172456,1.154,False
2014-01-10 20:35:00,93.93364169,0.548,False
2014-01-10 20:40:00,94.96783199,0.452,False
2014-01-10 20:45:00,93.42107884,1.104,False
2014-01-10 20:50:00,94.11070745,0.526,False
2014-01-10 20:55:00,95.6519204,0.888,False
2014-01-10 21:00:00,95.60578734,0.829,False
2014-01-10 21:05:00,94.11853973,0.598,False
2014-01-10 21:10:00,94.83710326,0.038,False
2014-01-10 21:15:00,94.21104964,0.594,False
2014-01-10 21:20:00,95.65776596,0.745,False
2014-01-10 21:25:00,94.73419159,0.191,False
2014-01-10 21:30:00,95.01904761,0.056,False
2014-01-10 21:35:00,94.53979066,0.405,False
2014-01-10 21:40:00,94.0162251,0.918,False
2014-01-10 21:45:00,94.32556837,0.649,False
2014-01-10 21:50:00,94.08843931,0.833,False
2014-01-10 21:55:00,94.08920291,0.866,False
2014-01-10 22:00:00,95.78388051,0.54,False
2014-01-10 22:05:00,94.99580877,0.161,False
2014-01-10 22:10:00,95.85533588,0.54,False
2014-01-10 22:15:00,95.02368542,0.171,False
2014-01-10 22:20:00,94.4518379,0.665,False
2014-01-10 22:25:00,94.40577239,0.71,False
2014-01-10 22:30:00,94.83400721,0.339,False
2014-01-10 22:35:00,96.26888161,0.897,False
2014-01-10 22:40:00,96.7402428,1.34,False
2014-01-10 22:45:00,94.73465387,0.448,False
2014-01-10 22:50:00,95.64795408,0.351,False
2014-01-10 22:55:00,94.96301018,0.27,False
2014-01-10 23:00:00,95.58135741,0.278,False
2014-01-10 23:05:00,95.80411041,0.464,False
2014-01-10 23:10:00,96.62548848,1.263,False
2014-01-10 23:15:00,96.86522746,1.561,False
2014-01-10 23:20:00,94.75940951,0.593,False
2014-01-10 23:25:00,96.36250803,1.146,False
2014-01-10 23:30:00,96.43653863,1.17,False
2014-01-10 23:35:00,95.31366609,0.027,False
2014-01-10 23:40:00,96.5843417,1.336,False
2014-01-10 23:45:00,95.26142075,0.083,False
2014-01-10 23:50:00,95.96606849,0.634,False
2014-01-10 23:55:00,96.91557868,1.636,False
2014-01-11 00:00:00,96.26271055,0.935,False
2014-01-11 00:05:00,95.22930738,0.157,False
2014-01-11 00:10:00,95.36420509,0.012,False
2014-01-11 00:15:00,97.1621754,1.888,False
2014-01-11 00:20:00,95.23752773,0.221,False
2014-01-11 00:25:00,97.46815006,2.214,False
2014-01-11 00:30:00,95.22199779,0.173,False
2014-01-11 00:35:00,96.58301101,1.219,False
2014-01-11 00:40:00,96.63535254,1.241,False
2014-01-11 00:45:00,97.23810384,1.858,False
2014-01-11 00:50:00,96.31203496,0.926,False
2014-01-11 00:55:00,97.29193483,1.985,False
2014-01-11 01:00:00,96.31085295,0.951,False
2014-01-11 01:05:00,96.84274808,1.578,False
2014-01-11 01:10:00,96.86648181,1.541,False
2014-01-11 01:15:00,94.89278367,0.543,False
2014-01-11 01:20:00,94.78253389,0.66,False
2014-01-11 01:25:00,94.88913635,0.547,False
2014-01-11 01:30:00,96.88572268,1.625,False
2014-01-11 01:35:00,95.386525,0.018,False
2014-01-11 01:40:00,94.64416924,0.804,False
2014-01-11 01:45:00,95.39550178,0.022,False
2014-01-11 01:50:00,95.10128587,0.289,False
2014-01-11 01:55:00,95.75018592,0.39,False
2014-01-11 02:00:00,96.18145776,0.82,False
2014-01-11 02:05:00,94.50343939,0.8,False
2014-01-11 02:10:00,95.83941366,0.489,False
2014-01-11 02:15:00,94.96478981,0.315,False
2014-01-11 02:20:00,95.13946724,0.11,False
2014-01-11 02:25:00,96.18528223,0.913,False
2014-01-11 02:30:00,95.1490793,0.084,False
2014-01-11 02:35:00,95.05265031,0.173,False
2014-01-11 02:40:00,94.98860556,0.228,False
2014-01-11 02:45:00,96.06674285,0.881,False
2014-01-11 02:50:00,95.51138971,0.367,False
2014-01-11 02:55:00,95.82473286,0.704,False
2014-01-11 03:00:00,94.17781275,0.94,False
2014-01-11 03:05:00,94.78782355,0.292,False
2014-01-11 03:10:00,96.0372113,1.004,False
2014-01-11 03:15:00,95.72804833,0.71,False
2014-01-11 03:20:00,94.50614447,0.459,False
2014-01-11 03:25:00,93.80936962,1.092,False
2014-01-11 03:30:00,95.3358163,0.445,False
2014-01-11 03:35:00,95.44804387,0.609,False
2014-01-11 03:40:00,93.84713054,0.937,False
2014-01-11 03:45:00,95.41165099,0.663,False
2014-01-11 03:50:00,94.29470104,0.417,False
2014-01-11 03:55:00,95.22313005,0.64,False
2014-01-11 04:00:00,94.47906128,0.076,False
2014-01-11 04:05:00,95.63144677,1.235,False
2014-01-11 04:10:00,93.57891976,1.0,False
2014-01-11 04:15:00,94.20529819,0.292,False
2014-01-11 04:20:00,95.35360227,0.95,False
2014-01-11 04:25:00,94.46376262,0.065,False
2014-01-11 04:30:00,93.68519646,0.761,False
2014-01-11 04:35:00,93.69125139,0.686,False
2014-01-11 04:40:00,95.01239381,0.777,False
2014-01-11 04:45:00,93.54184505,0.821,False
2014-01-11 04:50:00,93.48935881,0.871,False
2014-01-11 04:55:00,93.9536633,0.318,False
2014-01-11 05:00:00,93.46783825,0.824,False
2014-01-11 05:05:00,93.56804093,0.718,False
2014-01-11 05:10:00,93.51972128,0.73,False
2014-01-11 05:15:00,93.70836047,0.475,False
2014-01-11 05:20:00,93.38208878,0.756,False
2014-01-11 05:25:00,93.43215247,0.633,False
2014-01-11 05:30:00,95.09404683,1.117,False
2014-01-11 05:35:00,92.69178642,1.362,False
2014-01-11 05:40:00,93.52222165,0.476,False
2014-01-11 05:45:00,93.46612263,0.5,False
2014-01-11 05:50:00,94.59356313,0.672,False
2014-01-11 05:55:00,94.28690503,0.407,False
2014-01-11 06:00:00,92.90331287,1.038,False
2014-01-11 06:05:00,94.74400109,0.884,False
2014-01-11 06:10:00,92.66672465,1.286,False
2014-01-11 06:15:00,93.05630062,0.845,False
2014-01-11 06:20:00,93.37169914,0.497,False
2014-01-11 06:25:00,93.94764697,0.119,False
2014-01-11 06:30:00,94.07377195,0.254,False
2014-01-11 06:35:00,92.55776875,1.341,False
2014-01-11 06:40:00,94.30068569,0.576,False
2014-01-11 06:45:00,93.36165237,0.381,False
2014-01-11 06:50:00,93.68622053,0.018,False
2014-01-11 06:55:00,93.40136129,0.319,False
2014-01-11 07:00:00,93.82579443,0.147,False
2014-01-11 07:05:00,94.34504458,0.698,False
2014-01-11 07:10:00,92.52298134,1.206,False
2014-01-11 07:15:00,94.55623997,0.946,False
2014-01-11 07:20:00,93.42167552,0.25,False
2014-01-11 07:25:00,94.55670963,0.946,False
2014-01-11 07:30:00,94.00299141,0.381,False
2014-01-11 07:35:00,93.69773878,0.065,False
2014-01-11 07:40:00,94.57920219,0.978,False
2014-01-11 07:45:00,93.59293473,0.043,False
2014-01-11 07:50:00,94.13704811,0.491,False
2014-01-11 07:55:00,94.40785417,0.79,False
2014-01-11 08:00:00,94.64779629,1.02,False
2014-01-11 08:05:00,93.33251722,0.343,False
2014-01-11 08:10:00,92.89302415,0.838,False
2014-01-11 08:15:00,92.99066343,0.736,False
2014-01-11 08:20:00,93.72724637,0.037,False
2014-01-11 08:25:00,94.33944255,0.66,False
2014-01-11 08:30:00,93.79659131,0.075,False
2014-01-11 08:35:00,94.67010916,1.007,False
2014-01-11 08:40:00,92.53199805,1.236,False
2014-01-11 08:45:00,94.33561852,0.64,False
2014-01-11 08:50:00,93.62902887,0.102,False
2014-01-11 08:55:00,94.62091536,0.929,False
2014-01-11 09:00:00,94.44751018,0.764,False
2014-01-11 09:05:00,94.01167108,0.298,False
2014-01-11 09:10:00,93.86158396,0.146,False
2014-01-11 09:15:00,93.64043115,0.091,False
2014-01-11 09:20:00,94.27431253,0.597,False
2014-01-11 09:25:00,92.58694914,1.254,False
2014-01-11 09:30:00,93.28546915,0.494,False
2014-01-11 09:35:00,93.56102719,0.18,False
2014-01-11 09:40:00,92.82516005,0.98,False
2014-01-11 09:45:00,93.35292839,0.406,False
2014-01-11 09:50:00,93.43482881,0.309,False
2014-01-11 09:55:00,92.58240731,1.198,False
2014-01-11 10:00:00,92.70580467,1.093,False
2014-01-11 10:05:00,93.09856998,0.677,False
2014-01-11 10:10:00,92.96716109,0.787,False
2014-01-11 10:15:00,94.57287401,0.85,False
2014-01-11 10:20:00,94.02560242,0.297,False
2014-01-11 10:25:00,92.98447709,0.804,False
2014-01-11 10:30:00,94.39914346,0.7,False
2014-01-11 10:35:00,93.72281664,0.017,False
2014-01-11 10:40:00,94.71520151,0.988,False
2014-01-11 10:45:00,94.69138659,0.986,False
2014-01-11 10:50:00,93.48638872,0.291,False
2014-01-11 10:55:00,94.75414109,1.051,False
2014-01-11 11:00:00,92.41949869,1.353,False
2014-01-11 11:05:00,94.36921285,0.682,False
2014-01-11 11:10:00,92.48965317,1.325,False
2014-01-11 11:15:00,94.72489591,1.049,False
2014-01-11 11:20:00,93.75105866,0.014,False
2014-01-11 11:25:00,93.78890108,0.028,False
2014-01-11 11:30:00,93.06666292,0.739,False
2014-01-11 11:35:00,92.82216968,1.002,False
2014-01-11 11:40:00,93.97044404,0.25,False
2014-01-11 11:45:00,93.72493813,0.014,False
2014-01-11 11:50:00,92.73432709,1.085,False
2014-01-11 11:55:00,93.20331552,0.595,False
2014-01-11 12:00:00,94.71640082,1.094,False
2014-01-11 12:05:00,93.91904103,0.191,False
2014-01-11 12:10:00,94.60780482,0.982,False
2014-01-11 12:15:00,93.15548945,0.658,False
2014-01-11 12:20:00,93.90984121,0.169,False
2014-01-11 12:25:00,93.94701106,0.209,False
2014-01-11 12:30:00,93.15890671,0.683,False
2014-01-11 12:35:00,92.89435139,0.95,False
2014-01-11 12:40:00,93.77514296,0.002,False
2014-01-11 12:45:00,92.41672364,1.476,False
2014-01-11 12:50:00,94.6238456,0.9,False
2014-01-11 12:55:00,93.77103682,0.028,False
2014-01-11 13:00:00,94.55277327,0.751,False
2014-01-11 13:05:00,92.65660284,1.401,False
2014-01-11 13:10:00,92.95351867,1.091,False
2014-01-11 13:15:00,94.01945154,0.075,False
2014-01-11 13:20:00,94.47211251,0.586,False
2014-01-11 13:25:00,93.38996145,0.627,False
2014-01-11 13:30:00,94.42836279,0.516,False
2014-01-11 13:35:00,94.75465249,0.892,False
2014-01-11 13:40:00,94.38838706,0.438,False
2014-01-11 13:45:00,93.62846739,0.408,False
2014-01-11 13:50:00,92.89595743,1.224,False
2014-01-11 13:55:00,92.96056796,1.171,False
2014-01-11 14:00:00,94.07068334,0.028,False
2014-01-11 14:05:00,94.62119258,0.47,False
2014-01-11 14:10:00,93.80327542,0.406,False
2014-01-11 14:15:00,93.75568524,0.618,False
2014-01-11 14:20:00,92.57743296,1.957,False
2014-01-11 14:25:00,93.53232972,0.928,False
2014-01-11 14:30:00,94.46295461,0.081,False
2014-01-11 14:35:00,93.55514731,0.967,False
2014-01-11 14:40:00,93.21121813,1.42,False
2014-01-11 14:45:00,94.855873,0.439,False
2014-01-11 14:50:00,94.47072387,0.001,False
2014-01-11 14:55:00,94.87669264,0.411,False
2014-01-11 15:00:00,95.17047476,0.657,False
2014-01-11 15:05:00,93.5504818,1.163,False
2014-01-11 15:10:00,94.75182608,0.153,False
2014-01-11 15:15:00,93.95912953,0.739,False
2014-01-11 15:20:00,94.39400327,0.327,False
2014-01-11 15:25:00,95.02723517,0.291,False
2014-01-11 15:30:00,93.79151274,1.077,False
2014-01-11 15:35:00,93.75638585,1.179,False
2014-01-11 15:40:00,94.3013049,0.618,False
2014-01-11 15:45:00,94.31965811,0.644,False
2014-01-11 15:50:00,95.20914604,0.241,False
2014-01-11 15:55:00,96.41472363,1.525,False
2014-01-11 16:00:00,95.09609059,0.042,False
2014-01-11 16:05:00,96.24306734,1.213,False
2014-01-11 16:10:00,95.66829567,0.467,False
2014-01-11 16:15:00,96.12085986,0.891,False
2014-01-11 16:20:00,96.70153561,1.422,False
2014-01-11 16:25:00,94.88905019,0.793,False
2014-01-11 16:30:00,95.70591997,0.081,False
2014-01-11 16:35:00,94.96370356,0.811,False
2014-01-11 16:40:00,96.97468934,1.465,False
2014-01-11 16:45:00,96.52080737,0.874,False
2014-01-11 16:50:00,96.95050977,1.247,False
2014-01-11 16:55:00,97.37042552,1.699,False
2014-01-11 17:00:00,96.71771746,0.855,False
2014-01-11 17:05:00,97.08369973,1.25,False
2014-01-11 17:10:00,95.91632976,0.147,False
2014-01-11 17:15:00,96.55255185,0.573,False
2014-01-11 17:20:00,96.40256557,0.391,False
2014-01-11 17:25:00,96.13148195,0.067,False
2014-01-11 17:30:00,97.16823757,1.237,False
2014-01-11 17:35:00,95.81776089,0.311,False
2014-01-11 17:40:00,97.01808278,1.045,False
2014-01-11 17:45:00,96.49114706,0.437,False
2014-01-11 17:50:00,97.23305224,1.274,False
2014-01-11 17:55:00,97.58546024,1.645,False
2014-01-11 18:00:00,95.6982269,0.508,False
2014-01-11 18:05:00,95.37774476,0.933,False
2014-01-11 18:10:00,97.07307333,0.992,False
2014-01-11 18:15:00,96.62198269,0.421,False
2014-01-11 18:20:00,97.39885879,1.274,False
2014-01-11 18:25:00,96.23262401,0.141,False
2014-01-11 18:30:00,96.5627736,0.226,False
2014-01-11 18:35:00,97.03795167,0.747,False
2014-01-11 18:40:00,96.09949268,0.297,False
2014-01-11 18:45:00,96.08747629,0.305,False
2014-01-11 18:50:00,95.3155647,1.176,False
2014-01-11 18:55:00,96.05615119,0.427,False
2014-01-11 19:00:00,96.03266893,0.536,False
2014-01-11 19:05:00,95.55580738,1.106,False
2014-01-11 19:10:00,95.59957882,1.15,False
2014-01-11 19:15:00,96.75483591,0.239,False
2014-01-11 19:20:00,96.16607307,0.517,False
2014-01-11 19:25:00,95.96231293,0.764,False
2014-01-11 19:30:00,97.17151856,0.662,False
2014-01-11 19:35:00,97.05878584,0.506,False
2014-01-11 19:40:00,96.93718074,0.354,False
2014-01-11 19:45:00,96.62957952,0.039,False
2014-01-11 19:50:00,97.16911979,0.619,False
2014-01-11 19:55:00,97.50463927,1.049,False
2014-01-11 20:00:00,95.55333471,1.503,False
2014-01-11 20:05:00,96.31065296,0.507,False
2014-01-11 20:10:00,95.98595549,0.946,False
2014-01-11 20:15:00,95.89336746,1.088,False
2014-01-11 20:20:00,96.54215165,0.264,False
2014-01-11 20:25:00,96.66651322,0.12,False
2014-01-11 20:30:00,95.63685135,1.456,False
2014-01-11 20:35:00,96.76618647,0.01,False
2014-01-11 20:40:00,96.78149666,0.057,False
2014-01-11 20:45:00,96.01255948,1.042,False
2014-01-11 20:50:00,95.5598999,1.617,False
2014-01-11 20:55:00,97.40024961,0.616,False
2014-01-11 21:00:00,96.72030578,0.209,False
2014-01-11 21:05:00,95.74950781,1.427,False
2014-01-11 21:10:00,97.58461451,0.757,False
2014-01-11 21:15:00,97.52705872,0.687,False
2014-01-11 21:20:00,97.44374125,0.5,False
2014-01-11 21:25:00,96.03398488,1.185,False
2014-01-11 21:30:00,95.64183616,1.706,False
2014-01-11 21:35:00,96.33902975,0.891,False
2014-01-11 21:40:00,95.74447075,1.641,False
2014-01-11 21:45:00,96.70446351,0.538,False
2014-01-11 21:50:00,97.5055568,0.242,False
2014-01-11 21:55:00,97.16163509,0.287,False
2014-01-11 22:00:00,97.4933796,0.027,False
2014-01-11 22:05:00,97.92493612,0.458,False
2014-01-11 22:10:00,97.87527318,0.407,False
2014-01-11 22:15:00,96.91461955,0.662,False
2014-01-11 22:20:00,96.87044821,0.754,False
2014-01-11 22:25:00,96.6542769,1.046,False
2014-01-11 22:30:00,97.93437679,0.178,False
2014-01-11 22:35:00,98.1075569,0.223,False
2014-01-11 22:40:00,98.62415342,0.745,False
2014-01-11 22:45:00,96.98432142,1.083,False
2014-01-11 22:50:00,99.32287099,1.167,False
2014-01-11 22:55:00,98.21443498,0.05,False
2014-01-11 23:00:00,98.85330245,0.492,False
2014-01-11 23:05:00,97.66917009,0.886,False
2014-01-11 23:10:00,99.61336765,0.998,False
2014-01-11 23:15:00,98.41086496,0.377,False
2014-01-11 23:20:00,99.54181463,0.68,False
2014-01-11 23:25:00,99.34377893,0.216,False
2014-01-11 23:30:00,98.96267457,0.398,False
2014-01-11 23:35:00,98.31647587,1.167,False
2014-01-11 23:40:00,100.2376967,0.837,False
2014-01-11 23:45:00,100.2232973,0.724,False
2014-01-11 23:50:00,98.690833,1.019,False
2014-01-11 23:55:00,101.0993897,1.639,False
2014-01-12 00:00:00,100.1524661,0.543,False
2014-01-12 00:05:00,101.2427531,1.642,False
2014-01-12 00:10:00,101.5265583,1.876,False
2014-01-12 00:15:00,100.7904969,0.994,False
2014-01-12 00:20:00,99.87542059,0.216,False
2014-01-12 00:25:00,99.98394098,0.093,False
2014-01-12 00:30:00,101.4967667,1.466,False
2014-01-12 00:35:00,99.41192675,0.91,False
2014-01-12 00:40:00,99.65818202,0.654,False
2014-01-12 00:45:00,101.2855702,1.226,False
2014-01-12 00:50:00,101.3970216,1.346,False
2014-01-12 00:55:00,100.2656563,0.016,False
2014-01-12 01:00:00,101.6889988,1.519,False
2014-01-12 01:05:00,100.9265748,0.525,False
2014-01-12 01:10:00,101.4679781,0.999,False
2014-01-12 01:15:00,100.6505748,0.097,False
2014-01-12 01:20:00,99.82704747,0.844,False
2014-01-12 01:25:00,100.6209203,0.038,False
2014-01-12 01:30:00,101.5768143,0.988,False
2014-01-12 01:35:00,100.3995491,0.315,False
2014-01-12 01:40:00,99.67752102,1.069,False
2014-01-12 01:45:00,99.58877814,1.195,False
2014-01-12 01:50:00,101.7381719,1.048,False
2014-01-12 01:55:00,101.3651884,0.664,False
2014-01-12 02:00:00,101.1078421,0.38,False
2014-01-12 02:05:00,101.2865002,0.574,False
2014-01-12 02:10:00,101.7730468,1.124,False
2014-01-12 02:15:00,100.7391617,0.026,False
2014-01-12 02:20:00,100.5002836,0.297,False
2014-01-12 02:25:00,100.8862671,0.144,False
2014-01-12 02:30:00,100.2252043,0.61,False
2014-01-12 02:35:00,101.3252803,0.626,False
2014-01-12 02:40:00,101.2006925,0.487,False
2014-01-12 02:45:00,101.1666963,0.45,False
2014-01-12 02:50:00,101.3844379,0.706,False
2014-01-12 02:55:00,100.6635028,0.115,False
2014-01-12 03:00:00,101.6839085,1.116,False
2014-01-12 03:05:00,100.7925968,0.083,False
2014-01-12 03:10:00,100.9747135,0.338,False
2014-01-12 03:15:00,101.3461813,0.813,False
2014-01-12 03:20:00,99.54107439,1.291,False
2014-01-12 03:25:00,101.1179547,0.569,False
2014-01-12 03:30:00,101.6417921,1.187,False
2014-01-12 03:35:00,100.1455463,0.527,False
2014-01-12 03:40:00,99.71025649,1.054,False
2014-01-12 03:45:00,100.9973273,0.488,False
2014-01-12 03:50:00,101.1180849,0.72,False
2014-01-12 03:55:00,101.1201248,0.823,False
2014-01-12 04:00:00,101.2102361,0.922,False
2014-01-12 04:05:00,100.9862598,0.719,False
2014-01-12 04:10:00,99.59246451,0.906,False
2014-01-12 04:15:00,101.2065309,1.196,False
2014-01-12 04:20:00,101.049322,1.008,False
2014-01-12 04:25:00,99.68841121,0.673,False
2014-01-12 04:30:00,101.3450895,1.424,False
2014-01-12 04:35:00,99.65707558,0.6,False
2014-01-12 04:40:00,100.1311527,0.106,False
2014-01-12 04:45:00,100.7857632,0.923,False
2014-01-12 04:50:00,100.4182472,0.466,False
2014-01-12 04:55:00,100.2319811,0.361,False
2014-01-12 05:00:00,99.27096849,0.76,False
2014-01-12 05:05:00,99.24901455,0.643,False
2014-01-12 05:10:00,100.2617938,0.671,False
2014-01-12 05:15:00,99.22886923,0.562,False
2014-01-12 05:20:00,99.7009141,0.033,False
2014-01-12 05:25:00,98.92336476,0.847,False
2014-01-12 05:30:00,100.5635763,1.062,False
2014-01-12 05:35:00,98.49490279,1.173,False
2014-01-12 05:40:00,100.7027875,1.28,False
2014-01-12 05:45:00,99.9578264,0.55,False
2014-01-12 05:50:00,99.25662236,0.133,False
2014-01-12 05:55:00,98.12918757,1.227,False
2014-01-12 06:00:00,99.65142777,0.341,False
2014-01-12 06:05:00,99.9271773,0.646,False
2014-01-12 06:10:00,99.38788215,0.128,False
2014-01-12 06:15:00,98.32229139,0.842,False
2014-01-12 06:20:00,99.4649198,0.261,False
2014-01-12 06:25:00,99.38696706,0.327,False
2014-01-12 06:30:00,99.8351836,0.823,False
2014-01-12 06:35:00,99.33139747,0.491,False
2014-01-12 06:40:00,98.28002492,0.29,False
2014-01-12 06:45:00,98.3683627,0.139,False
2014-01-12 06:50:00,98.55295924,0.102,False
2014-01-12 06:55:00,99.12942737,0.639,False
2014-01-12 07:00:00,98.65412887,0.261,False
2014-01-12 07:05:00,97.13683973,0.935,False
2014-01-12 07:10:00,98.16418651,0.049,False
2014-01-12 07:15:00,97.52493852,0.49,False
2014-01-12 07:20:00,98.37976308,0.187,False
2014-01-12 07:25:00,98.92719319,0.655,False
2014-01-12 07:30:00,97.42084315,0.255,False
2014-01-12 07:35:00,98.16983135,0.515,False
2014-01-12 07:40:00,97.34399892,0.094,False
2014-01-12 07:45:00,96.69860384,0.519,False
2014-01-12 07:50:00,93.67527532,2.312,False
2014-01-12 07:55:00,94.0964246,1.973,False
2014-01-12 08:00:00,92.23111407,2.991,False
2014-01-12 08:05:00,89.62505995,4.357,False
2014-01-12 08:10:00,89.17244513,4.397,False
2014-01-12 08:15:00,87.93721633,4.482,False
2014-01-12 08:20:00,85.64137234,4.786,False
2014-01-12 08:25:00,83.99317009,4.415,False
2014-01-12 08:30:00,82.10022740000002,4.315,False
2014-01-12 08:35:00,81.57650504,4.306,False
2014-01-12 08:40:00,81.48579622,4.093,False
2014-01-12 08:45:00,79.01787179,4.366,False
2014-01-12 08:50:00,80.36376545,4.026,False
2014-01-12 08:55:00,78.82394937,4.39,False
2014-01-12 09:00:00,78.54755531,4.456,False
2014-01-12 09:05:00,77.995418,4.579,False
2014-01-12 09:10:00,79.35174503,4.256,False
2014-01-12 09:15:00,82.79152146,3.433,False
2014-01-12 09:20:00,87.32518075,2.337,False
2014-01-12 09:25:00,90.3962641,1.579,False
2014-01-12 09:30:00,91.66764762,1.249,False
2014-01-12 09:35:00,94.09331799,0.652,False
2014-01-12 09:40:00,94.24733475,0.594,False
2014-01-12 09:45:00,93.56608445,0.697,False
2014-01-12 09:50:00,94.47460868,0.421,False
2014-01-12 09:55:00,95.65631424,0.098,False
2014-01-12 10:00:00,94.57370875,0.304,False
2014-01-12 10:05:00,95.8253732,0.004,False
2014-01-12 10:10:00,96.88399184,0.245,False
2014-01-12 10:15:00,95.7937778,0.023,False
2014-01-12 10:20:00,98.00679915,0.468,False
2014-01-12 10:25:00,96.81800995,0.311,False
2014-01-12 10:30:00,97.2693066,0.494,False
2014-01-12 10:35:00,98.011318,0.673,False
2014-01-12 10:40:00,99.9292121,1.082,False
2014-01-12 10:45:00,100.8316278,1.296,False
2014-01-12 10:50:00,99.35511136,1.0,False
2014-01-12 10:55:00,100.298031,1.215,False
2014-01-12 11:00:00,101.8244724,1.549,False
2014-01-12 11:05:00,102.8749997,1.807,False
2014-01-12 11:10:00,102.072644,1.664,False
2014-01-12 11:15:00,100.9844164,1.428,False
2014-01-12 11:20:00,100.7059991,1.369,False
2014-01-12 11:25:00,101.0497557,1.446,False
2014-01-12 11:30:00,98.80870778,0.89,False
2014-01-12 11:35:00,100.2905323,1.27,False
2014-01-12 11:40:00,98.72769992,0.897,False
2014-01-12 11:45:00,97.33939975,0.483,False
2014-01-12 11:50:00,97.46428097,0.492,False
2014-01-12 11:55:00,98.36045577,0.733,False
2014-01-12 12:00:00,97.35418134,0.457,False
2014-01-12 12:05:00,97.0085553,0.362,False
2014-01-12 12:10:00,94.72833604,0.277,False
2014-01-12 12:15:00,94.87305591,0.254,False
2014-01-12 12:20:00,96.18933623,0.102,False
2014-01-12 12:25:00,95.95490115,0.018,False
2014-01-12 12:30:00,96.32243824,0.119,False
2014-01-12 12:35:00,95.68667515,0.057,False
2014-01-12 12:40:00,95.68219694,0.083,False
2014-01-12 12:45:00,93.72230203,0.635,False
2014-01-12 12:50:00,93.72471949,0.658,False
2014-01-12 12:55:00,93.07974955,0.846,False
2014-01-12 13:00:00,93.16178466,0.822,False
2014-01-12 13:05:00,92.4477495,1.031,False
2014-01-12 13:10:00,93.40618167,0.751,False
2014-01-12 13:15:00,92.06882393,1.132,False
2014-01-12 13:20:00,92.71547996,0.943,False
2014-01-12 13:25:00,92.74225858,0.931,False
2014-01-12 13:30:00,92.7351449,0.896,False
2014-01-12 13:35:00,93.97537468,0.512,False
2014-01-12 13:40:00,93.22005603,0.817,False
2014-01-12 13:45:00,94.94893544,0.273,False
2014-01-12 13:50:00,93.84362613,0.684,False
2014-01-12 13:55:00,94.71864133,0.318,False
2014-01-12 14:00:00,95.67765794,0.096,False
2014-01-12 14:05:00,95.20593156,0.044,False
2014-01-12 14:10:00,96.47413391,0.499,False
2014-01-12 14:15:00,95.45906701,0.103,False
2014-01-12 14:20:00,95.23533914,0.067,False
2014-01-12 14:25:00,96.63372401,0.765,False
2014-01-12 14:30:00,95.99762579,0.564,False
2014-01-12 14:35:00,95.21318243,0.239,False
2014-01-12 14:40:00,95.6834684,0.61,False
2014-01-12 14:45:00,95.80785063,0.841,False
2014-01-12 14:50:00,97.84655707,2.071,False
2014-01-12 14:55:00,97.87257199,2.192,False
2014-01-12 15:00:00,97.71923257,2.143,False
2014-01-12 15:05:00,97.55694461,2.108,False
2014-01-12 15:10:00,96.65742824,1.646,False
2014-01-12 15:15:00,97.89520384,2.431,False
2014-01-12 15:20:00,96.20758423,1.624,False
2014-01-12 15:25:00,95.63897258,1.374,False
2014-01-12 15:30:00,95.40205031,1.28,False
2014-01-12 15:35:00,96.21190294,1.852,False
2014-01-12 15:40:00,95.93529922,1.794,False
2014-01-12 15:45:00,94.17184122,0.812,False
2014-01-12 15:50:00,94.23461302,0.907,False
2014-01-12 15:55:00,93.92404811,0.847,False
2014-01-12 16:00:00,92.5672535,0.185,False
2014-01-12 16:05:00,91.24358036,0.507,False
2014-01-12 16:10:00,92.00241453,0.005,False
2014-01-12 16:15:00,92.01703944,0.215,False
2014-01-12 16:20:00,90.146603,0.881,False
2014-01-12 16:25:00,91.39616383,0.425,False
2014-01-12 16:30:00,89.28645321,0.992,False
2014-01-12 16:35:00,88.70372431,1.455,False
2014-01-12 16:40:00,90.51265229,0.156,False
2014-01-12 16:45:00,90.13612788,0.063,False
2014-01-12 16:50:00,90.08726117,0.06,False
2014-01-12 16:55:00,89.09768726,0.936,False
2014-01-12 17:00:00,89.94590277,0.16,False
2014-01-12 17:05:00,90.17141755,0.056,False
2014-01-12 17:10:00,90.10627626,0.006,False
2014-01-12 17:15:00,88.74699285,1.205,False
2014-01-12 17:20:00,90.11155974,0.066,False
2014-01-12 17:25:00,89.00939737,0.812,False
2014-01-12 17:30:00,89.14791908,0.728,False
2014-01-12 17:35:00,89.27172072,0.617,False
2014-01-12 17:40:00,88.84618759,0.909,False
2014-01-12 17:45:00,89.69763568,0.177,False
2014-01-12 17:50:00,90.47499553,0.595,False
2014-01-12 17:55:00,88.21690798,1.579,False
2014-01-12 18:00:00,88.36742177,1.432,False
2014-01-12 18:05:00,89.46567139,0.345,False
2014-01-12 18:10:00,89.91171857,0.165,False
2014-01-12 18:15:00,90.24375075,0.563,False
2014-01-12 18:20:00,88.63612178,1.096,False
2014-01-12 18:25:00,89.6177749,0.014,False
2014-01-12 18:30:00,89.6415458,0.032,False
2014-01-12 18:35:00,89.79427296,0.239,False
2014-01-12 18:40:00,88.90780293,0.857,False
2014-01-12 18:45:00,89.39850369,0.25,False
2014-01-12 18:50:00,88.99212662,0.692,False
2014-01-12 18:55:00,88.32872982,1.522,False
2014-01-12 19:00:00,89.69112917,0.243,False
2014-01-12 19:05:00,89.87824423,0.5,False
2014-01-12 19:10:00,89.35563799,0.154,False
2014-01-12 19:15:00,89.97404911,0.678,False
2014-01-12 19:20:00,89.83800527,0.502,False
2014-01-12 19:25:00,90.40847503,1.207,False
2014-01-12 19:30:00,89.61336319,0.265,False
2014-01-12 19:35:00,88.29349189,1.383,False
2014-01-12 19:40:00,88.6938991,0.903,False
2014-01-12 19:45:00,88.5513703,1.033,False
2014-01-12 19:50:00,89.97859867,0.832,False
2014-01-12 19:55:00,90.09381559,0.999,False
2014-01-12 20:00:00,89.49137143,0.257,False
2014-01-12 20:05:00,89.58811436,0.401,False
2014-01-12 20:10:00,88.40811106,1.022,False
2014-01-12 20:15:00,88.34889635,1.048,False
2014-01-12 20:20:00,89.073449,0.162,False
2014-01-12 20:25:00,89.82971243,0.796,False
2014-01-12 20:30:00,90.18872719,1.248,False
2014-01-12 20:35:00,88.24892368,1.15,False
2014-01-12 20:40:00,88.58020761,0.671,False
2014-01-12 20:45:00,89.5023359,0.483,False
2014-01-12 20:50:00,88.86895228,0.203,False
2014-01-12 20:55:00,90.07074806,1.386,False
2014-01-12 21:00:00,89.21285706,0.329,False
2014-01-12 21:05:00,88.25475415,0.87,False
2014-01-12 21:10:00,88.51949379,0.456,False
2014-01-12 21:15:00,88.32694268,0.624,False
2014-01-12 21:20:00,89.15973336,0.46,False
2014-01-12 21:25:00,88.55020393,0.223,False
2014-01-12 21:30:00,89.19813889,0.531,False
2014-01-12 21:35:00,90.51667555,1.944,False
2014-01-12 21:40:00,89.99507997,1.437,False
2014-01-12 21:45:00,88.45696597,0.112,False
2014-01-12 21:50:00,90.13281215,1.611,False
2014-01-12 21:55:00,89.39893043,0.856,False
2014-01-12 22:00:00,88.52246834,0.014,False
2014-01-12 22:05:00,89.90625357,1.335,False
2014-01-12 22:10:00,88.49471133,0.013,False
2014-01-12 22:15:00,89.75076509,1.04,False
2014-01-12 22:20:00,89.94353209,1.205,False
2014-01-12 22:25:00,88.00781906,0.347,False
2014-01-12 22:30:00,88.8047664,0.348,False
2014-01-12 22:35:00,88.58701987,0.2,False
2014-01-12 22:40:00,89.25584847,0.736,False
2014-01-12 22:45:00,88.66987106,0.297,False
2014-01-12 22:50:00,89.30014870000002,0.817,False
2014-01-12 22:55:00,88.49942196,0.287,False
2014-01-12 23:00:00,86.87806682,0.818,False
2014-01-12 23:05:00,87.42595843,0.362,False
2014-01-12 23:10:00,86.65533861,0.81,False
2014-01-12 23:15:00,86.67209533,0.619,False
2014-01-12 23:20:00,87.90999801,0.31,False
2014-01-12 23:25:00,87.89849945,0.298,False
2014-01-12 23:30:00,85.90720969,1.143,False
2014-01-12 23:35:00,87.17462621,0.228,False
2014-01-12 23:40:00,85.73715526,1.19,False
2014-01-12 23:45:00,86.00546976,0.945,False
2014-01-12 23:50:00,85.90824346,0.992,False
2014-01-12 23:55:00,87.55395269,0.039,False
2014-01-13 00:00:00,86.25792195,0.719,False
2014-01-13 00:05:00,86.83018973,0.358,False
2014-01-13 00:10:00,85.38372876,1.097,False
2014-01-13 00:15:00,85.99267435,0.744,False
2014-01-13 00:20:00,85.18035235,1.127,False
2014-01-13 00:25:00,86.15382055,0.644,False
2014-01-13 00:30:00,86.92342005,0.271,False
2014-01-13 00:35:00,85.96144401,0.716,False
2014-01-13 00:40:00,87.16856415,0.154,False
2014-01-13 00:45:00,86.58176105,0.438,False
2014-01-13 00:50:00,85.14952405,1.096,False
2014-01-13 00:55:00,85.10171497,1.152,False
2014-01-13 01:00:00,84.62508588,1.29,False
2014-01-13 01:05:00,84.70614342,1.251,False
2014-01-13 01:10:00,86.43221073,0.42,False
2014-01-13 01:15:00,85.26038849,0.986,False
2014-01-13 01:20:00,85.5499338,0.846,False
2014-01-13 01:25:00,84.6322172,1.227,False
2014-01-13 01:30:00,85.75915103,0.683,False
2014-01-13 01:35:00,84.96918789,1.059,False
2014-01-13 01:40:00,84.64437542,1.19,False
2014-01-13 01:45:00,85.65017965,0.642,False
2014-01-13 01:50:00,86.08619990000004,0.396,False
2014-01-13 01:55:00,84.19209344,1.225,False
2014-01-13 02:00:00,86.83066389,0.011,False
2014-01-13 02:05:00,87.15279969,0.124,False
2014-01-13 02:10:00,86.4376133,0.197,False
2014-01-13 02:15:00,89.32274038,1.058,False
2014-01-13 02:20:00,87.96723216,0.421,False
2014-01-13 02:25:00,88.97510148,0.863,False
2014-01-13 02:30:00,90.36112045,1.466,False
2014-01-13 02:35:00,91.71458632,2.028,False
2014-01-13 02:40:00,92.97903399,2.54,False
2014-01-13 02:45:00,91.53256023,1.891,False
2014-01-13 02:50:00,90.97491079,1.608,False
2014-01-13 02:55:00,90.96045169,1.511,False
2014-01-13 03:00:00,91.10412642,1.65,False
2014-01-13 03:05:00,90.59634206,1.432,False
2014-01-13 03:10:00,89.83502992,1.106,False
2014-01-13 03:15:00,90.87213792,1.591,False
2014-01-13 03:20:00,88.86561548,0.708,False
2014-01-13 03:25:00,89.64476364,1.056,False
2014-01-13 03:30:00,88.79422977,0.676,False
2014-01-13 03:35:00,87.97342495,0.315,False
2014-01-13 03:40:00,87.77275929,0.227,False
2014-01-13 03:45:00,89.40333244,0.924,False
2014-01-13 03:50:00,87.91077778,0.266,False
2014-01-13 03:55:00,86.99859745,0.101,False
2014-01-13 04:00:00,87.83235882,0.235,False
2014-01-13 04:05:00,87.6347858,0.155,False
2014-01-13 04:10:00,87.68369693,0.175,False
2014-01-13 04:15:00,87.53037953,0.109,False
2014-01-13 04:20:00,85.50753592,0.673,False
2014-01-13 04:25:00,87.34601125,0.036,False
2014-01-13 04:30:00,86.23406398,0.382,False
2014-01-13 04:35:00,87.05908096,0.068,False
2014-01-13 04:40:00,85.40750722,0.656,False
2014-01-13 04:45:00,85.00431367,0.799,False
2014-01-13 04:50:00,86.60038354,0.214,False
2014-01-13 04:55:00,85.73673167,0.464,False
2014-01-13 05:00:00,87.65171155,0.123,False
2014-01-13 05:05:00,87.72567782,0.143,False
2014-01-13 05:10:00,88.33031359,0.339,False
2014-01-13 05:15:00,88.07004769,0.261,False
2014-01-13 05:20:00,90.38636967,1.03,False
2014-01-13 05:25:00,90.05071556,0.95,False
2014-01-13 05:30:00,90.96060009,1.29,False
2014-01-13 05:35:00,90.17419727,1.131,False
2014-01-13 05:40:00,89.08197072,0.852,False
2014-01-13 05:45:00,87.60250347,0.514,False
2014-01-13 05:50:00,88.81139965,1.006,False
2014-01-13 05:55:00,86.90517121,0.433,False
2014-01-13 06:00:00,86.37079283,0.308,False
2014-01-13 06:05:00,84.61890161,0.244,False
2014-01-13 06:10:00,85.92685616,0.265,False
2014-01-13 06:15:00,85.27746964,0.157,False
2014-01-13 06:20:00,84.43608809,0.031,False
2014-01-13 06:25:00,81.75363954,0.697,False
2014-01-13 06:30:00,82.63159228,0.26,False
2014-01-13 06:35:00,82.41449108,0.28,False
2014-01-13 06:40:00,80.95313957,0.716,False
2014-01-13 06:45:00,79.43146835,1.115,False
2014-01-13 06:50:00,80.23090136,0.827,False
2014-01-13 06:55:00,77.46964326,1.559,False
2014-01-13 07:00:00,78.63080198,1.184,False
2014-01-13 07:05:00,76.31038427,1.781,False
2014-01-13 07:10:00,75.26772099,1.948,False
2014-01-13 07:15:00,75.87656315,1.692,False
2014-01-13 07:20:00,76.18320322,1.523,False
2014-01-13 07:25:00,76.11185793,1.476,False
2014-01-13 07:30:00,77.16937739,1.174,False
2014-01-13 07:35:00,77.16583081,1.139,False
2014-01-13 07:40:00,76.4217147,1.275,False
2014-01-13 07:45:00,77.12923135,1.049,False
2014-01-13 07:50:00,78.89636795,0.611,False
2014-01-13 07:55:00,78.72512475,0.592,False
2014-01-13 08:00:00,78.33927071,0.603,False
2014-01-13 08:05:00,79.64046854,0.287,False
2014-01-13 08:10:00,79.99712361,0.161,False
2014-01-13 08:15:00,80.98856411,0.131,False
2014-01-13 08:20:00,79.65554975,0.099,False
2014-01-13 08:25:00,80.53021958,0.156,False
2014-01-13 08:30:00,82.65161640000002,0.677,False
2014-01-13 08:35:00,82.01652706,0.559,False
2014-01-13 08:40:00,81.14841506,0.404,False
2014-01-13 08:45:00,81.55328899,0.482,False
2014-01-13 08:50:00,82.08656291,0.569,False
2014-01-13 08:55:00,83.22067205,0.756,False
2014-01-13 09:00:00,83.3747501,0.755,False
2014-01-13 09:05:00,82.98076879,0.687,False
2014-01-13 09:10:00,83.30171911,0.737,False
2014-01-13 09:15:00,83.56542436,0.786,False
2014-01-13 09:20:00,83.20581268,0.74,False
2014-01-13 09:25:00,81.82868172,0.53,False
2014-01-13 09:30:00,81.80772734,0.559,False
2014-01-13 09:35:00,83.57079743,0.936,False
2014-01-13 09:40:00,82.81874211,0.882,False
2014-01-13 09:45:00,81.64066133,0.708,False
2014-01-13 09:50:00,78.90022126,0.257,False
2014-01-13 09:55:00,78.99403046,0.292,False
2014-01-13 10:00:00,77.39966735,0.039,False
2014-01-13 10:05:00,74.47563095,0.459,False
2014-01-13 10:10:00,74.25549696,0.511,False
2014-01-13 10:15:00,73.02693803,0.728,False
2014-01-13 10:20:00,71.84468225,0.937,False
2014-01-13 10:25:00,71.85594509,0.935,False
2014-01-13 10:30:00,71.22262885,1.047,False
2014-01-13 10:35:00,71.17294142,0.99,False
2014-01-13 10:40:00,70.64345924,1.019,False
2014-01-13 10:45:00,71.34055487,0.88,False
2014-01-13 10:50:00,70.49333124,1.015,False
2014-01-13 10:55:00,70.35098714,0.97,False
2014-01-13 11:00:00,71.69302094,0.65,False
2014-01-13 11:05:00,72.87017174,0.342,False
2014-01-13 11:10:00,73.03046621,0.238,False
2014-01-13 11:15:00,74.45726231,0.016,False
2014-01-13 11:20:00,76.24424226,0.333,False
2014-01-13 11:25:00,76.40250442,0.376,False
2014-01-13 11:30:00,79.27899599,0.84,False
2014-01-13 11:35:00,79.14819411,0.872,False
2014-01-13 11:40:00,80.71534789,1.124,False
2014-01-13 11:45:00,80.25967831,1.036,False
2014-01-13 11:50:00,78.9546567,0.872,False
2014-01-13 11:55:00,77.35263035,0.707,False
2014-01-13 12:00:00,77.68749513,0.776,False
2014-01-13 12:05:00,75.76941464,0.532,False
2014-01-13 12:10:00,75.32989599999998,0.503,False
2014-01-13 12:15:00,76.23016915,0.646,False
2014-01-13 12:20:00,74.02820229,0.365,False
2014-01-13 12:25:00,73.93849034,0.364,False
2014-01-13 12:30:00,73.69327023,0.37,False
2014-01-13 12:35:00,71.4065084,0.111,False
2014-01-13 12:40:00,72.31374088,0.248,False
2014-01-13 12:45:00,70.39927644,0.009,False
2014-01-13 12:50:00,69.94512677,0.071,False
2014-01-13 12:55:00,68.93792509,0.205,False
2014-01-13 13:00:00,68.40762826,0.276,False
2014-01-13 13:05:00,68.71310451,0.235,False
2014-01-13 13:10:00,65.91014187,0.605,False
2014-01-13 13:15:00,65.3609912,0.676,False
2014-01-13 13:20:00,65.38611617,0.664,False
2014-01-13 13:25:00,64.08654685,0.834,False
2014-01-13 13:30:00,64.20724591,0.819,False
2014-01-13 13:35:00,64.29474901,0.807,False
2014-01-13 13:40:00,65.39571981,0.663,False
2014-01-13 13:45:00,64.68689268,0.765,False
2014-01-13 13:50:00,63.66325922,0.901,False
2014-01-13 13:55:00,64.40677583,0.807,False
2014-01-13 14:00:00,64.46178832,0.822,False
2014-01-13 14:05:00,64.38639449,0.832,False
2014-01-13 14:10:00,63.4938718,0.945,False
2014-01-13 14:15:00,64.06214671,0.868,False
2014-01-13 14:20:00,64.75561327,0.775,False
2014-01-13 14:25:00,65.09440382,0.729,False
2014-01-13 14:30:00,63.54102977,0.928,False
2014-01-13 14:35:00,63.9894804,0.877,False
2014-01-13 14:40:00,63.59568957,0.942,False
2014-01-13 14:45:00,64.66158722,0.789,False
2014-01-13 14:50:00,64.07489176,0.862,False
2014-01-13 14:55:00,64.23319655,0.84,False
2014-01-13 15:00:00,66.34994201,0.536,False
2014-01-13 15:05:00,66.77684262,0.446,False
2014-01-13 15:10:00,66.22161007,0.485,False
2014-01-13 15:15:00,69.05746904,0.008,False
2014-01-13 15:20:00,67.84907784,0.192,False
2014-01-13 15:25:00,70.43554877,0.269,False
2014-01-13 15:30:00,70.31035259,0.269,False
2014-01-13 15:35:00,70.37899564,0.306,False
2014-01-13 15:40:00,70.52169722,0.355,False
2014-01-13 15:45:00,72.00026603,0.649,False
2014-01-13 15:50:00,72.87492522,0.87,False
2014-01-13 15:55:00,71.62046798,0.7,False
2014-01-13 16:00:00,72.17940809999997,0.812,False
2014-01-13 16:05:00,74.12768773,1.153,False
2014-01-13 16:10:00,73.88992040000002,1.142,False
2014-01-13 16:15:00,74.91054201,1.364,False
2014-01-13 16:20:00,73.69871561,1.163,False
2014-01-13 16:25:00,73.00036993,1.063,False
2014-01-13 16:30:00,73.13221874,1.086,False
2014-01-13 16:35:00,73.08535285,1.082,False
2014-01-13 16:40:00,71.78291524,0.867,False
2014-01-13 16:45:00,71.92892267,0.894,False
2014-01-13 16:50:00,72.06973393,0.92,False
2014-01-13 16:55:00,70.68306372,0.665,False
2014-01-13 17:00:00,71.33971382,0.786,False
2014-01-13 17:05:00,70.59472640000001,0.649,False
2014-01-13 17:10:00,70.56934962,0.644,False
2014-01-13 17:15:00,70.87523296,0.701,False
2014-01-13 17:20:00,70.94144988,0.713,False
2014-01-13 17:25:00,70.08073003,0.555,False
2014-01-13 17:30:00,69.77431846,0.499,False
2014-01-13 17:35:00,69.37951418,0.426,False
2014-01-13 17:40:00,69.15245631,0.384,False
2014-01-13 17:45:00,68.68573013,0.299,False
2014-01-13 17:50:00,68.38393598,0.243,False
2014-01-13 17:55:00,67.48371675,0.078,False
2014-01-13 18:00:00,66.7953177,0.048,False
2014-01-13 18:05:00,67.26074697,0.037,False
2014-01-13 18:10:00,67.37685903,0.057,False
2014-01-13 18:15:00,67.18833690000001,0.023,False
2014-01-13 18:20:00,66.92615055,0.012,False
2014-01-13 18:25:00,65.87015952,0.176,False
2014-01-13 18:30:00,65.93994838,0.163,False
2014-01-13 18:35:00,66.75919073,0.018,False
2014-01-13 18:40:00,65.1815213,0.298,False
2014-01-13 18:45:00,65.30754236,0.275,False
2014-01-13 18:50:00,64.97799787,0.338,False
2014-01-13 18:55:00,65.65923749,0.22,False
2014-01-13 19:00:00,64.41788616,0.46,False
2014-01-13 19:05:00,64.64844603,0.423,False
2014-01-13 19:10:00,63.44601056,0.658,False
2014-01-13 19:15:00,63.49904305,0.657,False
2014-01-13 19:20:00,63.13483438,0.742,False
2014-01-13 19:25:00,62.43381708,0.909,False
2014-01-13 19:30:00,63.06992427,0.82,False
2014-01-13 19:35:00,63.64970631,0.755,False
2014-01-13 19:40:00,61.04041691,1.522,False
2014-01-13 19:45:00,60.82395579,1.709,False
2014-01-13 19:50:00,62.07181212,1.425,False
2014-01-13 19:55:00,60.8073309,1.896,False
2014-01-13 20:00:00,61.96491425,1.66,False
2014-01-13 20:05:00,60.14783736,2.536,False
2014-01-13 20:10:00,61.01216949999999,2.343,False
2014-01-13 20:15:00,60.14169561,2.74,False
2014-01-13 20:20:00,60.40370533,2.738,False
2014-01-13 20:25:00,60.11510869,2.942,False
2014-01-13 20:30:00,59.26487556,3.487,False
2014-01-13 20:35:00,59.42804546,3.679,False
2014-01-13 20:40:00,61.6108692,2.711,False
2014-01-13 20:45:00,60.94256521,3.125,False
2014-01-13 20:50:00,62.63720253,2.273,False
2014-01-13 20:55:00,60.81125971,3.323,False
2014-01-13 21:00:00,61.39523263,3.002,False
2014-01-13 21:05:00,61.6263093,2.923,False
2014-01-13 21:10:00,63.57203666,1.876,False
2014-01-13 21:15:00,66.59543434,0.244,False
2014-01-13 21:20:00,68.42178675,0.395,False
2014-01-13 21:25:00,70.84512938,0.64,False
2014-01-13 21:30:00,74.22009435,0.876,False
2014-01-13 21:35:00,76.17230295,0.498,False
2014-01-13 21:40:00,79.2515267,0.761,False
2014-01-13 21:45:00,79.50268416,0.062,False
2014-01-13 21:50:00,79.85101944,0.092,False
2014-01-13 21:55:00,80.82268236,0.486,False
2014-01-13 22:00:00,79.82844942,0.134,False
2014-01-13 22:05:00,80.95739529,0.167,False
2014-01-13 22:10:00,80.38885867,0.238,False
2014-01-13 22:15:00,82.81018142,0.578,False
2014-01-13 22:20:00,82.22750453,0.045,False
2014-01-13 22:25:00,83.49284484,0.417,False
2014-01-13 22:30:00,83.30383775,0.238,False
2014-01-13 22:35:00,82.41813816,0.333,False
2014-01-13 22:40:00,82.83558266,0.287,False
2014-01-13 22:45:00,84.10923356,0.157,False
2014-01-13 22:50:00,84.58195606,0.123,False
2014-01-13 22:55:00,84.93012159,0.09,False
2014-01-13 23:00:00,86.94862517,0.726,False
2014-01-13 23:05:00,86.16980729,0.185,False
2014-01-13 23:10:00,87.16709843,0.133,False
2014-01-13 23:15:00,88.32625122,0.683,False
2014-01-13 23:20:00,86.88129968,0.269,False
2014-01-13 23:25:00,87.58075682,0.17,False
2014-01-13 23:30:00,89.54946429,0.714,False
2014-01-13 23:35:00,88.20062067,0.421,False
2014-01-13 23:40:00,90.83286055,0.708,False
2014-01-13 23:45:00,89.64034631,0.218,False
2014-01-13 23:50:00,90.37405839,0.143,False
2014-01-13 23:55:00,90.96302317,0.044,False
2014-01-14 00:00:00,92.48821702,0.892,False
2014-01-14 00:05:00,92.1332158,0.493,False
2014-01-14 00:10:00,93.09848479,1.178,False
2014-01-14 00:15:00,92.4559836,0.621,False
2014-01-14 00:20:00,92.8952916,0.963,False
2014-01-14 00:25:00,94.60880074,2.3,False
2014-01-14 00:30:00,93.21735035,1.09,False
2014-01-14 00:35:00,95.89477228,3.526,False
2014-01-14 00:40:00,96.06518872,3.765,False
2014-01-14 00:45:00,94.39266021,2.257,False
2014-01-14 00:50:00,94.70575886,2.512,False
2014-01-14 00:55:00,95.31014258,3.069,False
2014-01-14 01:00:00,93.42124473,1.329,False
2014-01-14 01:05:00,95.34903801,2.966,False
2014-01-14 01:10:00,94.0973806,1.736,False
2014-01-14 01:15:00,94.04965472,1.687,False
2014-01-14 01:20:00,94.35986966,1.941,False
2014-01-14 01:25:00,92.84144201,0.697,False
2014-01-14 01:30:00,93.02429263,0.909,False
2014-01-14 01:35:00,94.75288523,2.263,False
2014-01-14 01:40:00,93.44627711,1.085,False
2014-01-14 01:45:00,92.54788315,0.416,False
2014-01-14 01:50:00,93.72319276,1.292,False
2014-01-14 01:55:00,93.819603,1.364,False
2014-01-14 02:00:00,93.55863257,1.08,False
2014-01-14 02:05:00,93.13905572,0.856,False
2014-01-14 02:10:00,93.11616063,0.775,False
2014-01-14 02:15:00,92.37484851,0.265,False
2014-01-14 02:20:00,91.51480834,0.355,False
2014-01-14 02:25:00,92.24864807,0.192,False
2014-01-14 02:30:00,91.39082513,0.413,False
2014-01-14 02:35:00,93.27267247,0.883,False
2014-01-14 02:40:00,91.44371709,0.377,False
2014-01-14 02:45:00,92.52058713,0.365,False
2014-01-14 02:50:00,91.80515439,0.128,False
2014-01-14 02:55:00,92.99052506,0.688,False
2014-01-14 03:00:00,92.4071078,0.287,False
2014-01-14 03:05:00,91.96881717,0.007,False
2014-01-14 03:10:00,92.22340568,0.237,False
2014-01-14 03:15:00,91.09977363,0.439,False
2014-01-14 03:20:00,91.51168806,0.06,False
2014-01-14 03:25:00,92.27814705,0.529,False
2014-01-14 03:30:00,91.39232946,0.093,False
2014-01-14 03:35:00,91.98813586,0.395,False
2014-01-14 03:40:00,90.91894882,0.412,False
2014-01-14 03:45:00,90.10970402,1.051,False
2014-01-14 03:50:00,91.08871082,0.271,False
2014-01-14 03:55:00,90.26974767,1.026,False
2014-01-14 04:00:00,89.8868943,1.476,False
2014-01-14 04:05:00,90.04421503,1.43,False
2014-01-14 04:10:00,91.99302567,0.68,False
2014-01-14 04:15:00,89.84315197,1.695,False
2014-01-14 04:20:00,91.08972674,0.272,False
2014-01-14 04:25:00,91.36898265,0.073,False
2014-01-14 04:30:00,90.26176867,1.258,False
2014-01-14 04:35:00,90.3278655,1.154,False
2014-01-14 04:40:00,90.94546186,0.374,False
2014-01-14 04:45:00,91.40466015,0.216,False
2014-01-14 04:50:00,90.9542156,0.33,False
2014-01-14 04:55:00,89.90873103,1.522,False
2014-01-14 05:00:00,91.60008314,0.614,False
2014-01-14 05:05:00,89.80775344,1.564,False
2014-01-14 05:10:00,91.0134671,0.092,False
2014-01-14 05:15:00,91.58710458,0.668,False
2014-01-14 05:20:00,90.40379286,0.806,False
2014-01-14 05:25:00,89.79903936,1.56,False
2014-01-14 05:30:00,89.81838684,1.417,False
2014-01-14 05:35:00,90.13991169,0.991,False
2014-01-14 05:40:00,89.84424323,1.344,False
2014-01-14 05:45:00,89.98975865,1.178,False
2014-01-14 05:50:00,90.3866273,0.655,False
2014-01-14 05:55:00,91.28808176,0.4,False
2014-01-14 06:00:00,91.32462154,0.441,False
2014-01-14 06:05:00,90.03768667,1.006,False
2014-01-14 06:10:00,91.28434922,0.396,False
2014-01-14 06:15:00,91.41079384,0.538,False
2014-01-14 06:20:00,89.70602358,1.367,False
2014-01-14 06:25:00,90.95606667,0.027,False
2014-01-14 06:30:00,89.64612315,1.434,False
2014-01-14 06:35:00,91.22245199,0.324,False
2014-01-14 06:40:00,89.97030967,1.042,False
2014-01-14 06:45:00,91.33987651,0.423,False
2014-01-14 06:50:00,90.20709404,0.811,False
2014-01-14 06:55:00,91.39101496,0.472,False
2014-01-14 07:00:00,90.74147635,0.268,False
2014-01-14 07:05:00,91.53269823,0.582,False
2014-01-14 07:10:00,91.22857466,0.197,False
2014-01-14 07:15:00,90.34910227,0.772,False
2014-01-14 07:20:00,90.81411522,0.363,False
2014-01-14 07:25:00,91.40621196,0.248,False
2014-01-14 07:30:00,90.59614366,0.694,False
2014-01-14 07:35:00,89.60544034,1.884,False
2014-01-14 07:40:00,90.47545142,0.905,False
2014-01-14 07:45:00,91.74608426,0.51,False
2014-01-14 07:50:00,90.37773732,0.962,False
2014-01-14 07:55:00,90.33435494,1.001,False
2014-01-14 08:00:00,91.94132471,0.676,False
2014-01-14 08:05:00,89.83963531,1.543,False
2014-01-14 08:10:00,90.89771553,0.457,False
2014-01-14 08:15:00,91.47462456,0.115,False
2014-01-14 08:20:00,91.16289391,0.213,False
2014-01-14 08:25:00,90.67785278,0.768,False
2014-01-14 08:30:00,90.17621065,1.312,False
2014-01-14 08:35:00,90.08991466,1.441,False
2014-01-14 08:40:00,91.27853417,0.247,False
2014-01-14 08:45:00,91.00761949,0.694,False
2014-01-14 08:50:00,90.82650194,1.117,False
2014-01-14 08:55:00,92.89014313,0.95,False
2014-01-14 09:00:00,92.19857231,0.076,False
2014-01-14 09:05:00,92.05436581,0.299,False
2014-01-14 09:10:00,92.47904151,0.051,False
2014-01-14 09:15:00,93.50301711,0.89,False
2014-01-14 09:20:00,92.57396905,0.23,False
2014-01-14 09:25:00,93.72686638,0.909,False
2014-01-14 09:30:00,92.87617361,0.007,False
2014-01-14 09:35:00,94.62567021,1.781,False
2014-01-14 09:40:00,92.73967154,0.362,False
2014-01-14 09:45:00,94.17623471,0.962,False
2014-01-14 09:50:00,92.84954956,0.496,False
2014-01-14 09:55:00,93.6535527,0.324,False
2014-01-14 10:00:00,94.59588776,1.241,False
2014-01-14 10:05:00,94.19169317,0.734,False
2014-01-14 10:10:00,94.39572513,0.937,False
2014-01-14 10:15:00,93.50636222,0.077,False
2014-01-14 10:20:00,93.48558086,0.208,False
2014-01-14 10:25:00,93.19922139,0.547,False
2014-01-14 10:30:00,94.79748066,0.989,False
2014-01-14 10:35:00,93.34605551,0.681,False
2014-01-14 10:40:00,92.97465404,1.15,False
2014-01-14 10:45:00,93.30609178,0.891,False
2014-01-14 10:50:00,93.34454915,0.883,False
2014-01-14 10:55:00,93.71251127,0.514,False
2014-01-14 11:00:00,95.36777003,1.12,False
2014-01-14 11:05:00,95.24837051,0.802,False
2014-01-14 11:10:00,94.21038988,0.384,False
2014-01-14 11:15:00,94.56206073,0.046,False
2014-01-14 11:20:00,94.11003441,0.507,False
2014-01-14 11:25:00,93.98811487,0.616,False
2014-01-14 11:30:00,93.99887267,0.687,False
2014-01-14 11:35:00,94.93250609,0.064,False
2014-01-14 11:40:00,95.81674907,0.69,False
2014-01-14 11:45:00,94.64559372,0.618,False
2014-01-14 11:50:00,94.61738429,0.741,False
2014-01-14 11:55:00,96.70452595,0.993,False
2014-01-14 12:00:00,95.45905513,0.409,False
2014-01-14 12:05:00,95.98041673,0.157,False
2014-01-14 12:10:00,97.08271171,0.661,False
2014-01-14 12:15:00,97.57048856,0.894,False
2014-01-14 12:20:00,96.80812859,0.045,False
2014-01-14 12:25:00,97.09276175,0.125,False
2014-01-14 12:30:00,96.36405,0.613,False
2014-01-14 12:35:00,98.30006642,0.998,False
2014-01-14 12:40:00,96.32255168,0.834,False
2014-01-14 12:45:00,97.09046597,0.399,False
2014-01-14 12:50:00,97.90423946,0.232,False
2014-01-14 12:55:00,98.13664098,0.39,False
2014-01-14 13:00:00,98.14761740000002,0.282,False
2014-01-14 13:05:00,97.60097113,0.322,False
2014-01-14 13:10:00,99.01088927,0.666,False
2014-01-14 13:15:00,97.63091253,0.404,False
2014-01-14 13:20:00,97.65408433,0.444,False
2014-01-14 13:25:00,98.78854836,0.415,False
2014-01-14 13:30:00,98.44463353,0.155,False
2014-01-14 13:35:00,98.18075811,0.047,False
2014-01-14 13:40:00,99.15433112,0.722,False
2014-01-14 13:45:00,99.92674273,1.346,False
2014-01-14 13:50:00,100.404962,1.774,False
2014-01-14 13:55:00,99.04747269,0.673,False
2014-01-14 14:00:00,99.54592919,1.085,False
2014-01-14 14:05:00,99.79283524,1.292,False
2014-01-14 14:10:00,100.168775,1.608,False
2014-01-14 14:15:00,100.2396047,1.667,False
2014-01-14 14:20:00,99.47385364,1.024,False
2014-01-14 14:25:00,100.2631895,1.687,False
2014-01-14 14:30:00,101.7614395,2.818,False
2014-01-14 14:35:00,100.2912165,1.637,False
2014-01-14 14:40:00,101.5447025,2.644,False
2014-01-14 14:45:00,101.3101484,2.313,False
2014-01-14 14:50:00,100.2692426,1.417,False
2014-01-14 14:55:00,99.76173131,1.06,False
2014-01-14 15:00:00,101.0872951,2.144,False
2014-01-14 15:05:00,99.82943054,1.192,False
2014-01-14 15:10:00,99.50612871,0.881,False
2014-01-14 15:15:00,101.3464888,2.175,False
2014-01-14 15:20:00,100.3229356,1.51,False
2014-01-14 15:25:00,100.0495243,1.311,False
2014-01-14 15:30:00,100.5985499,1.712,False
2014-01-14 15:35:00,101.4799349,2.355,False
2014-01-14 15:40:00,100.1563255,1.485,False
2014-01-14 15:45:00,101.0728323,2.313,False
2014-01-14 15:50:00,99.40078021,0.969,False
2014-01-14 15:55:00,99.4473097,0.948,False
2014-01-14 16:00:00,100.2977716,1.592,False
2014-01-14 16:05:00,98.48876907,0.223,False
2014-01-14 16:10:00,100.1128135,1.452,False
2014-01-14 16:15:00,98.38147153,0.213,False
2014-01-14 16:20:00,98.03701355,0.052,False
2014-01-14 16:25:00,97.69087844,0.292,False
2014-01-14 16:30:00,97.58608435,0.194,False
2014-01-14 16:35:00,96.92826877,0.497,False
2014-01-14 16:40:00,98.20797749,0.435,False
2014-01-14 16:45:00,97.40256351,0.109,False
2014-01-14 16:50:00,97.4167979,0.059,False
2014-01-14 16:55:00,96.62660519,0.682,False
2014-01-14 17:00:00,95.76242304,1.404,False
2014-01-14 17:05:00,96.83888791,0.506,False
2014-01-14 17:10:00,97.45709133,0.092,False
2014-01-14 17:15:00,97.52964904,0.261,False
2014-01-14 17:20:00,97.58657198,0.414,False
2014-01-14 17:25:00,95.59642897,1.604,False
2014-01-14 17:30:00,97.38892634,0.421,False
2014-01-14 17:35:00,97.18808824,0.258,False
2014-01-14 17:40:00,95.64590908,1.421,False
2014-01-14 17:45:00,95.8396207,1.289,False
2014-01-14 17:50:00,96.84088201,0.001,False
2014-01-14 17:55:00,97.20031362,0.471,False
2014-01-14 18:00:00,96.99678609,0.299,False
2014-01-14 18:05:00,95.60288875,1.454,False
2014-01-14 18:10:00,96.51943763,0.075,False
2014-01-14 18:15:00,97.33304397,1.309,False
2014-01-14 18:20:00,96.05081111,0.315,False
2014-01-14 18:25:00,96.14500813,0.177,False
2014-01-14 18:30:00,96.7006652,0.64,False
2014-01-14 18:35:00,95.83666837,0.535,False
2014-01-14 18:40:00,95.38927673,1.105,False
2014-01-14 18:45:00,96.2718776,0.25,False
2014-01-14 18:50:00,97.04561451,1.433,False
2014-01-14 18:55:00,95.61281163,0.492,False
2014-01-14 19:00:00,96.27868275,0.651,False
2014-01-14 19:05:00,95.74066627,0.089,False
2014-01-14 19:10:00,96.24158731,0.725,False
2014-01-14 19:15:00,96.82722353,1.677,False
2014-01-14 19:20:00,96.84691546,1.755,False
2014-01-14 19:25:00,96.2652907,0.948,False
2014-01-14 19:30:00,95.33630625,0.377,False
2014-01-14 19:35:00,96.05207339,0.66,False
2014-01-14 19:40:00,96.17906579,0.983,False
2014-01-14 19:45:00,95.56599661,0.285,False
2014-01-14 19:50:00,95.32500504,0.008,False
2014-01-14 19:55:00,95.17829617,0.188,False
2014-01-14 20:00:00,95.29629829,0.007,False
2014-01-14 20:05:00,95.30662542,0.095,False
2014-01-14 20:10:00,94.96148641,0.197,False
2014-01-14 20:15:00,95.03212011,0.048,False
2014-01-14 20:20:00,93.33431868,2.032,False
2014-01-14 20:25:00,94.47595297,0.328,False
2014-01-14 20:30:00,93.04851143,2.043,False
2014-01-14 20:35:00,92.53600511,2.657,False
2014-01-14 20:40:00,94.06251444,0.572,False
2014-01-14 20:45:00,93.459114,1.177,False
2014-01-14 20:50:00,93.53764662,0.958,False
2014-01-14 20:55:00,93.02197072,1.609,False
2014-01-14 21:00:00,94.63747093,0.394,False
2014-01-14 21:05:00,93.81088939,0.506,False
2014-01-14 21:10:00,93.24563829,1.002,False
2014-01-14 21:15:00,92.48233506,1.82,False
2014-01-14 21:20:00,94.64613484,0.538,False
2014-01-14 21:25:00,93.14475087,1.073,False
2014-01-14 21:30:00,93.16563216,1.034,False
2014-01-14 21:35:00,92.93272978,1.28,False
2014-01-14 21:40:00,94.08230627,0.068,False
2014-01-14 21:45:00,92.62566176,1.629,False
2014-01-14 21:50:00,94.2862931,0.15,False
2014-01-14 21:55:00,93.37662682,0.825,False
2014-01-14 22:00:00,94.30747447,0.169,False
2014-01-14 22:05:00,93.38274429,0.805,False
2014-01-14 22:10:00,93.61989929,0.546,False
2014-01-14 22:15:00,93.05888585,1.128,False
2014-01-14 22:20:00,93.90972032,0.25,False
2014-01-14 22:25:00,94.68883797,0.581,False
2014-01-14 22:30:00,93.40013405,0.8,False
2014-01-14 22:35:00,93.52310941,0.657,False
2014-01-14 22:40:00,94.78242481,0.67,False
2014-01-14 22:45:00,93.41834466,0.78,False
2014-01-14 22:50:00,94.27982111,0.143,False
2014-01-14 22:55:00,92.60346775,1.653,False
2014-01-14 23:00:00,93.50280095,0.679,False
2014-01-14 23:05:00,93.3562733,0.818,False
2014-01-14 23:10:00,93.74722708,0.414,False
2014-01-14 23:15:00,92.8253541,1.368,False
2014-01-14 23:20:00,92.47091339,1.68,False
2014-01-14 23:25:00,93.33004206,0.948,False
2014-01-14 23:30:00,93.91527647,0.342,False
2014-01-14 23:35:00,93.155332,1.189,False
2014-01-14 23:40:00,94.05147171,0.259,False
2014-01-14 23:45:00,93.71331949,0.772,False
2014-01-14 23:50:00,94.60994227,0.015,False
2014-01-14 23:55:00,95.33927165,0.747,False
2014-01-15 00:00:00,93.53578274,1.197,False
2014-01-15 00:05:00,93.9880576,0.724,False
2014-01-15 00:10:00,94.66030569,0.078,False
2014-01-15 00:15:00,95.54657964,0.503,False
2014-01-15 00:20:00,94.21109554,1.299,False
2014-01-15 00:25:00,96.36551651,0.682,False
2014-01-15 00:30:00,95.86661174,0.125,False
2014-01-15 00:35:00,96.10884307,0.133,False
2014-01-15 00:40:00,97.00574463,0.468,False
2014-01-15 00:45:00,96.74186127,0.132,False
2014-01-15 00:50:00,97.74777638,0.699,False
2014-01-15 00:55:00,98.05362183,0.87,False
2014-01-15 01:00:00,97.35914545,0.077,False
2014-01-15 01:05:00,98.37677269,0.996,False
2014-01-15 01:10:00,97.55955837,0.097,False
2014-01-15 01:15:00,98.19003964,0.507,False
2014-01-15 01:20:00,97.22600561,0.522,False
2014-01-15 01:25:00,97.09635038,0.764,False
2014-01-15 01:30:00,97.33461822,0.712,False
2014-01-15 01:35:00,97.80867858,0.418,False
2014-01-15 01:40:00,98.42290107,0.02,False
2014-01-15 01:45:00,98.88159481,0.19,False
2014-01-15 01:50:00,99.06223772,0.071,False
2014-01-15 01:55:00,100.3675723,0.955,False
2014-01-15 02:00:00,100.5484267,0.714,False
2014-01-15 02:05:00,100.7079759,0.353,False
2014-01-15 02:10:00,101.012029,0.427,False
2014-01-15 02:15:00,99.11413697,0.929,False
2014-01-15 02:20:00,100.435481,0.13,False
2014-01-15 02:25:00,101.2366851,0.264,False
2014-01-15 02:30:00,101.4685452,0.291,False
2014-01-15 02:35:00,102.11941,0.62,False
2014-01-15 02:40:00,100.0687087,0.729,False
2014-01-15 02:45:00,101.2829668,0.09,False
2014-01-15 02:50:00,101.4857047,0.227,False
2014-01-15 02:55:00,103.0579465,1.287,False
2014-01-15 03:00:00,103.007238,1.253,False
2014-01-15 03:05:00,103.1635255,1.41,False
2014-01-15 03:10:00,103.3036425,1.508,False
2014-01-15 03:15:00,101.6193632,0.329,False
2014-01-15 03:20:00,102.533115,0.969,False
2014-01-15 03:25:00,103.3447745,1.601,False
2014-01-15 03:30:00,103.5817605,1.703,False
2014-01-15 03:35:00,103.7626155,1.829,False
2014-01-15 03:40:00,102.515384,0.956,False
2014-01-15 03:45:00,103.158802,1.407,False
2014-01-15 03:50:00,103.6373019,1.742,False
2014-01-15 03:55:00,102.612068,1.024,False
2014-01-15 04:00:00,103.9883107,1.987,False
2014-01-15 04:05:00,104.6802154,2.472,False
2014-01-15 04:10:00,104.3284181,2.387,False
2014-01-15 04:15:00,104.8323166,2.765,False
2014-01-15 04:20:00,104.6157296,2.427,False
2014-01-15 04:25:00,104.5991701,2.297,False
2014-01-15 04:30:00,105.5947708,2.807,False
2014-01-15 04:35:00,104.6574053,2.215,False
2014-01-15 04:40:00,104.9860644,2.423,False
2014-01-15 04:45:00,103.9438623,1.683,False
2014-01-15 04:50:00,104.6450551,1.982,False
2014-01-15 04:55:00,102.7995624,0.9,False
2014-01-15 05:00:00,102.419696,0.693,False
2014-01-15 05:05:00,103.9368092,1.49,False
2014-01-15 05:10:00,103.3913793,1.147,False
2014-01-15 05:15:00,102.3080233,0.57,False
2014-01-15 05:20:00,101.0619383,0.043,False
2014-01-15 05:25:00,102.535219,0.675,False
2014-01-15 05:30:00,102.2523562,0.691,False
2014-01-15 05:35:00,100.0877642,0.126,False
2014-01-15 05:40:00,100.5289209,0.176,False
2014-01-15 05:45:00,100.1913829,0.023,False
2014-01-15 05:50:00,99.69802212,0.086,False
2014-01-15 05:55:00,99.01438228,0.144,False
2014-01-15 06:00:00,98.79523678,0.046,False
2014-01-15 06:05:00,98.68953618,0.022,False
2014-01-15 06:10:00,98.11270099,0.125,False
2014-01-15 06:15:00,98.06071301,0.025,False
2014-01-15 06:20:00,97.97535265,0.044,False
2014-01-15 06:25:00,96.79780424,0.481,False
2014-01-15 06:30:00,98.12647093,0.302,False
2014-01-15 06:35:00,96.44113641,0.144,False
2014-01-15 06:40:00,96.00544407,0.297,False
2014-01-15 06:45:00,96.7676126,0.111,False
2014-01-15 06:50:00,95.49619452,0.329,False
2014-01-15 06:55:00,96.59055943,0.38,False
2014-01-15 07:00:00,94.8581492,0.25,False
2014-01-15 07:05:00,95.35686403,0.065,False
2014-01-15 07:10:00,95.06326461,0.001,False
2014-01-15 07:15:00,93.90247827,0.465,False
2014-01-15 07:20:00,93.3256033,0.668,False
2014-01-15 07:25:00,93.55294965,0.552,False
2014-01-15 07:30:00,94.37131961,0.149,False
2014-01-15 07:35:00,93.90734556,0.262,False
2014-01-15 07:40:00,92.13095552,0.974,False
2014-01-15 07:45:00,91.79626429,1.103,False
2014-01-15 07:50:00,91.10279879,1.404,False
2014-01-15 07:55:00,91.72611239,1.12,False
2014-01-15 08:00:00,92.31597716,0.825,False
2014-01-15 08:05:00,91.32064814,1.244,False
2014-01-15 08:10:00,91.12194047,1.332,False
2014-01-15 08:15:00,90.37107589,1.717,False
2014-01-15 08:20:00,90.43601452,1.651,False
2014-01-15 08:25:00,91.27698897,1.158,False
2014-01-15 08:30:00,90.63689471,1.484,False
2014-01-15 08:35:00,91.10115319,1.212,False
2014-01-15 08:40:00,91.82575929,0.79,False
2014-01-15 08:45:00,91.72757998,0.709,False
2014-01-15 08:50:00,89.07262641,1.958,False
2014-01-15 08:55:00,89.330859,1.764,False
2014-01-15 09:00:00,88.92234843,1.95,False
2014-01-15 09:05:00,88.22160023,2.252,False
2014-01-15 09:10:00,90.46367218,1.074,False
2014-01-15 09:15:00,90.53516903,0.978,False
2014-01-15 09:20:00,90.71867897,0.824,False
2014-01-15 09:25:00,92.90363875,0.289,False
2014-01-15 09:30:00,92.16355371,0.065,False
2014-01-15 09:35:00,92.84475253,0.311,False
2014-01-15 09:40:00,92.83487382,0.342,False
2014-01-15 09:45:00,93.53063522,0.711,False
2014-01-15 09:50:00,94.28430467,1.107,False
2014-01-15 09:55:00,95.05784606,1.535,False
2014-01-15 10:00:00,94.82836663,1.459,False
2014-01-15 10:05:00,93.41688711,0.775,False
2014-01-15 10:10:00,93.89780665,1.037,False
2014-01-15 10:15:00,94.10638494,1.151,False
2014-01-15 10:20:00,94.782933,1.504,False
2014-01-15 10:25:00,94.63445828,1.48,False
2014-01-15 10:30:00,94.05845362,1.202,False
2014-01-15 10:35:00,94.31605665,1.333,False
2014-01-15 10:40:00,93.76234251,1.068,False
2014-01-15 10:45:00,94.29548048,1.462,False
2014-01-15 10:50:00,92.33197291,0.506,False
2014-01-15 10:55:00,92.04434743,0.347,False
2014-01-15 11:00:00,92.5863678,0.723,False
2014-01-15 11:05:00,91.88949167,0.329,False
2014-01-15 11:10:00,91.89433442,0.338,False
2014-01-15 11:15:00,91.49743931,0.083,False
2014-01-15 11:20:00,91.26979361,0.075,False
2014-01-15 11:25:00,92.41480364,0.778,False
2014-01-15 11:30:00,92.90412842,1.182,False
2014-01-15 11:35:00,92.27220064,0.69,False
2014-01-15 11:40:00,92.06836524,0.569,False
2014-01-15 11:45:00,90.96348706,0.351,False
2014-01-15 11:50:00,92.65575947,1.222,False
2014-01-15 11:55:00,90.97146402,0.349,False
2014-01-15 12:00:00,90.75668036,0.571,False
2014-01-15 12:05:00,90.3010003,1.039,False
2014-01-15 12:10:00,91.05183736,0.285,False
2014-01-15 12:15:00,90.79592931,0.553,False
2014-01-15 12:20:00,91.66802286,0.345,False
2014-01-15 12:25:00,90.00547809,1.406,False
2014-01-15 12:30:00,90.75654241,0.554,False
2014-01-15 12:35:00,90.3668015,0.941,False
2014-01-15 12:40:00,90.92325443,0.374,False
2014-01-15 12:45:00,90.82366078,0.475,False
2014-01-15 12:50:00,91.4177951,0.14,False
2014-01-15 12:55:00,91.78424007,0.605,False
2014-01-15 13:00:00,90.02571856,1.103,False
2014-01-15 13:05:00,91.30190042,0.21,False
2014-01-15 13:10:00,91.1050019,0.008,False
2014-01-15 13:15:00,89.96027511,1.171,False
2014-01-15 13:20:00,90.13366718,0.992,False
2014-01-15 13:25:00,91.6598198,0.606,False
2014-01-15 13:30:00,91.73587197,0.732,False
2014-01-15 13:35:00,89.87910775,1.244,False
2014-01-15 13:40:00,90.35246754,0.73,False
2014-01-15 13:45:00,90.32108435,0.72,False
2014-01-15 13:50:00,91.36401021,0.411,False
2014-01-15 13:55:00,91.38551979,0.454,False
2014-01-15 14:00:00,90.21825048,0.813,False
2014-01-15 14:05:00,90.59826732,0.374,False
2014-01-15 14:10:00,90.70258123,0.176,False
2014-01-15 14:15:00,90.50022876,0.384,False
2014-01-15 14:20:00,90.04245432,0.856,False
2014-01-15 14:25:00,91.28804369,0.485,False
2014-01-15 14:30:00,91.42267661,0.655,False
2014-01-15 14:35:00,90.36325188,0.399,False
2014-01-15 14:40:00,89.66243869,1.126,False
2014-01-15 14:45:00,90.22398629,0.578,False
2014-01-15 14:50:00,90.51785332,0.259,False
2014-01-15 14:55:00,90.50598334,0.265,False
2014-01-15 15:00:00,90.99866432,0.28,False
2014-01-15 15:05:00,90.52889663,0.202,False
2014-01-15 15:10:00,90.12837829,0.628,False
2014-01-15 15:15:00,89.83882662,0.876,False
2014-01-15 15:20:00,90.53673111,0.157,False
2014-01-15 15:25:00,89.85140693,0.863,False
2014-01-15 15:30:00,91.68924164,1.032,False
2014-01-15 15:35:00,91.52707188,0.832,False
2014-01-15 15:40:00,91.99940818,1.318,False
2014-01-15 15:45:00,89.61733803,1.112,False
2014-01-15 15:50:00,91.0901674,0.362,False
2014-01-15 15:55:00,90.67605599,0.041,False
2014-01-15 16:00:00,91.54394687,0.776,False
2014-01-15 16:05:00,91.8153294,0.966,False
2014-01-15 16:10:00,91.51196312,0.675,False
2014-01-15 16:15:00,91.73988476,0.884,False
2014-01-15 16:20:00,90.17646498,0.67,False
2014-01-15 16:25:00,89.92872373,0.973,False
2014-01-15 16:30:00,91.24747246,0.248,False
2014-01-15 16:35:00,91.97304090000002,0.864,False
2014-01-15 16:40:00,90.11889907,0.802,False
2014-01-15 16:45:00,91.80807002,0.588,False
2014-01-15 16:50:00,89.79848542,1.112,False
2014-01-15 16:55:00,91.60357121,0.355,False
2014-01-15 17:00:00,90.06324135,0.89,False
2014-01-15 17:05:00,89.94504856,1.032,False
2014-01-15 17:10:00,91.52059898,0.192,False
2014-01-15 17:15:00,91.2270671,0.071,False
2014-01-15 17:20:00,89.91433276,1.037,False
2014-01-15 17:25:00,89.76751197,1.168,False
2014-01-15 17:30:00,90.14028039,0.9,False
2014-01-15 17:35:00,91.63193548,0.198,False
2014-01-15 17:40:00,90.8427671,0.362,False
2014-01-15 17:45:00,91.60886049,0.18,False
2014-01-15 17:50:00,90.7351352,0.438,False
2014-01-15 17:55:00,90.95221524,0.282,False
2014-01-15 18:00:00,90.32739373,0.706,False
2014-01-15 18:05:00,90.04136657,0.886,False
2014-01-15 18:10:00,90.39123718,0.641,False
2014-01-15 18:15:00,91.10092349,0.168,False
2014-01-15 18:20:00,91.36225153,0.003,False
2014-01-15 18:25:00,91.35212041,0.003,False
2014-01-15 18:30:00,92.08493612,0.474,False
2014-01-15 18:35:00,90.29371941,0.649,False
2014-01-15 18:40:00,92.28041862,0.655,False
2014-01-15 18:45:00,92.9824482,1.174,False
2014-01-15 18:50:00,93.85993567,1.754,False
2014-01-15 18:55:00,92.99625916,1.192,False
2014-01-15 19:00:00,92.67157636,0.933,False
2014-01-15 19:05:00,94.11764316,1.874,False
2014-01-15 19:10:00,93.7068076,1.655,False
2014-01-15 19:15:00,94.14865945,1.972,False
2014-01-15 19:20:00,94.72826549,2.375,False
2014-01-15 19:25:00,94.5119802,2.209,False
2014-01-15 19:30:00,93.71416951,1.72,False
2014-01-15 19:35:00,93.81356088,1.812,False
2014-01-15 19:40:00,93.55543837,1.666,False
2014-01-15 19:45:00,94.46758123,2.27,False
2014-01-15 19:50:00,94.07864483,1.976,False
2014-01-15 19:55:00,91.56063807,0.327,False
2014-01-15 20:00:00,92.42593603,0.885,False
2014-01-15 20:05:00,93.13430113,1.355,False
2014-01-15 20:10:00,91.46251499,0.235,False
2014-01-15 20:15:00,92.23019083,0.731,False
2014-01-15 20:20:00,91.68836403,0.362,False
2014-01-15 20:25:00,91.02662584,0.061,False
2014-01-15 20:30:00,90.78620678,0.26,False
2014-01-15 20:35:00,89.62805359,0.981,False
2014-01-15 20:40:00,90.26471876,0.519,False
2014-01-15 20:45:00,89.27785989,1.025,False
2014-01-15 20:50:00,89.32908298,0.94,False
2014-01-15 20:55:00,89.69075898,0.754,False
2014-01-15 21:00:00,89.14219745,1.019,False
2014-01-15 21:05:00,88.79701937,1.163,False
2014-01-15 21:10:00,89.14150761,1.0,False
2014-01-15 21:15:00,90.77525398,0.224,False
2014-01-15 21:20:00,89.52576198,0.812,False
2014-01-15 21:25:00,90.52927692,0.302,False
2014-01-15 21:30:00,89.15876832,0.904,False
2014-01-15 21:35:00,89.79191194,0.599,False
2014-01-15 21:40:00,90.7990519,0.142,False
2014-01-15 21:45:00,90.29343146,0.349,False
2014-01-15 21:50:00,90.50063101,0.251,False
2014-01-15 21:55:00,91.27193944,0.088,False
2014-01-15 22:00:00,91.43002683,0.167,False
2014-01-15 22:05:00,90.3085939,0.251,False
2014-01-15 22:10:00,91.13442008,0.142,False
2014-01-15 22:15:00,91.056351,0.112,False
2014-01-15 22:20:00,91.4492947,0.278,False
2014-01-15 22:25:00,90.56017937,0.045,False
2014-01-15 22:30:00,90.44361787,0.046,False
2014-01-15 22:35:00,90.78847897,0.104,False
2014-01-15 22:40:00,90.54960059,0.014,False
2014-01-15 22:45:00,91.98422862,0.651,False
2014-01-15 22:50:00,91.07665582,0.302,False
2014-01-15 22:55:00,92.36048585,0.895,False
2014-01-15 23:00:00,91.11376457,0.36,False
2014-01-15 23:05:00,92.08980071,0.888,False
2014-01-15 23:10:00,92.77107249,1.317,False
2014-01-15 23:15:00,92.53452467,1.214,False
2014-01-15 23:20:00,91.93232833,0.985,False
2014-01-15 23:25:00,92.38412875,1.182,False
2014-01-15 23:30:00,91.09202436,0.62,False
2014-01-15 23:35:00,91.30616417,0.726,False
2014-01-15 23:40:00,92.19286082,1.115,False
2014-01-15 23:45:00,91.13038042,0.646,False
2014-01-15 23:50:00,91.22275066,0.668,False
2014-01-15 23:55:00,88.76895024,0.474,False
2014-01-16 00:00:00,88.56370798,0.653,False
2014-01-16 00:05:00,89.63409136,0.26,False
2014-01-16 00:10:00,89.30127771,0.455,False
2014-01-16 00:15:00,88.03235169999998,1.077,False
2014-01-16 00:20:00,88.09351847,1.048,False
2014-01-16 00:25:00,86.39139457,1.902,False
2014-01-16 00:30:00,87.29206086,1.428,False
2014-01-16 00:35:00,86.73393861,1.742,False
2014-01-16 00:40:00,86.52333471,1.877,False
2014-01-16 00:45:00,84.78439038,2.723,False
2014-01-16 00:50:00,86.50547131,1.868,False
2014-01-16 00:55:00,84.57468683,2.785,False
2014-01-16 01:00:00,85.77725262,2.182,False
2014-01-16 01:05:00,85.62679678,2.253,False
2014-01-16 01:10:00,86.01797978,2.096,False
2014-01-16 01:15:00,86.56267654,1.82,False
2014-01-16 01:20:00,86.03261098,2.066,False
2014-01-16 01:25:00,88.05789505,1.125,False
2014-01-16 01:30:00,88.71947941,0.82,False
2014-01-16 01:35:00,87.16057921,1.538,False
2014-01-16 01:40:00,88.88696306,0.713,False
2014-01-16 01:45:00,87.48484298,1.352,False
2014-01-16 01:50:00,89.62698996,0.365,False
2014-01-16 01:55:00,88.17554005,1.012,False
2014-01-16 02:00:00,88.90644751,0.681,False
2014-01-16 02:05:00,89.63999424,0.303,False
2014-01-16 02:10:00,90.65283488,0.202,False
2014-01-16 02:15:00,89.57369241,0.306,False
2014-01-16 02:20:00,90.59230534,0.204,False
2014-01-16 02:25:00,89.81817939,0.172,False
2014-01-16 02:30:00,89.286503,0.425,False
2014-01-16 02:35:00,90.14020329,0.007,False
2014-01-16 02:40:00,90.25365669,0.068,False
2014-01-16 02:45:00,90.86623872,0.407,False
2014-01-16 02:50:00,91.58600529,0.803,False
2014-01-16 02:55:00,91.48410162,0.747,False
2014-01-16 03:00:00,91.07529912,0.493,False
2014-01-16 03:05:00,90.43919267,0.135,False
2014-01-16 03:10:00,91.29854578,0.574,False
2014-01-16 03:15:00,91.31625551,0.55,False
2014-01-16 03:20:00,90.11342907,0.088,False
2014-01-16 03:25:00,92.38996007,1.025,False
2014-01-16 03:30:00,90.32245991,0.047,False
2014-01-16 03:35:00,90.82449371,0.198,False
2014-01-16 03:40:00,91.82656283,0.678,False
2014-01-16 03:45:00,92.21080712,0.821,False
2014-01-16 03:50:00,90.86782177,0.101,False
2014-01-16 03:55:00,92.35194786,0.824,False
2014-01-16 04:00:00,91.65539836,0.472,False
2014-01-16 04:05:00,91.90560407,0.57,False
2014-01-16 04:10:00,93.18899935,1.289,False
2014-01-16 04:15:00,92.09376904,0.732,False
2014-01-16 04:20:00,92.40054668,0.961,False
2014-01-16 04:25:00,90.69275607,0.095,False
2014-01-16 04:30:00,90.42791736,0.263,False
2014-01-16 04:35:00,90.20203726,0.415,False
2014-01-16 04:40:00,90.40289972,0.299,False
2014-01-16 04:45:00,90.93631248,0.065,False
2014-01-16 04:50:00,89.5824533,0.939,False
2014-01-16 04:55:00,91.46706908,0.462,False
2014-01-16 05:00:00,89.90276635,0.717,False
2014-01-16 05:05:00,90.1753041,0.537,False
2014-01-16 05:10:00,90.20369255,0.515,False
2014-01-16 05:15:00,89.78777771,0.802,False
2014-01-16 05:20:00,88.56320714,1.713,False
2014-01-16 05:25:00,89.30717548,1.16,False
2014-01-16 05:30:00,90.9312205,0.046,False
2014-01-16 05:35:00,91.42610589,0.401,False
2014-01-16 05:40:00,92.07132743,0.863,False
2014-01-16 05:45:00,94.10119205,2.318,False
2014-01-16 05:50:00,94.80471845,2.798,False
2014-01-16 05:55:00,93.66254574,2.104,False
2014-01-16 06:00:00,94.72705672,2.959,False
2014-01-16 06:05:00,94.00092294,2.554,False
2014-01-16 06:10:00,94.66983145,3.048,False
2014-01-16 06:15:00,93.2663517,2.089,False
2014-01-16 06:20:00,93.73779145,2.616,False
2014-01-16 06:25:00,92.40242813,1.581,False
2014-01-16 06:30:00,93.88867611,2.788,False
2014-01-16 06:35:00,91.53049381,1.007,False
2014-01-16 06:40:00,92.16174733,1.517,False
2014-01-16 06:45:00,92.08390696,1.652,False
2014-01-16 06:50:00,91.68681286,1.316,False
2014-01-16 06:55:00,90.5922298,0.392,False
2014-01-16 07:00:00,91.07535806,0.904,False
2014-01-16 07:05:00,89.7480257,0.197,False
2014-01-16 07:10:00,89.74354553,0.168,False
2014-01-16 07:15:00,89.96759393,0.085,False
2014-01-16 07:20:00,90.2043464,0.343,False
2014-01-16 07:25:00,89.83913418,0.063,False
2014-01-16 07:30:00,89.62365427,0.093,False
2014-01-16 07:35:00,89.7263691,0.006,False
2014-01-16 07:40:00,90.1166486,0.302,False
2014-01-16 07:45:00,89.65235546,0.006,False
2014-01-16 07:50:00,89.50041431,0.082,False
2014-01-16 07:55:00,91.15807474,0.979,False
2014-01-16 08:00:00,89.63358547,0.044,False
2014-01-16 08:05:00,89.97653790000004,0.338,False
2014-01-16 08:10:00,90.25867341,0.758,False
2014-01-16 08:15:00,88.37315442,0.053,False
2014-01-16 08:20:00,87.16555852,0.324,False
2014-01-16 08:25:00,85.42370319,0.619,False
2014-01-16 08:30:00,85.98578122,0.151,False
2014-01-16 08:35:00,84.74049094,0.176,False
2014-01-16 08:40:00,83.05267141,0.426,False
2014-01-16 08:45:00,81.16392459999999,0.468,False
2014-01-16 08:50:00,80.73818507,0.106,False
2014-01-16 08:55:00,77.56169801,0.788,False
2014-01-16 09:00:00,76.84255045,0.178,False
2014-01-16 09:05:00,75.94220869,0.223,False
2014-01-16 09:10:00,73.67659219,0.562,False
2014-01-16 09:15:00,72.71784414,0.238,False
2014-01-16 09:20:00,72.14756919,0.147,False
2014-01-16 09:25:00,71.23101053,0.46,False
2014-01-16 09:30:00,72.17089466,0.239,False
2014-01-16 09:35:00,70.48807688,0.263,False
2014-01-16 09:40:00,70.80388164,0.074,False
2014-01-16 09:45:00,68.98356067,0.57,False
2014-01-16 09:50:00,69.90468696,0.074,False
2014-01-16 09:55:00,68.68089133,0.681,False
2014-01-16 10:00:00,68.70544314,0.627,False
2014-01-16 10:05:00,67.62523714,1.129,False
2014-01-16 10:10:00,68.22186958,0.851,False
2014-01-16 10:15:00,67.07536512,1.384,False
2014-01-16 10:20:00,65.92649551,1.918,False
2014-01-16 10:25:00,66.6018399,1.604,False
2014-01-16 10:30:00,66.49476870000001,1.654,False
2014-01-16 10:35:00,64.20854584,2.717,False
2014-01-16 10:40:00,64.74983017,2.465,False
2014-01-16 10:45:00,62.72363404,3.407,False
2014-01-16 10:50:00,62.52510046,3.5,False
2014-01-16 10:55:00,63.85956231,2.879,False
2014-01-16 11:00:00,62.28232175,3.854,False
2014-01-16 11:05:00,61.41414665,4.284,False
2014-01-16 11:10:00,60.17635431,4.898,False
2014-01-16 11:15:00,61.96665698,4.01,False
2014-01-16 11:20:00,59.21560066,5.374,False
2014-01-16 11:25:00,60.18400304,4.894,False
2014-01-16 11:30:00,59.91868037,5.026,False
2014-01-16 11:35:00,57.76805281,6.092,True
2014-01-16 11:40:00,59.27332331,5.346,False
2014-01-16 11:45:00,59.21693982,5.374,False
2014-01-16 11:50:00,59.3825915,5.292,False
2014-01-16 11:55:00,58.26907922,5.844,False
2014-01-16 12:00:00,58.11825979,6.28,True
2014-01-16 12:05:00,57.54414908,6.582,True
2014-01-16 12:10:00,57.71760448,6.49,True
2014-01-16 12:15:00,57.59727673,6.554,True
2014-01-16 12:20:00,58.38544809,6.139,True
2014-01-16 12:25:00,59.73954181,5.427,False
2014-01-16 12:30:00,59.23410160000001,5.693,False
2014-01-16 12:35:00,61.11321455,4.704,False
2014-01-16 12:40:00,64.39941776,2.975,False
2014-01-16 12:45:00,70.20186963,0.078,False
2014-01-16 12:50:00,73.8112017,0.95,False
2014-01-16 12:55:00,77.93259931,1.084,False
2014-01-16 13:00:00,79.21269713,0.378,False
2014-01-16 13:05:00,80.15464868,0.441,False
2014-01-16 13:10:00,80.95326901,0.654,False
2014-01-16 13:15:00,79.73841626,0.51,False
2014-01-16 13:20:00,80.83174367,0.042,False
2014-01-16 13:25:00,82.12665598,0.703,False
2014-01-16 13:30:00,82.48714173,0.559,False
2014-01-16 13:35:00,81.31982408,0.72,False
2014-01-16 13:40:00,82.83785886,0.277,False
2014-01-16 13:45:00,82.44561646,0.089,False
2014-01-16 13:50:00,82.67551165,0.023,False
2014-01-16 13:55:00,82.62462853,0.077,False
2014-01-16 14:00:00,82.93994123,0.131,False
2014-01-16 14:05:00,83.51716735,0.584,False
2014-01-16 14:10:00,82.74610298,0.388,False
2014-01-16 14:15:00,83.9820297,0.565,False
2014-01-16 14:20:00,83.34248563,0.433,False
2014-01-16 14:25:00,84.88737197,0.662,False
2014-01-16 14:30:00,85.9512289,1.359,False
2014-01-16 14:35:00,84.5830752,0.587,False
2014-01-16 14:40:00,86.08586767,0.623,False
2014-01-16 14:45:00,86.79402986,1.11,False
2014-01-16 14:50:00,85.30843893,0.828,False
2014-01-16 14:55:00,87.14257568,1.315,False
2014-01-16 15:00:00,86.52588851,0.28,False
2014-01-16 15:05:00,86.54707987,0.014,False
2014-01-16 15:10:00,85.76979244,1.264,False
2014-01-16 15:15:00,87.33318949,0.643,False
2014-01-16 15:20:00,86.05753877,1.274,False
2014-01-16 15:25:00,86.98174994,0.004,False
2014-01-16 15:30:00,86.9559815,0.107,False
2014-01-16 15:35:00,87.53833344,0.597,False
2014-01-16 15:40:00,87.08335433,0.125,False
2014-01-16 15:45:00,86.97601656,0.357,False
2014-01-16 15:50:00,87.58587206,0.391,False
2014-01-16 15:55:00,87.2022687,0.314,False
2014-01-16 16:00:00,88.16406707,0.844,False
2014-01-16 16:05:00,88.70022765,1.536,False
2014-01-16 16:10:00,87.25831245,0.683,False
2014-01-16 16:15:00,87.62497137,0.478,False
2014-01-16 16:20:00,88.26847543,0.215,False
2014-01-16 16:25:00,87.86521143,0.473,False
2014-01-16 16:30:00,88.33868168,0.047,False
2014-01-16 16:35:00,89.40738132,1.425,False
2014-01-16 16:40:00,88.35967444,0.229,False
2014-01-16 16:45:00,89.45521594,0.64,False
2014-01-16 16:50:00,88.06589566,1.611,False
2014-01-16 16:55:00,90.25332839,1.062,False
2014-01-16 17:00:00,89.26042472,0.221,False
2014-01-16 17:05:00,89.60368056,0.179,False
2014-01-16 17:10:00,89.42846091,0.12,False
2014-01-16 17:15:00,89.45192016,0.222,False
2014-01-16 17:20:00,89.7887824,0.09,False
2014-01-16 17:25:00,90.33196706,0.666,False
2014-01-16 17:30:00,90.23791282,0.526,False
2014-01-16 17:35:00,90.53408011,0.842,False
2014-01-16 17:40:00,90.10078236,0.346,False
2014-01-16 17:45:00,90.7112573,1.027,False
2014-01-16 17:50:00,89.73267468,0.132,False
2014-01-16 17:55:00,89.76741611,0.094,False
2014-01-16 18:00:00,89.90847836,0.071,False
2014-01-16 18:05:00,89.68744142,0.188,False
2014-01-16 18:10:00,91.95087412,2.407,False
2014-01-16 18:15:00,91.28731613,1.648,False
2014-01-16 18:20:00,90.44436181,0.671,False
2014-01-16 18:25:00,90.82501463,1.1,False
2014-01-16 18:30:00,91.26248598,1.547,False
2014-01-16 18:35:00,91.78801107,1.977,False
2014-01-16 18:40:00,90.92615021,1.021,False
2014-01-16 18:45:00,90.47932836,0.581,False
2014-01-16 18:50:00,91.79828727,1.675,False
2014-01-16 18:55:00,89.80825068,0.032,False
2014-01-16 19:00:00,91.66273136,1.457,False
2014-01-16 19:05:00,90.86750365,0.803,False
2014-01-16 19:10:00,91.13246168,1.011,False
2014-01-16 19:15:00,91.80158435,1.479,False
2014-01-16 19:20:00,91.61365063,1.265,False
2014-01-16 19:25:00,91.13845436,0.894,False
2014-01-16 19:30:00,90.68282829,0.564,False
2014-01-16 19:35:00,91.41709709,1.019,False
2014-01-16 19:40:00,89.93636888,0.057,False
2014-01-16 19:45:00,91.8718501,1.301,False
2014-01-16 19:50:00,89.88724915,0.025,False
2014-01-16 19:55:00,91.17085929,0.894,False
2014-01-16 20:00:00,91.86861253,1.398,False
2014-01-16 20:05:00,91.46441151,1.125,False
2014-01-16 20:10:00,90.49069569,0.468,False
2014-01-16 20:15:00,90.09274582,0.189,False
2014-01-16 20:20:00,90.36762689,0.356,False
2014-01-16 20:25:00,90.81827934,0.608,False
2014-01-16 20:30:00,90.96671432,0.705,False
2014-01-16 20:35:00,89.68414303,0.062,False
2014-01-16 20:40:00,88.90497623,0.505,False
2014-01-16 20:45:00,90.01560684,0.159,False
2014-01-16 20:50:00,89.46809792,0.145,False
2014-01-16 20:55:00,88.11589773,0.907,False
2014-01-16 21:00:00,89.36476941,0.216,False
2014-01-16 21:05:00,88.87874627,0.489,False
2014-01-16 21:10:00,89.10159198,0.412,False
2014-01-16 21:15:00,87.62896693,1.307,False
2014-01-16 21:20:00,87.48132876,1.459,False
2014-01-16 21:25:00,88.06738821,1.096,False
2014-01-16 21:30:00,87.6623146,1.347,False
2014-01-16 21:35:00,86.69977008,1.963,False
2014-01-16 21:40:00,87.47012909,1.522,False
2014-01-16 21:45:00,88.17203185,1.126,False
2014-01-16 21:50:00,86.53785086,2.233,False
2014-01-16 21:55:00,87.6010399,1.551,False
2014-01-16 22:00:00,87.48649815,1.658,False
2014-01-16 22:05:00,86.7671855,2.159,False
2014-01-16 22:10:00,87.47502258,1.667,False
2014-01-16 22:15:00,86.40351342,2.432,False
2014-01-16 22:20:00,88.38111229,1.064,False
2014-01-16 22:25:00,88.5636818,0.95,False
2014-01-16 22:30:00,87.15136895,1.974,False
2014-01-16 22:35:00,88.32243914,1.106,False
2014-01-16 22:40:00,88.90323133,0.692,False
2014-01-16 22:45:00,88.91872708,0.669,False
2014-01-16 22:50:00,89.11694792,0.53,False
2014-01-16 22:55:00,89.20365081,0.514,False
2014-01-16 23:00:00,89.59275098,0.246,False
2014-01-16 23:05:00,88.96637799,0.692,False
2014-01-16 23:10:00,88.86185512,0.767,False
2014-01-16 23:15:00,88.54013322,0.996,False
2014-01-16 23:20:00,90.43494538,0.349,False
2014-01-16 23:25:00,88.71837102,0.855,False
2014-01-16 23:30:00,89.85904545,0.056,False
2014-01-16 23:35:00,89.11976129,0.593,False
2014-01-16 23:40:00,90.25675458,0.086,False
2014-01-16 23:45:00,89.52798906,0.548,False
2014-01-16 23:50:00,91.95132366,1.089,False
2014-01-16 23:55:00,91.70853548,0.762,False
2014-01-17 00:00:00,90.36170303,0.387,False
2014-01-17 00:05:00,91.31884678,0.186,False
2014-01-17 00:10:00,90.79002817,0.205,False
2014-01-17 00:15:00,92.00649658,0.641,False
2014-01-17 00:20:00,91.72122804,0.426,False
2014-01-17 00:25:00,91.19369419,0.028,False
2014-01-17 00:30:00,92.06489832,0.638,False
2014-01-17 00:35:00,92.12367932,0.686,False
2014-01-17 00:40:00,91.20561446,0.015,False
2014-01-17 00:45:00,91.34633288,0.12,False
2014-01-17 00:50:00,91.18092296,0.004,False
2014-01-17 00:55:00,91.43210748,0.201,False
2014-01-17 01:00:00,91.26910781,0.07,False
2014-01-17 01:05:00,92.75107265,1.373,False
2014-01-17 01:10:00,91.03694729,0.135,False
2014-01-17 01:15:00,91.57693235,0.353,False
2014-01-17 01:20:00,91.06912493,0.107,False
2014-01-17 01:25:00,92.22683088,1.047,False
2014-01-17 01:30:00,92.27326172,1.093,False
2014-01-17 01:35:00,92.76642432,1.589,False
2014-01-17 01:40:00,92.36249301,1.183,False
2014-01-17 01:45:00,92.98794425,1.812,False
2014-01-17 01:50:00,91.09984894,0.087,False
2014-01-17 01:55:00,91.12679894,0.06,False
2014-01-17 02:00:00,92.82398096,1.905,False
2014-01-17 02:05:00,92.79793273,1.618,False
2014-01-17 02:10:00,91.92233159,0.739,False
2014-01-17 02:15:00,92.90713005,1.727,False
2014-01-17 02:20:00,91.69341431,0.59,False
2014-01-17 02:25:00,92.01897814,0.969,False
2014-01-17 02:30:00,91.56310816,0.472,False
2014-01-17 02:35:00,92.77255608,1.845,False
2014-01-17 02:40:00,92.67676539,1.755,False
2014-01-17 02:45:00,91.19117739,0.006,False
2014-01-17 02:50:00,93.08664709,2.232,False
2014-01-17 02:55:00,92.075038,1.082,False
2014-01-17 03:00:00,91.54079675,0.502,False
2014-01-17 03:05:00,92.80268773,1.984,False
2014-01-17 03:10:00,90.65808449,0.479,False
2014-01-17 03:15:00,91.30339514,0.224,False
2014-01-17 03:20:00,91.57978672,0.591,False
2014-01-17 03:25:00,91.32885708,0.498,False
2014-01-17 03:30:00,90.53003825,0.112,False
2014-01-17 03:35:00,90.61813349,0.052,False
2014-01-17 03:40:00,88.0751395,2.117,False
2014-01-17 03:45:00,89.22582895,0.422,False
2014-01-17 03:50:00,88.10714265,0.381,False
2014-01-17 03:55:00,88.132188,0.131,False
2014-01-17 04:00:00,88.50752365,0.455,False
2014-01-17 04:05:00,88.35520481,0.273,False
2014-01-17 04:10:00,86.64660409999998,1.021,False
2014-01-17 04:15:00,87.19337592,0.142,False
2014-01-17 04:20:00,86.88896569,0.11,False
2014-01-17 04:25:00,85.68802251,0.691,False
2014-01-17 04:30:00,85.51564083,0.684,False
2014-01-17 04:35:00,85.43933888,0.718,False
2014-01-17 04:40:00,84.04980489,1.921,False
2014-01-17 04:45:00,85.25842784,0.833,False
2014-01-17 04:50:00,84.16260722,1.956,False
2014-01-17 04:55:00,85.8698411,0.228,False
2014-01-17 05:00:00,85.07150836,0.98,False
2014-01-17 05:05:00,84.71888852,1.438,False
2014-01-17 05:10:00,84.58732828,1.601,False
2014-01-17 05:15:00,86.04420654,0.102,False
2014-01-17 05:20:00,86.04827135,0.271,False
2014-01-17 05:25:00,85.39929862,0.402,False
2014-01-17 05:30:00,84.01090104,2.006,False
2014-01-17 05:35:00,86.28874013,0.697,False
2014-01-17 05:40:00,84.98417426,0.834,False
2014-01-17 05:45:00,86.1754368,0.671,False
2014-01-17 05:50:00,84.03410613,1.761,False
2014-01-17 05:55:00,84.5867861,1.112,False
2014-01-17 06:00:00,85.44486079,0.074,False
2014-01-17 06:05:00,86.28487928,0.953,False
2014-01-17 06:10:00,84.58517994,1.037,False
2014-01-17 06:15:00,85.39185862,0.056,False
2014-01-17 06:20:00,84.62722695,0.966,False
2014-01-17 06:25:00,85.70116232,0.357,False
2014-01-17 06:30:00,84.90693991,0.586,False
2014-01-17 06:35:00,86.14610474,0.855,False
2014-01-17 06:40:00,85.55357604,0.172,False
2014-01-17 06:45:00,85.37425428,0.023,False
2014-01-17 06:50:00,85.50017087,0.127,False
2014-01-17 06:55:00,84.94655014,0.454,False
2014-01-17 07:00:00,86.15773805,0.845,False
2014-01-17 07:05:00,84.44096467,0.89,False
2014-01-17 07:10:00,86.12678898,0.881,False
2014-01-17 07:15:00,84.17807919,1.185,False
2014-01-17 07:20:00,84.07973375,1.195,False
2014-01-17 07:25:00,86.07219172,1.041,False
2014-01-17 07:30:00,85.76474189,0.742,False
2014-01-17 07:35:00,84.2733592,0.928,False
2014-01-17 07:40:00,85.43695665,0.398,False
2014-01-17 07:45:00,84.96552516,0.143,False
2014-01-17 07:50:00,84.51341629999997,0.677,False
2014-01-17 07:55:00,84.57044833,0.611,False
2014-01-17 08:00:00,85.27993814,0.25,False
2014-01-17 08:05:00,85.27873639,0.232,False
2014-01-17 08:10:00,86.2196341,1.387,False
2014-01-17 08:15:00,84.5240869,0.74,False
2014-01-17 08:20:00,85.73929114,0.791,False
2014-01-17 08:25:00,85.31453901,0.334,False
2014-01-17 08:30:00,84.51941763,0.628,False
2014-01-17 08:35:00,86.30972771,1.483,False
2014-01-17 08:40:00,85.41343859999998,0.469,False
2014-01-17 08:45:00,84.2505675,0.989,False
2014-01-17 08:50:00,85.73447793,0.927,False
2014-01-17 08:55:00,84.11266803,1.142,False
2014-01-17 09:00:00,85.00302371,0.047,False
2014-01-17 09:05:00,84.69921965,0.426,False
2014-01-17 09:10:00,84.89837728,0.12,False
2014-01-17 09:15:00,84.74548761,0.368,False
2014-01-17 09:20:00,85.10025072,0.133,False
2014-01-17 09:25:00,85.69626106,0.91,False
2014-01-17 09:30:00,84.32788612,0.839,False
2014-01-17 09:35:00,86.2400719,1.583,False
2014-01-17 09:40:00,85.98293725,1.313,False
2014-01-17 09:45:00,84.63906291,0.397,False
2014-01-17 09:50:00,85.74749265,0.956,False
2014-01-17 09:55:00,84.43498969,0.63,False
2014-01-17 10:00:00,85.07529234,0.152,False
2014-01-17 10:05:00,84.38977979,0.672,False
2014-01-17 10:10:00,84.83824770000003,0.132,False
2014-01-17 10:15:00,84.66282847,0.305,False
2014-01-17 10:20:00,85.12732414,0.221,False
2014-01-17 10:25:00,85.16450311,0.27,False
2014-01-17 10:30:00,84.08925817,1.06,False
2014-01-17 10:35:00,85.7151397,0.992,False
2014-01-17 10:40:00,84.56287283,0.473,False
2014-01-17 10:45:00,84.48366122,0.544,False
2014-01-17 10:50:00,84.98485055,0.148,False
2014-01-17 10:55:00,85.47090411,0.764,False
2014-01-17 11:00:00,85.13752703,0.278,False
2014-01-17 11:05:00,85.27639437,0.505,False
2014-01-17 11:10:00,83.89505341,1.188,False
2014-01-17 11:15:00,83.76760564,1.289,False
2014-01-17 11:20:00,84.45101674,0.46,False
2014-01-17 11:25:00,85.57061257,0.974,False
2014-01-17 11:30:00,85.23833343,0.588,False
2014-01-17 11:35:00,84.46031614,0.384,False
2014-01-17 11:40:00,83.6158006,1.407,False
2014-01-17 11:45:00,84.12629862,0.734,False
2014-01-17 11:50:00,84.80843057,0.125,False
2014-01-17 11:55:00,85.5016304,1.001,False
2014-01-17 12:00:00,85.782961,1.38,False
2014-01-17 12:05:00,83.50974999,1.48,False
2014-01-17 12:10:00,85.47658532,1.043,False
2014-01-17 12:15:00,84.61932307,0.023,False
2014-01-17 12:20:00,84.92712716,0.366,False
2014-01-17 12:25:00,84.3181967,0.386,False
2014-01-17 12:30:00,83.67385263,1.159,False
2014-01-17 12:35:00,84.97407898,0.484,False
2014-01-17 12:40:00,83.81104634,0.961,False
2014-01-17 12:45:00,85.25171977,0.907,False
2014-01-17 12:50:00,85.05233071,0.685,False
2014-01-17 12:55:00,83.52209957,1.221,False
2014-01-17 13:00:00,85.02070675,0.723,False
2014-01-17 13:05:00,84.42200458,0.043,False
2014-01-17 13:10:00,83.88002457,0.758,False
2014-01-17 13:15:00,85.49286981,1.373,False
2014-01-17 13:20:00,84.00699521,0.56,False
2014-01-17 13:25:00,85.39085059,1.176,False
2014-01-17 13:30:00,83.31456591,1.398,False
2014-01-17 13:35:00,84.9438645,0.618,False
2014-01-17 13:40:00,83.95601245,0.611,False
2014-01-17 13:45:00,84.16252942,0.337,False
2014-01-17 13:50:00,83.52096149,1.07,False
2014-01-17 13:55:00,85.33639229,1.14,False
2014-01-17 14:00:00,84.71949505,0.412,False
2014-01-17 14:05:00,85.25205026,1.039,False
2014-01-17 14:10:00,83.55523427,0.997,False
2014-01-17 14:15:00,84.02074525,0.441,False
2014-01-17 14:20:00,84.7967553,0.45,False
2014-01-17 14:25:00,83.90431903,0.634,False
2014-01-17 14:30:00,83.66000102,0.956,False
2014-01-17 14:35:00,84.55523169,0.147,False
2014-01-17 14:40:00,84.17059566,0.254,False
2014-01-17 14:45:00,83.01247491,1.654,False
2014-01-17 14:50:00,84.98458395,0.647,False
2014-01-17 14:55:00,84.53623883,0.109,False
2014-01-17 15:00:00,83.14609256,1.607,False
2014-01-17 15:05:00,84.44385842,0.002,False
2014-01-17 15:10:00,84.63647432,0.238,False
2014-01-17 15:15:00,84.73022562,0.356,False
2014-01-17 15:20:00,82.81273533,2.049,False
2014-01-17 15:25:00,84.44879617,0.001,False
2014-01-17 15:30:00,82.98973622,1.863,False
2014-01-17 15:35:00,84.20143470000002,0.407,False
2014-01-17 15:40:00,83.47246824,1.321,False
2014-01-17 15:45:00,83.10780907,1.819,False
2014-01-17 15:50:00,84.44743242,0.129,False
2014-01-17 15:55:00,84.30686147,0.314,False
2014-01-17 16:00:00,83.52317756,1.38,False
2014-01-17 16:05:00,84.24430827,0.445,False
2014-01-17 16:10:00,84.35026088,0.327,False
2014-01-17 16:15:00,85.28029079,0.894,False
2014-01-17 16:20:00,83.60449559999998,1.394,False
2014-01-17 16:25:00,83.50275929,1.579,False
2014-01-17 16:30:00,84.60857215,0.075,False
2014-01-17 16:35:00,83.52088649,1.622,False
2014-01-17 16:40:00,84.3188257,0.531,False
2014-01-17 16:45:00,83.88617054,1.143,False
2014-01-17 16:50:00,85.54230906,1.062,False
2014-01-17 16:55:00,85.14668774,0.38,False
2014-01-17 17:00:00,85.81034157,1.284,False
2014-01-17 17:05:00,85.39703331,0.58,False
2014-01-17 17:10:00,84.35508026,0.809,False
2014-01-17 17:15:00,84.93940242,0.157,False
2014-01-17 17:20:00,86.02754909,1.148,False
2014-01-17 17:25:00,85.65915240000002,0.575,False
2014-01-17 17:30:00,84.69117951,0.834,False
2014-01-17 17:35:00,84.32552372,1.399,False
2014-01-17 17:40:00,84.58861142,1.114,False
2014-01-17 17:45:00,85.1296061,0.49,False
2014-01-17 17:50:00,85.92792708,0.446,False
2014-01-17 17:55:00,85.95338064,0.298,False
2014-01-17 18:00:00,86.33895838,0.661,False
2014-01-17 18:05:00,85.87462944,0.036,False
2014-01-17 18:10:00,84.51688566,1.897,False
2014-01-17 18:15:00,85.45281659,0.688,False
2014-01-17 18:20:00,85.35371466,0.963,False
2014-01-17 18:25:00,86.62461739,0.465,False
2014-01-17 18:30:00,86.8686446,0.598,False
2014-01-17 18:35:00,86.62002377,0.113,False
2014-01-17 18:40:00,86.18425158,0.533,False
2014-01-17 18:45:00,86.43859311,0.375,False
2014-01-17 18:50:00,88.46702759,1.676,False
2014-01-17 18:55:00,88.59500581,1.255,False
2014-01-17 19:00:00,87.81612213,0.175,False
2014-01-17 19:05:00,87.31047386,1.087,False
2014-01-17 19:10:00,88.10313391,0.342,False
2014-01-17 19:15:00,88.61358641,0.18,False
2014-01-17 19:20:00,89.90391835,1.711,False
2014-01-17 19:25:00,89.74352097,1.458,False
2014-01-17 19:30:00,88.46360336,0.308,False
2014-01-17 19:35:00,88.30443152,0.631,False
2014-01-17 19:40:00,90.03593689,1.531,False
2014-01-17 19:45:00,88.79452267,0.275,False
2014-01-17 19:50:00,90.54727178,1.9,False
2014-01-17 19:55:00,89.92491939,0.837,False
2014-01-17 20:00:00,89.92345848,0.661,False
2014-01-17 20:05:00,88.80070404,0.827,False
2014-01-17 20:10:00,90.73452476,1.561,False
2014-01-17 20:15:00,90.18009861,0.893,False
2014-01-17 20:20:00,89.58127509,0.088,False
2014-01-17 20:25:00,89.50588647,0.058,False
2014-01-17 20:30:00,90.62774666,1.33,False
2014-01-17 20:35:00,89.3796508,0.273,False
2014-01-17 20:40:00,89.45849176,0.24,False
2014-01-17 20:45:00,89.68787897,0.01,False
2014-01-17 20:50:00,90.23998457,0.697,False
2014-01-17 20:55:00,88.97327973,0.9,False
2014-01-17 21:00:00,90.40912948,0.835,False
2014-01-17 21:05:00,90.18384564,0.561,False
2014-01-17 21:10:00,90.7266159,1.221,False
2014-01-17 21:15:00,89.70289337,0.025,False
2014-01-17 21:20:00,89.02847839,0.845,False
2014-01-17 21:25:00,90.61240862,1.082,False
2014-01-17 21:30:00,91.16123464,1.684,False
2014-01-17 21:35:00,89.21322090000002,0.686,False
2014-01-17 21:40:00,90.54705812,0.886,False
2014-01-17 21:45:00,90.50053189,0.829,False
2014-01-17 21:50:00,89.95046407,0.135,False
2014-01-17 21:55:00,89.51886331,0.354,False
2014-01-17 22:00:00,91.56630663,2.111,False
2014-01-17 22:05:00,89.43512589,0.482,False
2014-01-17 22:10:00,89.84453821,0.016,False
2014-01-17 22:15:00,89.83556532,0.005,False
2014-01-17 22:20:00,89.95206939,0.136,False
2014-01-17 22:25:00,91.5910395,2.156,False
2014-01-17 22:30:00,89.59603427,0.271,False
2014-01-17 22:35:00,90.15711973,0.382,False
2014-01-17 22:40:00,90.04607405,0.257,False
2014-01-17 22:45:00,91.23954778,1.677,False
2014-01-17 22:50:00,91.18226898,1.511,False
2014-01-17 22:55:00,91.1175897,1.507,False
2014-01-17 23:00:00,90.72995424,1.11,False
2014-01-17 23:05:00,91.62151518,2.006,False
2014-01-17 23:10:00,89.33447818,0.309,False
2014-01-17 23:15:00,90.15182085,0.525,False
2014-01-17 23:20:00,89.81081507,0.203,False
2014-01-17 23:25:00,90.47931878,0.859,False
2014-01-17 23:30:00,89.45725474,0.152,False
2014-01-17 23:35:00,90.53970423,0.931,False
2014-01-17 23:40:00,90.82184952,1.198,False
2014-01-17 23:45:00,88.95144492,0.63,False
2014-01-17 23:50:00,88.82690661,0.732,False
2014-01-17 23:55:00,91.06207386,1.364,False
2014-01-18 00:00:00,89.64828833,0.034,False
2014-01-18 00:05:00,89.62634118,0.014,False
2014-01-18 00:10:00,88.61914589,0.888,False
2014-01-18 00:15:00,89.18125138,0.385,False
2014-01-18 00:20:00,88.71520603,0.782,False
2014-01-18 00:25:00,89.87721712,0.207,False
2014-01-18 00:30:00,89.20275490000002,0.372,False
2014-01-18 00:35:00,89.8273792,0.164,False
2014-01-18 00:40:00,89.37550163,0.221,False
2014-01-18 00:45:00,90.32938153,0.522,False
2014-01-18 00:50:00,88.20506685,1.06,False
2014-01-18 00:55:00,89.25050162,0.284,False
2014-01-18 01:00:00,89.26102042,0.326,False
2014-01-18 01:05:00,88.95243794,0.542,False
2014-01-18 01:10:00,88.51003566,0.86,False
2014-01-18 01:15:00,89.64585287,0.109,False
2014-01-18 01:20:00,89.51170859999998,0.18,False
2014-01-18 01:25:00,88.10926033,0.939,False
2014-01-18 01:30:00,87.88175634,1.071,False
2014-01-18 01:35:00,89.59570688,0.119,False
2014-01-18 01:40:00,88.04219991,0.898,False
2014-01-18 01:45:00,88.91454343,0.39,False
2014-01-18 01:50:00,88.8971927,0.428,False
2014-01-18 01:55:00,88.26028253,0.82,False
2014-01-18 02:00:00,87.83463589,1.064,False
2014-01-18 02:05:00,87.51110282,1.222,False
2014-01-18 02:10:00,88.82339079,0.4,False
2014-01-18 02:15:00,86.85284664,1.66,False
2014-01-18 02:20:00,87.25703796,1.375,False
2014-01-18 02:25:00,87.84307253,0.913,False
2014-01-18 02:30:00,88.316245,0.582,False
2014-01-18 02:35:00,88.43354667,0.491,False
2014-01-18 02:40:00,89.44150533,0.154,False
2014-01-18 02:45:00,90.2570109,0.667,False
2014-01-18 02:50:00,90.86502092,1.023,False
2014-01-18 02:55:00,90.65685294,0.838,False
2014-01-18 03:00:00,92.33858695,1.856,False
2014-01-18 03:05:00,90.8345478,0.999,False
2014-01-18 03:10:00,92.61601267,1.905,False
2014-01-18 03:15:00,92.22652042,1.679,False
2014-01-18 03:20:00,92.31906278,1.748,False
2014-01-18 03:25:00,92.24737878,1.636,False
2014-01-18 03:30:00,92.33240768,1.724,False
2014-01-18 03:35:00,92.83611977,2.001,False
2014-01-18 03:40:00,93.70949341,2.393,False
2014-01-18 03:45:00,92.87070679,1.98,False
2014-01-18 03:50:00,91.46041435,1.339,False
2014-01-18 03:55:00,92.08869859,1.58,False
2014-01-18 04:00:00,91.47010694,1.285,False
2014-01-18 04:05:00,91.62406494,1.334,False
2014-01-18 04:10:00,91.02269813,1.103,False
2014-01-18 04:15:00,90.09192938,0.733,False
2014-01-18 04:20:00,89.17673122,0.418,False
2014-01-18 04:25:00,89.99384473,0.772,False
2014-01-18 04:30:00,89.96993574,0.801,False
2014-01-18 04:35:00,88.32268859,0.184,False
2014-01-18 04:40:00,88.38494990000002,0.244,False
2014-01-18 04:45:00,87.64946919,0.025,False
2014-01-18 04:50:00,88.50650109,0.41,False
2014-01-18 04:55:00,88.2152609,0.377,False
2014-01-18 05:00:00,86.55557420000002,0.167,False
2014-01-18 05:05:00,87.10877893,0.082,False
2014-01-18 05:10:00,86.91835919,0.038,False
2014-01-18 05:15:00,86.78475795,0.044,False
2014-01-18 05:20:00,85.02126116,0.529,False
2014-01-18 05:25:00,86.12272234,0.089,False
2014-01-18 05:30:00,85.49365772,0.1,False
2014-01-18 05:35:00,85.66798056,0.029,False
2014-01-18 05:40:00,84.17370084,0.606,False
2014-01-18 05:45:00,84.42349856,0.486,False
2014-01-18 05:50:00,84.11868659,0.579,False
2014-01-18 05:55:00,83.85040234,0.669,False
2014-01-18 06:00:00,83.36804434,0.829,False
2014-01-18 06:05:00,83.52761055,0.772,False
2014-01-18 06:10:00,83.66199921,0.718,False
2014-01-18 06:15:00,84.44701059,0.439,False
2014-01-18 06:20:00,83.57584042,0.762,False
2014-01-18 06:25:00,84.19113998,0.529,False
2014-01-18 06:30:00,83.63147794,0.737,False
2014-01-18 06:35:00,83.12871479,0.945,False
2014-01-18 06:40:00,82.43263371,1.25,False
2014-01-18 06:45:00,83.14680688,0.958,False
2014-01-18 06:50:00,82.91026623,1.055,False
2014-01-18 06:55:00,83.64232706,0.757,False
2014-01-18 07:00:00,81.47754563,1.62,False
2014-01-18 07:05:00,82.66725763,1.058,False
2014-01-18 07:10:00,82.97221787,0.929,False
2014-01-18 07:15:00,84.00796428,0.433,False
2014-01-18 07:20:00,83.33615446,0.726,False
2014-01-18 07:25:00,83.94596022,0.445,False
2014-01-18 07:30:00,82.59513570000001,1.01,False
2014-01-18 07:35:00,84.88591882,0.003,False
2014-01-18 07:40:00,82.68821103,0.97,False
2014-01-18 07:45:00,83.48790475,0.542,False
2014-01-18 07:50:00,83.50353231,0.447,False
2014-01-18 07:55:00,84.36555098,0.031,False
2014-01-18 08:00:00,83.96253308,0.193,False
2014-01-18 08:05:00,85.51199531,0.551,False
2014-01-18 08:10:00,84.87397482,0.305,False
2014-01-18 08:15:00,85.65396326,0.658,False
2014-01-18 08:20:00,85.69257059999998,0.691,False
2014-01-18 08:25:00,85.79015516,0.747,False
2014-01-18 08:30:00,86.48466746,1.082,False
2014-01-18 08:35:00,85.80816839,0.807,False
2014-01-18 08:40:00,84.94481925,0.431,False
2014-01-18 08:45:00,86.01336440000001,0.954,False
2014-01-18 08:50:00,86.94758538,1.391,False
2014-01-18 08:55:00,86.08223332,1.007,False
2014-01-18 09:00:00,87.5564127,1.783,False
2014-01-18 09:05:00,86.72075681,1.474,False
2014-01-18 09:10:00,86.77901286,1.505,False
2014-01-18 09:15:00,85.57944754,0.892,False
2014-01-18 09:20:00,85.55536066,0.902,False
2014-01-18 09:25:00,85.90327698,1.093,False
2014-01-18 09:30:00,85.3298108,0.853,False
2014-01-18 09:35:00,84.55933934,0.43,False
2014-01-18 09:40:00,84.84296755,0.585,False
2014-01-18 09:45:00,86.16758096,1.312,False
2014-01-18 09:50:00,85.93371935,1.184,False
2014-01-18 09:55:00,83.67662854,0.055,False
2014-01-18 10:00:00,85.00212851,0.673,False
2014-01-18 10:05:00,85.45187764,0.92,False
2014-01-18 10:10:00,83.36733215,0.224,False
2014-01-18 10:15:00,85.08014935,0.716,False
2014-01-18 10:20:00,83.95385525,0.193,False
2014-01-18 10:25:00,83.99746632,0.217,False
2014-01-18 10:30:00,83.95124318,0.224,False
2014-01-18 10:35:00,84.19375857,0.344,False
2014-01-18 10:40:00,83.87576123,0.187,False
2014-01-18 10:45:00,84.11877266,0.3,False
2014-01-18 10:50:00,83.45926905,0.021,False
2014-01-18 10:55:00,81.93235698,0.635,False
2014-01-18 11:00:00,82.53594524,0.18,False
2014-01-18 11:05:00,83.36446852,0.354,False
2014-01-18 11:10:00,81.60817956,0.339,False
2014-01-18 11:15:00,82.10447404,0.048,False
2014-01-18 11:20:00,81.21783765,0.323,False
2014-01-18 11:25:00,82.52042914,0.242,False
2014-01-18 11:30:00,80.75559997,0.383,False
2014-01-18 11:35:00,82.34124954,0.205,False
2014-01-18 11:40:00,81.80968005,0.049,False
2014-01-18 11:45:00,80.19245752,0.407,False
2014-01-18 11:50:00,81.71784288,0.189,False
2014-01-18 11:55:00,81.85732515,0.352,False
2014-01-18 12:00:00,81.17185924,0.223,False
2014-01-18 12:05:00,79.12661671,0.617,False
2014-01-18 12:10:00,79.90427271,0.305,False
2014-01-18 12:15:00,79.50436224,0.495,False
2014-01-18 12:20:00,77.97308426,1.22,False
2014-01-18 12:25:00,76.93213821,1.819,False
2014-01-18 12:30:00,76.59074411,2.15,False
2014-01-18 12:35:00,75.48021184,2.836,False
2014-01-18 12:40:00,74.86824834,3.174,False
2014-01-18 12:45:00,74.2829394,3.496,False
2014-01-18 12:50:00,73.70164938,3.861,False
2014-01-18 12:55:00,73.43263699,4.186,False
2014-01-18 13:00:00,74.40004166,3.623,False
2014-01-18 13:05:00,73.82876727,4.172,False
2014-01-18 13:10:00,72.21453603,5.489,False
2014-01-18 13:15:00,71.70537164,5.821,False
2014-01-18 13:20:00,71.87592994,5.968,False
2014-01-18 13:25:00,72.21484573,5.737,False
2014-01-18 13:30:00,73.66054305,4.75,False
2014-01-18 13:35:00,75.19738539,3.702,False
2014-01-18 13:40:00,77.63993827,2.036,False
2014-01-18 13:45:00,74.6505829,4.009,False
2014-01-18 13:50:00,74.95163128,3.807,False
2014-01-18 13:55:00,75.25359108,3.604,False
2014-01-18 14:00:00,74.48929818,4.185,False
2014-01-18 14:05:00,72.19186536,5.752,False
2014-01-18 14:10:00,72.77284144,5.356,False
2014-01-18 14:15:00,75.22694271,3.682,False
2014-01-18 14:20:00,75.90007382,3.223,False
2014-01-18 14:25:00,76.79830937,2.61,False
2014-01-18 14:30:00,77.16512011,2.359,False
2014-01-18 14:35:00,77.31857963,2.439,False
2014-01-18 14:40:00,79.08719508,1.211,False
2014-01-18 14:45:00,79.63396352,0.817,False
2014-01-18 14:50:00,80.40772627,0.663,False
2014-01-18 14:55:00,80.4917618,0.604,False
2014-01-18 15:00:00,81.55303753,0.132,False
2014-01-18 15:05:00,81.84099224,0.152,False
2014-01-18 15:10:00,81.6833392,0.055,False
2014-01-18 15:15:00,82.47044502,0.364,False
2014-01-18 15:20:00,82.05008002,0.027,False
2014-01-18 15:25:00,82.12790558,0.069,False
2014-01-18 15:30:00,83.38389709,0.746,False
2014-01-18 15:35:00,82.31960597,0.392,False
2014-01-18 15:40:00,83.1326324,0.102,False
2014-01-18 15:45:00,84.11721189,0.424,False
2014-01-18 15:50:00,84.23010543,0.265,False
2014-01-18 15:55:00,84.9618776,0.862,False
2014-01-18 16:00:00,83.88769944,0.269,False
2014-01-18 16:05:00,83.9708247,0.617,False
2014-01-18 16:10:00,85.45673016,0.269,False
2014-01-18 16:15:00,86.42101174,0.979,False
2014-01-18 16:20:00,86.21295781,0.664,False
2014-01-18 16:25:00,85.62871882,0.289,False
2014-01-18 16:30:00,86.43776056,0.187,False
2014-01-18 16:35:00,87.14193354,0.782,False
2014-01-18 16:40:00,85.40834607,1.012,False
2014-01-18 16:45:00,86.28476433,0.345,False
2014-01-18 16:50:00,87.40850768,0.419,False
2014-01-18 16:55:00,87.46144047,0.185,False
2014-01-18 17:00:00,86.82892401,0.601,False
2014-01-18 17:05:00,88.17418225,0.495,False
2014-01-18 17:10:00,87.88754435,0.142,False
2014-01-18 17:15:00,88.53233341,0.312,False
2014-01-18 17:20:00,89.02640469,0.7,False
2014-01-18 17:25:00,88.43861125,0.049,False
2014-01-18 17:30:00,89.39249432,0.668,False
2014-01-18 17:35:00,89.91837190000004,0.807,False
2014-01-18 17:40:00,88.27053455,1.204,False
2014-01-18 17:45:00,89.32827014,0.102,False
2014-01-18 17:50:00,89.44767676,0.166,False
2014-01-18 17:55:00,90.21402865,0.451,False
2014-01-18 18:00:00,91.47078765,1.916,False
2014-01-18 18:05:00,89.73379355,0.406,False
2014-01-18 18:10:00,89.95973917,0.292,False
2014-01-18 18:15:00,91.67202988,1.602,False
2014-01-18 18:20:00,90.24761928,0.138,False
2014-01-18 18:25:00,90.20682581,0.676,False
2014-01-18 18:30:00,90.49553955,0.773,False
2014-01-18 18:35:00,92.43424336,1.194,False
2014-01-18 18:40:00,91.24786926,0.123,False
2014-01-18 18:45:00,92.42833673,1.181,False
2014-01-18 18:50:00,91.485597,0.139,False
2014-01-18 18:55:00,92.96982831,1.751,False
2014-01-18 19:00:00,91.78431041,0.467,False
2014-01-18 19:05:00,92.04884093,0.75,False
2014-01-18 19:10:00,92.36431086,1.072,False
2014-01-18 19:15:00,93.13257741,1.812,False
2014-01-18 19:20:00,93.72474861,2.523,False
2014-01-18 19:25:00,93.63524934,2.427,False
2014-01-18 19:30:00,92.59854106,1.317,False
2014-01-18 19:35:00,92.74284556,1.408,False
2014-01-18 19:40:00,93.48192872,2.162,False
2014-01-18 19:45:00,92.58432688,1.246,False
2014-01-18 19:50:00,93.20916325,1.828,False
2014-01-18 19:55:00,93.51049206,2.091,False
2014-01-18 20:00:00,92.89636105,1.442,False
2014-01-18 20:05:00,93.78615245,2.279,False
2014-01-18 20:10:00,91.74588691,0.348,False
2014-01-18 20:15:00,91.7499911,0.349,False
2014-01-18 20:20:00,92.15734087,0.694,False
2014-01-18 20:25:00,91.91788964,0.471,False
2014-01-18 20:30:00,93.19085732,1.517,False
2014-01-18 20:35:00,91.13391175,0.183,False
2014-01-18 20:40:00,91.70309208,0.247,False
2014-01-18 20:45:00,91.61521895,0.2,False
2014-01-18 20:50:00,92.81165661,1.053,False
2014-01-18 20:55:00,91.8027306,0.297,False
2014-01-18 21:00:00,92.19518668,0.562,False
2014-01-18 21:05:00,91.63316448,0.277,False
2014-01-18 21:10:00,92.11739443,0.629,False
2014-01-18 21:15:00,91.65090991,0.269,False
2014-01-18 21:20:00,91.52530595,0.206,False
2014-01-18 21:25:00,91.7787041,0.384,False
2014-01-18 21:30:00,91.84858763,0.433,False
2014-01-18 21:35:00,90.02799201,0.848,False
2014-01-18 21:40:00,91.21869031,0.032,False
2014-01-18 21:45:00,89.94766504,0.865,False
2014-01-18 21:50:00,90.52673373,0.457,False
2014-01-18 21:55:00,90.90368464,0.184,False
2014-01-18 22:00:00,90.05158496,0.761,False
2014-01-18 22:05:00,89.9911059,0.751,False
2014-01-18 22:10:00,89.78685617,0.828,False
2014-01-18 22:15:00,90.76366428,0.239,False
2014-01-18 22:20:00,90.03678487,0.661,False
2014-01-18 22:25:00,91.25739074,0.047,False
2014-01-18 22:30:00,89.65267143,0.884,False
2014-01-18 22:35:00,90.3839117,0.46,False
2014-01-18 22:40:00,89.96005683,0.706,False
2014-01-18 22:45:00,90.18741859,0.574,False
2014-01-18 22:50:00,89.14537296,1.116,False
2014-01-18 22:55:00,90.22885068,0.44,False
2014-01-18 23:00:00,90.75256585,0.128,False
2014-01-18 23:05:00,90.13085049,0.477,False
2014-01-18 23:10:00,89.24526283,1.029,False
2014-01-18 23:15:00,89.51512295,0.827,False
2014-01-18 23:20:00,89.54571856,0.775,False
2014-01-18 23:25:00,88.46650583,1.457,False
2014-01-18 23:30:00,88.78874963,1.152,False
2014-01-18 23:35:00,89.07027158,0.945,False
2014-01-18 23:40:00,89.87268651,0.416,False
2014-01-18 23:45:00,89.03774369,0.823,False
2014-01-18 23:50:00,88.40812365,1.071,False
2014-01-18 23:55:00,89.58571498,0.351,False
2014-01-19 00:00:00,89.76545346,0.22,False
2014-01-19 00:05:00,89.75997831,0.185,False
2014-01-19 00:10:00,88.4578365,0.885,False
2014-01-19 00:15:00,89.10437275,0.518,False
2014-01-19 00:20:00,90.669701,0.355,False
2014-01-19 00:25:00,90.61543494,0.337,False
2014-01-19 00:30:00,90.85518274,0.489,False
2014-01-19 00:35:00,90.73997028,0.423,False
2014-01-19 00:40:00,91.46876109,0.825,False
2014-01-19 00:45:00,91.31891126,0.74,False
2014-01-19 00:50:00,92.48372401,1.364,False
2014-01-19 00:55:00,92.00464888,1.068,False
2014-01-19 01:00:00,91.46123217,0.74,False
2014-01-19 01:05:00,91.89147299,0.927,False
2014-01-19 01:10:00,92.91777581,1.373,False
2014-01-19 01:15:00,93.90138328,1.795,False
2014-01-19 01:20:00,92.22719237,1.028,False
2014-01-19 01:25:00,91.93348229,0.851,False
2014-01-19 01:30:00,93.24886169,1.536,False
2014-01-19 01:35:00,92.87270938,1.375,False
2014-01-19 01:40:00,91.70249198,0.869,False
2014-01-19 01:45:00,90.85432455,0.482,False
2014-01-19 01:50:00,91.03028372,0.594,False
2014-01-19 01:55:00,91.4444661,0.811,False
2014-01-19 02:00:00,89.38931162,0.182,False
2014-01-19 02:05:00,88.55385394,0.544,False
2014-01-19 02:10:00,89.29190111,0.133,False
2014-01-19 02:15:00,89.44689039,0.098,False
2014-01-19 02:20:00,88.71498976,0.453,False
2014-01-19 02:25:00,87.05367606,1.261,False
2014-01-19 02:30:00,87.56934108,1.01,False
2014-01-19 02:35:00,86.63957853,1.525,False
2014-01-19 02:40:00,87.73272383,1.014,False
2014-01-19 02:45:00,87.12131493,1.304,False
2014-01-19 02:50:00,86.3161824,1.723,False
2014-01-19 02:55:00,87.22562136,1.282,False
2014-01-19 03:00:00,88.52686592,0.608,False
2014-01-19 03:05:00,89.1467384,0.296,False
2014-01-19 03:10:00,89.50652938,0.128,False
2014-01-19 03:15:00,90.27086695,0.224,False
2014-01-19 03:20:00,88.61211764,0.624,False
2014-01-19 03:25:00,89.1473961,0.313,False
2014-01-19 03:30:00,91.03478432,0.713,False
2014-01-19 03:35:00,91.30256368,0.85,False
2014-01-19 03:40:00,92.03381327,1.224,False
2014-01-19 03:45:00,90.56862722,0.496,False
2014-01-19 03:50:00,92.53769917,1.601,False
2014-01-19 03:55:00,91.30175858,0.924,False
2014-01-19 04:00:00,91.60363475,1.103,False
2014-01-19 04:05:00,91.41174359,1.032,False
2014-01-19 04:10:00,91.83092359,1.386,False
2014-01-19 04:15:00,89.85380545,0.144,False
2014-01-19 04:20:00,91.01689658,0.946,False
2014-01-19 04:25:00,89.40035909999996,0.166,False
2014-01-19 04:30:00,88.66580177,0.692,False
2014-01-19 04:35:00,88.30780451,0.946,False
2014-01-19 04:40:00,88.33212811,0.948,False
2014-01-19 04:45:00,89.07542119,0.427,False
2014-01-19 04:50:00,89.32707515,0.25,False
2014-01-19 04:55:00,88.23155691,1.128,False
2014-01-19 05:00:00,88.28119759999998,1.118,False
2014-01-19 05:05:00,89.39945865,0.247,False
2014-01-19 05:10:00,89.70644703,0.045,False
2014-01-19 05:15:00,88.13490963,1.382,False
2014-01-19 05:20:00,89.26325262,0.461,False
2014-01-19 05:25:00,88.20385674,1.341,False
2014-01-19 05:30:00,89.81307154,0.025,False
2014-01-19 05:35:00,90.21746703,0.3,False
2014-01-19 05:40:00,88.88661426,0.81,False
2014-01-19 05:45:00,89.57238872,0.275,False
2014-01-19 05:50:00,89.29165964,0.582,False
2014-01-19 05:55:00,88.49607297,1.413,False
2014-01-19 06:00:00,90.55669765,0.397,False
2014-01-19 06:05:00,90.50427453,0.361,False
2014-01-19 06:10:00,90.0707403,0.072,False
2014-01-19 06:15:00,89.21904285,0.961,False
2014-01-19 06:20:00,89.42664776,0.741,False
2014-01-19 06:25:00,89.43002054,0.761,False
2014-01-19 06:30:00,91.02915784,0.704,False
2014-01-19 06:35:00,90.331657,0.044,False
2014-01-19 06:40:00,89.99616569,0.283,False
2014-01-19 06:45:00,90.55490727,0.264,False
2014-01-19 06:50:00,90.63985065,0.355,False
2014-01-19 06:55:00,91.48245523,1.26,False
2014-01-19 07:00:00,91.08500158,0.976,False
2014-01-19 07:05:00,89.83209728,0.46,False
2014-01-19 07:10:00,90.43019234,0.225,False
2014-01-19 07:15:00,89.83342075,0.458,False
2014-01-19 07:20:00,89.92193116,0.383,False
2014-01-19 07:25:00,89.85307993,0.436,False
2014-01-19 07:30:00,91.36526382,1.137,False
2014-01-19 07:35:00,89.81376329999998,0.567,False
2014-01-19 07:40:00,90.32199036,0.006,False
2014-01-19 07:45:00,91.17061252,0.999,False
2014-01-19 07:50:00,91.95787736,1.873,False
2014-01-19 07:55:00,89.70964167,0.784,False
2014-01-19 08:00:00,91.49621506,1.282,False
2014-01-19 08:05:00,90.50636731,0.067,False
2014-01-19 08:10:00,91.17318035,0.838,False
2014-01-19 08:15:00,90.48053045,0.037,False
2014-01-19 08:20:00,91.92983409,1.713,False
2014-01-19 08:25:00,91.83347868,1.61,False
2014-01-19 08:30:00,91.4632965,1.179,False
2014-01-19 08:35:00,89.83520032,0.713,False
2014-01-19 08:40:00,90.90244438,0.527,False
2014-01-19 08:45:00,91.61132609,1.351,False
2014-01-19 08:50:00,90.92910922,0.531,False
2014-01-19 08:55:00,90.2493097,0.22,False
2014-01-19 09:00:00,90.0378427,0.482,False
2014-01-19 09:05:00,89.74886723,0.742,False
2014-01-19 09:10:00,91.68572613,1.376,False
2014-01-19 09:15:00,91.35835861,0.979,False
2014-01-19 09:20:00,90.04492265,0.364,False
2014-01-19 09:25:00,90.46714044,0.084,False
2014-01-19 09:30:00,91.97862557,1.759,False
2014-01-19 09:35:00,90.75425061,0.46,False
2014-01-19 09:40:00,91.75952144,1.511,False
2014-01-19 09:45:00,90.34552628,0.012,False
2014-01-19 09:50:00,90.52220288,0.239,False
2014-01-19 09:55:00,90.20191957,0.029,False
2014-01-19 10:00:00,91.63284123,1.512,False
2014-01-19 10:05:00,91.37959366,1.295,False
2014-01-19 10:10:00,91.90294189,1.85,False
2014-01-19 10:15:00,91.65376159,1.556,False
2014-01-19 10:20:00,90.03555872,0.077,False
2014-01-19 10:25:00,91.17078612,1.068,False
2014-01-19 10:30:00,90.76482746,0.594,False
2014-01-19 10:35:00,90.10878009,0.003,False
2014-01-19 10:40:00,90.58917134,0.467,False
2014-01-19 10:45:00,89.39683595,0.682,False
2014-01-19 10:50:00,90.65055608,0.542,False
2014-01-19 10:55:00,88.93723069,1.141,False
2014-01-19 11:00:00,90.83709511,0.805,False
2014-01-19 11:05:00,90.21197088,0.151,False
2014-01-19 11:10:00,90.00897039,0.041,False
2014-01-19 11:15:00,89.16804647,0.948,False
2014-01-19 11:20:00,90.08441135,0.052,False
2014-01-19 11:25:00,88.47540112,1.71,False
2014-01-19 11:30:00,89.94592116,0.084,False
2014-01-19 11:35:00,90.11457856,0.153,False
2014-01-19 11:40:00,88.31135927,1.905,False
2014-01-19 11:45:00,88.22473488,1.951,False
2014-01-19 11:50:00,88.59001512,1.497,False
2014-01-19 11:55:00,90.53897506,0.74,False
2014-01-19 12:00:00,89.01405678,0.964,False
2014-01-19 12:05:00,89.42626738,0.468,False
2014-01-19 12:10:00,88.20686312,1.825,False
2014-01-19 12:15:00,90.05138008,0.269,False
2014-01-19 12:20:00,88.91318417,1.003,False
2014-01-19 12:25:00,89.28216232,0.505,False
2014-01-19 12:30:00,88.23879699999998,1.597,False
2014-01-19 12:35:00,88.35796652,1.42,False
2014-01-19 12:40:00,89.00477972,0.637,False
2014-01-19 12:45:00,88.31409087,1.418,False
2014-01-19 12:50:00,89.77133939,0.31,False
2014-01-19 12:55:00,89.09909244,0.441,False
2014-01-19 13:00:00,88.20448573,1.437,False
2014-01-19 13:05:00,89.31075812,0.112,False
2014-01-19 13:10:00,88.55307407,0.937,False
2014-01-19 13:15:00,89.39251858,0.002,False
2014-01-19 13:20:00,88.76501867,0.707,False
2014-01-19 13:25:00,90.22636315,0.936,False
2014-01-19 13:30:00,88.58938957,0.895,False
2014-01-19 13:35:00,89.66646884,0.361,False
2014-01-19 13:40:00,90.1172094,0.867,False
2014-01-19 13:45:00,89.83273344,0.548,False
2014-01-19 13:50:00,89.89943527,0.688,False
2014-01-19 13:55:00,89.37927965,0.093,False
2014-01-19 14:00:00,90.32362487,1.154,False
2014-01-19 14:05:00,88.83312498,0.526,False
2014-01-19 14:10:00,89.04976923,0.269,False
2014-01-19 14:15:00,89.24579731,0.02,False
2014-01-19 14:20:00,88.87680798,0.463,False
2014-01-19 14:25:00,90.55737832,1.415,False
2014-01-19 14:30:00,88.68400015,0.68,False
2014-01-19 14:35:00,90.35722678,1.198,False
2014-01-19 14:40:00,89.11365929,0.197,False
2014-01-19 14:45:00,89.65553949,0.406,False
2014-01-19 14:50:00,89.86050544,0.638,False
2014-01-19 14:55:00,90.19118914,1.023,False
2014-01-19 15:00:00,89.06823926,0.277,False
2014-01-19 15:05:00,88.3631771,1.155,False
2014-01-19 15:10:00,89.79144751,0.515,False
2014-01-19 15:15:00,89.58841389,0.238,False
2014-01-19 15:20:00,89.56511077,0.207,False
2014-01-19 15:25:00,88.44750196,1.119,False
2014-01-19 15:30:00,88.26827369,1.352,False
2014-01-19 15:35:00,88.47952063,1.16,False
2014-01-19 15:40:00,89.66232087,0.176,False
2014-01-19 15:45:00,89.29636466,0.357,False
2014-01-19 15:50:00,90.4545307,1.061,False
2014-01-19 15:55:00,89.80229921,0.214,False
2014-01-19 16:00:00,88.29787464,1.566,False
2014-01-19 16:05:00,88.8842733,0.919,False
2014-01-19 16:10:00,90.10834269,0.526,False
2014-01-19 16:15:00,90.58510863,1.063,False
2014-01-19 16:20:00,88.27205033,1.71,False
2014-01-19 16:25:00,89.78683882,0.039,False
2014-01-19 16:30:00,88.91281759,0.997,False
2014-01-19 16:35:00,90.0539071,0.338,False
2014-01-19 16:40:00,89.70977728,0.103,False
2014-01-19 16:45:00,89.29665052,0.63,False
2014-01-19 16:50:00,88.68414802,1.411,False
2014-01-19 16:55:00,88.53560258,1.6,False
2014-01-19 17:00:00,89.22237555,0.681,False
2014-01-19 17:05:00,90.42488713,0.744,False
2014-01-19 17:10:00,89.03474240000001,0.944,False
2014-01-19 17:15:00,90.33480146,0.496,False
2014-01-19 17:20:00,88.65660453,1.535,False
2014-01-19 17:25:00,89.65673849,0.483,False
2014-01-19 17:30:00,89.48357912,0.694,False
2014-01-19 17:35:00,89.72146985,0.485,False
2014-01-19 17:40:00,90.24919883,0.145,False
2014-01-19 17:45:00,88.66635229,1.841,False
2014-01-19 17:50:00,90.38958786,0.201,False
2014-01-19 17:55:00,90.34327714,0.143,False
2014-01-19 18:00:00,89.42973917,0.896,False
2014-01-19 18:05:00,91.15559446,1.003,False
2014-01-19 18:10:00,90.44413815,0.159,False
2014-01-19 18:15:00,89.40423675,1.065,False
2014-01-19 18:20:00,89.95501534,0.423,False
2014-01-19 18:25:00,90.55004995,0.191,False
2014-01-19 18:30:00,90.15249136,0.28,False
2014-01-19 18:35:00,90.45809349,0.027,False
2014-01-19 18:40:00,91.8352313,1.578,False
2014-01-19 18:45:00,89.79047244,0.733,False
2014-01-19 18:50:00,91.50262287,1.134,False
2014-01-19 18:55:00,91.79939988,1.41,False
2014-01-19 19:00:00,91.0167815,0.483,False
2014-01-19 19:05:00,91.06054882,0.498,False
2014-01-19 19:10:00,92.26922127,1.693,False
2014-01-19 19:15:00,91.08729773,0.275,False
2014-01-19 19:20:00,92.63072154,1.819,False
2014-01-19 19:25:00,91.72381296,0.851,False
2014-01-19 19:30:00,90.99951147,0.072,False
2014-01-19 19:35:00,90.94313227,0.028,False
2014-01-19 19:40:00,92.81333319,1.667,False
2014-01-19 19:45:00,90.86750144,0.15,False
2014-01-19 19:50:00,92.29943202,1.06,False
2014-01-19 19:55:00,92.27144378,0.995,False
2014-01-19 20:00:00,91.9619374,0.682,False
2014-01-19 20:05:00,91.49101424,0.128,False
2014-01-19 20:10:00,90.90993461,0.491,False
2014-01-19 20:15:00,90.60963919,0.753,False
2014-01-19 20:20:00,91.88468738,0.235,False
2014-01-19 20:25:00,91.85452242,0.214,False
2014-01-19 20:30:00,91.96636451,0.308,False
2014-01-19 20:35:00,92.13911226,0.444,False
2014-01-19 20:40:00,91.54458927,0.046,False
2014-01-19 20:45:00,90.77922673,0.676,False
2014-01-19 20:50:00,90.01719506,1.304,False
2014-01-19 20:55:00,89.66440856,1.55,False
2014-01-19 21:00:00,91.19090487,0.31,False
2014-01-19 21:05:00,90.28036927,0.963,False
2014-01-19 21:10:00,90.90459678,0.477,False
2014-01-19 21:15:00,89.9271769,1.076,False
2014-01-19 21:20:00,90.48611192,0.692,False
2014-01-19 21:25:00,91.8529268,0.157,False
2014-01-19 21:30:00,92.02152069,0.256,False
2014-01-19 21:35:00,92.36517679,0.456,False
2014-01-19 21:40:00,92.83700172,0.737,False
2014-01-19 21:45:00,91.70746599,0.112,False
2014-01-19 21:50:00,92.91996935,0.849,False
2014-01-19 21:55:00,92.22384221,0.381,False
2014-01-19 22:00:00,93.01859086,0.932,False
2014-01-19 22:05:00,93.6259984,1.309,False
2014-01-19 22:10:00,94.95568272,2.135,False
2014-01-19 22:15:00,94.81118222,2.283,False
2014-01-19 22:20:00,94.8630024,2.319,False
2014-01-19 22:25:00,95.01835677,2.665,False
2014-01-19 22:30:00,95.0493665,2.471,False
2014-01-19 22:35:00,94.61392361,1.959,False
2014-01-19 22:40:00,93.36261139,1.121,False
2014-01-19 22:45:00,94.40304313,1.828,False
2014-01-19 22:50:00,93.85779117,1.489,False
2014-01-19 22:55:00,92.82912721,0.85,False
2014-01-19 23:00:00,93.23487579,1.102,False
2014-01-19 23:05:00,93.56903372,1.333,False
2014-01-19 23:10:00,93.06119611,1.03,False
2014-01-19 23:15:00,91.65513453,0.158,False
2014-01-19 23:20:00,90.82976306,0.354,False
2014-01-19 23:25:00,91.42853579,0.03,False
2014-01-19 23:30:00,90.25187793,0.661,False
2014-01-19 23:35:00,91.26149784,0.019,False
2014-01-19 23:40:00,90.61755204,0.359,False
2014-01-19 23:45:00,88.40579547,1.696,False
2014-01-19 23:50:00,88.82623683,1.406,False
2014-01-19 23:55:00,90.03453146,0.672,False
2014-01-20 00:00:00,88.94734643,1.333,False
2014-01-20 00:05:00,89.56309243,0.865,False
2014-01-20 00:10:00,88.68629207,1.377,False
2014-01-20 00:15:00,89.11133333,1.087,False
2014-01-20 00:20:00,90.14792874,0.523,False
2014-01-20 00:25:00,89.53008729,0.851,False
2014-01-20 00:30:00,89.51503124,0.816,False
2014-01-20 00:35:00,90.40098048,0.302,False
2014-01-20 00:40:00,90.7511684,0.08,False
2014-01-20 00:45:00,90.99730366,0.1,False
2014-01-20 00:50:00,91.64888059,0.437,False
2014-01-20 00:55:00,90.27786431,0.247,False
2014-01-20 01:00:00,91.09002633,0.196,False
2014-01-20 01:05:00,90.0125807,0.374,False
2014-01-20 01:10:00,91.37449098,0.411,False
2014-01-20 01:15:00,90.3604073,0.084,False
2014-01-20 01:20:00,91.41584212,0.531,False
2014-01-20 01:25:00,92.55720793,1.275,False
2014-01-20 01:30:00,92.17199187,1.12,False
2014-01-20 01:35:00,91.54618064,0.745,False
2014-01-20 01:40:00,90.75614819,0.255,False
2014-01-20 01:45:00,91.20031311,0.534,False
2014-01-20 01:50:00,93.14082985,1.763,False
2014-01-20 01:55:00,92.97476478,1.804,False
2014-01-20 02:00:00,90.98538909,0.494,False
2014-01-20 02:05:00,91.38476121,0.8,False
2014-01-20 02:10:00,90.66840754,0.266,False
2014-01-20 02:15:00,90.68601228,0.279,False
2014-01-20 02:20:00,90.98261115,0.499,False
2014-01-20 02:25:00,89.39369179,0.68,False
2014-01-20 02:30:00,90.18163694,0.091,False
2014-01-20 02:35:00,89.60789678,0.504,False
2014-01-20 02:40:00,89.86324528,0.325,False
2014-01-20 02:45:00,88.75006087,1.011,False
2014-01-20 02:50:00,89.17826376,0.804,False
2014-01-20 02:55:00,88.32241428,1.418,False
2014-01-20 03:00:00,88.9810229,1.077,False
2014-01-20 03:05:00,88.90433455,1.192,False
2014-01-20 03:10:00,88.24004661,1.741,False
2014-01-20 03:15:00,89.59075294,0.776,False
2014-01-20 03:20:00,88.23978816,1.792,False
2014-01-20 03:25:00,89.06809559999998,1.153,False
2014-01-20 03:30:00,89.18299886,1.073,False
2014-01-20 03:35:00,90.19202718,0.361,False
2014-01-20 03:40:00,88.97773755,1.252,False
2014-01-20 03:45:00,89.82172509,0.619,False
2014-01-20 03:50:00,90.74788653,0.054,False
2014-01-20 03:55:00,90.1061934,0.406,False
2014-01-20 04:00:00,89.58175018,0.783,False
2014-01-20 04:05:00,89.133053,1.106,False
2014-01-20 04:10:00,89.09861663,1.13,False
2014-01-20 04:15:00,90.90100094,0.174,False
2014-01-20 04:20:00,89.34559354,0.945,False
2014-01-20 04:25:00,90.33929745,0.23,False
2014-01-20 04:30:00,90.4855155,0.115,False
2014-01-20 04:35:00,91.05940362,0.383,False
2014-01-20 04:40:00,92.05080124,1.253,False
2014-01-20 04:45:00,91.06593601,0.574,False
2014-01-20 04:50:00,90.29225961,0.018,False
2014-01-20 04:55:00,90.67048763,0.313,False
2014-01-20 05:00:00,90.67641081,0.361,False
2014-01-20 05:05:00,90.65003803,0.365,False
2014-01-20 05:10:00,92.88405093,2.365,False
2014-01-20 05:15:00,91.24927057,0.935,False
2014-01-20 05:20:00,91.90174781,1.528,False
2014-01-20 05:25:00,92.29848048,1.907,False
2014-01-20 05:30:00,91.2863977,1.039,False
2014-01-20 05:35:00,91.06277639,0.84,False
2014-01-20 05:40:00,91.64421083,1.353,False
2014-01-20 05:45:00,90.66991235,0.486,False
2014-01-20 05:50:00,92.58716587,2.17,False
2014-01-20 05:55:00,91.14489912,0.914,False
2014-01-20 06:00:00,92.22463012,1.891,False
2014-01-20 06:05:00,90.63217784,0.476,False
2014-01-20 06:10:00,91.56235925,1.325,False
2014-01-20 06:15:00,90.11090785,0.0,False
2014-01-20 06:20:00,91.23785754,1.07,False
2014-01-20 06:25:00,91.37574337,1.214,False
2014-01-20 06:30:00,90.89023679,0.752,False
2014-01-20 06:35:00,91.25113494,1.112,False
2014-01-20 06:40:00,90.03837711,0.068,False
2014-01-20 06:45:00,89.74649708,0.358,False
2014-01-20 06:50:00,90.25430613,0.145,False
2014-01-20 06:55:00,89.45691733,0.6,False
2014-01-20 07:00:00,90.22507267,0.182,False
2014-01-20 07:05:00,89.13422521,0.895,False
2014-01-20 07:10:00,89.36110668,0.67,False
2014-01-20 07:15:00,89.85947581,0.177,False
2014-01-20 07:20:00,90.7067029,0.749,False
2014-01-20 07:25:00,90.03907797,0.09,False
2014-01-20 07:30:00,89.23416952,0.563,False
2014-01-20 07:35:00,88.61202956,1.099,False
2014-01-20 07:40:00,89.6218545,0.053,False
2014-01-20 07:45:00,90.40560825,0.831,False
2014-01-20 07:50:00,90.13955086,0.64,False
2014-01-20 07:55:00,90.18556931,0.691,False
2014-01-20 08:00:00,90.11016113,0.673,False
2014-01-20 08:05:00,88.99584988,0.289,False
2014-01-20 08:10:00,89.48238811,0.242,False
2014-01-20 08:15:00,89.73112772,0.528,False
2014-01-20 08:20:00,88.40175584,0.703,False
2014-01-20 08:25:00,89.48365818,0.412,False
2014-01-20 08:30:00,88.05449891,0.763,False
2014-01-20 08:35:00,88.25116414,0.379,False
2014-01-20 08:40:00,87.49537619,1.083,False
2014-01-20 08:45:00,87.75708564,0.767,False
2014-01-20 08:50:00,89.12606985,0.63,False
2014-01-20 08:55:00,88.65599517,0.211,False
2014-01-20 09:00:00,87.98584538,0.34,False
2014-01-20 09:05:00,89.22691495,1.044,False
2014-01-20 09:10:00,87.37725879,0.704,False
2014-01-20 09:15:00,88.5494137,0.537,False
2014-01-20 09:20:00,88.50150775,0.605,False
2014-01-20 09:25:00,88.4876347,0.707,False
2014-01-20 09:30:00,87.04245961,0.708,False
2014-01-20 09:35:00,87.82344287,0.237,False
2014-01-20 09:40:00,88.11026821,0.708,False
2014-01-20 09:45:00,86.24814867,1.043,False
2014-01-20 09:50:00,86.13144848,0.974,False
2014-01-20 09:55:00,87.14246024,0.122,False
2014-01-20 10:00:00,86.43113965,0.564,False
2014-01-20 10:05:00,85.89539407,0.83,False
2014-01-20 10:10:00,87.70045673,1.272,False
2014-01-20 10:15:00,86.99285852,0.661,False
2014-01-20 10:20:00,86.00466655,0.248,False
2014-01-20 10:25:00,85.10860377,1.096,False
2014-01-20 10:30:00,86.99880383,0.944,False
2014-01-20 10:35:00,84.88611916,1.055,False
2014-01-20 10:40:00,85.70646226,0.113,False
2014-01-20 10:45:00,86.46014936,0.718,False
2014-01-20 10:50:00,84.39882979,1.149,False
2014-01-20 10:55:00,86.25047782,0.836,False
2014-01-20 11:00:00,84.83579007,0.372,False
2014-01-20 11:05:00,85.44362887,0.397,False
2014-01-20 11:10:00,85.74475149,0.774,False
2014-01-20 11:15:00,84.59351311,0.3,False
2014-01-20 11:20:00,84.95866927,0.061,False
2014-01-20 11:25:00,85.33150184,0.441,False
2014-01-20 11:30:00,84.02671805,0.742,False
2014-01-20 11:35:00,84.90208955,0.177,False
2014-01-20 11:40:00,83.69482924,0.821,False
2014-01-20 11:45:00,84.14823707,0.312,False
2014-01-20 11:50:00,83.2347479,0.918,False
2014-01-20 11:55:00,84.92235752,0.706,False
2014-01-20 12:00:00,84.62544801,0.587,False
2014-01-20 12:05:00,83.17806886,0.484,False
2014-01-20 12:10:00,83.83479375,0.265,False
2014-01-20 12:15:00,83.24990967,0.033,False
2014-01-20 12:20:00,84.80099204,1.262,False
2014-01-20 12:25:00,83.33193972,0.1,False
2014-01-20 12:30:00,82.19424029,0.391,False
2014-01-20 12:35:00,80.41283047,0.685,False
2014-01-20 12:40:00,77.50819244,2.092,False
2014-01-20 12:45:00,77.09422106,1.681,False
2014-01-20 12:50:00,75.32262225,2.207,False
2014-01-20 12:55:00,78.01281553,0.039,False
2014-01-20 13:00:00,78.58458848,0.403,False
2014-01-20 13:05:00,78.03233418,0.086,False
2014-01-20 13:10:00,80.20253909,1.594,False
2014-01-20 13:15:00,78.09908627,0.29,False
2014-01-20 13:20:00,75.88958547,1.069,False
2014-01-20 13:25:00,77.06764235,0.264,False
2014-01-20 13:30:00,73.7368686,2.348,False
2014-01-20 13:35:00,74.87245502,1.54,False
2014-01-20 13:40:00,72.86555515,2.584,False
2014-01-20 13:45:00,71.66754158,2.67,False
2014-01-20 13:50:00,72.69246073,1.838,False
2014-01-20 13:55:00,72.88482383,1.675,False
2014-01-20 14:00:00,72.33352948,1.848,False
2014-01-20 14:05:00,72.63230974,1.558,False
2014-01-20 14:10:00,75.00117508,0.387,False
2014-01-20 14:15:00,75.28165612,0.212,False
2014-01-20 14:20:00,76.88120083,0.333,False
2014-01-20 14:25:00,75.54687208,0.034,False
2014-01-20 14:30:00,77.72713033,0.677,False
2014-01-20 14:35:00,77.22076461,0.564,False
2014-01-20 14:40:00,76.7629115,0.454,False
2014-01-20 14:45:00,76.82345698,0.471,False
2014-01-20 14:50:00,77.80113549,0.752,False
2014-01-20 14:55:00,75.7698132,0.169,False
2014-01-20 15:00:00,77.58459181,0.69,False
2014-01-20 15:05:00,77.38344078,0.632,False
2014-01-20 15:10:00,77.4557985,0.653,False
2014-01-20 15:15:00,75.07637951,0.029,False
2014-01-20 15:20:00,76.12855192,0.272,False
2014-01-20 15:25:00,75.92336329,0.213,False
2014-01-20 15:30:00,73.12806433,0.588,False
2014-01-20 15:35:00,74.11499667,0.305,False
2014-01-20 15:40:00,73.56780082,0.462,False
2014-01-20 15:45:00,72.75386658,0.712,False
2014-01-20 15:50:00,71.02464328,1.227,False
2014-01-20 15:55:00,71.57809654,1.084,False
2014-01-20 16:00:00,71.94931244,0.972,False
2014-01-20 16:05:00,69.05976999,1.842,False
2014-01-20 16:10:00,69.21426591,1.796,False
2014-01-20 16:15:00,69.20617607,1.893,False
2014-01-20 16:20:00,67.45955812,2.447,False
2014-01-20 16:25:00,67.20458367,2.528,False
2014-01-20 16:30:00,67.18190156,2.535,False
2014-01-20 16:35:00,66.66837159,2.972,False
2014-01-20 16:40:00,66.2392275,3.522,False
2014-01-20 16:45:00,65.95768311,4.001,False
2014-01-20 16:50:00,65.66706514,4.292,False
2014-01-20 16:55:00,64.88749964,4.754,False
2014-01-20 17:00:00,64.64769075,5.122,False
2014-01-20 17:05:00,66.18678172,4.7,False
2014-01-20 17:10:00,66.20944312,5.564,False
2014-01-20 17:15:00,65.82848381,5.867,False
2014-01-20 17:20:00,68.08315209999999,4.82,False
2014-01-20 17:25:00,70.43482298,3.652,False
2014-01-20 17:30:00,72.7334359,2.503,False
2014-01-20 17:35:00,74.35141881,2.078,False
2014-01-20 17:40:00,76.1650063,1.046,False
2014-01-20 17:45:00,78.45082616,0.227,False
2014-01-20 17:50:00,80.97173417,1.212,False
2014-01-20 17:55:00,80.72874294,0.238,False
2014-01-20 18:00:00,80.94219348,0.17,False
2014-01-20 18:05:00,80.11358549,0.524,False
2014-01-20 18:10:00,80.68718648,0.199,False
2014-01-20 18:15:00,82.71591877,0.675,False
2014-01-20 18:20:00,82.65754269,0.022,False
2014-01-20 18:25:00,83.07732853,0.27,False
2014-01-20 18:30:00,83.46860558,0.442,False
2014-01-20 18:35:00,83.5829747,0.341,False
2014-01-20 18:40:00,82.77985709,0.576,False
2014-01-20 18:45:00,83.34668826,0.164,False
2014-01-20 18:50:00,84.3760857,0.38,False
2014-01-20 18:55:00,84.84208656,0.233,False
2014-01-20 19:00:00,86.63440144,0.976,False
2014-01-20 19:05:00,86.57950451,0.077,False
2014-01-20 19:10:00,86.47259887,0.085,False
2014-01-20 19:15:00,87.60041248,1.022,False
2014-01-20 19:20:00,87.32330536,0.363,False
2014-01-20 19:25:00,86.53163993,0.979,False
2014-01-20 19:30:00,89.15632749,1.655,False
2014-01-20 19:35:00,88.65925244,0.636,False
2014-01-20 19:40:00,87.67966622,1.088,False
2014-01-20 19:45:00,89.18568766,0.347,False
2014-01-20 19:50:00,89.8356255,0.87,False
2014-01-20 19:55:00,88.55541577,1.074,False
2014-01-20 20:00:00,89.76633623,0.48,False
2014-01-20 20:05:00,90.35090319,1.295,False
2014-01-20 20:10:00,90.21878777,0.986,False
2014-01-20 20:15:00,89.73727199999998,0.192,False
2014-01-20 20:20:00,89.42002807,0.352,False
2014-01-20 20:25:00,89.45565968,0.397,False
2014-01-20 20:30:00,89.44418794,0.511,False
2014-01-20 20:35:00,90.41359674,1.11,False
2014-01-20 20:40:00,90.29149486,0.832,False
2014-01-20 20:45:00,89.90220383,0.178,False
2014-01-20 20:50:00,89.85684469,0.098,False
2014-01-20 20:55:00,90.29416157,0.809,False
2014-01-20 21:00:00,91.18409902,2.278,False
2014-01-20 21:05:00,90.55871849,1.114,False
2014-01-20 21:10:00,90.12501092,0.379,False
2014-01-20 21:15:00,89.67132051,0.46,False
2014-01-20 21:20:00,90.13079208,0.273,False
2014-01-20 21:25:00,90.30838712,0.525,False
2014-01-20 21:30:00,89.61036919,0.527,False
2014-01-20 21:35:00,90.80013539,1.34,False
2014-01-20 21:40:00,91.43186492,2.348,False
2014-01-20 21:45:00,90.01726738,0.098,False
2014-01-20 21:50:00,90.135583,0.298,False
2014-01-20 21:55:00,91.15533439,2.082,False
2014-01-20 22:00:00,91.66197757,2.715,False
2014-01-20 22:05:00,90.40723493,0.714,False
2014-01-20 22:10:00,90.56789889,0.917,False
2014-01-20 22:15:00,90.13961583,0.271,False
2014-01-20 22:20:00,91.25471473,1.952,False
2014-01-20 22:25:00,90.2539028,0.443,False
2014-01-20 22:30:00,90.35810856,0.6,False
2014-01-20 22:35:00,90.97174236,1.525,False
2014-01-20 22:40:00,89.9017309,0.087,False
2014-01-20 22:45:00,89.75292591,0.33,False
2014-01-20 22:50:00,90.27234607,0.499,False
2014-01-20 22:55:00,91.80658327,2.945,False
2014-01-20 23:00:00,90.67698449,1.144,False
2014-01-20 23:05:00,91.46601423,2.402,False
2014-01-20 23:10:00,89.60885003,0.511,False
2014-01-20 23:15:00,90.14345319,0.46,False
2014-01-20 23:20:00,91.02415539,1.826,False
2014-01-20 23:25:00,90.03485845,0.234,False
2014-01-20 23:30:00,90.6516359,1.163,False
2014-01-20 23:35:00,91.08745975,1.82,False
2014-01-20 23:40:00,89.57998576,0.364,False
2014-01-20 23:45:00,89.75538827,0.023,False
2014-01-20 23:50:00,90.13026373,0.558,False
2014-01-20 23:55:00,90.44822505,1.02,False
2014-01-21 00:00:00,90.10182389,0.592,False
2014-01-21 00:05:00,89.05436159,0.713,False
2014-01-21 00:10:00,90.62618169,1.324,False
2014-01-21 00:15:00,89.78657448,0.559,False
2014-01-21 00:20:00,88.26166704,1.001,False
2014-01-21 00:25:00,88.98300392,0.042,False
2014-01-21 00:30:00,89.0979696,0.309,False
2014-01-21 00:35:00,88.45969915,0.135,False
2014-01-21 00:40:00,88.66467343,0.199,False
2014-01-21 00:45:00,88.50312576,0.13,False
2014-01-21 00:50:00,88.30104765,0.003,False
2014-01-21 00:55:00,87.27870974,1.004,False
2014-01-21 01:00:00,86.78455670000002,0.987,False
2014-01-21 01:05:00,88.30672573,1.167,False
2014-01-21 01:10:00,86.59910769,0.282,False
2014-01-21 01:15:00,86.19889732,0.5,False
2014-01-21 01:20:00,86.6911018,0.042,False
2014-01-21 01:25:00,87.0053949,0.497,False
2014-01-21 01:30:00,85.56431262,0.638,False
2014-01-21 01:35:00,84.8698105,1.158,False
2014-01-21 01:40:00,86.32792698,0.212,False
2014-01-21 01:45:00,86.03936862,0.202,False
2014-01-21 01:50:00,86.13959442,0.51,False
2014-01-21 01:55:00,84.16959722,0.821,False
2014-01-21 02:00:00,85.16063123,0.019,False
2014-01-21 02:05:00,85.41946390000003,0.24,False
2014-01-21 02:10:00,84.3303051,0.415,False
2014-01-21 02:15:00,84.08789954,0.36,False
2014-01-21 02:20:00,85.21452411,0.61,False
2014-01-21 02:25:00,84.97031045,0.499,False
2014-01-21 02:30:00,83.82839186,0.276,False
2014-01-21 02:35:00,83.49307302,0.503,False
2014-01-21 02:40:00,82.92946319,0.918,False
2014-01-21 02:45:00,83.59997803,0.447,False
2014-01-21 02:50:00,83.07450802,0.816,False
2014-01-21 02:55:00,82.33924174,1.333,False
2014-01-21 03:00:00,80.3948072,2.701,False
2014-01-21 03:05:00,80.61892719,2.543,False
2014-01-21 03:10:00,81.08500714,2.216,False
2014-01-21 03:15:00,79.87010267,3.07,False
2014-01-21 03:20:00,80.78021373,2.43,False
2014-01-21 03:25:00,79.27710784,3.487,False
2014-01-21 03:30:00,78.37282798,4.123,False
2014-01-21 03:35:00,78.47887499,4.049,False
2014-01-21 03:40:00,78.3629597,4.13,False
2014-01-21 03:45:00,77.64844245,4.633,False
2014-01-21 03:50:00,78.56532737,3.847,False
2014-01-21 03:55:00,78.90245516,3.574,False
2014-01-21 04:00:00,77.91126873,4.274,False
2014-01-21 04:05:00,78.71686597,3.587,False
2014-01-21 04:10:00,80.07206234,2.714,False
2014-01-21 04:15:00,80.40603831,2.496,False
2014-01-21 04:20:00,80.99480448,2.112,False
2014-01-21 04:25:00,81.64494632,1.688,False
2014-01-21 04:30:00,79.98546044,2.77,False
2014-01-21 04:35:00,80.64773036,2.338,False
2014-01-21 04:40:00,81.54436937,1.754,False
2014-01-21 04:45:00,81.85854653,1.549,False
2014-01-21 04:50:00,82.41595808,1.155,False
2014-01-21 04:55:00,82.89742732,0.849,False
2014-01-21 05:00:00,82.40333365,1.214,False
2014-01-21 05:05:00,83.38294955,0.592,False
2014-01-21 05:10:00,84.30004908,0.01,False
2014-01-21 05:15:00,83.40056348,0.784,False
2014-01-21 05:20:00,83.9498952,0.688,False
2014-01-21 05:25:00,85.2972448,0.159,False
2014-01-21 05:30:00,85.31502759,0.068,False
2014-01-21 05:35:00,85.72959532,0.263,False
2014-01-21 05:40:00,85.11390064,0.147,False
2014-01-21 05:45:00,85.58386415,0.061,False
2014-01-21 05:50:00,86.37960804,0.466,False
2014-01-21 05:55:00,85.92569806,0.14,False
2014-01-21 06:00:00,85.38635509,0.218,False
2014-01-21 06:05:00,86.08205405,0.219,False
2014-01-21 06:10:00,86.92906097,0.729,False
2014-01-21 06:15:00,86.6508644,0.5,False
2014-01-21 06:20:00,85.86740323,0.09,False
2014-01-21 06:25:00,86.72003279,0.41,False
2014-01-21 06:30:00,85.7390028,0.312,False
2014-01-21 06:35:00,86.83798609,0.381,False
2014-01-21 06:40:00,86.98364629,0.404,False
2014-01-21 06:45:00,87.68893152,0.941,False
2014-01-21 06:50:00,87.6944799,0.901,False
2014-01-21 06:55:00,86.21661438,0.451,False
2014-01-21 07:00:00,85.67763463,0.956,False
2014-01-21 07:05:00,85.73426763,0.95,False
2014-01-21 07:10:00,86.14709454,0.641,False
2014-01-21 07:15:00,86.71763714,0.163,False
2014-01-21 07:20:00,87.25206859,0.31,False
2014-01-21 07:25:00,87.75771283,0.794,False
2014-01-21 07:30:00,86.57428619,0.52,False
2014-01-21 07:35:00,88.30661785,1.337,False
2014-01-21 07:40:00,88.14942806,1.171,False
2014-01-21 07:45:00,88.78783621,1.934,False
2014-01-21 07:50:00,87.01535702,0.183,False
2014-01-21 07:55:00,88.97324662,2.093,False
2014-01-21 08:00:00,87.32084218,0.098,False
2014-01-21 08:05:00,86.76534976,0.648,False
2014-01-21 08:10:00,87.66334101,0.315,False
2014-01-21 08:15:00,88.93264895,1.819,False
2014-01-21 08:20:00,89.0948856,2.013,False
2014-01-21 08:25:00,88.48015517,1.279,False
2014-01-21 08:30:00,87.20866006,0.401,False
2014-01-21 08:35:00,87.95261981,0.463,False
2014-01-21 08:40:00,88.94878742,1.42,False
2014-01-21 08:45:00,88.65327586,1.008,False
2014-01-21 08:50:00,87.94458786,0.264,False
2014-01-21 08:55:00,88.20130048,0.517,False
2014-01-21 09:00:00,87.88330542,0.189,False
2014-01-21 09:05:00,87.23200394,0.463,False
2014-01-21 09:10:00,87.49811114,0.235,False
2014-01-21 09:15:00,89.08524981,1.282,False
2014-01-21 09:20:00,88.5214301,0.677,False
2014-01-21 09:25:00,88.34136605,0.5,False
2014-01-21 09:30:00,86.82124934,1.039,False
2014-01-21 09:35:00,88.2354896,0.313,False
2014-01-21 09:40:00,87.12832846,0.766,False
2014-01-21 09:45:00,87.99395129999998,0.078,False
2014-01-21 09:50:00,87.78325326,0.129,False
2014-01-21 09:55:00,89.17332057,1.205,False
2014-01-21 10:00:00,88.83161959,0.845,False
2014-01-21 10:05:00,88.06060987,0.094,False
2014-01-21 10:10:00,88.51052549,0.581,False
2014-01-21 10:15:00,87.59053246,0.447,False
2014-01-21 10:20:00,87.12702303,1.001,False
2014-01-21 10:25:00,88.66048487,0.828,False
2014-01-21 10:30:00,88.56960233,0.695,False
2014-01-21 10:35:00,87.72029026,0.316,False
2014-01-21 10:40:00,86.9961509,1.153,False
2014-01-21 10:45:00,86.85445683,1.347,False
2014-01-21 10:50:00,88.74468077,1.047,False
2014-01-21 10:55:00,87.59461779,0.393,False
2014-01-21 11:00:00,88.92373346,1.319,False
2014-01-21 11:05:00,88.81246174,1.179,False
2014-01-21 11:10:00,87.14164461,0.951,False
2014-01-21 11:15:00,86.88058197,1.271,False
2014-01-21 11:20:00,87.01630775,1.068,False
2014-01-21 11:25:00,88.27128797,0.47,False
2014-01-21 11:30:00,87.01942677,1.02,False
2014-01-21 11:35:00,88.86657583,1.178,False
2014-01-21 11:40:00,89.1359421,1.465,False
2014-01-21 11:45:00,88.21240592,0.458,False
2014-01-21 11:50:00,86.95742169,1.005,False
2014-01-21 11:55:00,88.09443802,0.333,False
2014-01-21 12:00:00,88.82147292,1.185,False
2014-01-21 12:05:00,87.97718362,0.271,False
2014-01-21 12:10:00,88.64831527,1.02,False
2014-01-21 12:15:00,88.15713081,0.445,False
2014-01-21 12:20:00,87.73280113,0.007,False
2014-01-21 12:25:00,87.86963334,0.151,False
2014-01-21 12:30:00,88.69124617,0.988,False
2014-01-21 12:35:00,87.25240229999999,0.461,False
2014-01-21 12:40:00,87.58594819,0.068,False
2014-01-21 12:45:00,87.36599699,0.317,False
2014-01-21 12:50:00,88.7290244,1.15,False
2014-01-21 12:55:00,88.47169173,0.903,False
2014-01-21 13:00:00,87.83385314,0.269,False
2014-01-21 13:05:00,87.660561,0.081,False
2014-01-21 13:10:00,87.56595637,0.011,False
2014-01-21 13:15:00,87.18286778,0.38,False
2014-01-21 13:20:00,86.96494213,0.554,False
2014-01-21 13:25:00,88.29366643,0.822,False
2014-01-21 13:30:00,87.51963499,0.086,False
2014-01-21 13:35:00,86.38508034,0.989,False
2014-01-21 13:40:00,87.14325933,0.167,False
2014-01-21 13:45:00,87.82161565,0.54,False
2014-01-21 13:50:00,86.63861648,0.707,False
2014-01-21 13:55:00,86.90398858,0.331,False
2014-01-21 14:00:00,87.08621717,0.081,False
2014-01-21 14:05:00,87.97035385,0.851,False
2014-01-21 14:10:00,88.19923958,1.115,False
2014-01-21 14:15:00,86.22871453,0.959,False
2014-01-21 14:20:00,87.73648141,0.668,False
2014-01-21 14:25:00,88.24890415,1.305,False
2014-01-21 14:30:00,86.59117156,0.635,False
2014-01-21 14:35:00,86.22234661,1.116,False
2014-01-21 14:40:00,86.97311176,0.166,False
2014-01-21 14:45:00,87.64030216,0.749,False
2014-01-21 14:50:00,87.99511787,1.259,False
2014-01-21 14:55:00,86.20955054,0.932,False
2014-01-21 15:00:00,86.59548382,0.45,False
2014-01-21 15:05:00,86.83696426,0.154,False
2014-01-21 15:10:00,86.02481488,1.124,False
2014-01-21 15:15:00,85.99583758,1.135,False
2014-01-21 15:20:00,87.98448071,1.328,False
2014-01-21 15:25:00,87.63355259,0.939,False
2014-01-21 15:30:00,86.32055919,0.557,False
2014-01-21 15:35:00,86.2976082,0.48,False
2014-01-21 15:40:00,86.89989738,0.291,False
2014-01-21 15:45:00,85.64625403,1.151,False
2014-01-21 15:50:00,86.71179172,0.126,False
2014-01-21 15:55:00,87.13000635,0.631,False
2014-01-21 16:00:00,85.88784208,0.82,False
2014-01-21 16:05:00,85.53948267,1.192,False
2014-01-21 16:10:00,86.95946204,0.593,False
2014-01-21 16:15:00,87.50979464,1.242,False
2014-01-21 16:20:00,86.50118289,0.114,False
2014-01-21 16:25:00,87.13342840000001,0.809,False
2014-01-21 16:30:00,87.36730767,1.082,False
2014-01-21 16:35:00,86.52136684,0.193,False
2014-01-21 16:40:00,85.99943590000002,0.346,False
2014-01-21 16:45:00,85.33971196,1.062,False
2014-01-21 16:50:00,85.48725699,0.866,False
2014-01-21 16:55:00,85.68551326,0.613,False
2014-01-21 17:00:00,87.27433831,1.17,False
2014-01-21 17:05:00,85.288404,1.035,False
2014-01-21 17:10:00,85.40772784,0.923,False
2014-01-21 17:15:00,86.66514367,0.609,False
2014-01-21 17:20:00,86.11601348,0.019,False
2014-01-21 17:25:00,86.36873073,0.369,False
2014-01-21 17:30:00,86.40857268,0.496,False
2014-01-21 17:35:00,85.13267708,1.074,False
2014-01-21 17:40:00,86.92284967,1.159,False
2014-01-21 17:45:00,85.91231492,0.096,False
2014-01-21 17:50:00,86.61351426,0.775,False
2014-01-21 17:55:00,86.18524201,0.243,False
2014-01-21 18:00:00,87.01928647,1.316,False
2014-01-21 18:05:00,85.59185316,0.478,False
2014-01-21 18:10:00,86.28436915,0.395,False
2014-01-21 18:15:00,85.01503117,1.171,False
2014-01-21 18:20:00,85.4626918,0.617,False
2014-01-21 18:25:00,85.73543711,0.258,False
2014-01-21 18:30:00,85.12069265,1.064,False
2014-01-21 18:35:00,84.97702939,1.246,False
2014-01-21 18:40:00,85.81024342,0.123,False
2014-01-21 18:45:00,85.98268918,0.104,False
2014-01-21 18:50:00,84.51778809999998,1.827,False
2014-01-21 18:55:00,86.14747654,0.337,False
2014-01-21 19:00:00,85.86988229,0.029,False
2014-01-21 19:05:00,84.86496286,1.395,False
2014-01-21 19:10:00,85.02754164,1.183,False
2014-01-21 19:15:00,86.66789352,1.035,False
2014-01-21 19:20:00,86.40110344,0.674,False
2014-01-21 19:25:00,84.87450013,1.37,False
2014-01-21 19:30:00,86.24144749,0.479,False
2014-01-21 19:35:00,85.87894923,0.011,False
2014-01-21 19:40:00,85.91191629,0.051,False
2014-01-21 19:45:00,85.80208333,0.096,False
2014-01-21 19:50:00,85.07982668,1.072,False
2014-01-21 19:55:00,85.89549567,0.009,False
2014-01-21 20:00:00,85.35471284,0.738,False
2014-01-21 20:05:00,85.94964157,0.052,False
2014-01-21 20:10:00,85.39172935,0.702,False
2014-01-21 20:15:00,84.32267409999999,2.149,False
2014-01-21 20:20:00,85.59345811,0.438,False
2014-01-21 20:25:00,85.52150265,0.526,False
2014-01-21 20:30:00,84.30885624,2.096,False
2014-01-21 20:35:00,84.7095277,1.533,False
2014-01-21 20:40:00,86.09116941,0.271,False
2014-01-21 20:45:00,86.62998115,1.044,False
2014-01-21 20:50:00,86.4918,0.854,False
2014-01-21 20:55:00,86.03499786,0.299,False
2014-01-21 21:00:00,85.34109254,0.634,False
2014-01-21 21:05:00,86.80304598,1.377,False
2014-01-21 21:10:00,85.33544185,0.625,False
2014-01-21 21:15:00,86.13354062,0.454,False
2014-01-21 21:20:00,86.72952353,1.245,False
2014-01-21 21:25:00,85.67481207,0.155,False
2014-01-21 21:30:00,85.82704632,0.027,False
2014-01-21 21:35:00,86.66989792,1.125,False
2014-01-21 21:40:00,85.95652472,0.196,False
2014-01-21 21:45:00,85.08183736,0.913,False
2014-01-21 21:50:00,85.78120162,0.004,False
2014-01-21 21:55:00,85.90925915,0.171,False
2014-01-21 22:00:00,87.35298697,2.072,False
2014-01-21 22:05:00,85.53222577,0.278,False
2014-01-21 22:10:00,86.62608904,1.169,False
2014-01-21 22:15:00,86.90692386,1.542,False
2014-01-21 22:20:00,85.60788211,0.16,False
2014-01-21 22:25:00,86.66342648,1.241,False
2014-01-21 22:30:00,87.28263654,2.133,False
2014-01-21 22:35:00,85.34230090000001,0.47,False
2014-01-21 22:40:00,87.60998212,2.472,False
2014-01-21 22:45:00,86.17218002,0.643,False
2014-01-21 22:50:00,87.75285115,2.414,False
2014-01-21 22:55:00,86.36991404,0.848,False
2014-01-21 23:00:00,87.2198462,1.709,False
2014-01-21 23:05:00,85.7742828,0.182,False
2014-01-21 23:10:00,86.4775552,0.936,False
2014-01-21 23:15:00,85.71552056,0.151,False
2014-01-21 23:20:00,85.48173504,0.08,False
2014-01-21 23:25:00,84.89190597,0.611,False
2014-01-21 23:30:00,86.87215092,1.281,False
2014-01-21 23:35:00,85.70233102,0.183,False
2014-01-21 23:40:00,85.70453499999998,0.19,False
2014-01-21 23:45:00,84.71955554,0.65,False
2014-01-21 23:50:00,85.74180522,0.384,False
2014-01-21 23:55:00,86.06930015,0.683,False
2014-01-22 00:00:00,85.33063522,0.007,False
2014-01-22 00:05:00,84.51362042,0.769,False
2014-01-22 00:10:00,85.34233248,0.107,False
2014-01-22 00:15:00,85.74967626,0.606,False
2014-01-22 00:20:00,84.6796588,0.324,False
2014-01-22 00:25:00,85.86073608,0.863,False
2014-01-22 00:30:00,85.63515342,0.777,False
2014-01-22 00:35:00,83.53021422,1.095,False
2014-01-22 00:40:00,85.12643164,0.502,False
2014-01-22 00:45:00,84.44452928,0.054,False
2014-01-22 00:50:00,84.40809593,0.056,False
2014-01-22 00:55:00,84.49063236,0.059,False
2014-01-22 01:00:00,84.0056895,0.301,False
2014-01-22 01:05:00,84.29019674,0.125,False
2014-01-22 01:10:00,84.98580987,1.02,False
2014-01-22 01:15:00,82.81432292,0.589,False
2014-01-22 01:20:00,82.45904257,0.859,False
2014-01-22 01:25:00,83.18680874,0.11,False
2014-01-22 01:30:00,81.5881848,1.43,False
2014-01-22 01:35:00,78.87034479,3.784,False
2014-01-22 01:40:00,78.31542527,4.152,False
2014-01-22 01:45:00,76.50386316,5.91,False
2014-01-22 01:50:00,77.6159269,4.825,False
2014-01-22 01:55:00,76.8192262,5.519,False
2014-01-22 02:00:00,77.41636272,4.994,False
2014-01-22 02:05:00,79.0290389,3.465,False
2014-01-22 02:10:00,80.26084437,2.234,False
2014-01-22 02:15:00,80.68288542,1.817,False
2014-01-22 02:20:00,81.59533416,0.88,False
2014-01-22 02:25:00,81.69726088,0.753,False
2014-01-22 02:30:00,80.36598709,1.887,False
2014-01-22 02:35:00,82.23894642,0.032,False
2014-01-22 02:40:00,83.44304602,1.192,False
2014-01-22 02:45:00,82.81559652,0.577,False
2014-01-22 02:50:00,83.4368568,1.101,False
2014-01-22 02:55:00,82.62429478,0.472,False
2014-01-22 03:00:00,82.70478003,0.571,False
2014-01-22 03:05:00,83.11898265,0.94,False
2014-01-22 03:10:00,82.16469637,0.252,False
2014-01-22 03:15:00,80.94548929,0.64,False
2014-01-22 03:20:00,81.02332649,0.545,False
2014-01-22 03:25:00,81.77546218,0.029,False
2014-01-22 03:30:00,81.88178729,0.108,False
2014-01-22 03:35:00,82.17268353,0.309,False
2014-01-22 03:40:00,82.52264958,0.64,False
2014-01-22 03:45:00,82.07933368,0.335,False
2014-01-22 03:50:00,82.72228314,0.8,False
2014-01-22 03:55:00,82.90208516,0.909,False
2014-01-22 04:00:00,82.60637065,0.717,False
2014-01-22 04:05:00,82.51850535,0.685,False
2014-01-22 04:10:00,81.41957756,0.016,False
2014-01-22 04:15:00,82.61177981,0.826,False
2014-01-22 04:20:00,81.78823050000003,0.395,False
2014-01-22 04:25:00,81.61737313,0.376,False
2014-01-22 04:30:00,82.16751992,0.758,False
2014-01-22 04:35:00,80.50358496,0.319,False
2014-01-22 04:40:00,80.32482437,0.462,False
2014-01-22 04:45:00,81.46788053,0.358,False
2014-01-22 04:50:00,82.01566704,0.789,False
2014-01-22 04:55:00,80.75022815,0.186,False
2014-01-22 05:00:00,80.67170332,0.259,False
2014-01-22 05:05:00,81.98441235,0.866,False
2014-01-22 05:10:00,81.31662549,0.303,False
2014-01-22 05:15:00,80.08588591,0.855,False
2014-01-22 05:20:00,80.79327099999998,0.189,False
2014-01-22 05:25:00,80.63454585,0.248,False
2014-01-22 05:30:00,78.84220992,1.945,False
2014-01-22 05:35:00,77.94013579,2.957,False
2014-01-22 05:40:00,78.73946863,2.009,False
2014-01-22 05:45:00,79.58525024,1.184,False
2014-01-22 05:50:00,79.39673434,1.345,False
2014-01-22 05:55:00,78.95449114,1.763,False
2014-01-22 06:00:00,78.78586018,1.918,False
2014-01-22 06:05:00,79.23764164,1.379,False
2014-01-22 06:10:00,79.98009393,0.463,False
2014-01-22 06:15:00,80.71833733,0.503,False
2014-01-22 06:20:00,81.82423112,1.807,False
2014-01-22 06:25:00,82.01316236,2.036,False
2014-01-22 06:30:00,81.98003231,2.011,False
2014-01-22 06:35:00,80.12329362,0.021,False
2014-01-22 06:40:00,81.54770866,1.612,False
2014-01-22 06:45:00,79.51022491,0.495,False
2014-01-22 06:50:00,81.50739629,1.668,False
2014-01-22 06:55:00,81.07174246,1.344,False
2014-01-22 07:00:00,79.51560854,0.294,False
2014-01-22 07:05:00,81.03048385,1.419,False
2014-01-22 07:10:00,80.16975484,0.562,False
2014-01-22 07:15:00,79.54178487,0.09,False
2014-01-22 07:20:00,79.61305844,0.015,False
2014-01-22 07:25:00,79.77863156,0.223,False
2014-01-22 07:30:00,80.64120566,1.06,False
2014-01-22 07:35:00,79.03147721,0.459,False
2014-01-22 07:40:00,80.12106759,0.551,False
2014-01-22 07:45:00,79.79573731,0.308,False
2014-01-22 07:50:00,78.90940053,0.358,False
2014-01-22 07:55:00,79.6392089,0.314,False
2014-01-22 08:00:00,79.97145654,0.597,False
2014-01-22 08:05:00,78.99038045,0.086,False
2014-01-22 08:10:00,79.28401565,0.208,False
2014-01-22 08:15:00,79.17394149,0.152,False
2014-01-22 08:20:00,80.82541842,1.443,False
2014-01-22 08:25:00,79.66113523,0.561,False
2014-01-22 08:30:00,79.48888177,0.462,False
2014-01-22 08:35:00,79.82142787,0.756,False
2014-01-22 08:40:00,78.81005782,0.015,False
2014-01-22 08:45:00,78.56743309999997,0.218,False
2014-01-22 08:50:00,80.1403238,1.114,False
2014-01-22 08:55:00,78.84959591,0.143,False
2014-01-22 09:00:00,77.60049403,0.736,False
2014-01-22 09:05:00,78.40689327,0.005,False
2014-01-22 09:10:00,77.91404989,0.199,False
2014-01-22 09:15:00,78.39492743,0.488,False
2014-01-22 09:20:00,76.85662279,0.577,False
2014-01-22 09:25:00,77.62617789,0.303,False
2014-01-22 09:30:00,76.02340927,0.433,False
2014-01-22 09:35:00,75.14344783,0.786,False
2014-01-22 09:40:00,74.73923815,0.606,False
2014-01-22 09:45:00,76.32679067,0.869,False
2014-01-22 09:50:00,75.00914004,0.027,False
2014-01-22 09:55:00,75.09090373,0.144,False
2014-01-22 10:00:00,73.23756599,0.923,False
2014-01-22 10:05:00,73.17358948,0.812,False
2014-01-22 10:10:00,71.62097944,1.755,False
2014-01-22 10:15:00,72.02963324,1.166,False
2014-01-22 10:20:00,70.75474092,1.486,False
2014-01-22 10:25:00,71.58372367,0.893,False
2014-01-22 10:30:00,70.95336054,1.149,False
2014-01-22 10:35:00,70.55425199,1.198,False
2014-01-22 10:40:00,68.66965776,1.763,False
2014-01-22 10:45:00,69.47914079,1.384,False
2014-01-22 10:50:00,68.36821036,1.848,False
2014-01-22 10:55:00,69.86562015,1.223,False
2014-01-22 11:00:00,73.67775972,0.369,False
2014-01-22 11:05:00,74.4245703,0.68,False
2014-01-22 11:10:00,74.50450319,0.714,False
2014-01-22 11:15:00,73.31288126,0.216,False
2014-01-22 11:20:00,74.39693263,0.669,False
2014-01-22 11:25:00,73.34266828,0.243,False
2014-01-22 11:30:00,72.38856046,0.18,False
2014-01-22 11:35:00,72.61503489,0.08,False
2014-01-22 11:40:00,72.07751258,0.319,False
2014-01-22 11:45:00,70.90157473,0.841,False
2014-01-22 11:50:00,69.72532542,1.363,False
2014-01-22 11:55:00,69.73244599,1.36,False
2014-01-22 12:00:00,68.40128002,1.951,False
2014-01-22 12:05:00,68.59669252,1.864,False
2014-01-22 12:10:00,67.66761098,2.277,False
2014-01-22 12:15:00,66.36986838,2.853,False
2014-01-22 12:20:00,66.60852046,2.747,False
2014-01-22 12:25:00,66.04559892,2.997,False
2014-01-22 12:30:00,65.26442828,3.344,False
2014-01-22 12:35:00,66.73753677,2.69,False
2014-01-22 12:40:00,65.56827407,3.209,False
2014-01-22 12:45:00,65.42188897,3.274,False
2014-01-22 12:50:00,67.42481997,2.385,False
2014-01-22 12:55:00,67.15669054,2.504,False
2014-01-22 13:00:00,66.81224447,2.657,False
2014-01-22 13:05:00,66.14683056,2.952,False
2014-01-22 13:10:00,67.2409491,2.466,False
2014-01-22 13:15:00,67.18371599,3.005,False
2014-01-22 13:20:00,67.61308709,3.184,False
2014-01-22 13:25:00,68.86752854,2.567,False
2014-01-22 13:30:00,70.68921377,1.694,False
2014-01-22 13:35:00,72.24081883,1.14,False
2014-01-22 13:40:00,72.97480405,0.966,False
2014-01-22 13:45:00,73.24104464,0.823,False
2014-01-22 13:50:00,75.17927654,0.247,False
2014-01-22 13:55:00,75.50560334,0.127,False
2014-01-22 14:00:00,77.03870728,0.616,False
2014-01-22 14:05:00,78.67940038,0.668,False
2014-01-22 14:10:00,79.64848711,0.8,False
2014-01-22 14:15:00,78.70073039,0.182,False
2014-01-22 14:20:00,79.13710029,0.208,False
2014-01-22 14:25:00,80.76163999,0.853,False
2014-01-22 14:30:00,79.78012421,0.237,False
2014-01-22 14:35:00,81.45721715,0.867,False
2014-01-22 14:40:00,80.38520115,0.013,False
2014-01-22 14:45:00,80.62552265,0.084,False
2014-01-22 14:50:00,80.41710083,0.222,False
2014-01-22 14:55:00,80.98461389,0.111,False
2014-01-22 15:00:00,81.75449662,0.648,False
2014-01-22 15:05:00,81.82815653,0.507,False
2014-01-22 15:10:00,80.37062099,1.015,False
2014-01-22 15:15:00,82.43209302,0.661,False
2014-01-22 15:20:00,81.82790609,0.034,False
2014-01-22 15:25:00,81.63641584,0.188,False
2014-01-22 15:30:00,82.29033562,0.343,False
2014-01-22 15:35:00,80.93188051,1.231,False
2014-01-22 15:40:00,82.55012344,0.385,False
2014-01-22 15:45:00,82.57763945,0.339,False
2014-01-22 15:50:00,83.06294667,0.771,False
2014-01-22 15:55:00,83.11169222,0.713,False
2014-01-22 16:00:00,82.24782693,0.385,False
2014-01-22 16:05:00,82.07710826,0.657,False
2014-01-22 16:10:00,82.12206151,0.671,False
2014-01-22 16:15:00,83.36129839,0.826,False
2014-01-22 16:20:00,83.56188272,1.057,False
2014-01-22 16:25:00,82.78535654,0.04,False
2014-01-22 16:30:00,82.7221712,0.257,False
2014-01-22 16:35:00,83.13145327,0.081,False
2014-01-22 16:40:00,84.98704999,2.494,False
2014-01-22 16:45:00,83.0728738,0.064,False
2014-01-22 16:50:00,83.96871254,1.167,False
2014-01-22 16:55:00,83.59402991,0.581,False
2014-01-22 17:00:00,82.68955352,0.755,False
2014-01-22 17:05:00,83.71900451,0.611,False
2014-01-22 17:10:00,84.66286488,1.994,False
2014-01-22 17:15:00,84.27243136,1.383,False
2014-01-22 17:20:00,84.92862941,2.304,False
2014-01-22 17:25:00,84.53153514,1.583,False
2014-01-22 17:30:00,83.13400065,0.641,False
2014-01-22 17:35:00,84.04380429999998,0.722,False
2014-01-22 17:40:00,83.3306434,0.452,False
2014-01-22 17:45:00,84.61418685,1.446,False
2014-01-22 17:50:00,82.71448237,1.607,False
2014-01-22 17:55:00,83.64440193,0.23,False
2014-01-22 18:00:00,83.32351869,0.792,False
2014-01-22 18:05:00,83.81320501,0.24,False
2014-01-22 18:10:00,84.15813494,0.227,False
2014-01-22 18:15:00,84.71899786,1.038,False
2014-01-22 18:20:00,84.29501837,0.292,False
2014-01-22 18:25:00,83.78314901,0.67,False
2014-01-22 18:30:00,84.51767481,0.349,False
2014-01-22 18:35:00,83.40963223,1.419,False
2014-01-22 18:40:00,84.42514914,0.017,False
2014-01-22 18:45:00,82.62501698,2.773,False
2014-01-22 18:50:00,84.76539132,0.359,False
2014-01-22 18:55:00,84.44709917,0.188,False
2014-01-22 19:00:00,84.90809035,0.412,False
2014-01-22 19:05:00,83.97940516,1.055,False
2014-01-22 19:10:00,83.23889117,2.229,False
2014-01-22 19:15:00,83.22225992,2.441,False
2014-01-22 19:20:00,85.38950745,0.766,False
2014-01-22 19:25:00,83.53304902,2.148,False
2014-01-22 19:30:00,84.05479008,1.369,False
2014-01-22 19:35:00,85.36285009,0.606,False
2014-01-22 19:40:00,86.27299872,1.68,False
2014-01-22 19:45:00,84.94647341,0.657,False
2014-01-22 19:50:00,85.65382509999998,0.215,False
2014-01-22 19:55:00,85.6286577,0.001,False
2014-01-22 20:00:00,84.86987528,1.144,False
2014-01-22 20:05:00,85.62748173,0.49,False
2014-01-22 20:10:00,87.41840154,1.722,False
2014-01-22 20:15:00,86.27272772,0.0,False
2014-01-22 20:20:00,86.24119468,0.097,False
2014-01-22 20:25:00,86.3350228,0.205,False
2014-01-22 20:30:00,86.92826151,0.256,False
2014-01-22 20:35:00,87.01640295,0.068,False
2014-01-22 20:40:00,86.60117635,0.965,False
2014-01-22 20:45:00,87.56067343,0.11,False
2014-01-22 20:50:00,88.69807109,1.682,False
2014-01-22 20:55:00,88.39461302,0.83,False
2014-01-22 21:00:00,88.18195382,0.17,False
2014-01-22 21:05:00,88.06109249,0.091,False
2014-01-22 21:10:00,87.65020329,0.736,False
2014-01-22 21:15:00,88.88837976,0.873,False
2014-01-22 21:20:00,88.06655647,0.259,False
2014-01-22 21:25:00,89.57266289,1.701,False
2014-01-22 21:30:00,88.30904474,0.057,False
2014-01-22 21:35:00,88.90156963,0.517,False
2014-01-22 21:40:00,90.22558809,2.07,False
2014-01-22 21:45:00,88.90695911,0.268,False
2014-01-22 21:50:00,89.45075846,0.967,False
2014-01-22 21:55:00,88.26938727,0.562,False
2014-01-22 22:00:00,89.76914915,1.294,False
2014-01-22 22:05:00,89.76374448,1.195,False
2014-01-22 22:10:00,89.29859897,0.521,False
2014-01-22 22:15:00,89.75911474,1.094,False
2014-01-22 22:20:00,89.02241099,0.151,False
2014-01-22 22:25:00,88.62865849,0.346,False
2014-01-22 22:30:00,90.58008553,2.045,False
2014-01-22 22:35:00,89.18713106,0.126,False
2014-01-22 22:40:00,90.59496398,1.776,False
2014-01-22 22:45:00,90.27218974,1.303,False
2014-01-22 22:50:00,89.38036676,0.092,False
2014-01-22 22:55:00,89.82299318,0.627,False
2014-01-22 23:00:00,89.33875648,0.0,False
2014-01-22 23:05:00,88.73837556,0.787,False
2014-01-22 23:10:00,89.49113469,0.129,False
2014-01-22 23:15:00,90.13399861,0.901,False
2014-01-22 23:20:00,88.20527842,1.577,False
2014-01-22 23:25:00,89.75798639,0.281,False
2014-01-22 23:30:00,90.51785236,1.095,False
2014-01-22 23:35:00,89.31699574,0.288,False
2014-01-22 23:40:00,90.22700467,0.68,False
2014-01-22 23:45:00,88.25468566,1.483,False
2014-01-22 23:50:00,90.27368681,0.691,False
2014-01-22 23:55:00,90.21321011,0.555,False
2014-01-23 00:00:00,88.70166306,1.117,False
2014-01-23 00:05:00,89.15313872,0.63,False
2014-01-23 00:10:00,90.55564933,0.803,False
2014-01-23 00:15:00,88.72404328,1.062,False
2014-01-23 00:20:00,89.96492157,0.108,False
2014-01-23 00:25:00,89.88947205,0.037,False
2014-01-23 00:30:00,89.62148777,0.344,False
2014-01-23 00:35:00,88.70277252,1.338,False
2014-01-23 00:40:00,89.56419811,0.522,False
2014-01-23 00:45:00,89.33906936,0.745,False
2014-01-23 00:50:00,88.87220808,1.169,False
2014-01-23 00:55:00,88.90494876,1.138,False
2014-01-23 01:00:00,89.62638119,0.499,False
2014-01-23 01:05:00,90.81373619,0.642,False
2014-01-23 01:10:00,89.63369478,0.493,False
2014-01-23 01:15:00,89.39459173,0.714,False
2014-01-23 01:20:00,89.58464927,0.534,False
2014-01-23 01:25:00,90.58324437,0.403,False
2014-01-23 01:30:00,91.43515197,1.156,False
2014-01-23 01:35:00,91.34022986,1.121,False
2014-01-23 01:40:00,90.27523131,0.161,False
2014-01-23 01:45:00,90.43833706,0.375,False
2014-01-23 01:50:00,90.1585618,0.166,False
2014-01-23 01:55:00,90.64346786,0.554,False
2014-01-23 02:00:00,90.31366127,0.247,False
2014-01-23 02:05:00,91.30353272,0.96,False
2014-01-23 02:10:00,90.55999241,0.348,False
2014-01-23 02:15:00,91.69369434,1.149,False
2014-01-23 02:20:00,93.0947782,2.159,False
2014-01-23 02:25:00,91.5889296,1.065,False
2014-01-23 02:30:00,92.20905377,1.524,False
2014-01-23 02:35:00,91.47020722,0.949,False
2014-01-23 02:40:00,93.05786244,2.166,False
2014-01-23 02:45:00,91.84273516,1.205,False
2014-01-23 02:50:00,91.56057862,0.922,False
2014-01-23 02:55:00,91.4846607,0.801,False
2014-01-23 03:00:00,92.55201727,1.515,False
2014-01-23 03:05:00,91.24601634,0.515,False
2014-01-23 03:10:00,92.34092072,1.323,False
2014-01-23 03:15:00,90.61477729,0.032,False
2014-01-23 03:20:00,89.97306549,0.465,False
2014-01-23 03:25:00,91.57686192,0.726,False
2014-01-23 03:30:00,90.73128605,0.098,False
2014-01-23 03:35:00,90.04753409,0.392,False
2014-01-23 03:40:00,91.54563838,0.673,False
2014-01-23 03:45:00,89.64742266,0.665,False
2014-01-23 03:50:00,89.42544476,0.802,False
2014-01-23 03:55:00,91.26542536,0.455,False
2014-01-23 04:00:00,89.90979597,0.495,False
2014-01-23 04:05:00,88.88303624,1.213,False
2014-01-23 04:10:00,89.72817994,0.609,False
2014-01-23 04:15:00,89.38212261,0.851,False
2014-01-23 04:20:00,89.53452678,0.744,False
2014-01-23 04:25:00,89.12241816,1.022,False
2014-01-23 04:30:00,89.2662431,0.933,False
2014-01-23 04:35:00,89.62887638,0.701,False
2014-01-23 04:40:00,89.63597397,0.696,False
2014-01-23 04:45:00,89.60150771,0.759,False
2014-01-23 04:50:00,90.47307487,0.22,False
2014-01-23 04:55:00,89.89423944,0.717,False
2014-01-23 05:00:00,89.91151346,0.766,False
2014-01-23 05:05:00,90.54786891,0.337,False
2014-01-23 05:10:00,91.92031453,0.57,False
2014-01-23 05:15:00,91.88733806,0.524,False
2014-01-23 05:20:00,90.85818503,0.14,False
2014-01-23 05:25:00,91.41452079,0.219,False
2014-01-23 05:30:00,92.14602073,0.691,False
2014-01-23 05:35:00,91.74216305,0.431,False
2014-01-23 05:40:00,91.37732348,0.195,False
2014-01-23 05:45:00,92.07037787,0.653,False
2014-01-23 05:50:00,91.10550001,0.031,False
2014-01-23 05:55:00,92.74616454,1.09,False
2014-01-23 06:00:00,93.08980552,1.373,False
2014-01-23 06:05:00,90.62073366,0.173,False
2014-01-23 06:10:00,91.05707583,0.171,False
2014-01-23 06:15:00,91.82729143,0.733,False
2014-01-23 06:20:00,90.07207666,0.408,False
2014-01-23 06:25:00,90.14648695,0.359,False
2014-01-23 06:30:00,88.74995200000002,1.231,False
2014-01-23 06:35:00,89.2311892,0.88,False
2014-01-23 06:40:00,88.42069920000002,1.407,False
2014-01-23 06:45:00,89.31888729,0.775,False
2014-01-23 06:50:00,89.27110552,0.786,False
2014-01-23 06:55:00,91.05490895,0.354,False
2014-01-23 07:00:00,89.71141476,0.415,False
2014-01-23 07:05:00,89.92042626,0.279,False
2014-01-23 07:10:00,89.49967688,0.558,False
2014-01-23 07:15:00,90.22517743,0.081,False
2014-01-23 07:20:00,91.588519,0.814,False
2014-01-23 07:25:00,91.09073095,0.496,False
2014-01-23 07:30:00,91.18010151,0.556,False
2014-01-23 07:35:00,91.97536497,1.097,False
2014-01-23 07:40:00,91.05850132,0.493,False
2014-01-23 07:45:00,92.61062079,1.649,False
2014-01-23 07:50:00,91.4907062,0.872,False
2014-01-23 07:55:00,92.86614827,2.047,False
2014-01-23 08:00:00,91.42098548,0.943,False
2014-01-23 08:05:00,92.3239641,1.683,False
2014-01-23 08:10:00,93.31349404,2.522,False
2014-01-23 08:15:00,92.28464032,1.815,False
2014-01-23 08:20:00,92.86551776,2.418,False
2014-01-23 08:25:00,93.12467015,2.791,False
2014-01-23 08:30:00,93.9437166,3.537,False
2014-01-23 08:35:00,92.56956369,2.519,False
2014-01-23 08:40:00,90.66726872,1.054,False
2014-01-23 08:45:00,92.02334268,2.122,False
2014-01-23 08:50:00,90.90096118,1.328,False
2014-01-23 08:55:00,89.46661043,0.286,False
2014-01-23 09:00:00,89.20460244,0.181,False
2014-01-23 09:05:00,87.18899974,1.348,False
2014-01-23 09:10:00,87.23143420000002,1.228,False
2014-01-23 09:15:00,88.35905427,0.173,False
2014-01-23 09:20:00,88.06042254,0.267,False
2014-01-23 09:25:00,87.66539426,0.554,False
2014-01-23 09:30:00,88.09184987,0.161,False
2014-01-23 09:35:00,87.26140638,0.75,False
2014-01-23 09:40:00,87.90172234,0.224,False
2014-01-23 09:45:00,86.97032259999996,0.944,False
2014-01-23 09:50:00,87.23626033,0.693,False
2014-01-23 09:55:00,87.16811941,0.751,False
2014-01-23 10:00:00,87.96816641,0.038,False
2014-01-23 10:05:00,88.98186929,0.864,False
2014-01-23 10:10:00,87.11092171,0.648,False
2014-01-23 10:15:00,88.96845867,0.885,False
2014-01-23 10:20:00,88.23248629,0.334,False
2014-01-23 10:25:00,88.82550191,0.914,False
2014-01-23 10:30:00,87.35750289,0.231,False
2014-01-23 10:35:00,86.94997709,0.528,False
2014-01-23 10:40:00,87.10458434,0.344,False
2014-01-23 10:45:00,87.85922246,0.399,False
2014-01-23 10:50:00,86.90315424,0.432,False
2014-01-23 10:55:00,88.37670405,0.958,False
2014-01-23 11:00:00,87.56531389,0.254,False
2014-01-23 11:05:00,88.08404605,0.801,False
2014-01-23 11:10:00,87.33979064,0.103,False
2014-01-23 11:15:00,87.91394819,0.698,False
2014-01-23 11:20:00,86.43415341,0.739,False
2014-01-23 11:25:00,87.37707545,0.236,False
2014-01-23 11:30:00,88.17952841,1.078,False
2014-01-23 11:35:00,88.18227448,1.151,False
2014-01-23 11:40:00,86.1023064,0.888,False
2014-01-23 11:45:00,86.73412001,0.223,False
2014-01-23 11:50:00,87.78466495,1.246,False
2014-01-23 11:55:00,85.75663595,1.104,False
2014-01-23 12:00:00,87.42964722,1.284,False
2014-01-23 12:05:00,85.95125694,0.526,False
2014-01-23 12:10:00,87.6067066,1.536,False
2014-01-23 12:15:00,85.99724507,0.199,False
2014-01-23 12:20:00,85.99487231,0.135,False
2014-01-23 12:25:00,86.37495862,0.327,False
2014-01-23 12:30:00,86.18913275,0.194,False
2014-01-23 12:35:00,85.68929794,0.282,False
2014-01-23 12:40:00,85.87892433,0.072,False
2014-01-23 12:45:00,86.43390243,0.51,False
2014-01-23 12:50:00,85.59526881,0.219,False
2014-01-23 12:55:00,85.30712498,0.44,False
2014-01-23 13:00:00,85.31867432,0.395,False
2014-01-23 13:05:00,84.59448649,1.019,False
2014-01-23 13:10:00,84.32646881,1.196,False
2014-01-23 13:15:00,85.26214112,0.151,False
2014-01-23 13:20:00,84.63899505,0.655,False
2014-01-23 13:25:00,85.95232695,0.642,False
2014-01-23 13:30:00,86.14859479,0.945,False
2014-01-23 13:35:00,85.75311075,0.638,False
2014-01-23 13:40:00,84.96805027,0.068,False
2014-01-23 13:45:00,84.4691048,0.443,False
2014-01-23 13:50:00,84.09175449,0.675,False
2014-01-23 13:55:00,85.07045306,0.173,False
2014-01-23 14:00:00,85.51670179,0.631,False
2014-01-23 14:05:00,84.87468477,0.208,False
2014-01-23 14:10:00,85.02453507,0.393,False
2014-01-23 14:15:00,83.47737181,0.7,False
2014-01-23 14:20:00,83.37505352,0.612,False
2014-01-23 14:25:00,83.94083469,0.081,False
2014-01-23 14:30:00,83.31425023,0.492,False
2014-01-23 14:35:00,83.83221885,0.094,False
2014-01-23 14:40:00,83.90279769,0.045,False
2014-01-23 14:45:00,83.98703763,0.017,False
2014-01-23 14:50:00,84.01773372,0.066,False
2014-01-23 14:55:00,83.2227237,0.496,False
2014-01-23 15:00:00,85.06512778,0.811,False
2014-01-23 15:05:00,84.83896227,0.673,False
2014-01-23 15:10:00,82.00602276,1.406,False
2014-01-23 15:15:00,82.68439075,0.935,False
2014-01-23 15:20:00,80.56368562,2.484,False
2014-01-23 15:25:00,79.07898631,3.582,False
2014-01-23 15:30:00,77.27603544,4.915,False
2014-01-23 15:35:00,76.02310915,5.842,False
2014-01-23 15:40:00,76.38258829,5.576,False
2014-01-23 15:45:00,73.96576388,7.363,True
2014-01-23 15:50:00,73.82962228,7.464,True
2014-01-23 15:55:00,72.95514605,8.11,True
2014-01-23 16:00:00,73.15671413,7.961,True
2014-01-23 16:05:00,73.93132197,7.389,True
2014-01-23 16:10:00,73.22300946,8.133,True
2014-01-23 16:15:00,73.99006943,7.55,True
2014-01-23 16:20:00,75.02896809,6.761,True
2014-01-23 16:25:00,73.90352267,7.616,True
2014-01-23 16:30:00,73.38648413,8.009,True
2014-01-23 16:35:00,74.43069254,7.524,True
2014-01-23 16:40:00,74.48799139,7.479,True
2014-01-23 16:45:00,74.82988958,6.912,True
2014-01-23 16:50:00,74.49830211,7.164,True
2014-01-23 16:55:00,73.05130207,8.264,True
2014-01-23 17:00:00,74.8918117,6.865,True
2014-01-23 17:05:00,77.35914745,4.989,False
2014-01-23 17:10:00,78.42860042,4.176,False
2014-01-23 17:15:00,80.09385424,2.91,False
2014-01-23 17:20:00,81.17940571,2.207,False
2014-01-23 17:25:00,83.82873659,0.126,False
2014-01-23 17:30:00,82.68853392,0.999,False
2014-01-23 17:35:00,84.70018207,0.493,False
2014-01-23 17:40:00,85.38688941,0.83,False
2014-01-23 17:45:00,83.36292561,0.942,False
2014-01-23 17:50:00,83.98461771,0.581,False
2014-01-23 17:55:00,84.0844856,0.636,False
2014-01-23 18:00:00,84.50494028,0.429,False
2014-01-23 18:05:00,85.96256077,0.522,False
2014-01-23 18:10:00,85.56060736,0.069,False
2014-01-23 18:15:00,86.46028373,0.669,False
2014-01-23 18:20:00,85.79655791,0.087,False
2014-01-23 18:25:00,85.85823248,0.023,False
2014-01-23 18:30:00,85.11587209,0.613,False
2014-01-23 18:35:00,86.60037324,0.379,False
2014-01-23 18:40:00,85.54615941,0.627,False
2014-01-23 18:45:00,87.00571792,0.367,False
2014-01-23 18:50:00,86.25670285,0.323,False
2014-01-23 18:55:00,86.97315163,0.103,False
2014-01-23 19:00:00,86.74922525,0.156,False
2014-01-23 19:05:00,87.368583,0.293,False
2014-01-23 19:10:00,88.34981319,0.934,False
2014-01-23 19:15:00,88.14871904,0.556,False
2014-01-23 19:20:00,86.93018719,0.537,False
2014-01-23 19:25:00,87.54395515,0.219,False
2014-01-23 19:30:00,88.22272821,0.133,False
2014-01-23 19:35:00,87.6536787,0.423,False
2014-01-23 19:40:00,89.10004592,0.805,False
2014-01-23 19:45:00,88.38571295,0.16,False
2014-01-23 19:50:00,88.21748625,0.001,False
2014-01-23 19:55:00,87.97879199,0.221,False
2014-01-23 20:00:00,88.21621842,0.067,False
2014-01-23 20:05:00,88.20626108,0.154,False
2014-01-23 20:10:00,88.14966764,0.301,False
2014-01-23 20:15:00,88.53650259999998,0.194,False
2014-01-23 20:20:00,88.93828618,0.078,False
2014-01-23 20:25:00,90.25509543,1.131,False
2014-01-23 20:30:00,89.15329913,0.013,False
2014-01-23 20:35:00,89.12705136,0.088,False
2014-01-23 20:40:00,89.27841203,0.156,False
2014-01-23 20:45:00,90.9377348,1.382,False
2014-01-23 20:50:00,91.28435343,1.74,False
2014-01-23 20:55:00,90.47639652,0.907,False
2014-01-23 21:00:00,91.04173447,1.326,False
2014-01-23 21:05:00,90.56439801,0.809,False
2014-01-23 21:10:00,91.61914194,1.612,False
2014-01-23 21:15:00,92.12698768,2.152,False
2014-01-23 21:20:00,90.59064762,0.526,False
2014-01-23 21:25:00,90.76824839,0.599,False
2014-01-23 21:30:00,93.04011262,3.016,False
2014-01-23 21:35:00,91.70094042,1.619,False
2014-01-23 21:40:00,93.35817809,3.412,False
2014-01-23 21:45:00,91.76567001,1.717,False
2014-01-23 21:50:00,91.8497523,1.78,False
2014-01-23 21:55:00,91.86073372,1.791,False
2014-01-23 22:00:00,92.49516169,2.478,False
2014-01-23 22:05:00,90.90973497,0.762,False
2014-01-23 22:10:00,91.67828361,1.57,False
2014-01-23 22:15:00,91.64600297,1.559,False
2014-01-23 22:20:00,91.79560501,1.75,False
2014-01-23 22:25:00,90.30285038,0.113,False
2014-01-23 22:30:00,90.21068114,0.006,False
2014-01-23 22:35:00,90.71142213,0.557,False
2014-01-23 22:40:00,90.84555798,0.693,False
2014-01-23 22:45:00,91.36451656,1.254,False
2014-01-23 22:50:00,91.5308278,1.413,False
2014-01-23 22:55:00,90.00865904,0.209,False
2014-01-23 23:00:00,91.48695875,1.366,False
2014-01-23 23:05:00,90.19963239,0.006,False
2014-01-23 23:10:00,91.07536026,0.918,False
2014-01-23 23:15:00,91.1093678,0.954,False
2014-01-23 23:20:00,89.59860205,0.62,False
2014-01-23 23:25:00,90.2307825,0.025,False
2014-01-23 23:30:00,90.92077948,0.835,False
2014-01-23 23:35:00,89.59382406,0.497,False
2014-01-23 23:40:00,90.72328745,0.598,False
2014-01-23 23:45:00,89.32716121,0.75,False
2014-01-23 23:50:00,89.00939725,0.971,False
2014-01-23 23:55:00,90.38417662,0.462,False
2014-01-24 00:00:00,89.20382212,0.642,False
2014-01-24 00:05:00,91.04396009,1.256,False
2014-01-24 00:10:00,89.26588568,0.551,False
2014-01-24 00:15:00,89.69036212,0.076,False
2014-01-24 00:20:00,90.6349383,0.932,False
2014-01-24 00:25:00,89.73039524,0.027,False
2014-01-24 00:30:00,89.52549937,0.144,False
2014-01-24 00:35:00,89.84335449,0.197,False
2014-01-24 00:40:00,89.81123444,0.191,False
2014-01-24 00:45:00,88.2916738,1.377,False
2014-01-24 00:50:00,89.71639181,0.165,False
2014-01-24 00:55:00,89.65275361,0.194,False
2014-01-24 01:00:00,89.81938845,0.455,False
2014-01-24 01:05:00,89.98478622,0.68,False
2014-01-24 01:10:00,89.27139857,0.06,False
2014-01-24 01:15:00,89.32876875,0.029,False
2014-01-24 01:20:00,89.27654728,0.003,False
2014-01-24 01:25:00,87.93392257,1.451,False
2014-01-24 01:30:00,88.93391911,0.325,False
2014-01-24 01:35:00,88.16362189,1.157,False
2014-01-24 01:40:00,88.31095769,0.998,False
2014-01-24 01:45:00,88.55565287,0.739,False
2014-01-24 01:50:00,89.79883823,0.621,False
2014-01-24 01:55:00,89.16280967,0.079,False
2014-01-24 02:00:00,87.70586734,1.663,False
2014-01-24 02:05:00,89.06293866,0.187,False
2014-01-24 02:10:00,89.16576863,0.075,False
2014-01-24 02:15:00,87.84845342,1.497,False
2014-01-24 02:20:00,87.82519139,1.523,False
2014-01-24 02:25:00,89.64946355,0.442,False
2014-01-24 02:30:00,88.53013061,0.727,False
2014-01-24 02:35:00,88.54281590000002,0.714,False
2014-01-24 02:40:00,88.65013988,0.585,False
2014-01-24 02:45:00,88.98617924,0.245,False
2014-01-24 02:50:00,87.87732855,1.335,False
2014-01-24 02:55:00,88.80887477,0.452,False
2014-01-24 03:00:00,88.13971338,1.09,False
2014-01-24 03:05:00,88.18951866,0.905,False
2014-01-24 03:10:00,87.82605304,1.297,False
2014-01-24 03:15:00,87.50546321,1.61,False
2014-01-24 03:20:00,87.51654058,1.407,False
2014-01-24 03:25:00,89.36496046,0.049,False
2014-01-24 03:30:00,89.41218571,0.086,False
2014-01-24 03:35:00,87.17784834,1.538,False
2014-01-24 03:40:00,88.74430228,0.4,False
2014-01-24 03:45:00,87.54428246,1.183,False
2014-01-24 03:50:00,87.08080109,1.525,False
2014-01-24 03:55:00,87.33743628,1.352,False
2014-01-24 04:00:00,89.13196784,0.145,False
2014-01-24 04:05:00,88.67710602,0.424,False
2014-01-24 04:10:00,87.37719082,1.247,False
2014-01-24 04:15:00,88.72550697,0.393,False
2014-01-24 04:20:00,89.00473098,0.217,False
2014-01-24 04:25:00,87.56673505,1.153,False
2014-01-24 04:30:00,89.79996488,0.184,False
2014-01-24 04:35:00,89.74323697,0.148,False
2014-01-24 04:40:00,90.00752216,0.24,False
2014-01-24 04:45:00,90.23796509,0.339,False
2014-01-24 04:50:00,90.96985166,0.797,False
2014-01-24 04:55:00,90.6415428,0.591,False
2014-01-24 05:00:00,91.70245881,1.255,False
2014-01-24 05:05:00,91.54535551,1.17,False
2014-01-24 05:10:00,92.07752223,1.507,False
2014-01-24 05:15:00,92.22492481,1.6,False
2014-01-24 05:20:00,93.16232458,2.309,False
2014-01-24 05:25:00,91.4914857,1.268,False
2014-01-24 05:30:00,93.16860185,2.406,False
2014-01-24 05:35:00,91.9121074,1.541,False
2014-01-24 05:40:00,92.99720834,2.182,False
2014-01-24 05:45:00,90.61499966,0.618,False
2014-01-24 05:50:00,90.85241749,0.773,False
2014-01-24 05:55:00,92.00970153,1.534,False
2014-01-24 06:00:00,91.604276,1.267,False
2014-01-24 06:05:00,90.4756133,0.526,False
2014-01-24 06:10:00,90.24273422,0.391,False
2014-01-24 06:15:00,91.50247661,1.291,False
2014-01-24 06:20:00,92.20876385,1.813,False
2014-01-24 06:25:00,90.34181135,0.51,False
2014-01-24 06:30:00,91.57084474,1.357,False
2014-01-24 06:35:00,90.82892988,0.826,False
2014-01-24 06:40:00,90.73459734,0.81,False
2014-01-24 06:45:00,91.65546646,1.514,False
2014-01-24 06:50:00,90.13696822,0.383,False
2014-01-24 06:55:00,90.39308303,0.596,False
2014-01-24 07:00:00,91.31459421,1.387,False
2014-01-24 07:05:00,89.60664111,0.058,False
2014-01-24 07:10:00,89.06237674,0.518,False
2014-01-24 07:15:00,89.3293983,0.306,False
2014-01-24 07:20:00,90.14437146,0.397,False
2014-01-24 07:25:00,90.92092279,1.034,False
2014-01-24 07:30:00,89.13582205,0.447,False
2014-01-24 07:35:00,90.60662037,0.819,False
2014-01-24 07:40:00,90.59095061,0.855,False
2014-01-24 07:45:00,89.19673339,0.047,False
2014-01-24 07:50:00,90.13123894,0.676,False
2014-01-24 07:55:00,88.27455308,0.578,False
2014-01-24 08:00:00,89.46302655,0.547,False
2014-01-24 08:05:00,87.16405342,0.382,False
2014-01-24 08:10:00,86.83219937,0.114,False
2014-01-24 08:15:00,85.54381432,0.444,False
2014-01-24 08:20:00,84.54729598,0.343,False
2014-01-24 08:25:00,82.55941766,0.684,False
2014-01-24 08:30:00,81.62849741,0.321,False
2014-01-24 08:35:00,79.33482807,0.79,False
2014-01-24 08:40:00,78.70222551,0.218,False
2014-01-24 08:45:00,78.44480936,0.089,False
2014-01-24 08:50:00,75.48087301,1.244,False
2014-01-24 08:55:00,76.30541693,0.271,False
2014-01-24 09:00:00,73.04721391,0.799,False
2014-01-24 09:05:00,72.25045618,0.262,False
2014-01-24 09:10:00,71.54547941,0.223,False
2014-01-24 09:15:00,71.189712,0.108,False
2014-01-24 09:20:00,69.77137802,0.431,False
2014-01-24 09:25:00,68.23157646,0.584,False
2014-01-24 09:30:00,68.61348249,0.112,False
2014-01-24 09:35:00,67.87181542,0.113,False
2014-01-24 09:40:00,67.43571206,0.258,False
2014-01-24 09:45:00,67.89662521,0.136,False
2014-01-24 09:50:00,65.39660450000001,0.765,False
2014-01-24 09:55:00,66.09241432,0.024,False
2014-01-24 10:00:00,66.00717024,0.023,False
2014-01-24 10:05:00,65.42845678,0.34,False
2014-01-24 10:10:00,65.32240431,0.398,False
2014-01-24 10:15:00,63.82026461,1.221,False
2014-01-24 10:20:00,62.34346248,1.913,False
2014-01-24 10:25:00,61.7368304,2.226,False
2014-01-24 10:30:00,61.88615877,2.173,False
2014-01-24 10:35:00,61.57570413,2.134,False
2014-01-24 10:40:00,60.46569053,2.664,False
2014-01-24 10:45:00,60.47116115,2.571,False
2014-01-24 10:50:00,60.34411664,2.518,False
2014-01-24 10:55:00,58.28986383,3.424,False
2014-01-24 11:00:00,57.8949299,3.332,False
2014-01-24 11:05:00,58.39421275,3.128,False
2014-01-24 11:10:00,56.52922416,3.89,False
2014-01-24 11:15:00,56.00629598,4.103,False
2014-01-24 11:20:00,57.51595042,3.487,False
2014-01-24 11:25:00,55.25262352,4.221,False
2014-01-24 11:30:00,56.52854482,3.723,False
2014-01-24 11:35:00,55.85324393,3.987,False
2014-01-24 11:40:00,55.2498157,4.078,False
2014-01-24 11:45:00,54.56231825,4.256,False
2014-01-24 11:50:00,53.25275183,4.741,False
2014-01-24 11:55:00,54.51277941,4.274,False
2014-01-24 12:00:00,54.72002154,4.097,False
2014-01-24 12:05:00,53.90919104,4.306,False
2014-01-24 12:10:00,53.38264868,4.477,False
2014-01-24 12:15:00,52.8586542,4.347,False
2014-01-24 12:20:00,52.41811964,4.204,False
2014-01-24 12:25:00,53.00771536,3.98,False
2014-01-24 12:30:00,52.3794133,4.171,False
2014-01-24 12:35:00,51.33484803,4.364,False
2014-01-24 12:40:00,53.69156982,3.513,False
2014-01-24 12:45:00,59.50969268,1.859,False
2014-01-24 12:50:00,65.00306123,0.298,False
2014-01-24 12:55:00,69.57042962,0.494,False
2014-01-24 13:00:00,73.38372336,0.537,False
2014-01-24 13:05:00,74.40463005,0.144,False
2014-01-24 13:10:00,75.18753585,0.11,False
2014-01-24 13:15:00,78.01640447,0.413,False
2014-01-24 13:20:00,77.91176209,0.015,False
2014-01-24 13:25:00,79.29246304,0.184,False
2014-01-24 13:30:00,82.21337754,0.437,False
2014-01-24 13:35:00,83.03903711,0.225,False
2014-01-24 13:40:00,84.28742626,0.568,False
2014-01-24 13:45:00,84.04434437,0.499,False
2014-01-24 13:50:00,83.3606782,0.294,False
2014-01-24 13:55:00,84.16513303,0.585,False
2014-01-24 14:00:00,83.56715429,0.393,False
2014-01-24 14:05:00,83.50887257,0.374,False
2014-01-24 14:10:00,83.66425892,0.438,False
2014-01-24 14:15:00,82.66387714,0.078,False
2014-01-24 14:20:00,84.95935645,0.953,False
2014-01-24 14:25:00,83.37907392,0.362,False
2014-01-24 14:30:00,82.92166256,0.184,False
2014-01-24 14:35:00,84.36422523,0.762,False
2014-01-24 14:40:00,84.26172966,0.733,False
2014-01-24 14:45:00,83.53374446,0.444,False
2014-01-24 14:50:00,84.35070795,0.781,False
2014-01-24 14:55:00,84.77278324,0.974,False
2014-01-24 15:00:00,84.64505632,0.947,False
2014-01-24 15:05:00,85.44022154,1.344,False
2014-01-24 15:10:00,84.63654651,0.982,False
2014-01-24 15:15:00,86.30166833,1.731,False
2014-01-24 15:20:00,84.880511,1.092,False
2014-01-24 15:25:00,84.12576461,0.752,False
2014-01-24 15:30:00,85.43493734,1.341,False
2014-01-24 15:35:00,85.50791344,1.374,False
2014-01-24 15:40:00,84.49120889,0.917,False
2014-01-24 15:45:00,84.5834938,0.958,False
2014-01-24 15:50:00,84.62810747,0.978,False
2014-01-24 15:55:00,84.81258602,1.061,False
2014-01-24 16:00:00,84.1091122,0.745,False
2014-01-24 16:05:00,82.40615211,0.022,False
2014-01-24 16:10:00,83.63345484,0.535,False
2014-01-24 16:15:00,84.16674853,0.776,False
2014-01-24 16:20:00,82.71929426,0.118,False
2014-01-24 16:25:00,83.38172926,0.412,False
2014-01-24 16:30:00,82.50151388,0.021,False
2014-01-24 16:35:00,83.46756264,0.443,False
2014-01-24 16:40:00,82.31349456,0.02,False
2014-01-24 16:45:00,81.48527657,0.33,False
2014-01-24 16:50:00,81.96313737,0.057,False
2014-01-24 16:55:00,81.78412839,0.09,False
2014-01-24 17:00:00,81.53002393,0.152,False
2014-01-24 17:05:00,82.01591395,0.159,False
2014-01-24 17:10:00,82.17089708,0.294,False
2014-01-24 17:15:00,79.69755167,0.72,False
2014-01-24 17:20:00,80.02311454,0.491,False
2014-01-24 17:25:00,81.15459399999997,0.012,False
2014-01-24 17:30:00,80.60351957,0.233,False
2014-01-24 17:35:00,79.28964708,0.759,False
2014-01-24 17:40:00,79.76266721,0.594,False
2014-01-24 17:45:00,78.95670411,1.061,False
2014-01-24 17:50:00,80.46155637,0.205,False
2014-01-24 17:55:00,80.13190017,0.399,False
2014-01-24 18:00:00,80.17809999,0.384,False
2014-01-24 18:05:00,78.4911289,1.424,False
2014-01-24 18:10:00,78.16637989,1.659,False
2014-01-24 18:15:00,78.12050372,1.688,False
2014-01-24 18:20:00,78.96161236,1.199,False
2014-01-24 18:25:00,77.10387896,2.45,False
2014-01-24 18:30:00,79.26495831,1.026,False
2014-01-24 18:35:00,78.74097139,1.401,False
2014-01-24 18:40:00,77.58448703,2.278,False
2014-01-24 18:45:00,79.01324525,1.325,False
2014-01-24 18:50:00,79.90909379,0.686,False
2014-01-24 18:55:00,79.09565509,1.297,False
2014-01-24 19:00:00,79.31215525,1.155,False
2014-01-24 19:05:00,79.78850762,0.79,False
2014-01-24 19:10:00,79.60880645,0.928,False
2014-01-24 19:15:00,78.32261788,1.94,False
2014-01-24 19:20:00,80.05775934,0.614,False
2014-01-24 19:25:00,78.64097436,1.754,False
2014-01-24 19:30:00,80.12987902,0.589,False
2014-01-24 19:35:00,78.95320862,1.591,False
2014-01-24 19:40:00,79.28543758,1.308,False
2014-01-24 19:45:00,80.32116809,0.426,False
2014-01-24 19:50:00,81.10658039,0.243,False
2014-01-24 19:55:00,80.15829286,0.565,False
2014-01-24 20:00:00,79.62914242,0.959,False
2014-01-24 20:05:00,79.93904969,0.71,False
2014-01-24 20:10:00,81.03936148,0.175,False
2014-01-24 20:15:00,80.12406183,0.561,False
2014-01-24 20:20:00,81.89943372,0.689,False
2014-01-24 20:25:00,79.97638492,0.936,False
2014-01-24 20:30:00,80.52799538,0.467,False
2014-01-24 20:35:00,81.62050711,0.393,False
2014-01-24 20:40:00,82.36781734,1.022,False
2014-01-24 20:45:00,81.04529045,0.156,False
2014-01-24 20:50:00,81.99697624,0.661,False
2014-01-24 20:55:00,82.15404186,0.726,False
2014-01-24 21:00:00,82.31571558,0.75,False
2014-01-24 21:05:00,82.48138082,0.795,False
2014-01-24 21:10:00,82.94007804,1.199,False
2014-01-24 21:15:00,82.34302612,0.673,False
2014-01-24 21:20:00,81.2158877,0.351,False
2014-01-24 21:25:00,82.94244431,1.133,False
2014-01-24 21:30:00,82.1583968,0.339,False
2014-01-24 21:35:00,81.37952562,0.362,False
2014-01-24 21:40:00,81.49414116,0.333,False
2014-01-24 21:45:00,81.21086728,0.611,False
2014-01-24 21:50:00,83.2097218,1.275,False
2014-01-24 21:55:00,81.95945638,0.048,False
2014-01-24 22:00:00,83.46737841,1.483,False
2014-01-24 22:05:00,81.89385194,0.046,False
2014-01-24 22:10:00,81.49040068,0.449,False
2014-01-24 22:15:00,82.35761363,0.416,False
2014-01-24 22:20:00,81.72987485,0.21,False
2014-01-24 22:25:00,82.51620367,0.574,False
2014-01-24 22:30:00,82.14314674,0.202,False
2014-01-24 22:35:00,82.96306423,1.02,False
2014-01-24 22:40:00,81.82820297,0.15,False
2014-01-24 22:45:00,81.28793943,0.689,False
2014-01-24 22:50:00,81.59591677,0.374,False
2014-01-24 22:55:00,83.15965799,1.104,False
2014-01-24 23:00:00,82.51285836,0.39,False
2014-01-24 23:05:00,82.58985419,0.479,False
2014-01-24 23:10:00,82.37606071,0.273,False
2014-01-24 23:15:00,83.48150077,1.354,False
2014-01-24 23:20:00,82.58154848,0.488,False
2014-01-24 23:25:00,82.16151469,0.067,False
2014-01-24 23:30:00,82.70149727,0.653,False
2014-01-24 23:35:00,81.56931371,0.603,False
2014-01-24 23:40:00,81.22817684,0.959,False
2014-01-24 23:45:00,82.84583938,0.808,False
2014-01-24 23:50:00,83.31944105,1.273,False
2014-01-24 23:55:00,83.54582132,1.509,False
2014-01-25 00:00:00,83.43134128,1.485,False
2014-01-25 00:05:00,81.92147397,0.02,False
2014-01-25 00:10:00,82.20297927,0.319,False
2014-01-25 00:15:00,82.2399586,0.38,False
2014-01-25 00:20:00,83.31388405,1.575,False
2014-01-25 00:25:00,83.30188071,1.507,False
2014-01-25 00:30:00,81.48104364,0.359,False
2014-01-25 00:35:00,83.25127798,1.578,False
2014-01-25 00:40:00,81.79844642,0.009,False
2014-01-25 00:45:00,82.05126987,0.272,False
2014-01-25 00:50:00,83.20797259999998,1.434,False
2014-01-25 00:55:00,82.94990151,1.191,False
2014-01-25 01:00:00,81.29649704,0.455,False
2014-01-25 01:05:00,81.48362963,0.266,False
2014-01-25 01:10:00,80.96793311,0.763,False
2014-01-25 01:15:00,80.77866515,0.923,False
2014-01-25 01:20:00,80.7217452,0.957,False
2014-01-25 01:25:00,80.64178238,0.97,False
2014-01-25 01:30:00,80.89350439,0.668,False
2014-01-25 01:35:00,82.32668203,0.776,False
2014-01-25 01:40:00,80.49443126,0.966,False
2014-01-25 01:45:00,80.57626459,0.795,False
2014-01-25 01:50:00,82.48308555,1.062,False
2014-01-25 01:55:00,82.1949099,0.875,False
2014-01-25 02:00:00,81.68695148,0.421,False
2014-01-25 02:05:00,81.05285705,0.188,False
2014-01-25 02:10:00,81.88255254,0.626,False
2014-01-25 02:15:00,81.23300988,0.0,False
2014-01-25 02:20:00,80.99570348,0.237,False
2014-01-25 02:25:00,81.13346088,0.048,False
2014-01-25 02:30:00,82.15847772,1.034,False
2014-01-25 02:35:00,81.25051315,0.213,False
2014-01-25 02:40:00,80.78555864,0.185,False
2014-01-25 02:45:00,81.78221072,0.827,False
2014-01-25 02:50:00,81.76169046,0.88,False
2014-01-25 02:55:00,81.71449903,0.887,False
2014-01-25 03:00:00,80.01044424,0.78,False
2014-01-25 03:05:00,80.59825632,0.179,False
2014-01-25 03:10:00,79.63787873,1.17,False
2014-01-25 03:15:00,79.61773133,1.152,False
2014-01-25 03:20:00,81.73027026,1.119,False
2014-01-25 03:25:00,81.24241203,0.626,False
2014-01-25 03:30:00,80.54371393,0.081,False
2014-01-25 03:35:00,80.64907446,0.065,False
2014-01-25 03:40:00,81.29056903,0.766,False
2014-01-25 03:45:00,81.23250882,0.708,False
2014-01-25 03:50:00,79.37737216,1.148,False
2014-01-25 03:55:00,80.88943618,0.394,False
2014-01-25 04:00:00,80.19742228,0.3,False
2014-01-25 04:05:00,79.31585911,1.224,False
2014-01-25 04:10:00,79.59239012,0.934,False
2014-01-25 04:15:00,80.10957689,0.376,False
2014-01-25 04:20:00,78.74171525,1.784,False
2014-01-25 04:25:00,80.50550142,0.245,False
2014-01-25 04:30:00,80.46537679999999,0.335,False
2014-01-25 04:35:00,80.7540994,0.665,False
2014-01-25 04:40:00,79.49512418,0.7,False
2014-01-25 04:45:00,79.25050222,0.961,False
2014-01-25 04:50:00,80.67907096,0.65,False
2014-01-25 04:55:00,79.56700839,0.615,False
2014-01-25 05:00:00,78.75829289,1.537,False
2014-01-25 05:05:00,79.46977902,0.702,False
2014-01-25 05:10:00,80.36200316,0.311,False
2014-01-25 05:15:00,80.12665202,0.044,False
2014-01-25 05:20:00,79.88642305,0.23,False
2014-01-25 05:25:00,78.71197011,1.569,False
2014-01-25 05:30:00,79.07681823,1.153,False
2014-01-25 05:35:00,79.94313722,0.165,False
2014-01-25 05:40:00,80.52041846,0.49,False
2014-01-25 05:45:00,80.10356603,0.017,False
2014-01-25 05:50:00,78.89516098,1.34,False
2014-01-25 05:55:00,78.94330603,1.286,False
2014-01-25 06:00:00,79.85962765,0.257,False
2014-01-25 06:05:00,79.86133178,0.275,False
2014-01-25 06:10:00,79.98460301,0.137,False
2014-01-25 06:15:00,79.47705722,0.72,False
2014-01-25 06:20:00,79.31774268,0.922,False
2014-01-25 06:25:00,79.60174562,0.603,False
2014-01-25 06:30:00,79.38026366,0.846,False
2014-01-25 06:35:00,78.64890804,1.643,False
2014-01-25 06:40:00,78.98285086,1.256,False
2014-01-25 06:45:00,79.55353597,0.636,False
2014-01-25 06:50:00,78.42399245,1.863,False
2014-01-25 06:55:00,80.47153079,0.323,False
2014-01-25 07:00:00,80.77810009999997,0.645,False
2014-01-25 07:05:00,80.51351012,0.259,False
2014-01-25 07:10:00,79.39405097,0.967,False
2014-01-25 07:15:00,79.82216052,0.592,False
2014-01-25 07:20:00,80.07292449,0.361,False
2014-01-25 07:25:00,79.99804227,0.433,False
2014-01-25 07:30:00,80.63259728,0.14,False
2014-01-25 07:35:00,79.27555628,0.981,False
2014-01-25 07:40:00,79.27731428,0.959,False
2014-01-25 07:45:00,80.15042246,0.27,False
2014-01-25 07:50:00,80.46493425,0.037,False
2014-01-25 07:55:00,81.12404751,0.406,False
2014-01-25 08:00:00,79.37130618,0.772,False
2014-01-25 08:05:00,80.35890353,0.147,False
2014-01-25 08:10:00,80.51796287,0.048,False
2014-01-25 08:15:00,80.76354655,0.044,False
2014-01-25 08:20:00,80.52336611,0.116,False
2014-01-25 08:25:00,81.15695455,0.306,False
2014-01-25 08:30:00,82.14011208,0.919,False
2014-01-25 08:35:00,82.45528412,1.156,False
2014-01-25 08:40:00,81.85964466,0.73,False
2014-01-25 08:45:00,81.47765999,0.474,False
2014-01-25 08:50:00,82.45097,1.126,False
2014-01-25 08:55:00,81.62366509,0.577,False
2014-01-25 09:00:00,82.59102923,1.252,False
2014-01-25 09:05:00,80.93402287,0.112,False
2014-01-25 09:10:00,81.76925927,0.687,False
2014-01-25 09:15:00,82.92242696,1.48,False
2014-01-25 09:20:00,82.75863468,1.368,False
2014-01-25 09:25:00,83.39419624,1.805,False
2014-01-25 09:30:00,82.62800148,1.278,False
2014-01-25 09:35:00,82.22896454,1.003,False
2014-01-25 09:40:00,81.87408382,0.811,False
2014-01-25 09:45:00,83.84530403,2.409,False
2014-01-25 09:50:00,82.17125066,1.098,False
2014-01-25 09:55:00,82.77272184,1.569,False
2014-01-25 10:00:00,82.94575116,1.599,False
2014-01-25 10:05:00,83.29975601,1.754,False
2014-01-25 10:10:00,83.42899019,1.842,False
2014-01-25 10:15:00,83.24448268,1.689,False
2014-01-25 10:20:00,82.77703905,1.358,False
2014-01-25 10:25:00,83.64199181,1.855,False
2014-01-25 10:30:00,82.71749443,1.211,False
2014-01-25 10:35:00,84.16924433,2.046,False
2014-01-25 10:40:00,81.76470884,0.607,False
2014-01-25 10:45:00,82.59481981,1.104,False
2014-01-25 10:50:00,82.40780277,0.917,False
2014-01-25 10:55:00,81.6187869,0.441,False
2014-01-25 11:00:00,82.34045768,0.849,False
2014-01-25 11:05:00,80.54768285,0.058,False
2014-01-25 11:10:00,82.10828571,0.702,False
2014-01-25 11:15:00,80.59730987,0.033,False
2014-01-25 11:20:00,79.83077095,0.354,False
2014-01-25 11:25:00,81.22661923,0.308,False
2014-01-25 11:30:00,80.139677,0.192,False
2014-01-25 11:35:00,79.05520501,0.582,False
2014-01-25 11:40:00,80.55656541,0.266,False
2014-01-25 11:45:00,80.73713578,0.463,False
2014-01-25 11:50:00,79.55137015,0.044,False
2014-01-25 11:55:00,79.33287438,0.124,False
2014-01-25 12:00:00,79.63612145,0.09,False
2014-01-25 12:05:00,79.24705421,0.02,False
2014-01-25 12:10:00,79.65517481,0.235,False
2014-01-25 12:15:00,78.86646701,0.043,False
2014-01-25 12:20:00,78.62835978,0.055,False
2014-01-25 12:25:00,77.64583876,0.391,False
2014-01-25 12:30:00,78.31086372,0.071,False
2014-01-25 12:35:00,77.56257255,0.249,False
2014-01-25 12:40:00,78.02822034,0.008,False
2014-01-25 12:45:00,78.00177383,0.008,False
2014-01-25 12:50:00,75.71857447,1.406,False
2014-01-25 12:55:00,76.16819082,1.186,False
2014-01-25 13:00:00,75.57571737,1.569,False
2014-01-25 13:05:00,77.03263239,0.65,False
2014-01-25 13:10:00,75.24730572,1.877,False
2014-01-25 13:15:00,74.56576562,2.374,False
2014-01-25 13:20:00,76.31657165,1.219,False
2014-01-25 13:25:00,74.99599093,2.287,False
2014-01-25 13:30:00,75.36804476,2.027,False
2014-01-25 13:35:00,74.61586574,2.612,False
2014-01-25 13:40:00,75.80359848,1.702,False
2014-01-25 13:45:00,75.27732111,2.17,False
2014-01-25 13:50:00,75.58025997,2.059,False
2014-01-25 13:55:00,76.88120405,1.001,False
2014-01-25 14:00:00,75.56796703,2.21,False
2014-01-25 14:05:00,77.44282733,0.518,False
2014-01-25 14:10:00,76.20392914,1.632,False
2014-01-25 14:15:00,77.70313735,0.276,False
2014-01-25 14:20:00,77.12443298,0.796,False
2014-01-25 14:25:00,76.46953841,1.423,False
2014-01-25 14:30:00,76.18628173,1.687,False
2014-01-25 14:35:00,76.83361406,1.049,False
2014-01-25 14:40:00,77.41030532,0.53,False
2014-01-25 14:45:00,77.26176093,0.652,False
2014-01-25 14:50:00,77.59348440000002,0.366,False
2014-01-25 14:55:00,76.03946351,1.763,False
2014-01-25 15:00:00,76.93045982,0.962,False
2014-01-25 15:05:00,76.02445386,1.777,False
2014-01-25 15:10:00,76.07255103,1.702,False
2014-01-25 15:15:00,77.99798885,0.002,False
2014-01-25 15:20:00,77.92835307,0.063,False
2014-01-25 15:25:00,77.10459359,0.79,False
2014-01-25 15:30:00,77.25327490000002,0.685,False
2014-01-25 15:35:00,78.18496915,0.15,False
2014-01-25 15:40:00,78.70523680000002,0.511,False
2014-01-25 15:45:00,77.84285327,0.397,False
2014-01-25 15:50:00,79.22197315,0.523,False
2014-01-25 15:55:00,79.92663796,0.94,False
2014-01-25 16:00:00,78.43194703,0.557,False
2014-01-25 16:05:00,80.45009105,0.869,False
2014-01-25 16:10:00,78.94633927,0.77,False
2014-01-25 16:15:00,80.66370493,0.549,False
2014-01-25 16:20:00,81.08836915,0.808,False
2014-01-25 16:25:00,80.24446784,0.066,False
2014-01-25 16:30:00,80.17950968,0.197,False
2014-01-25 16:35:00,79.71060167,0.672,False
2014-01-25 16:40:00,80.38482705,0.075,False
2014-01-25 16:45:00,80.78172593,0.26,False
2014-01-25 16:50:00,81.00552701,0.404,False
2014-01-25 16:55:00,81.23567757,0.586,False
2014-01-25 17:00:00,80.47783179,0.243,False
2014-01-25 17:05:00,82.51760314,1.678,False
2014-01-25 17:10:00,80.53428498,0.53,False
2014-01-25 17:15:00,80.39580689,0.792,False
2014-01-25 17:20:00,81.99674479,0.7,False
2014-01-25 17:25:00,81.74817203,0.376,False
2014-01-25 17:30:00,82.37207757,0.988,False
2014-01-25 17:35:00,80.62706334,0.97,False
2014-01-25 17:40:00,82.7916163,1.202,False
2014-01-25 17:45:00,81.42191226,0.473,False
2014-01-25 17:50:00,82.71618984,0.773,False
2014-01-25 17:55:00,81.41065642,0.618,False
2014-01-25 18:00:00,82.24636462,0.184,False
2014-01-25 18:05:00,83.00037967,0.897,False
2014-01-25 18:10:00,82.41849286,0.178,False
2014-01-25 18:15:00,82.27552386,0.005,False
2014-01-25 18:20:00,82.76700199,0.542,False
2014-01-25 18:25:00,82.2753557,0.052,False
2014-01-25 18:30:00,83.43730162,1.135,False
2014-01-25 18:35:00,83.54835906,1.28,False
2014-01-25 18:40:00,82.78392883,0.413,False
2014-01-25 18:45:00,81.34752859999998,1.2,False
2014-01-25 18:50:00,82.02136876,0.512,False
2014-01-25 18:55:00,81.65272449,0.999,False
2014-01-25 19:00:00,82.45485897,0.175,False
2014-01-25 19:05:00,83.62209870000002,1.058,False
2014-01-25 19:10:00,82.2671316,0.538,False
2014-01-25 19:15:00,83.12873893,0.401,False
2014-01-25 19:20:00,83.50440887,0.813,False
2014-01-25 19:25:00,81.98409326,1.06,False
2014-01-25 19:30:00,83.63443147,0.663,False
2014-01-25 19:35:00,82.40010038,0.862,False
2014-01-25 19:40:00,82.12614099,1.225,False
2014-01-25 19:45:00,83.79151029,0.609,False
2014-01-25 19:50:00,83.90492506,0.692,False
2014-01-25 19:55:00,82.63275566,0.822,False
2014-01-25 20:00:00,84.0844683,0.685,False
2014-01-25 20:05:00,83.30085066,0.252,False
2014-01-25 20:10:00,82.37264829,1.4,False
2014-01-25 20:15:00,82.59444988,1.194,False
2014-01-25 20:20:00,84.34736218,0.777,False
2014-01-25 20:25:00,83.71526803,0.019,False
2014-01-25 20:30:00,83.74843721,0.024,False
2014-01-25 20:35:00,84.19168814,0.43,False
2014-01-25 20:40:00,84.672925,0.973,False
2014-01-25 20:45:00,84.60575488,0.866,False
2014-01-25 20:50:00,83.22014781,0.857,False
2014-01-25 20:55:00,83.95980683,0.021,False
2014-01-25 21:00:00,84.08398198,0.108,False
2014-01-25 21:05:00,84.86798867,1.012,False
2014-01-25 21:10:00,84.13201550000002,0.073,False
2014-01-25 21:15:00,84.80311088,0.861,False
2014-01-25 21:20:00,83.28968383,0.98,False
2014-01-25 21:25:00,83.19060182,1.076,False
2014-01-25 21:30:00,84.44040996,0.307,False
2014-01-25 21:35:00,84.13109634,0.158,False
2014-01-25 21:40:00,83.9251161,0.528,False
2014-01-25 21:45:00,84.66907458,0.27,False
2014-01-25 21:50:00,85.01169559,0.569,False
2014-01-25 21:55:00,85.82811411,1.415,False
2014-01-25 22:00:00,84.0614027,0.644,False
2014-01-25 22:05:00,84.71981145,0.095,False
2014-01-25 22:10:00,83.84628816,0.985,False
2014-01-25 22:15:00,83.901656,0.88,False
2014-01-25 22:20:00,85.21096664,0.589,False
2014-01-25 22:25:00,84.66778352,0.099,False
2014-01-25 22:30:00,84.03291934,0.909,False
2014-01-25 22:35:00,85.86344762,1.189,False
2014-01-25 22:40:00,84.96958446,0.059,False
2014-01-25 22:45:00,84.78096297,0.259,False
2014-01-25 22:50:00,84.42603325,0.732,False
2014-01-25 22:55:00,84.59258098,0.591,False
2014-01-25 23:00:00,85.23926738,0.121,False
2014-01-25 23:05:00,85.50865837,0.373,False
2014-01-25 23:10:00,85.06629493,0.302,False
2014-01-25 23:15:00,86.52758911,1.412,False
2014-01-25 23:20:00,84.58865787,1.165,False
2014-01-25 23:25:00,86.41834065,1.175,False
2014-01-25 23:30:00,85.56585902,0.023,False
2014-01-25 23:35:00,85.36526169,0.239,False
2014-01-25 23:40:00,85.07803589,0.686,False
2014-01-25 23:45:00,85.70271007,0.007,False
2014-01-25 23:50:00,86.43752336,0.935,False
2014-01-25 23:55:00,86.57122640000001,1.102,False
2014-01-26 00:00:00,85.83005902,0.093,False
2014-01-26 00:05:00,87.19617395,1.843,False
2014-01-26 00:10:00,87.36933425,2.047,False
2014-01-26 00:15:00,86.24484682,0.524,False
2014-01-26 00:20:00,87.53718425,2.177,False
2014-01-26 00:25:00,86.85420557,1.269,False
2014-01-26 00:30:00,85.9458793,0.007,False
2014-01-26 00:35:00,86.96540128,1.362,False
2014-01-26 00:40:00,85.48659274,0.662,False
2014-01-26 00:45:00,87.08911455,1.398,False
2014-01-26 00:50:00,85.93474655,0.135,False
2014-01-26 00:55:00,86.07706781,0.018,False
2014-01-26 01:00:00,87.52696021,1.907,False
2014-01-26 01:05:00,86.43747561,0.468,False
2014-01-26 01:10:00,87.48719537,1.846,False
2014-01-26 01:15:00,86.60863326,0.671,False
2014-01-26 01:20:00,86.27847808,0.131,False
2014-01-26 01:25:00,87.61792784,1.842,False
2014-01-26 01:30:00,85.54278989,0.937,False
2014-01-26 01:35:00,87.74412962,1.985,False
2014-01-26 01:40:00,85.75497361,0.678,False
2014-01-26 01:45:00,85.71313239,0.762,False
2014-01-26 01:50:00,86.51026648,0.268,False
2014-01-26 01:55:00,86.09003836,0.326,False
2014-01-26 02:00:00,86.2502194,0.111,False
2014-01-26 02:05:00,87.5066795,1.514,False
2014-01-26 02:10:00,87.08326766,0.881,False
2014-01-26 02:15:00,85.55258857,1.163,False
2014-01-26 02:20:00,86.32312712,0.076,False
2014-01-26 02:25:00,87.27085687,1.133,False
2014-01-26 02:30:00,85.76444998,0.84,False
2014-01-26 02:35:00,86.1169267,0.426,False
2014-01-26 02:40:00,86.79089353,0.436,False
2014-01-26 02:45:00,85.59978786,1.161,False
2014-01-26 02:50:00,86.84380589,0.472,False
2014-01-26 02:55:00,86.04978478,0.61,False
2014-01-26 03:00:00,86.94416506,0.592,False
2014-01-26 03:05:00,86.08004638,0.563,False
2014-01-26 03:10:00,87.49951163,1.338,False
2014-01-26 03:15:00,86.02401689,0.584,False
2014-01-26 03:20:00,85.77746326,0.951,False
2014-01-26 03:25:00,86.55053195,0.078,False
2014-01-26 03:30:00,85.61531823,1.14,False
2014-01-26 03:35:00,86.48884121,0.005,False
2014-01-26 03:40:00,86.29401244,0.225,False
2014-01-26 03:45:00,85.40741554,1.442,False
2014-01-26 03:50:00,86.25121571,0.321,False
2014-01-26 03:55:00,87.30787556,1.069,False
2014-01-26 04:00:00,86.34175016,0.249,False
2014-01-26 04:05:00,85.57530104,1.294,False
2014-01-26 04:10:00,86.62770914,0.107,False
2014-01-26 04:15:00,86.77951348,0.313,False
2014-01-26 04:20:00,87.30764269,1.024,False
2014-01-26 04:25:00,85.77529618,1.061,False
2014-01-26 04:30:00,87.08818829999998,0.74,False
2014-01-26 04:35:00,87.45047752,1.231,False
2014-01-26 04:40:00,86.49675516,0.148,False
2014-01-26 04:45:00,87.03460763,0.601,False
2014-01-26 04:50:00,86.80811452,0.225,False
2014-01-26 04:55:00,86.23958303,0.681,False
2014-01-26 05:00:00,86.54759863,0.29,False
2014-01-26 05:05:00,87.13136707,0.508,False
2014-01-26 05:10:00,85.88043485,1.325,False
2014-01-26 05:15:00,86.04527066,1.083,False
2014-01-26 05:20:00,87.23541786,0.662,False
2014-01-26 05:25:00,85.92031725,1.271,False
2014-01-26 05:30:00,87.36091912,0.812,False
2014-01-26 05:35:00,87.20999943,0.578,False
2014-01-26 05:40:00,86.39503637,0.637,False
2014-01-26 05:45:00,86.57197564,0.389,False
2014-01-26 05:50:00,88.15340206,1.832,False
2014-01-26 05:55:00,87.94195212,1.485,False
2014-01-26 06:00:00,86.18271822,1.011,False
2014-01-26 06:05:00,85.96891767,1.259,False
2014-01-26 06:10:00,86.17692716,1.054,False
2014-01-26 06:15:00,87.39104723,0.582,False
2014-01-26 06:20:00,86.98666387,0.02,False
2014-01-26 06:25:00,86.10447626,1.287,False
2014-01-26 06:30:00,87.69745908,0.882,False
2014-01-26 06:35:00,86.18034148,1.3,False
2014-01-26 06:40:00,86.68676896,0.659,False
2014-01-26 06:45:00,87.90041323,0.995,False
2014-01-26 06:50:00,86.78080478,0.59,False
2014-01-26 06:55:00,87.18450018,0.03,False
2014-01-26 07:00:00,86.71634534,0.693,False
2014-01-26 07:05:00,87.20132548,0.026,False
2014-01-26 07:10:00,88.38142468,1.628,False
2014-01-26 07:15:00,86.62596437,0.848,False
2014-01-26 07:20:00,86.86151685,0.514,False
2014-01-26 07:25:00,87.27816764,0.063,False
2014-01-26 07:30:00,86.87972533,0.489,False
2014-01-26 07:35:00,88.60140272,1.898,False
2014-01-26 07:40:00,87.19291519,0.055,False
2014-01-26 07:45:00,87.57698492,0.44,False
2014-01-26 07:50:00,88.60439789,1.656,False
2014-01-26 07:55:00,88.05360024,0.954,False
2014-01-26 08:00:00,87.42698803,0.13,False
2014-01-26 08:05:00,87.46568972,0.108,False
2014-01-26 08:10:00,86.85117733,0.658,False
2014-01-26 08:15:00,88.88052512,1.735,False
2014-01-26 08:20:00,86.82734516,0.73,False
2014-01-26 08:25:00,87.01591103,0.549,False
2014-01-26 08:30:00,87.69935796,0.164,False
2014-01-26 08:35:00,86.95509791,0.707,False
2014-01-26 08:40:00,88.37952911,0.843,False
2014-01-26 08:45:00,88.47900882,0.913,False
2014-01-26 08:50:00,88.30590052,0.683,False
2014-01-26 08:55:00,87.94220250000002,0.319,False
2014-01-26 09:00:00,88.78896221,1.303,False
2014-01-26 09:05:00,88.13551673,0.546,False
2014-01-26 09:10:00,87.24717936,0.48,False
2014-01-26 09:15:00,87.63368320000002,0.032,False
2014-01-26 09:20:00,87.53375477,0.18,False
2014-01-26 09:25:00,88.73248988,1.232,False
2014-01-26 09:30:00,87.67540338,0.013,False
2014-01-26 09:35:00,87.60305991,0.101,False
2014-01-26 09:40:00,87.93717508,0.301,False
2014-01-26 09:45:00,87.91172371,0.146,False
2014-01-26 09:50:00,88.08032231,0.348,False
2014-01-26 09:55:00,87.2297105,0.66,False
2014-01-26 10:00:00,88.79123194,1.179,False
2014-01-26 10:05:00,87.93108687,0.16,False
2014-01-26 10:10:00,87.13321869,0.732,False
2014-01-26 10:15:00,87.08489059,0.687,False
2014-01-26 10:20:00,89.10841282,1.497,False
2014-01-26 10:25:00,87.20741277,0.662,False
2014-01-26 10:30:00,86.90038041,1.011,False
2014-01-26 10:35:00,87.23898170000002,0.611,False
2014-01-26 10:40:00,88.46581548,0.881,False
2014-01-26 10:45:00,89.19385421,1.708,False
2014-01-26 10:50:00,88.94717333,1.428,False
2014-01-26 10:55:00,88.04485121,0.403,False
2014-01-26 11:00:00,88.93414705,1.479,False
2014-01-26 11:05:00,88.29004784,0.721,False
2014-01-26 11:10:00,87.06679037,0.694,False
2014-01-26 11:15:00,88.79259881,1.236,False
2014-01-26 11:20:00,88.74251218,1.229,False
2014-01-26 11:25:00,88.71924726,1.247,False
2014-01-26 11:30:00,88.5479849,1.045,False
2014-01-26 11:35:00,88.59776148,1.129,False
2014-01-26 11:40:00,88.00624426,0.441,False
2014-01-26 11:45:00,88.44176923,0.987,False
2014-01-26 11:50:00,87.04120883,0.676,False
2014-01-26 11:55:00,87.3079731,0.341,False
2014-01-26 12:00:00,87.88108899,0.371,False
2014-01-26 12:05:00,87.22796846,0.377,False
2014-01-26 12:10:00,87.64463990000002,0.159,False
2014-01-26 12:15:00,88.42732393,1.079,False
2014-01-26 12:20:00,87.55609347,0.104,False
2014-01-26 12:25:00,86.89468595,0.62,False
2014-01-26 12:30:00,88.76053373,1.547,False
2014-01-26 12:35:00,87.44809327,0.081,False
2014-01-26 12:40:00,88.57001628,1.362,False
2014-01-26 12:45:00,88.85155347,1.709,False
2014-01-26 12:50:00,86.67813364,0.681,False
2014-01-26 12:55:00,87.42863537,0.166,False
2014-01-26 13:00:00,86.51506979999998,0.836,False
2014-01-26 13:05:00,86.52513961,0.818,False
2014-01-26 13:10:00,87.68042438,0.471,False
2014-01-26 13:15:00,88.49290463,1.37,False
2014-01-26 13:20:00,87.48476047,0.257,False
2014-01-26 13:25:00,87.37020708,0.15,False
2014-01-26 13:30:00,86.31868249,1.003,False
2014-01-26 13:35:00,87.58155907,0.382,False
2014-01-26 13:40:00,86.7814489,0.382,False
2014-01-26 13:45:00,87.60529809,0.568,False
2014-01-26 13:50:00,87.84159856,0.828,False
2014-01-26 13:55:00,86.50003524,0.579,False
2014-01-26 14:00:00,86.59100126,0.433,False
2014-01-26 14:05:00,85.73250295,1.311,False
2014-01-26 14:10:00,85.98632379,0.958,False
2014-01-26 14:15:00,87.27061625,0.338,False
2014-01-26 14:20:00,87.31401358,0.397,False
2014-01-26 14:25:00,86.97952842,0.148,False
2014-01-26 14:30:00,87.01564107,0.3,False
2014-01-26 14:35:00,86.99551872,0.307,False
2014-01-26 14:40:00,87.28419932,0.662,False
2014-01-26 14:45:00,85.41237706,1.485,False
2014-01-26 14:50:00,86.10619557,0.687,False
2014-01-26 14:55:00,87.26262059999998,0.633,False
2014-01-26 15:00:00,87.38137864,0.764,False
2014-01-26 15:05:00,86.01762011,0.704,False
2014-01-26 15:10:00,87.05573000000004,0.36,False
2014-01-26 15:15:00,85.59192839,1.088,False
2014-01-26 15:20:00,85.41577969,1.262,False
2014-01-26 15:25:00,85.77195233,0.91,False
2014-01-26 15:30:00,85.43676944,1.211,False
2014-01-26 15:35:00,85.75910209,0.9,False
2014-01-26 15:40:00,86.70769775,0.016,False
2014-01-26 15:45:00,85.03921503,1.634,False
2014-01-26 15:50:00,85.44693481,1.231,False
2014-01-26 15:55:00,86.70474047,0.001,False
2014-01-26 16:00:00,86.93005421,0.209,False
2014-01-26 16:05:00,85.05607831,1.536,False
2014-01-26 16:10:00,86.26541529999999,0.43,False
2014-01-26 16:15:00,85.55593689,1.03,False
2014-01-26 16:20:00,84.49747382,1.96,False
2014-01-26 16:25:00,86.62782558,0.083,False
2014-01-26 16:30:00,85.88523838,0.651,False
2014-01-26 16:35:00,84.78578054,1.529,False
2014-01-26 16:40:00,85.82559198,0.695,False
2014-01-26 16:45:00,85.17284247,1.214,False
2014-01-26 16:50:00,86.32096523,0.374,False
2014-01-26 16:55:00,84.14082786,1.908,False
2014-01-26 17:00:00,85.27478211,1.09,False
2014-01-26 17:05:00,85.35387577,0.974,False
2014-01-26 17:10:00,84.97650235,1.212,False
2014-01-26 17:15:00,86.96112766,0.027,False
2014-01-26 17:20:00,86.70671651,0.175,False
2014-01-26 17:25:00,86.59148765,0.243,False
2014-01-26 17:30:00,86.74858585,0.167,False
2014-01-26 17:35:00,85.82383361,0.778,False
2014-01-26 17:40:00,87.56920205,0.172,False
2014-01-26 17:45:00,86.16158654,0.671,False
2014-01-26 17:50:00,86.56300086,0.526,False
2014-01-26 17:55:00,87.55132982,0.005,False
2014-01-26 18:00:00,88.79256902,0.663,False
2014-01-26 18:05:00,88.36215296,0.41,False
2014-01-26 18:10:00,87.73880881,0.18,False
2014-01-26 18:15:00,89.67475157,0.918,False
2014-01-26 18:20:00,88.86671071,0.292,False
2014-01-26 18:25:00,90.00461938,0.957,False
2014-01-26 18:30:00,90.24272409,1.069,False
2014-01-26 18:35:00,88.65194018,0.149,False
2014-01-26 18:40:00,88.71747823,0.186,False
2014-01-26 18:45:00,89.75560077,0.703,False
2014-01-26 18:50:00,89.98953575,0.844,False
2014-01-26 18:55:00,89.28205331,0.432,False
2014-01-26 19:00:00,90.20332122,0.969,False
2014-01-26 19:05:00,90.40518517,1.086,False
2014-01-26 19:10:00,90.00930541,0.864,False
2014-01-26 19:15:00,91.33287089,1.627,False
2014-01-26 19:20:00,90.96726765,1.427,False
2014-01-26 19:25:00,91.88102468,1.964,False
2014-01-26 19:30:00,92.74449744,2.452,False
2014-01-26 19:35:00,91.91842717,1.967,False
2014-01-26 19:40:00,91.81417514,1.922,False
2014-01-26 19:45:00,92.93978094,2.567,False
2014-01-26 19:50:00,91.20014122,1.558,False
2014-01-26 19:55:00,90.3377459,1.046,False
2014-01-26 20:00:00,90.30489189,1.094,False
2014-01-26 20:05:00,91.31664885,1.76,False
2014-01-26 20:10:00,89.40121482,0.498,False
2014-01-26 20:15:00,90.75125774,1.437,False
2014-01-26 20:20:00,89.62568756,0.654,False
2014-01-26 20:25:00,89.84043062,0.803,False
2014-01-26 20:30:00,89.82055714,0.79,False
2014-01-26 20:35:00,89.31996331,0.442,False
2014-01-26 20:40:00,89.98179105,0.893,False
2014-01-26 20:45:00,88.42804566,0.18,False
2014-01-26 20:50:00,89.54236214,0.575,False
2014-01-26 20:55:00,89.18944661,0.329,False
2014-01-26 21:00:00,87.29428065,0.939,False
2014-01-26 21:05:00,88.73390543,0.047,False
2014-01-26 21:10:00,87.33350728,0.89,False
2014-01-26 21:15:00,88.33737084,0.219,False
2014-01-26 21:20:00,87.74252206,0.603,False
2014-01-26 21:25:00,88.75151313,0.134,False
2014-01-26 21:30:00,87.04015621,0.985,False
2014-01-26 21:35:00,88.21474798,0.183,False
2014-01-26 21:40:00,88.97462096,0.363,False
2014-01-26 21:45:00,87.77500512,0.463,False
2014-01-26 21:50:00,86.72829115,1.227,False
2014-01-26 21:55:00,88.00986633,0.268,False
2014-01-26 22:00:00,87.73269695,0.422,False
2014-01-26 22:05:00,87.54615509,0.536,False
2014-01-26 22:10:00,86.74086291,1.158,False
2014-01-26 22:15:00,87.70758667,0.415,False
2014-01-26 22:20:00,86.98489682,1.003,False
2014-01-26 22:25:00,88.49510656,0.248,False
2014-01-26 22:30:00,87.12668265,0.86,False
2014-01-26 22:35:00,87.21976135,0.744,False
2014-01-26 22:40:00,86.62451422,1.195,False
2014-01-26 22:45:00,88.28509992,0.492,False
2014-01-26 22:50:00,87.29840258,0.433,False
2014-01-26 22:55:00,88.19908559999998,0.446,False
2014-01-26 23:00:00,88.73767753,1.009,False
2014-01-26 23:05:00,88.21941638,0.552,False
2014-01-26 23:10:00,86.41373811,1.251,False
2014-01-26 23:15:00,87.28672324,0.357,False
2014-01-26 23:20:00,87.45272607,0.166,False
2014-01-26 23:25:00,86.98983564,0.645,False
2014-01-26 23:30:00,87.54629968,0.0,False
2014-01-26 23:35:00,88.67663781,1.303,False
2014-01-26 23:40:00,88.47050607,1.103,False
2014-01-26 23:45:00,88.39588329,1.069,False
2014-01-26 23:50:00,88.60830216,1.22,False
2014-01-26 23:55:00,87.75635234,0.412,False
2014-01-27 00:00:00,88.2363105,0.927,False
2014-01-27 00:05:00,88.48232962,1.161,False
2014-01-27 00:10:00,86.68873144,0.676,False
2014-01-27 00:15:00,88.05350336,0.722,False
2014-01-27 00:20:00,88.44241872,1.103,False
2014-01-27 00:25:00,87.25708348,0.052,False
2014-01-27 00:30:00,87.2179775,0.089,False
2014-01-27 00:35:00,87.27110785,0.038,False
2014-01-27 00:40:00,86.78982482,0.505,False
2014-01-27 00:45:00,86.59503591,0.683,False
2014-01-27 00:50:00,86.52235345,0.741,False
2014-01-27 00:55:00,86.30796245,0.965,False
2014-01-27 01:00:00,87.19214826,0.084,False
2014-01-27 01:05:00,87.45559374,0.186,False
2014-01-27 01:10:00,87.37004004,0.103,False
2014-01-27 01:15:00,88.29437402,0.988,False
2014-01-27 01:20:00,87.633031,0.343,False
2014-01-27 01:25:00,86.08996332,1.15,False
2014-01-27 01:30:00,86.96861396,0.287,False
2014-01-27 01:35:00,87.20165662,0.064,False
2014-01-27 01:40:00,86.57108988,0.674,False
2014-01-27 01:45:00,87.17363145,0.092,False
2014-01-27 01:50:00,87.59799971,0.328,False
2014-01-27 01:55:00,87.31956764,0.08,False
2014-01-27 02:00:00,87.64891687,0.427,False
2014-01-27 02:05:00,86.44641478,0.743,False
2014-01-27 02:10:00,87.62562169,0.402,False
2014-01-27 02:15:00,86.30629609,0.879,False
2014-01-27 02:20:00,87.08438208,0.109,False
2014-01-27 02:25:00,85.88292751,1.247,False
2014-01-27 02:30:00,85.9838731,1.135,False
2014-01-27 02:35:00,85.86973148,1.18,False
2014-01-27 02:40:00,86.17182199,0.866,False
2014-01-27 02:45:00,87.86967729,0.768,False
2014-01-27 02:50:00,85.98754165,1.012,False
2014-01-27 02:55:00,86.34991926,0.629,False
2014-01-27 03:00:00,87.62100867,0.627,False
2014-01-27 03:05:00,87.65217755,0.693,False
2014-01-27 03:10:00,86.21740996,0.658,False
2014-01-27 03:15:00,87.68646392,0.764,False
2014-01-27 03:20:00,86.04963646,0.764,False
2014-01-27 03:25:00,87.59181321,0.82,False
2014-01-27 03:30:00,86.05006889,0.624,False
2014-01-27 03:35:00,86.88914546,0.247,False
2014-01-27 03:40:00,87.7674906,1.146,False
2014-01-27 03:45:00,87.08820628,0.514,False
2014-01-27 03:50:00,87.74169663,1.177,False
2014-01-27 03:55:00,85.80592676,0.671,False
2014-01-27 04:00:00,86.70891614,0.211,False
2014-01-27 04:05:00,87.42181555,0.989,False
2014-01-27 04:10:00,87.55125655,1.14,False
2014-01-27 04:15:00,87.37484493,0.999,False
2014-01-27 04:20:00,87.05336659,0.728,False
2014-01-27 04:25:00,87.2648357,0.936,False
2014-01-27 04:30:00,86.26625142,0.018,False
2014-01-27 04:35:00,86.96716955,0.706,False
2014-01-27 04:40:00,85.90942628,0.278,False
2014-01-27 04:45:00,86.54347029,0.379,False
2014-01-27 04:50:00,85.45972118,0.637,False
2014-01-27 04:55:00,86.36509221,0.268,False
2014-01-27 05:00:00,87.6750936,1.551,False
2014-01-27 05:05:00,87.44354698,1.36,False
2014-01-27 05:10:00,85.3899986,0.579,False
2014-01-27 05:15:00,86.67257519,0.693,False
2014-01-27 05:20:00,87.03059771,1.097,False
2014-01-27 05:25:00,86.90530987,0.988,False
2014-01-27 05:30:00,84.87954233,0.989,False
2014-01-27 05:35:00,85.89653166,0.049,False
2014-01-27 05:40:00,85.23337944,0.585,False
2014-01-27 05:45:00,84.79333016,0.86,False
2014-01-27 05:50:00,86.11891549,0.645,False
2014-01-27 05:55:00,86.30365095,0.901,False
2014-01-27 06:00:00,85.49314516,0.156,False
2014-01-27 06:05:00,84.23885567,1.029,False
2014-01-27 06:10:00,85.29255295,0.069,False
2014-01-27 06:15:00,86.12645153,0.992,False
2014-01-27 06:20:00,84.57306756,0.448,False
2014-01-27 06:25:00,85.21375288,0.376,False
2014-01-27 06:30:00,85.82574211,1.065,False
2014-01-27 06:35:00,84.83263236,0.161,False
2014-01-27 06:40:00,84.30265357,0.266,False
2014-01-27 06:45:00,84.39239767,0.077,False
2014-01-27 06:50:00,85.11929565,0.811,False
2014-01-27 06:55:00,83.73664193,0.59,False
2014-01-27 07:00:00,83.14308599,1.183,False
2014-01-27 07:05:00,83.0731164,1.227,False
2014-01-27 07:10:00,84.1676569,0.038,False
2014-01-27 07:15:00,84.29488085,0.159,False
2014-01-27 07:20:00,83.08502696,1.025,False
2014-01-27 07:25:00,83.60168151,0.26,False
2014-01-27 07:30:00,84.24420878,0.616,False
2014-01-27 07:35:00,83.02801115,0.659,False
2014-01-27 07:40:00,84.53868567,1.029,False
2014-01-27 07:45:00,83.64878420000002,0.095,False
2014-01-27 07:50:00,84.12546297,0.779,False
2014-01-27 07:55:00,83.95089126,0.717,False
2014-01-27 08:00:00,83.32877362,0.126,False
2014-01-27 08:05:00,82.96486857,0.167,False
2014-01-27 08:10:00,82.02049740000002,1.212,False
2014-01-27 08:15:00,82.57987476,0.531,False
2014-01-27 08:20:00,83.28916569,0.339,False
2014-01-27 08:25:00,82.90615616,0.035,False
2014-01-27 08:30:00,82.34379553,0.471,False
2014-01-27 08:35:00,83.63280053,1.254,False
2014-01-27 08:40:00,83.52621271,1.22,False
2014-01-27 08:45:00,81.65069241,0.918,False
2014-01-27 08:50:00,81.78933216,0.709,False
2014-01-27 08:55:00,82.55873477,0.341,False
2014-01-27 09:00:00,81.09492905,1.256,False
2014-01-27 09:05:00,81.02834225,1.118,False
2014-01-27 09:10:00,81.87163344,0.051,False
2014-01-27 09:15:00,82.21325811,0.601,False
2014-01-27 09:20:00,82.39897276,0.92,False
2014-01-27 09:25:00,81.30668829,0.373,False
2014-01-27 09:30:00,81.63575623,0.227,False
2014-01-27 09:35:00,80.20412842,1.294,False
2014-01-27 09:40:00,82.42491327,1.462,False
2014-01-27 09:45:00,81.5896056,0.504,False
2014-01-27 09:50:00,80.08071525,1.256,False
2014-01-27 09:55:00,79.91464055,1.409,False
2014-01-27 10:00:00,81.12922141,0.203,False
2014-01-27 10:05:00,80.29878661,0.671,False
2014-01-27 10:10:00,79.95702883,0.998,False
2014-01-27 10:15:00,81.22633058,0.868,False
2014-01-27 10:20:00,81.22268129,1.177,False
2014-01-27 10:25:00,79.86958443,0.414,False
2014-01-27 10:30:00,80.89981608,0.842,False
2014-01-27 10:35:00,79.74497487,0.482,False
2014-01-27 10:40:00,80.21337790000003,0.236,False
2014-01-27 10:45:00,79.88438903,0.069,False
2014-01-27 10:50:00,80.7899878,1.03,False
2014-01-27 10:55:00,79.92508368,0.03,False
2014-01-27 11:00:00,80.74135476,1.047,False
2014-01-27 11:05:00,80.20501327,0.471,False
2014-01-27 11:10:00,78.40419234,1.053,False
2014-01-27 11:15:00,78.89204163,0.281,False
2014-01-27 11:20:00,78.35061599,0.031,False
2014-01-27 11:25:00,76.59651746,1.002,False
2014-01-27 11:30:00,75.37204578,1.225,False
2014-01-27 11:35:00,76.48451824,0.583,False
2014-01-27 11:40:00,75.36050411,0.007,False
2014-01-27 11:45:00,75.2013245,0.091,False
2014-01-27 11:50:00,73.36603104,1.056,False
2014-01-27 11:55:00,73.17049726,0.112,False
2014-01-27 12:00:00,72.17386095,0.636,False
2014-01-27 12:05:00,72.29153961,0.067,False
2014-01-27 12:10:00,69.79015563,1.402,False
2014-01-27 12:15:00,69.00687676,0.696,False
2014-01-27 12:20:00,69.40667014,0.235,False
2014-01-27 12:25:00,67.93411343,0.962,False
2014-01-27 12:30:00,67.97862091,0.305,False
2014-01-27 12:35:00,68.49776608,0.637,False
2014-01-27 12:40:00,66.84106609999999,0.662,False
2014-01-27 12:45:00,66.52613162,0.193,False
2014-01-27 12:50:00,65.7834618,0.45,False
2014-01-27 12:55:00,63.50543417,1.95,False
2014-01-27 13:00:00,63.38256599,1.301,False
2014-01-27 13:05:00,64.07886664,0.344,False
2014-01-27 13:10:00,62.63263043,1.984,False
2014-01-27 13:15:00,62.16547877,2.55,False
2014-01-27 13:20:00,62.60807041,2.014,False
2014-01-27 13:25:00,62.03534281,2.614,False
2014-01-27 13:30:00,63.82978655,0.259,False
2014-01-27 13:35:00,62.0843495,2.287,False
2014-01-27 13:40:00,62.84174345,1.242,False
2014-01-27 13:45:00,62.11672787,2.063,False
2014-01-27 13:50:00,62.64315503,1.405,False
2014-01-27 13:55:00,63.72723481,0.042,False
2014-01-27 14:00:00,62.14257639,1.798,False
2014-01-27 14:05:00,63.08113958,0.714,False
2014-01-27 14:10:00,62.65758081,1.088,False
2014-01-27 14:15:00,63.61438762,0.038,False
2014-01-27 14:20:00,62.28422649,1.573,False
2014-01-27 14:25:00,62.40734509,1.383,False
2014-01-27 14:30:00,63.79612259,0.259,False
2014-01-27 14:35:00,63.90310238,0.454,False
2014-01-27 14:40:00,64.44578393,1.162,False
2014-01-27 14:45:00,64.00410757,0.624,False
2014-01-27 14:50:00,64.27430039,0.861,False
2014-01-27 14:55:00,62.96539778,0.519,False
2014-01-27 15:00:00,62.62797753,0.773,False
2014-01-27 15:05:00,63.32751298,0.112,False
2014-01-27 15:10:00,63.28765086,0.141,False
2014-01-27 15:15:00,63.33973554,0.098,False
2014-01-27 15:20:00,62.61649801,0.694,False
2014-01-27 15:25:00,63.55110953,0.077,False
2014-01-27 15:30:00,63.4098023,0.039,False
2014-01-27 15:35:00,63.20108748,0.207,False
2014-01-27 15:40:00,63.80935438,0.271,False
2014-01-27 15:45:00,64.44618611,0.729,False
2014-01-27 15:50:00,64.26621067,0.59,False
2014-01-27 15:55:00,63.32427613,0.097,False
2014-01-27 16:00:00,63.33666752,0.104,False
2014-01-27 16:05:00,62.64818644,0.678,False
2014-01-27 16:10:00,64.49030645,0.655,False
2014-01-27 16:15:00,64.65123907,0.714,False
2014-01-27 16:20:00,63.35524974,0.261,False
2014-01-27 16:25:00,63.36133535,0.289,False
2014-01-27 16:30:00,62.86752488,0.675,False
2014-01-27 16:35:00,62.97785374,0.579,False
2014-01-27 16:40:00,63.36545783,0.316,False
2014-01-27 16:45:00,63.38266033,0.337,False
2014-01-27 16:50:00,63.26625845,0.482,False
2014-01-27 16:55:00,63.2130233,0.665,False
2014-01-27 17:00:00,63.82275709,0.314,False
2014-01-27 17:05:00,63.2032639,0.774,False
2014-01-27 17:10:00,64.27859303,0.059,False
2014-01-27 17:15:00,64.71181442,0.181,False
2014-01-27 17:20:00,63.70803174,0.518,False
2014-01-27 17:25:00,64.57313684,0.072,False
2014-01-27 17:30:00,63.20572388,0.93,False
2014-01-27 17:35:00,63.03516954,1.021,False
2014-01-27 17:40:00,67.46342078,1.999,False
2014-01-27 17:45:00,71.0185338,4.368,False
2014-01-27 17:50:00,73.92892072,6.276,True
2014-01-27 17:55:00,73.13667142,5.72,False
2014-01-27 18:00:00,74.0209233,6.193,True
2014-01-27 18:05:00,74.37654258,6.407,True
2014-01-27 18:10:00,76.11214345,7.442,True
2014-01-27 18:15:00,74.26330948,6.239,True
2014-01-27 18:20:00,73.22796709,5.451,False
2014-01-27 18:25:00,71.94926189,4.636,False
2014-01-27 18:30:00,72.37208833,4.753,False
2014-01-27 18:35:00,72.5884709,4.667,False
2014-01-27 18:40:00,71.21715004,3.576,False
2014-01-27 18:45:00,71.22693267,3.43,False
2014-01-27 18:50:00,69.92337889,2.747,False
2014-01-27 18:55:00,68.26668682,1.88,False
2014-01-27 19:00:00,68.13498604,1.785,False
2014-01-27 19:05:00,66.64248419,1.015,False
2014-01-27 19:10:00,67.15705167,1.28,False
2014-01-27 19:15:00,66.52059591,0.952,False
2014-01-27 19:20:00,67.24330272,1.327,False
2014-01-27 19:25:00,66.04137318,0.697,False
2014-01-27 19:30:00,66.68540836,1.019,False
2014-01-27 19:35:00,65.78332942,0.562,False
2014-01-27 19:40:00,67.05053643,1.195,False
2014-01-27 19:45:00,65.99449332,0.664,False
2014-01-27 19:50:00,65.2168973,0.272,False
2014-01-27 19:55:00,65.96383925,0.644,False
2014-01-27 20:00:00,64.7683731,0.048,False
2014-01-27 20:05:00,66.31547462,0.819,False
2014-01-27 20:10:00,65.74944052,0.516,False
2014-01-27 20:15:00,65.75275069,0.497,False
2014-01-27 20:20:00,64.39447716,0.218,False
2014-01-27 20:25:00,64.93884235,0.027,False
2014-01-27 20:30:00,64.10843028,0.456,False
2014-01-27 20:35:00,63.77922606,0.592,False
2014-01-27 20:40:00,65.56173096,0.132,False
2014-01-27 20:45:00,63.56043001,0.665,False
2014-01-27 20:50:00,64.63742326,0.19,False
2014-01-27 20:55:00,63.84368444,0.511,False
2014-01-27 21:00:00,64.70078983,0.114,False
2014-01-27 21:05:00,63.5072944,0.61,False
2014-01-27 21:10:00,64.64357132,0.043,False
2014-01-27 21:15:00,62.63964141,0.985,False
2014-01-27 21:20:00,64.49119044,0.073,False
2014-01-27 21:25:00,63.09829746,0.725,False
2014-01-27 21:30:00,63.1233139,0.678,False
2014-01-27 21:35:00,63.11275909,0.667,False
2014-01-27 21:40:00,63.12654405,0.645,False
2014-01-27 21:45:00,64.00787955,0.178,False
2014-01-27 21:50:00,64.04102476,0.089,False
2014-01-27 21:55:00,62.52774887,0.798,False
2014-01-27 22:00:00,63.03556053,0.518,False
2014-01-27 22:05:00,63.35448886,0.301,False
2014-01-27 22:10:00,62.85875582,0.505,False
2014-01-27 22:15:00,62.97997105,0.392,False
2014-01-27 22:20:00,60.92892473,1.437,False
2014-01-27 22:25:00,61.64026378,1.03,False
2014-01-27 22:30:00,62.62028021,0.489,False
2014-01-27 22:35:00,61.4469818,1.072,False
2014-01-27 22:40:00,62.04657320000001,0.704,False
2014-01-27 22:45:00,60.83858641,1.324,False
2014-01-27 22:50:00,62.56045948,0.388,False
2014-01-27 22:55:00,63.31357908,0.029,False
2014-01-27 23:00:00,63.27012433,0.044,False
2014-01-27 23:05:00,65.27409524,1.11,False
2014-01-27 23:10:00,65.93981719,1.457,False
2014-01-27 23:15:00,65.05955289,0.989,False
2014-01-27 23:20:00,65.97229679,1.457,False
2014-01-27 23:25:00,65.33706191,1.145,False
2014-01-27 23:30:00,65.1002402,1.03,False
2014-01-27 23:35:00,65.64176735,1.341,False
2014-01-27 23:40:00,64.97955118,1.027,False
2014-01-27 23:45:00,64.32299906,0.7,False
2014-01-27 23:50:00,64.47514504,0.782,False
2014-01-27 23:55:00,64.42832085,0.758,False
2014-01-28 00:00:00,63.65916172,0.457,False
2014-01-28 00:05:00,63.57136526,0.413,False
2014-01-28 00:10:00,62.27528448,0.18,False
2014-01-28 00:15:00,63.39356893,0.385,False
2014-01-28 00:20:00,63.04581047,0.219,False
2014-01-28 00:25:00,61.97022953,0.33,False
2014-01-28 00:30:00,61.20166207,0.719,False
2014-01-28 00:35:00,63.24623544,0.316,False
2014-01-28 00:40:00,62.13654533,0.24,False
2014-01-28 00:45:00,62.24973749,0.178,False
2014-01-28 00:50:00,62.02220592,0.276,False
2014-01-28 00:55:00,61.35297027,0.56,False
2014-01-28 01:00:00,61.467086,0.561,False
2014-01-28 01:05:00,61.62104549,0.434,False
2014-01-28 01:10:00,59.93810435,0.975,False
2014-01-28 01:15:00,61.54917320000001,0.427,False
2014-01-28 01:20:00,59.78825196,1.011,False
2014-01-28 01:25:00,60.62251281,0.821,False
2014-01-28 01:30:00,59.85633833,1.071,False
2014-01-28 01:35:00,59.60855155,1.144,False
2014-01-28 01:40:00,60.61950014,0.82,False
2014-01-28 01:45:00,59.18301555,1.235,False
2014-01-28 01:50:00,58.98263906,1.308,False
2014-01-28 01:55:00,58.13415044,1.528,False
2014-01-28 02:00:00,59.15661573,1.219,False
2014-01-28 02:05:00,58.19182156,1.52,False
2014-01-28 02:10:00,58.33642886,1.479,False
2014-01-28 02:15:00,59.86322643,1.043,False
2014-01-28 02:20:00,61.09289176,0.666,False
2014-01-28 02:25:00,61.19630554,0.639,False
2014-01-28 02:30:00,62.62367408,0.228,False
2014-01-28 02:35:00,63.355751,0.009,False
2014-01-28 02:40:00,63.14640271,0.07,False
2014-01-28 02:45:00,63.16211970000001,0.047,False
2014-01-28 02:50:00,63.60557119,0.137,False
2014-01-28 02:55:00,62.35734403,0.27,False
2014-01-28 03:00:00,63.97184378,0.274,False
2014-01-28 03:05:00,62.06561681,0.234,False
2014-01-28 03:10:00,63.45212481,0.233,False
2014-01-28 03:15:00,62.47244364,0.046,False
2014-01-28 03:20:00,64.95169952,0.668,False
2014-01-28 03:25:00,67.10757126,1.292,False
2014-01-28 03:30:00,68.80120965,1.765,False
2014-01-28 03:35:00,70.59554990000002,2.267,False
2014-01-28 03:40:00,73.47914394,3.093,False
2014-01-28 03:45:00,72.25353149,2.75,False
2014-01-28 03:50:00,72.02871921,2.688,False
2014-01-28 03:55:00,72.14473156,2.72,False
2014-01-28 04:00:00,70.49594347,2.259,False
2014-01-28 04:05:00,69.24154228,1.908,False
2014-01-28 04:10:00,68.55289997,1.716,False
2014-01-28 04:15:00,68.19776931,1.653,False
2014-01-28 04:20:00,69.89745869,2.138,False
2014-01-28 04:25:00,67.34718959,1.459,False
2014-01-28 04:30:00,67.05496678,1.416,False
2014-01-28 04:35:00,66.65835862,1.326,False
2014-01-28 04:40:00,67.99922823,1.918,False
2014-01-28 04:45:00,66.74060326,1.626,False
2014-01-28 04:50:00,66.07381394,1.389,False
2014-01-28 04:55:00,64.92646709,0.965,False
2014-01-28 05:00:00,64.17992955,0.726,False
2014-01-28 05:05:00,63.61670132,0.538,False
2014-01-28 05:10:00,65.09471999,1.235,False
2014-01-28 05:15:00,63.38110966,0.453,False
2014-01-28 05:20:00,62.49943178,0.041,False
2014-01-28 05:25:00,63.86653828,0.759,False
2014-01-28 05:30:00,63.59833921,0.649,False
2014-01-28 05:35:00,62.65123389,0.241,False
2014-01-28 05:40:00,60.84063702,0.672,False
2014-01-28 05:45:00,61.69988548,0.185,False
2014-01-28 05:50:00,60.06791075,0.981,False
2014-01-28 05:55:00,59.70136962,1.167,False
2014-01-28 06:00:00,59.20228012,1.365,False
2014-01-28 06:05:00,59.02958138,1.44,False
2014-01-28 06:10:00,59.10695474,1.336,False
2014-01-28 06:15:00,60.45220232,0.584,False
2014-01-28 06:20:00,59.63928188,0.965,False
2014-01-28 06:25:00,59.16033036,1.224,False
2014-01-28 06:30:00,60.58825439,0.355,False
2014-01-28 06:35:00,59.80153593,0.792,False
2014-01-28 06:40:00,59.35118199,0.979,False
2014-01-28 06:45:00,60.25605811,0.471,False
2014-01-28 06:50:00,59.62066106,0.827,False
2014-01-28 06:55:00,60.58218088,0.288,False
2014-01-28 07:00:00,60.54389163,0.31,False
2014-01-28 07:05:00,60.27419693,0.461,False
2014-01-28 07:10:00,59.89232988,0.675,False
2014-01-28 07:15:00,61.67907388,0.327,False
2014-01-28 07:20:00,59.56071899,0.861,False
2014-01-28 07:25:00,61.42470385,0.184,False
2014-01-28 07:30:00,61.09546956,0.0,False
2014-01-28 07:35:00,61.45521192,0.201,False
2014-01-28 07:40:00,60.90865225,0.105,False
2014-01-28 07:45:00,59.75123499,0.754,False
2014-01-28 07:50:00,60.98935352,0.06,False
2014-01-28 07:55:00,60.59875062,0.279,False
2014-01-28 08:00:00,60.78401537,0.165,False
2014-01-28 08:05:00,59.96918882,0.652,False
2014-01-28 08:10:00,59.8425251,0.727,False
2014-01-28 08:15:00,61.62934793,0.372,False
2014-01-28 08:20:00,60.61612066,0.223,False
2014-01-28 08:25:00,62.0644015,0.666,False
2014-01-28 08:30:00,60.00150411,0.593,False
2014-01-28 08:35:00,62.01101452,0.675,False
2014-01-28 08:40:00,61.09674541,0.123,False
2014-01-28 08:45:00,60.84395752,0.035,False
2014-01-28 08:50:00,61.95468744,0.665,False
2014-01-28 08:55:00,60.94413198,0.011,False
2014-01-28 09:00:00,61.35707698,0.252,False
2014-01-28 09:05:00,60.88922425,0.057,False
2014-01-28 09:10:00,62.3059552,0.808,False
2014-01-28 09:15:00,61.05775058,0.012,False
2014-01-28 09:20:00,60.39659533,0.456,False
2014-01-28 09:25:00,60.70353803,0.276,False
2014-01-28 09:30:00,62.42774991,1.008,False
2014-01-28 09:35:00,60.63769385,0.327,False
2014-01-28 09:40:00,62.81955985,1.376,False
2014-01-28 09:45:00,64.26113668,2.585,False
2014-01-28 09:50:00,64.79948544,3.292,False
2014-01-28 09:55:00,64.54265285,3.339,False
2014-01-28 10:00:00,64.83460954,3.621,False
2014-01-28 10:05:00,65.61045017,4.368,False
2014-01-28 10:10:00,64.34952032,3.208,False
2014-01-28 10:15:00,64.89395897,4.005,False
2014-01-28 10:20:00,64.97535096,3.873,False
2014-01-28 10:25:00,63.91301376,2.832,False
2014-01-28 10:30:00,62.92932592,1.878,False
2014-01-28 10:35:00,62.62977779999999,1.611,False
2014-01-28 10:40:00,63.72755254,2.699,False
2014-01-28 10:45:00,63.53427171,2.245,False
2014-01-28 10:50:00,62.23167704,1.128,False
2014-01-28 10:55:00,60.97087788,0.079,False
2014-01-28 11:00:00,61.19940037,0.242,False
2014-01-28 11:05:00,62.31221392,1.029,False
2014-01-28 11:10:00,60.73913456,0.091,False
2014-01-28 11:15:00,60.82581139999999,0.029,False
2014-01-28 11:20:00,61.19128474,0.239,False
2014-01-28 11:25:00,60.47761793,0.24,False
2014-01-28 11:30:00,60.65129322,0.111,False
2014-01-28 11:35:00,60.11314636,0.476,False
2014-01-28 11:40:00,60.23539741,0.373,False
2014-01-28 11:45:00,61.59036788,0.602,False
2014-01-28 11:50:00,62.897284,1.522,False
2014-01-28 11:55:00,61.9328556,0.916,False
2014-01-28 12:00:00,62.15976195,1.102,False
2014-01-28 12:05:00,62.49267044,1.407,False
2014-01-28 12:10:00,61.8518965,0.98,False
2014-01-28 12:15:00,60.69485913,0.276,False
2014-01-28 12:20:00,59.62333552,0.382,False
2014-01-28 12:25:00,60.80783447,0.651,False
2014-01-28 12:30:00,59.58305653,0.014,False
2014-01-28 12:35:00,58.98162209,0.219,False
2014-01-28 12:40:00,57.74585585,0.507,False
2014-01-28 12:45:00,57.58198692,0.183,False
2014-01-28 12:50:00,57.90295104,0.187,False
2014-01-28 12:55:00,56.57222046,0.421,False
2014-01-28 13:00:00,56.60982486,0.015,False
2014-01-28 13:05:00,55.72936977,0.354,False
2014-01-28 13:10:00,55.4452632,0.119,False
2014-01-28 13:15:00,53.93532894,1.19,False
2014-01-28 13:20:00,53.45789075,1.426,False
2014-01-28 13:25:00,53.85900666,0.768,False
2014-01-28 13:30:00,54.4954713,0.036,False
2014-01-28 13:35:00,54.02669797,0.302,False
2014-01-28 13:40:00,53.22164872,0.953,False
2014-01-28 13:45:00,51.57580933,2.241,False
2014-01-28 13:50:00,51.44147553,2.217,False
2014-01-28 13:55:00,51.36715367,2.193,False
2014-01-28 14:00:00,52.06619321,1.489,False
2014-01-28 14:05:00,52.14876646,1.306,False
2014-01-28 14:10:00,51.24631551,1.959,False
2014-01-28 14:15:00,51.78387679,1.441,False
2014-01-28 14:20:00,53.28582116,0.237,False
2014-01-28 14:25:00,51.91737975,1.334,False
2014-01-28 14:30:00,52.90769253,0.534,False
2014-01-28 14:35:00,52.57377345,0.798,False
2014-01-28 14:40:00,52.72899042,0.675,False
2014-01-28 14:45:00,54.35181093,0.609,False
2014-01-28 14:50:00,53.47524488,0.085,False
2014-01-28 14:55:00,53.69675187,0.092,False
2014-01-28 15:00:00,54.40870225,0.662,False
2014-01-28 15:05:00,55.05296905,1.196,False
2014-01-28 15:10:00,53.26511068,0.26,False
2014-01-28 15:15:00,55.26273841,1.392,False
2014-01-28 15:20:00,53.16010357,0.35,False
2014-01-28 15:25:00,53.55032572,0.026,False
2014-01-28 15:30:00,54.36357742,0.647,False
2014-01-28 15:35:00,53.22016567,0.3,False
2014-01-28 15:40:00,52.93456277,0.536,False
2014-01-28 15:45:00,54.14275487,0.464,False
2014-01-28 15:50:00,53.61390854,0.026,False
2014-01-28 15:55:00,52.73068707,0.705,False
2014-01-28 16:00:00,53.03037774,0.457,False
2014-01-28 16:05:00,52.75024706,0.681,False
2014-01-28 16:10:00,51.59062133,1.62,False
2014-01-28 16:15:00,52.39159667,0.954,False
2014-01-28 16:20:00,51.78974308,1.436,False
2014-01-28 16:25:00,51.88166849,1.405,False
2014-01-28 16:30:00,52.60633263,0.825,False
2014-01-28 16:35:00,51.2728218,1.87,False
2014-01-28 16:40:00,52.06881917,1.192,False
2014-01-28 16:45:00,52.04337041,1.243,False
2014-01-28 16:50:00,52.32235355,1.202,False
2014-01-28 16:55:00,52.07482124,1.56,False
2014-01-28 17:00:00,52.55011326,1.225,False
2014-01-28 17:05:00,53.44413129,0.624,False
2014-01-28 17:10:00,52.83903752,1.155,False
2014-01-28 17:15:00,54.17767777,0.159,False
2014-01-28 17:20:00,54.10780948,0.248,False
2014-01-28 17:25:00,53.65697276,0.761,False
2014-01-28 17:30:00,55.39124177,0.281,False
2014-01-28 17:35:00,54.45933674,0.506,False
2014-01-28 17:40:00,54.95440872,0.283,False
2014-01-28 17:45:00,56.97960789,1.094,False
2014-01-28 17:50:00,55.69496453,0.078,False
2014-01-28 17:55:00,57.41175517,0.911,False
2014-01-28 18:00:00,57.21145183,0.524,False
2014-01-28 18:05:00,55.91095048,0.426,False
2014-01-28 18:10:00,57.29083620000001,0.297,False
2014-01-28 18:15:00,56.55607622,0.251,False
2014-01-28 18:20:00,57.93008934,0.535,False
2014-01-28 18:25:00,56.64205777,0.248,False
2014-01-28 18:30:00,56.99516316,0.099,False
2014-01-28 18:35:00,57.80959275,0.265,False
2014-01-28 18:40:00,58.0010205,0.321,False
2014-01-28 18:45:00,57.24693520000001,0.045,False
2014-01-28 18:50:00,57.18563491,0.183,False
2014-01-28 18:55:00,57.90735506,0.021,False
2014-01-28 19:00:00,56.25139091,0.705,False
2014-01-28 19:05:00,57.02476057,0.391,False
2014-01-28 19:10:00,59.28868624,0.461,False
2014-01-28 19:15:00,60.93058624,1.065,False
2014-01-28 19:20:00,61.5728463,1.258,False
2014-01-28 19:25:00,63.8593166,2.106,False
2014-01-28 19:30:00,66.12537068,2.755,False
2014-01-28 19:35:00,67.56443516,2.864,False
2014-01-28 19:40:00,70.43517209,3.901,False
2014-01-28 19:45:00,69.55193029,3.511,False
2014-01-28 19:50:00,67.47403267,2.715,False
2014-01-28 19:55:00,66.4257891,2.316,False
2014-01-28 20:00:00,66.93468942,2.473,False
2014-01-28 20:05:00,66.72490109,2.375,False
2014-01-28 20:10:00,65.4148134,1.858,False
2014-01-28 20:15:00,64.47096671,1.462,False
2014-01-28 20:20:00,65.01348143,1.629,False
2014-01-28 20:25:00,63.47364303,0.962,False
2014-01-28 20:30:00,61.37330499,0.151,False
2014-01-28 20:35:00,60.95925614,0.004,False
2014-01-28 20:40:00,60.35395263,0.252,False
2014-01-28 20:45:00,59.91922203,0.457,False
2014-01-28 20:50:00,60.88678265,0.438,False
2014-01-28 20:55:00,59.94988775,0.968,False
2014-01-28 21:00:00,59.60615645,1.059,False
2014-01-28 21:05:00,59.80802307,1.028,False
2014-01-28 21:10:00,58.60174975,1.362,False
2014-01-28 21:15:00,58.32864036,1.429,False
2014-01-28 21:20:00,60.25388964,0.949,False
2014-01-28 21:25:00,60.27180889,0.949,False
2014-01-28 21:30:00,58.96022521,1.264,False
2014-01-28 21:35:00,58.43710649,1.375,False
2014-01-28 21:40:00,59.71173284,1.129,False
2014-01-28 21:45:00,58.3204945,1.487,False
2014-01-28 21:50:00,59.27566241,1.304,False
2014-01-28 21:55:00,63.7005295,0.439,False
2014-01-28 22:00:00,64.34631662,0.398,False
2014-01-28 22:05:00,64.21539356,0.459,False
2014-01-28 22:10:00,63.32540898,0.656,False
2014-01-28 22:15:00,63.87055072,0.577,False
2014-01-28 22:20:00,64.59770261,0.497,False
2014-01-28 22:25:00,64.21871460000001,0.621,False
2014-01-28 22:30:00,65.47119732,0.399,False
2014-01-28 22:35:00,66.50715958,0.384,False
2014-01-28 22:40:00,67.47508365,0.399,False
2014-01-28 22:45:00,69.30463950000001,0.025,False
2014-01-28 22:50:00,70.80217171,0.157,False
2014-01-28 22:55:00,71.78119931,0.152,False
2014-01-28 23:00:00,72.64228112,0.338,False
2014-01-28 23:05:00,72.97278079,0.409,False
2014-01-28 23:10:00,73.54311121,0.532,False
2014-01-28 23:15:00,73.01429652,0.418,False
2014-01-28 23:20:00,74.26849651,0.688,False
2014-01-28 23:25:00,74.54871836,0.749,False
2014-01-28 23:30:00,74.41131789,0.614,False
2014-01-28 23:35:00,73.62253525,0.378,False
2014-01-28 23:40:00,74.63935864,0.505,False
2014-01-28 23:45:00,75.43998185,0.601,False
2014-01-28 23:50:00,74.59353103,0.388,False
2014-01-28 23:55:00,76.01164706,0.661,False
2014-01-29 00:00:00,76.87994446,0.871,False
2014-01-29 00:05:00,75.45713594,0.566,False
2014-01-29 00:10:00,76.26770624,0.762,False
2014-01-29 00:15:00,75.97138832,0.708,False
2014-01-29 00:20:00,77.71256983,1.141,False
2014-01-29 00:25:00,76.55147817,0.885,False
2014-01-29 00:30:00,78.92317969,1.468,False
2014-01-29 00:35:00,78.39560409,1.338,False
2014-01-29 00:40:00,78.48573778,1.36,False
2014-01-29 00:45:00,79.26712959,1.552,False
2014-01-29 00:50:00,80.19115166,1.779,False
2014-01-29 00:55:00,80.30849368,1.808,False
2014-01-29 01:00:00,78.69539286,1.377,False
2014-01-29 01:05:00,79.32530652,1.493,False
2014-01-29 01:10:00,77.4841025,1.062,False
2014-01-29 01:15:00,77.13224227,1.002,False
2014-01-29 01:20:00,75.90919638,0.71,False
2014-01-29 01:25:00,74.64172546,0.375,False
2014-01-29 01:30:00,74.11246057,0.252,False
2014-01-29 01:35:00,74.51599646,0.324,False
2014-01-29 01:40:00,73.88897885,0.171,False
2014-01-29 01:45:00,71.34985735,0.447,False
2014-01-29 01:50:00,71.95563716,0.3,False
2014-01-29 01:55:00,69.28276024,0.975,False
2014-01-29 02:00:00,70.14769456,0.779,False
2014-01-29 02:05:00,67.73976362,1.387,False
2014-01-29 02:10:00,68.01130964,1.344,False
2014-01-29 02:15:00,69.00124176,1.093,False
2014-01-29 02:20:00,69.57882042,0.957,False
2014-01-29 02:25:00,72.66508007,0.224,False
2014-01-29 02:30:00,73.59020423,0.004,False
2014-01-29 02:35:00,74.47328900000002,0.203,False
2014-01-29 02:40:00,73.14083848,0.131,False
2014-01-29 02:45:00,72.92276065,0.176,False
2014-01-29 02:50:00,73.34117198,0.081,False
2014-01-29 02:55:00,72.55125294,0.243,False
2014-01-29 03:00:00,72.45016421,0.259,False
2014-01-29 03:05:00,71.03128381,0.549,False
2014-01-29 03:10:00,71.01225600000002,0.539,False
2014-01-29 03:15:00,71.30387442,0.463,False
2014-01-29 03:20:00,71.0497443,0.512,False
2014-01-29 03:25:00,69.85046425,0.741,False
2014-01-29 03:30:00,69.78309248,0.759,False
2014-01-29 03:35:00,67.99560328,1.181,False
2014-01-29 03:40:00,68.06411786,1.152,False
2014-01-29 03:45:00,68.22050444,1.118,False
2014-01-29 03:50:00,68.25006633,1.122,False
2014-01-29 03:55:00,66.42509345,1.559,False
2014-01-29 04:00:00,67.28124783,1.384,False
2014-01-29 04:05:00,70.12828601,0.688,False
2014-01-29 04:10:00,72.43242735,0.08,False
2014-01-29 04:15:00,73.23253996,0.143,False
2014-01-29 04:20:00,75.91090695,0.892,False
2014-01-29 04:25:00,72.83553206,0.073,False
2014-01-29 04:30:00,73.35030597,0.221,False
2014-01-29 04:35:00,70.79751562,0.435,False
2014-01-29 04:40:00,72.58012125,0.035,False
2014-01-29 04:45:00,72.26334449999997,0.021,False
2014-01-29 04:50:00,73.51683565,0.289,False
2014-01-29 04:55:00,73.84700983,0.362,False
2014-01-29 05:00:00,74.26337853,0.463,False
2014-01-29 05:05:00,74.90757476,0.619,False
2014-01-29 05:10:00,75.17984159,0.684,False
2014-01-29 05:15:00,75.96677313,0.874,False
2014-01-29 05:20:00,76.01641784,0.886,False
2014-01-29 05:25:00,77.43590698,1.258,False
2014-01-29 05:30:00,78.97005077,1.624,False
2014-01-29 05:35:00,78.91604061,1.593,False
2014-01-29 05:40:00,79.74600225,1.863,False
2014-01-29 05:45:00,78.65357806,1.684,False
2014-01-29 05:50:00,77.1380702,1.361,False
2014-01-29 05:55:00,75.68891702,1.018,False
2014-01-29 06:00:00,74.83547133,0.783,False
2014-01-29 06:05:00,74.97144255,0.767,False
2014-01-29 06:10:00,75.43727453,0.807,False
2014-01-29 06:15:00,74.20221648,0.475,False
2014-01-29 06:20:00,72.51869725,0.066,False
2014-01-29 06:25:00,71.24801966,0.196,False
2014-01-29 06:30:00,71.46757478,0.163,False
2014-01-29 06:35:00,69.15393159,0.632,False
2014-01-29 06:40:00,69.39955444,0.601,False
2014-01-29 06:45:00,71.60693077,0.184,False
2014-01-29 06:50:00,72.23487209,0.078,False
2014-01-29 06:55:00,74.07101014,0.255,False
2014-01-29 07:00:00,73.13965999999998,0.03,False
2014-01-29 07:05:00,72.13545086,0.205,False
2014-01-29 07:10:00,72.69264543,0.116,False
2014-01-29 07:15:00,71.08455972,0.428,False
2014-01-29 07:20:00,70.37614559999999,0.556,False
2014-01-29 07:25:00,70.60009768,0.458,False
2014-01-29 07:30:00,68.42923419,0.86,False
2014-01-29 07:35:00,68.08677638,0.872,False
2014-01-29 07:40:00,67.69728451,0.947,False
2014-01-29 07:45:00,68.55888323,0.776,False
2014-01-29 07:50:00,68.69457153,0.75,False
2014-01-29 07:55:00,69.03597598,0.662,False
2014-01-29 08:00:00,68.21788869,0.802,False
2014-01-29 08:05:00,68.95643337,0.639,False
2014-01-29 08:10:00,68.64820272,0.678,False
2014-01-29 08:15:00,67.99101662,0.786,False
2014-01-29 08:20:00,69.22735538,0.504,False
2014-01-29 08:25:00,67.87675128,0.723,False
2014-01-29 08:30:00,67.43396841,0.813,False
2014-01-29 08:35:00,69.32134263,0.444,False
2014-01-29 08:40:00,69.67783949,0.351,False
2014-01-29 08:45:00,69.76439228,0.3,False
2014-01-29 08:50:00,72.34275322,0.286,False
2014-01-29 08:55:00,74.49140419,0.801,False
2014-01-29 09:00:00,74.75849456,0.927,False
2014-01-29 09:05:00,75.41897119,1.183,False
2014-01-29 09:10:00,78.11173716,2.018,False
2014-01-29 09:15:00,78.76670109,2.359,False
2014-01-29 09:20:00,80.04066974,2.796,False
2014-01-29 09:25:00,79.64380756,2.739,False
2014-01-29 09:30:00,78.8209743,2.524,False
2014-01-29 09:35:00,77.19490469,2.115,False
2014-01-29 09:40:00,76.00977231,1.838,False
2014-01-29 09:45:00,76.09345054,1.947,False
2014-01-29 09:50:00,73.96944701,1.379,False
2014-01-29 09:55:00,74.07899831,1.425,False
2014-01-29 10:00:00,74.23203833,1.506,False
2014-01-29 10:05:00,74.2364438,1.547,False
2014-01-29 10:10:00,72.04770656,0.951,False
2014-01-29 10:15:00,71.5002687,0.835,False
2014-01-29 10:20:00,72.46139808,1.129,False
2014-01-29 10:25:00,70.96286536,0.731,False
2014-01-29 10:30:00,70.71974591,0.744,False
2014-01-29 10:35:00,71.54750263,1.166,False
2014-01-29 10:40:00,69.27318216,0.328,False
2014-01-29 10:45:00,71.01857795,1.198,False
2014-01-29 10:50:00,69.69249977,0.642,False
2014-01-29 10:55:00,70.07743507,0.933,False
2014-01-29 11:00:00,68.10654059,0.029,False
2014-01-29 11:05:00,68.29679678,0.127,False
2014-01-29 11:10:00,68.64143063,0.363,False
2014-01-29 11:15:00,68.48684465,0.426,False
2014-01-29 11:20:00,67.28398475,0.038,False
2014-01-29 11:25:00,66.50919212,0.199,False
2014-01-29 11:30:00,65.6684511,0.341,False
2014-01-29 11:35:00,65.83824086,0.1,False
2014-01-29 11:40:00,66.15798872,0.146,False
2014-01-29 11:45:00,65.90898686,0.08,False
2014-01-29 11:50:00,63.79082257,0.722,False
2014-01-29 11:55:00,64.73217696,0.232,False
2014-01-29 12:00:00,63.27860872,0.126,False
2014-01-29 12:05:00,62.29387786,0.242,False
2014-01-29 12:10:00,62.20288743,0.022,False
2014-01-29 12:15:00,61.50415975,0.172,False
2014-01-29 12:20:00,61.43059677,0.018,False
2014-01-29 12:25:00,60.70848034,0.311,False
2014-01-29 12:30:00,61.24925851,0.039,False
2014-01-29 12:35:00,61.09201471,0.027,False
2014-01-29 12:40:00,60.98194622,0.067,False
2014-01-29 12:45:00,59.96926538,0.182,False
2014-01-29 12:50:00,58.96383656,0.247,False
2014-01-29 12:55:00,58.40377506,0.152,False
2014-01-29 13:00:00,58.17764528,0.126,False
2014-01-29 13:05:00,58.40074556,0.001,False
2014-01-29 13:10:00,58.46331863,0.086,False
2014-01-29 13:15:00,57.11967742,0.472,False
2014-01-29 13:20:00,57.97793508,0.163,False
2014-01-29 13:25:00,55.88667457,0.682,False
2014-01-29 13:30:00,57.31617447,0.207,False
2014-01-29 13:35:00,56.81824200000001,0.133,False
2014-01-29 13:40:00,56.46505687,0.247,False
2014-01-29 13:45:00,55.87217344,0.115,False
2014-01-29 13:50:00,55.32752643,0.517,False
2014-01-29 13:55:00,53.45964153,2.267,False
2014-01-29 14:00:00,53.03863187,2.528,False
2014-01-29 14:05:00,52.81191986,2.635,False
2014-01-29 14:10:00,51.59174470000001,3.834,False
2014-01-29 14:15:00,52.46963468,3.146,False
2014-01-29 14:20:00,52.27280069,3.441,False
2014-01-29 14:25:00,52.22426631,3.401,False
2014-01-29 14:30:00,50.80550224,4.877,False
2014-01-29 14:35:00,50.19299418,5.243,False
2014-01-29 14:40:00,49.72371475,5.707,False
2014-01-29 14:45:00,48.94140441,6.481,True
2014-01-29 14:50:00,48.92701514,5.94,False
2014-01-29 14:55:00,49.50547939,5.923,False
2014-01-29 15:00:00,49.54793659,5.379,False
2014-01-29 15:05:00,50.13502776,4.848,False
2014-01-29 15:10:00,49.31933643,5.586,False
2014-01-29 15:15:00,49.70718542,5.235,False
2014-01-29 15:20:00,49.3111998,5.463,False
2014-01-29 15:25:00,51.53678822,3.496,False
2014-01-29 15:30:00,50.03042991,4.827,False
2014-01-29 15:35:00,51.05547169,3.874,False
2014-01-29 15:40:00,51.946774,3.067,False
2014-01-29 15:45:00,51.13580036,3.378,False
2014-01-29 15:50:00,51.28848463,2.957,False
2014-01-29 15:55:00,51.31023834,2.805,False
2014-01-29 16:00:00,52.20388192,2.206,False
2014-01-29 16:05:00,52.19211957,2.214,False
2014-01-29 16:10:00,53.96996124,0.974,False
2014-01-29 16:15:00,53.88055753,1.032,False
2014-01-29 16:20:00,54.95548033,0.344,False
2014-01-29 16:25:00,55.31800467,0.112,False
2014-01-29 16:30:00,54.76122214,0.468,False
2014-01-29 16:35:00,55.16737972,0.209,False
2014-01-29 16:40:00,56.12479151,0.398,False
2014-01-29 16:45:00,55.34944918,0.084,False
2014-01-29 16:50:00,56.25236313,0.373,False
2014-01-29 16:55:00,55.32814204,0.245,False
2014-01-29 17:00:00,55.63758459,0.244,False
2014-01-29 17:05:00,56.34992542,0.043,False
2014-01-29 17:10:00,56.25121973,0.022,False
2014-01-29 17:15:00,56.3671062,0.004,False
2014-01-29 17:20:00,57.74253294,0.344,False
2014-01-29 17:25:00,57.56256326,0.044,False
2014-01-29 17:30:00,58.82888969,0.62,False
2014-01-29 17:35:00,58.18674823,0.122,False
2014-01-29 17:40:00,57.80067947,0.376,False
2014-01-29 17:45:00,59.80192473,0.683,False
2014-01-29 17:50:00,58.60799667,0.248,False
2014-01-29 17:55:00,60.47095412,0.663,False
2014-01-29 18:00:00,59.17371318,0.352,False
2014-01-29 18:05:00,59.66415502,0.175,False
2014-01-29 18:10:00,60.08135703,0.123,False
2014-01-29 18:15:00,61.35410506,0.484,False
2014-01-29 18:20:00,61.01729147,0.099,False
2014-01-29 18:25:00,60.70164048,0.305,False
2014-01-29 18:30:00,62.91876105,0.5,False
2014-01-29 18:35:00,65.35357815,0.816,False
2014-01-29 18:40:00,67.27340204,0.644,False
2014-01-29 18:45:00,70.54857907,1.152,False
2014-01-29 18:50:00,72.96179184,1.141,False
2014-01-29 18:55:00,72.28272985,0.11,False
2014-01-29 19:00:00,73.44999952,0.618,False
2014-01-29 19:05:00,74.8929098,1.725,False
2014-01-29 19:10:00,73.45875229,0.219,False
2014-01-29 19:15:00,74.08924432,0.549,False
2014-01-29 19:20:00,74.37403501,0.753,False
2014-01-29 19:25:00,75.3429311,1.318,False
2014-01-29 19:30:00,75.13008020000002,0.823,False
2014-01-29 19:35:00,75.99278246,1.366,False
2014-01-29 19:40:00,77.58093352,2.388,False
2014-01-29 19:45:00,77.93981591,2.349,False
2014-01-29 19:50:00,77.01233152,1.46,False
2014-01-29 19:55:00,78.82039902,2.649,False
2014-01-29 20:00:00,78.2555383,2.024,False
2014-01-29 20:05:00,78.36891393,1.986,False
2014-01-29 20:10:00,80.00973958,2.804,False
2014-01-29 20:15:00,78.93779287,1.946,False
2014-01-29 20:20:00,76.27423931,0.157,False
2014-01-29 20:25:00,75.47162497,0.426,False
2014-01-29 20:30:00,76.25795712,0.005,False
2014-01-29 20:35:00,74.47252145,1.302,False
2014-01-29 20:40:00,74.98118935,1.204,False
2014-01-29 20:45:00,72.55149812,2.558,False
2014-01-29 20:50:00,72.83371163,2.45,False
2014-01-29 20:55:00,74.25657511,1.778,False
2014-01-29 21:00:00,73.54765305,2.228,False
2014-01-29 21:05:00,76.05774583,1.1,False
2014-01-29 21:10:00,75.78819313,1.233,False
2014-01-29 21:15:00,77.22367464,0.626,False
2014-01-29 21:20:00,77.16492524,0.73,False
2014-01-29 21:25:00,78.83103023,0.023,False
2014-01-29 21:30:00,79.53976963,0.13,False
2014-01-29 21:35:00,78.38880236,0.515,False
2014-01-29 21:40:00,79.69962943,0.065,False
2014-01-29 21:45:00,81.37092275,0.285,False
2014-01-29 21:50:00,81.49260443,0.026,False
2014-01-29 21:55:00,82.53462403,0.396,False
2014-01-29 22:00:00,81.75012959,0.17,False
2014-01-29 22:05:00,84.00067776,0.63,False
2014-01-29 22:10:00,83.65872527,0.501,False
2014-01-29 22:15:00,83.62449681,0.356,False
2014-01-29 22:20:00,83.53328853,0.106,False
2014-01-29 22:25:00,85.26255106,0.85,False
2014-01-29 22:30:00,84.54758591,0.502,False
2014-01-29 22:35:00,85.50220064,0.956,False
2014-01-29 22:40:00,84.58303394,0.532,False
2014-01-29 22:45:00,84.77659207,0.629,False
2014-01-29 22:50:00,84.15204391,0.335,False
2014-01-29 22:55:00,84.87636852,0.742,False
2014-01-29 23:00:00,84.23108265,0.42,False
2014-01-29 23:05:00,84.6357348,0.686,False
2014-01-29 23:10:00,86.7396788,1.988,False
2014-01-29 23:15:00,85.48117616,1.218,False
2014-01-29 23:20:00,86.41278933,1.788,False
2014-01-29 23:25:00,84.86563788,0.841,False
2014-01-29 23:30:00,85.74149975,1.377,False
2014-01-29 23:35:00,86.39550527,1.778,False
2014-01-29 23:40:00,85.68302534,1.346,False
2014-01-29 23:45:00,87.51434248,2.48,False
2014-01-29 23:50:00,85.33299079,1.142,False
2014-01-29 23:55:00,86.65496292,1.995,False
2014-01-30 00:00:00,86.8371494,2.25,False
2014-01-30 00:05:00,86.88579289,2.416,False
2014-01-30 00:10:00,85.07674644,1.142,False
2014-01-30 00:15:00,85.92312823,1.782,False
2014-01-30 00:20:00,86.08648913,1.923,False
2014-01-30 00:25:00,84.58908272,0.836,False
2014-01-30 00:30:00,85.57246406,1.586,False
2014-01-30 00:35:00,84.57559972,0.826,False
2014-01-30 00:40:00,84.35502174,0.682,False
2014-01-30 00:45:00,84.03527508,0.43,False
2014-01-30 00:50:00,84.17286899,0.519,False
2014-01-30 00:55:00,82.56501977,0.707,False
2014-01-30 01:00:00,83.51200215,0.015,False
2014-01-30 01:05:00,82.54244671,0.724,False
2014-01-30 01:10:00,83.11180798,0.21,False
2014-01-30 01:15:00,83.48569891,0.218,False
2014-01-30 01:20:00,83.28770098,0.343,False
2014-01-30 01:25:00,83.49888018,0.703,False
2014-01-30 01:30:00,82.02879229999998,0.196,False
2014-01-30 01:35:00,81.54319874,0.192,False
2014-01-30 01:40:00,81.10288695,0.345,False
2014-01-30 01:45:00,81.37062891,0.124,False
2014-01-30 01:50:00,81.05393252,0.309,False
2014-01-30 01:55:00,81.51783913,0.214,False
2014-01-30 02:00:00,80.73739099,0.262,False
2014-01-30 02:05:00,79.7973531,0.845,False
2014-01-30 02:10:00,79.46051762,0.978,False
2014-01-30 02:15:00,81.53580748,0.875,False
2014-01-30 02:20:00,80.72773984,0.484,False
2014-01-30 02:25:00,80.13279676,0.146,False
2014-01-30 02:30:00,79.63093106,0.066,False
2014-01-30 02:35:00,79.60397011,0.011,False
2014-01-30 02:40:00,80.10011312,0.469,False
2014-01-30 02:45:00,78.49437095,0.749,False
2014-01-30 02:50:00,79.34113235,0.051,False
2014-01-30 02:55:00,78.25532067,0.496,False
2014-01-30 03:00:00,79.21734475,0.696,False
2014-01-30 03:05:00,77.99239127,0.109,False
2014-01-30 03:10:00,77.20707822,0.325,False
2014-01-30 03:15:00,76.44779674,0.597,False
2014-01-30 03:20:00,77.13193576,0.294,False
2014-01-30 03:25:00,75.20796956,0.532,False
2014-01-30 03:30:00,74.40561939,0.455,False
2014-01-30 03:35:00,74.66273224,0.024,False
2014-01-30 03:40:00,74.6059679,0.086,False
2014-01-30 03:45:00,72.98864835,0.778,False
2014-01-30 03:50:00,73.38376262,0.163,False
2014-01-30 03:55:00,71.11671674,0.728,False
2014-01-30 04:00:00,71.08304619,0.013,False
2014-01-30 04:05:00,69.77962911,0.816,False
2014-01-30 04:10:00,68.59224543,1.519,False
2014-01-30 04:15:00,70.63277238,0.221,False
2014-01-30 04:20:00,68.79873403,1.132,False
2014-01-30 04:25:00,69.53793895,0.572,False
2014-01-30 04:30:00,70.56713443,0.181,False
2014-01-30 04:35:00,68.82729992,1.022,False
2014-01-30 04:40:00,68.7142852,1.028,False
2014-01-30 04:45:00,68.79426916,0.956,False
2014-01-30 04:50:00,68.92498140000001,0.864,False
2014-01-30 04:55:00,69.42837809,0.545,False
2014-01-30 05:00:00,70.11010094,0.123,False
2014-01-30 05:05:00,68.27964096,1.119,False
2014-01-30 05:10:00,69.52990651,0.417,False
2014-01-30 05:15:00,68.76744756,0.803,False
2014-01-30 05:20:00,67.97224411,1.164,False
2014-01-30 05:25:00,68.3802611,0.914,False
2014-01-30 05:30:00,69.70542428,0.28,False
2014-01-30 05:35:00,67.36343789,1.34,False
2014-01-30 05:40:00,67.50004150000001,1.278,False
2014-01-30 05:45:00,68.76348197,0.665,False
2014-01-30 05:50:00,69.15875416,0.486,False
2014-01-30 05:55:00,68.92495331,0.538,False
2014-01-30 06:00:00,68.91136775,0.463,False
2014-01-30 06:05:00,69.01730679,0.396,False
2014-01-30 06:10:00,66.71714731,1.34,False
2014-01-30 06:15:00,68.85089892,0.338,False
2014-01-30 06:20:00,67.7884378,0.746,False
2014-01-30 06:25:00,67.22842534,0.942,False
2014-01-30 06:30:00,67.58833592,0.72,False
2014-01-30 06:35:00,67.67304966,0.617,False
2014-01-30 06:40:00,66.59065788,0.967,False
2014-01-30 06:45:00,66.3590542,0.971,False
2014-01-30 06:50:00,66.29159815,0.956,False
2014-01-30 06:55:00,66.6681171,0.827,False
2014-01-30 07:00:00,66.67067055,0.826,False
2014-01-30 07:05:00,66.47722947,0.892,False
2014-01-30 07:10:00,67.80676826,0.438,False
2014-01-30 07:15:00,70.528828,0.472,False
2014-01-30 07:20:00,71.27901016,0.704,False
2014-01-30 07:25:00,71.90168281,0.855,False
2014-01-30 07:30:00,74.67060284,1.694,False
2014-01-30 07:35:00,75.9144613,2.004,False
2014-01-30 07:40:00,75.93471604,1.934,False
2014-01-30 07:45:00,75.90356754,1.859,False
2014-01-30 07:50:00,76.15900032,1.899,False
2014-01-30 07:55:00,76.22184419,1.864,False
2014-01-30 08:00:00,74.34324852,1.249,False
2014-01-30 08:05:00,74.21851795,1.212,False
2014-01-30 08:10:00,74.37218849,1.156,False
2014-01-30 08:15:00,73.94125044,0.961,False
2014-01-30 08:20:00,71.87609042,0.392,False
2014-01-30 08:25:00,73.61674494,0.819,False
2014-01-30 08:30:00,72.08247664,0.375,False
2014-01-30 08:35:00,70.78176066,0.014,False
2014-01-30 08:40:00,70.35308897,0.167,False
2014-01-30 08:45:00,70.66685102,0.175,False
2014-01-30 08:50:00,70.11359462,0.333,False
2014-01-30 08:55:00,69.33715502,0.543,False
2014-01-30 09:00:00,70.03843399,0.404,False
2014-01-30 09:05:00,68.49189067,0.746,False
2014-01-30 09:10:00,68.41659202,0.762,False
2014-01-30 09:15:00,69.24620151,0.585,False
2014-01-30 09:20:00,68.83682445,0.673,False
2014-01-30 09:25:00,68.28791655,0.79,False
2014-01-30 09:30:00,68.43380690000001,0.759,False
2014-01-30 09:35:00,67.39024663,0.981,False
2014-01-30 09:40:00,68.17594616,0.814,False
2014-01-30 09:45:00,69.57831242,0.515,False
2014-01-30 09:50:00,70.36108878,0.348,False
2014-01-30 09:55:00,71.47718677,0.11,False
2014-01-30 10:00:00,71.48721838,0.108,False
2014-01-30 10:05:00,72.47334371,0.103,False
2014-01-30 10:10:00,73.25969431,0.27,False
2014-01-30 10:15:00,74.19987840000002,0.471,False
2014-01-30 10:20:00,74.58567536,0.553,False
2014-01-30 10:25:00,74.31029489,0.494,False
2014-01-30 10:30:00,76.80136983,1.028,False
2014-01-30 10:35:00,76.68029589,1.134,False
2014-01-30 10:40:00,76.02876427,1.108,False
2014-01-30 10:45:00,77.33272393,1.512,False
2014-01-30 10:50:00,78.62450925,2.054,False
2014-01-30 10:55:00,77.82327299,2.013,False
2014-01-30 11:00:00,77.28417458,1.944,False
2014-01-30 11:05:00,77.95845577,2.226,False
2014-01-30 11:10:00,79.22350898,2.681,False
2014-01-30 11:15:00,79.02005667,2.711,False
2014-01-30 11:20:00,77.02351691,2.266,False
2014-01-30 11:25:00,77.72940457,2.546,False
2014-01-30 11:30:00,77.11447293,2.543,False
2014-01-30 11:35:00,77.84954054,2.905,False
2014-01-30 11:40:00,76.54663906,2.561,False
2014-01-30 11:45:00,74.65540973,1.938,False
2014-01-30 11:50:00,75.18503671,2.22,False
2014-01-30 11:55:00,73.86542923,1.879,False
2014-01-30 12:00:00,73.83404732,2.081,False
2014-01-30 12:05:00,71.21667191,1.2,False
2014-01-30 12:10:00,70.29936246,0.845,False
2014-01-30 12:15:00,70.45537390000001,1.026,False
2014-01-30 12:20:00,70.45929189,1.202,False
2014-01-30 12:25:00,68.41575878,0.17,False
2014-01-30 12:30:00,67.5625552,0.132,False
2014-01-30 12:35:00,68.02514817,0.327,False
2014-01-30 12:40:00,65.72770843,0.63,False
2014-01-30 12:45:00,65.69227393,0.1,False
2014-01-30 12:50:00,65.45107767,0.171,False
2014-01-30 12:55:00,65.97463184,0.238,False
2014-01-30 13:00:00,64.403538,0.751,False
2014-01-30 13:05:00,63.91729424,1.028,False
2014-01-30 13:10:00,65.5584377,0.39,False
2014-01-30 13:15:00,65.39857866,0.632,False
2014-01-30 13:20:00,64.1450245,0.093,False
2014-01-30 13:25:00,64.57280093,0.342,False
2014-01-30 13:30:00,64.04735539,0.049,False
2014-01-30 13:35:00,62.0553396,1.189,False
2014-01-30 13:40:00,62.69589838,0.2,False
2014-01-30 13:45:00,63.18827147,0.606,False
2014-01-30 13:50:00,62.19995572,0.062,False
2014-01-30 13:55:00,61.98919787,0.03,False
2014-01-30 14:00:00,61.44642117,0.244,False
2014-01-30 14:05:00,60.02466518,0.968,False
2014-01-30 14:10:00,60.00532836,0.592,False
2014-01-30 14:15:00,59.15474739999999,1.24,False
2014-01-30 14:20:00,60.54898567,0.586,False
2014-01-30 14:25:00,60.54212299,0.866,False
2014-01-30 14:30:00,59.5555906,0.086,False
2014-01-30 14:35:00,59.40480329,0.142,False
2014-01-30 14:40:00,58.0765132,0.987,False
2014-01-30 14:45:00,57.37280716,1.292,False
2014-01-30 14:50:00,58.73278126,0.628,False
2014-01-30 14:55:00,58.28475193,0.456,False
2014-01-30 15:00:00,57.69074386,0.134,False
2014-01-30 15:05:00,57.45594924,0.047,False
2014-01-30 15:10:00,56.16716379,1.105,False
2014-01-30 15:15:00,55.66228321,1.402,False
2014-01-30 15:20:00,55.47554906,1.494,False
2014-01-30 15:25:00,56.88583418,0.334,False
2014-01-30 15:30:00,56.23537140000001,0.272,False
2014-01-30 15:35:00,56.0900326,0.291,False
2014-01-30 15:40:00,56.69256414,0.478,False
2014-01-30 15:45:00,55.17260842,1.001,False
2014-01-30 15:50:00,56.18934861,0.022,False
2014-01-30 15:55:00,55.51126862,0.526,False
2014-01-30 16:00:00,56.49139891,0.503,False
2014-01-30 16:05:00,56.47469234,0.681,False
2014-01-30 16:10:00,54.78836648,0.668,False
2014-01-30 16:15:00,56.16278364,0.497,False
2014-01-30 16:20:00,56.90404478,1.144,False
2014-01-30 16:25:00,54.61565588,0.66,False
2014-01-30 16:30:00,55.58805909,0.223,False
2014-01-30 16:35:00,55.62257424,0.333,False
2014-01-30 16:40:00,54.71336593,0.184,False
2014-01-30 16:45:00,54.38386568,0.255,False
2014-01-30 16:50:00,55.14880825,0.33,False
2014-01-30 16:55:00,55.41908727,0.569,False
2014-01-30 17:00:00,54.42256239,0.012,False
2014-01-30 17:05:00,54.17087728,0.095,False
2014-01-30 17:10:00,53.88281165,0.204,False
2014-01-30 17:15:00,52.78464292,0.858,False
2014-01-30 17:20:00,54.27830705,0.032,False
2014-01-30 17:25:00,52.54134265,1.001,False
2014-01-30 17:30:00,51.90680442,1.378,False
2014-01-30 17:35:00,52.0157283,1.309,False
2014-01-30 17:40:00,52.38282002,1.066,False
2014-01-30 17:45:00,52.58689904,0.948,False
2014-01-30 17:50:00,50.90716465,1.92,False
2014-01-30 17:55:00,51.62702323,1.503,False
2014-01-30 18:00:00,49.66754302,2.637,False
2014-01-30 18:05:00,50.14181856,2.363,False
2014-01-30 18:10:00,50.16286418,2.351,False
2014-01-30 18:15:00,50.34757204,2.244,False
2014-01-30 18:20:00,50.67824832,2.105,False
2014-01-30 18:25:00,48.62839923,3.531,False
2014-01-30 18:30:00,48.74219155,3.254,False
2014-01-30 18:35:00,48.44266497,3.432,False
2014-01-30 18:40:00,49.01703528,3.091,False
2014-01-30 18:45:00,48.87283426,3.177,False
2014-01-30 18:50:00,48.42704879,3.441,False
2014-01-30 18:55:00,47.19916354,4.17,False
2014-01-30 19:00:00,46.62703434,4.51,False
2014-01-30 19:05:00,48.48863623,3.319,False
2014-01-30 19:10:00,48.63583292,3.234,False
2014-01-30 19:15:00,49.97946841,2.457,False
2014-01-30 19:20:00,50.5490169,2.127,False
2014-01-30 19:25:00,50.67751096,2.106,False
2014-01-30 19:30:00,50.56659629,2.171,False
2014-01-30 19:35:00,51.26191674,1.759,False
2014-01-30 19:40:00,53.08435057,0.677,False
2014-01-30 19:45:00,51.86265649,1.402,False
2014-01-30 19:50:00,52.10914701,1.256,False
2014-01-30 19:55:00,52.94417072,0.741,False
2014-01-30 20:00:00,53.95208324,0.158,False
2014-01-30 20:05:00,53.93373971,0.168,False
2014-01-30 20:10:00,54.98521325,0.205,False
2014-01-30 20:15:00,56.36701989,0.655,False
2014-01-30 20:20:00,55.48418812,0.228,False
2014-01-30 20:25:00,56.2721662,0.027,False
2014-01-30 20:30:00,57.64797474,0.736,False
2014-01-30 20:35:00,57.7632861,0.729,False
2014-01-30 20:40:00,57.32655973,0.353,False
2014-01-30 20:45:00,57.20724499,0.203,False
2014-01-30 20:50:00,56.80423069,0.115,False
2014-01-30 20:55:00,56.94732129,0.06,False
2014-01-30 21:00:00,57.12145548,0.021,False
2014-01-30 21:05:00,57.23661242,0.068,False
2014-01-30 21:10:00,57.84436998,0.464,False
2014-01-30 21:15:00,56.69657217,0.362,False
2014-01-30 21:20:00,56.44837741,0.635,False
2014-01-30 21:25:00,58.49346052,0.973,False
2014-01-30 21:30:00,58.42026449,0.951,False
2014-01-30 21:35:00,57.05290695,0.385,False
2014-01-30 21:40:00,57.03736024,0.499,False
2014-01-30 21:45:00,58.00216834,0.37,False
2014-01-30 21:50:00,57.37256916,0.26,False
2014-01-30 21:55:00,58.11633745,0.455,False
2014-01-30 22:00:00,59.11150257,1.479,False
2014-01-30 22:05:00,57.24007657,0.597,False
2014-01-30 22:10:00,58.34690682,0.478,False
2014-01-30 22:15:00,58.13930355,0.175,False
2014-01-30 22:20:00,58.13423089,0.1,False
2014-01-30 22:25:00,57.58096993,0.547,False
2014-01-30 22:30:00,57.64509018,0.508,False
2014-01-30 22:35:00,58.61288987,0.504,False
2014-01-30 22:40:00,58.366883400000006,0.142,False
2014-01-30 22:45:00,58.48830129,0.156,False
2014-01-30 22:50:00,57.1351124,1.519,False
2014-01-30 22:55:00,57.94598993,0.635,False
2014-01-30 23:00:00,59.22001829,0.912,False
2014-01-30 23:05:00,57.66589348,1.071,False
2014-01-30 23:10:00,59.18470251,0.594,False
2014-01-30 23:15:00,57.54439309,1.654,False
2014-01-30 23:20:00,58.0779549,1.292,False
2014-01-30 23:25:00,58.77309505,0.518,False
2014-01-30 23:30:00,59.87525736,0.395,False
2014-01-30 23:35:00,64.43061487,2.847,False
2014-01-30 23:40:00,67.66428319,2.251,False
2014-01-30 23:45:00,70.57282363,3.91,False
2014-01-30 23:50:00,69.87136359,2.638,False
2014-01-30 23:55:00,70.49276108,2.598,False
2014-01-31 00:00:00,69.34570478,0.293,False
2014-01-31 00:05:00,70.07210045,0.799,False
2014-01-31 00:10:00,70.79469209999998,1.565,False
2014-01-31 00:15:00,69.46987292,0.022,False
2014-01-31 00:20:00,67.96837829,1.807,False
2014-01-31 00:25:00,69.50864119,0.233,False
2014-01-31 00:30:00,69.41801623,0.641,False
2014-01-31 00:35:00,67.39114071,3.349,False
2014-01-31 00:40:00,68.85999056,1.729,False
2014-01-31 00:45:00,69.5474703,1.053,False
2014-01-31 00:50:00,70.95595037,0.284,False
2014-01-31 00:55:00,71.47619962,0.578,False
2014-01-31 01:00:00,74.50390235,3.133,False
2014-01-31 01:05:00,73.64555571,2.143,False
2014-01-31 01:10:00,72.74008433,1.146,False
2014-01-31 01:15:00,70.53778234,1.528,False
2014-01-31 01:20:00,71.36185274,1.238,False
2014-01-31 01:25:00,71.62298442,1.221,False
2014-01-31 01:30:00,72.62788011,0.695,False
2014-01-31 01:35:00,73.11365822,0.489,False
2014-01-31 01:40:00,73.6254936,0.413,False
2014-01-31 01:45:00,75.05520859999999,0.253,False
2014-01-31 01:50:00,75.71899571,0.305,False
2014-01-31 01:55:00,77.4867876,1.494,False
2014-01-31 02:00:00,76.06465453,0.666,False
2014-01-31 02:05:00,77.99699293,0.46,False
2014-01-31 02:10:00,79.41752567,1.789,False
2014-01-31 02:15:00,77.51959831,0.198,False
2014-01-31 02:20:00,77.59878846,0.334,False
2014-01-31 02:25:00,77.85178449,0.159,False
2014-01-31 02:30:00,78.83438043,0.419,False
2014-01-31 02:35:00,79.03652587,0.104,False
2014-01-31 02:40:00,78.0165427,1.116,False
2014-01-31 02:45:00,79.17327589,0.1,False
2014-01-31 02:50:00,80.36267623,1.066,False
2014-01-31 02:55:00,80.69269843,1.393,False
2014-01-31 03:00:00,80.50131906,1.145,False
2014-01-31 03:05:00,79.46736335,0.116,False
2014-01-31 03:10:00,80.88231399,1.483,False
2014-01-31 03:15:00,79.66344666,0.393,False
2014-01-31 03:20:00,81.15584469,0.964,False
2014-01-31 03:25:00,79.35658429,1.305,False
2014-01-31 03:30:00,79.60347706,1.179,False
2014-01-31 03:35:00,79.53461224,1.404,False
2014-01-31 03:40:00,80.32507843,0.52,False
2014-01-31 03:45:00,80.78466647,0.058,False
2014-01-31 03:50:00,82.13121003,1.453,False
2014-01-31 03:55:00,81.72039735,0.845,False
2014-01-31 04:00:00,81.14840326,0.071,False
2014-01-31 04:05:00,80.74159053,0.457,False
2014-01-31 04:10:00,81.35853771,0.234,False
2014-01-31 04:15:00,82.38281014,1.279,False
2014-01-31 04:20:00,81.64143136,0.3,False
2014-01-31 04:25:00,80.93210423,0.578,False
2014-01-31 04:30:00,82.17373655,0.692,False
2014-01-31 04:35:00,82.46208935,0.89,False
2014-01-31 04:40:00,81.13988517,0.631,False
2014-01-31 04:45:00,81.39565487,0.368,False
2014-01-31 04:50:00,81.93590017,0.063,False
2014-01-31 04:55:00,82.56429789,0.573,False
2014-01-31 05:00:00,81.03242393,0.869,False
2014-01-31 05:05:00,81.71545932,0.32,False
2014-01-31 05:10:00,82.50678493,0.303,False
2014-01-31 05:15:00,82.02265871,0.2,False
2014-01-31 05:20:00,81.48688224,0.734,False
2014-01-31 05:25:00,82.59112959,0.138,False
2014-01-31 05:30:00,82.45578831,0.002,False
2014-01-31 05:35:00,83.90508195,1.105,False
2014-01-31 05:40:00,81.94152649,0.432,False
2014-01-31 05:45:00,81.8001565,0.59,False
2014-01-31 05:50:00,82.33862544,0.185,False
2014-01-31 05:55:00,82.98261068,0.302,False
2014-01-31 06:00:00,83.29490161,0.411,False
2014-01-31 06:05:00,83.24674895,0.202,False
2014-01-31 06:10:00,84.21939502,1.013,False
2014-01-31 06:15:00,82.49288426,0.431,False
2014-01-31 06:20:00,83.02664491,0.019,False
2014-01-31 06:25:00,83.79939014,0.679,False
2014-01-31 06:30:00,82.62145024,0.34,False
2014-01-31 06:35:00,83.97670042,0.862,False
2014-01-31 06:40:00,83.87416172,0.771,False
2014-01-31 06:45:00,85.12444922,1.879,False
2014-01-31 06:50:00,86.03673134,2.591,False
2014-01-31 06:55:00,87.37280958,3.872,False
2014-01-31 07:00:00,87.49149503,3.835,False
2014-01-31 07:05:00,87.83330976,4.127,False
2014-01-31 07:10:00,88.4981051,4.695,False
2014-01-31 07:15:00,88.84571531,4.992,False
2014-01-31 07:20:00,86.46753867,2.96,False
2014-01-31 07:25:00,87.78542629,4.086,False
2014-01-31 07:30:00,87.48117073,3.826,False
2014-01-31 07:35:00,86.48484535,2.974,False
2014-01-31 07:40:00,85.53937181,2.235,False
2014-01-31 07:45:00,86.40230409,2.869,False
2014-01-31 07:50:00,85.81209828,2.355,False
2014-01-31 07:55:00,85.67324028,2.149,False
2014-01-31 08:00:00,85.05329789,1.585,False
2014-01-31 08:05:00,86.23867463,2.502,False
2014-01-31 08:10:00,84.18005154,0.907,False
2014-01-31 08:15:00,84.94736405,1.445,False
2014-01-31 08:20:00,84.4794365,1.041,False
2014-01-31 08:25:00,83.94421722,0.626,False
2014-01-31 08:30:00,83.81003018,0.487,False
2014-01-31 08:35:00,83.63986624,0.359,False
2014-01-31 08:40:00,83.24892907,0.252,False
2014-01-31 08:45:00,84.69975165,1.025,False
2014-01-31 08:50:00,83.03679122,0.119,False
2014-01-31 08:55:00,83.47620620000002,0.32,False
2014-01-31 09:00:00,83.84004266,0.536,False
2014-01-31 09:05:00,81.87232704,0.202,False
2014-01-31 09:10:00,82.34212373,0.069,False
2014-01-31 09:15:00,81.88116277,0.012,False
2014-01-31 09:20:00,81.95176807,0.025,False
2014-01-31 09:25:00,81.40594926,0.075,False
2014-01-31 09:30:00,79.79979699,0.242,False
2014-01-31 09:35:00,77.05648302,0.378,False
2014-01-31 09:40:00,77.01932395,0.005,False
2014-01-31 09:45:00,75.27011651,0.215,False
2014-01-31 09:50:00,74.55113699,0.086,False
2014-01-31 09:55:00,72.44443311,0.253,False
2014-01-31 10:00:00,71.36494721,0.13,False
2014-01-31 10:05:00,70.35098828,0.122,False
2014-01-31 10:10:00,69.86298267,0.059,False
2014-01-31 10:15:00,66.79788601,0.421,False
2014-01-31 10:20:00,66.37112862,0.165,False
2014-01-31 10:25:00,67.23473463,0.107,False
2014-01-31 10:30:00,66.84581678,0.007,False
2014-01-31 10:35:00,66.27179481,0.156,False
2014-01-31 10:40:00,64.78121920000001,0.624,False
2014-01-31 10:45:00,64.46045027,0.779,False
2014-01-31 10:50:00,64.01506128,0.951,False
2014-01-31 10:55:00,63.15215724,1.289,False
2014-01-31 11:00:00,63.45572483,1.233,False
2014-01-31 11:05:00,63.48439842,1.273,False
2014-01-31 11:10:00,63.85027248,1.188,False
2014-01-31 11:15:00,63.40204231,1.367,False
2014-01-31 11:20:00,62.75319433,1.771,False
2014-01-31 11:25:00,61.01903957,2.613,False
2014-01-31 11:30:00,60.73066944,2.743,False
2014-01-31 11:35:00,61.69178576,2.31,False
2014-01-31 11:40:00,60.7301061,2.743,False
2014-01-31 11:45:00,60.52103078,2.837,False
2014-01-31 11:50:00,59.46652454,3.647,False
2014-01-31 11:55:00,59.13293325,3.813,False
2014-01-31 12:00:00,58.76536582,3.995,False
2014-01-31 12:05:00,58.58133263,4.086,False
2014-01-31 12:10:00,58.70968788,4.023,False
2014-01-31 12:15:00,58.84471077,3.956,False
2014-01-31 12:20:00,59.7643527,3.5,False
2014-01-31 12:25:00,59.17453438,3.792,False
2014-01-31 12:30:00,60.50829836,3.131,False
2014-01-31 12:35:00,61.95315204,2.414,False
2014-01-31 12:40:00,61.30088219,3.011,False
2014-01-31 12:45:00,60.87545358,3.243,False
2014-01-31 12:50:00,61.57738713,2.86,False
2014-01-31 12:55:00,61.74457762,2.769,False
2014-01-31 13:00:00,62.76504768,2.212,False
2014-01-31 13:05:00,63.04535274,2.059,False
2014-01-31 13:10:00,63.66896087,1.719,False
2014-01-31 13:15:00,65.0363306,0.974,False
2014-01-31 13:20:00,64.63584327,1.454,False
2014-01-31 13:25:00,67.61703509,0.116,False
2014-01-31 13:30:00,69.71530257,0.634,False
2014-01-31 13:35:00,71.88240676,0.655,False
2014-01-31 13:40:00,73.74478567,0.563,False
2014-01-31 13:45:00,76.44230390000001,0.826,False
2014-01-31 13:50:00,77.44278773,0.306,False
2014-01-31 13:55:00,79.28204785,1.005,False
2014-01-31 14:00:00,78.09526929,0.07,False
2014-01-31 14:05:00,77.87315488,0.149,False
2014-01-31 14:10:00,78.10942995,0.002,False
2014-01-31 14:15:00,79.16581489,0.576,False
2014-01-31 14:20:00,79.14136906,0.311,False
2014-01-31 14:25:00,80.08635631,0.772,False
2014-01-31 14:30:00,78.11548792,0.702,False
2014-01-31 14:35:00,79.94926539,0.582,False
2014-01-31 14:40:00,80.15769441,0.724,False
2014-01-31 14:45:00,78.51403344,0.513,False
2014-01-31 14:50:00,80.40804249,0.811,False
2014-01-31 14:55:00,79.79800617,0.343,False
2014-01-31 15:00:00,79.07219025,0.257,False
2014-01-31 15:05:00,79.45804698,0.055,False
2014-01-31 15:10:00,80.4581627,0.598,False
2014-01-31 15:15:00,78.85057824,0.812,False
2014-01-31 15:20:00,80.38774891,0.294,False
2014-01-31 15:25:00,79.14789522,0.774,False
2014-01-31 15:30:00,79.32099293,0.681,False
2014-01-31 15:35:00,79.35549783,0.742,False
2014-01-31 15:40:00,80.2000978,0.133,False
2014-01-31 15:45:00,79.60240357,0.674,False
2014-01-31 15:50:00,80.94284817,0.433,False
2014-01-31 15:55:00,81.54006602,0.762,False
2014-01-31 16:00:00,80.92993032,0.05,False
2014-01-31 16:05:00,81.66595448,0.667,False
2014-01-31 16:10:00,82.03309688,1.019,False
2014-01-31 16:15:00,80.32915873,0.61,False
2014-01-31 16:20:00,80.82533018,0.239,False
2014-01-31 16:25:00,81.80900749999998,0.627,False
2014-01-31 16:30:00,80.91906171,0.47,False
2014-01-31 16:35:00,80.99426524,0.582,False
2014-01-31 16:40:00,81.23525782,0.352,False
2014-01-31 16:45:00,82.69639904,1.332,False
2014-01-31 16:50:00,81.53833936,0.061,False
2014-01-31 16:55:00,81.13325615,0.591,False
2014-01-31 17:00:00,82.53147994,1.014,False
2014-01-31 17:05:00,82.32912745,0.484,False
2014-01-31 17:10:00,81.56513955,0.567,False
2014-01-31 17:15:00,83.41397873,1.27,False
2014-01-31 17:20:00,81.58227777,0.884,False
2014-01-31 17:25:00,83.18455388,0.78,False
2014-01-31 17:30:00,81.59734946,1.065,False
2014-01-31 17:35:00,83.89686856,1.538,False
2014-01-31 17:40:00,83.73800036,1.315,False
2014-01-31 17:45:00,82.88687758,0.188,False
2014-01-31 17:50:00,82.53132411,0.373,False
2014-01-31 17:55:00,82.11946209999998,1.118,False
2014-01-31 18:00:00,84.28011541,1.535,False
2014-01-31 18:05:00,83.26618103,0.052,False
2014-01-31 18:10:00,83.04765214,0.364,False
2014-01-31 18:15:00,82.43038494,1.394,False
2014-01-31 18:20:00,82.56550172,1.427,False
2014-01-31 18:25:00,82.7609194,1.255,False
2014-01-31 18:30:00,83.9919561,0.056,False
2014-01-31 18:35:00,84.06140252,0.048,False
2014-01-31 18:40:00,84.34036799,0.339,False
2014-01-31 18:45:00,84.53494353,0.418,False
2014-01-31 18:50:00,85.22358989,1.081,False
2014-01-31 18:55:00,83.68596059,0.661,False
2014-01-31 19:00:00,84.27591699,0.038,False
2014-01-31 19:05:00,84.27620439,0.175,False
2014-01-31 19:10:00,85.32315005,0.551,False
2014-01-31 19:15:00,85.40113120000002,0.287,False
2014-01-31 19:20:00,84.04942284,1.25,False
2014-01-31 19:25:00,85.17610987,0.057,False
2014-01-31 19:30:00,85.23858657,0.041,False
2014-01-31 19:35:00,85.87402252,0.483,False
2014-01-31 19:40:00,85.09775098,0.324,False
2014-01-31 19:45:00,86.64528963,0.916,False
2014-01-31 19:50:00,85.97729426,0.188,False
2014-01-31 19:55:00,85.51413944,0.357,False
2014-01-31 20:00:00,87.36627452,0.939,False
2014-01-31 20:05:00,87.59091891,0.86,False
2014-01-31 20:10:00,85.66299095,0.836,False
2014-01-31 20:15:00,87.03219184,0.249,False
2014-01-31 20:20:00,86.58781068,0.316,False
2014-01-31 20:25:00,86.60883021,0.557,False
2014-01-31 20:30:00,88.30247247,0.779,False
2014-01-31 20:35:00,87.76356407,0.084,False
2014-01-31 20:40:00,86.84544184,0.959,False
2014-01-31 20:45:00,87.90278451,0.065,False
2014-01-31 20:50:00,87.77744372,0.196,False
2014-01-31 20:55:00,88.05514476,0.03,False
2014-01-31 21:00:00,89.03983036,0.785,False
2014-01-31 21:05:00,89.209852,0.51,False
2014-01-31 21:10:00,88.11771013,0.709,False
2014-01-31 21:15:00,89.83812059,0.667,False
2014-01-31 21:20:00,89.71333733,0.554,False
2014-01-31 21:25:00,90.45140229,1.216,False
2014-01-31 21:30:00,90.98726565,1.698,False
2014-01-31 21:35:00,90.02731575,0.769,False
2014-01-31 21:40:00,90.58114659,1.244,False
2014-01-31 21:45:00,90.9699692,1.525,False
2014-01-31 21:50:00,90.08163276,0.61,False
2014-01-31 21:55:00,91.0335882,1.309,False
2014-01-31 22:00:00,90.32649281,0.647,False
2014-01-31 22:05:00,90.71005989,0.853,False
2014-01-31 22:10:00,91.77423471,1.698,False
2014-01-31 22:15:00,92.04205743,1.841,False
2014-01-31 22:20:00,93.09735332,2.673,False
2014-01-31 22:25:00,92.63913964,2.24,False
2014-01-31 22:30:00,91.04613185,0.782,False
2014-01-31 22:35:00,92.19112198,1.715,False
2014-01-31 22:40:00,91.50007088,1.066,False
2014-01-31 22:45:00,90.44153428,0.17,False
2014-01-31 22:50:00,91.87920177,1.402,False
2014-01-31 22:55:00,90.28221963,0.019,False
2014-01-31 23:00:00,91.19153642,0.7,False
2014-01-31 23:05:00,91.00267853,0.511,False
2014-01-31 23:10:00,89.99933423,0.388,False
2014-01-31 23:15:00,90.23649448,0.212,False
2014-01-31 23:20:00,91.21991702,0.607,False
2014-01-31 23:25:00,90.51166716,0.007,False
2014-01-31 23:30:00,90.96732594,0.358,False
2014-01-31 23:35:00,90.89898514,0.228,False
2014-01-31 23:40:00,89.30646876,1.163,False
2014-01-31 23:45:00,89.09649159,1.374,False
2014-01-31 23:50:00,89.16011757,1.282,False
2014-01-31 23:55:00,89.09682918,1.384,False
2014-02-01 00:00:00,89.48694561,1.118,False
2014-02-01 00:05:00,88.76819008,1.787,False
2014-02-01 00:10:00,89.79159832,0.964,False
2014-02-01 00:15:00,90.21878028,0.589,False
2014-02-01 00:20:00,88.84691343,1.651,False
2014-02-01 00:25:00,90.20732601,0.564,False
2014-02-01 00:30:00,90.24063192,0.539,False
2014-02-01 00:35:00,88.92604253,1.51,False
2014-02-01 00:40:00,90.68980788,0.17,False
2014-02-01 00:45:00,90.38482946,0.398,False
2014-02-01 00:50:00,90.77584651,0.069,False
2014-02-01 00:55:00,89.46263344,1.039,False
2014-02-01 01:00:00,90.93552396,0.096,False
2014-02-01 01:05:00,92.0431402,0.889,False
2014-02-01 01:10:00,91.23730507,0.274,False
2014-02-01 01:15:00,90.83607619,0.024,False
2014-02-01 01:20:00,91.99793261,0.863,False
2014-02-01 01:25:00,91.1647497,0.272,False
2014-02-01 01:30:00,91.11319222,0.242,False
2014-02-01 01:35:00,92.43481607,1.345,False
2014-02-01 01:40:00,91.52566449,0.617,False
2014-02-01 01:45:00,91.46147026,0.582,False
2014-02-01 01:50:00,92.08967041,1.056,False
2014-02-01 01:55:00,90.99330528,0.116,False
2014-02-01 02:00:00,91.2802225,0.328,False
2014-02-01 02:05:00,92.73406905,1.491,False
2014-02-01 02:10:00,92.07901242,0.906,False
2014-02-01 02:15:00,90.52862504,0.269,False
2014-02-01 02:20:00,90.41438142,0.349,False
2014-02-01 02:25:00,90.9856441,0.044,False
2014-02-01 02:30:00,92.01447283,0.652,False
2014-02-01 02:35:00,91.86362582,0.53,False
2014-02-01 02:40:00,91.8666157,0.502,False
2014-02-01 02:45:00,89.77401376,0.742,False
2014-02-01 02:50:00,91.39963492,0.178,False
2014-02-01 02:55:00,91.08131134,0.021,False
2014-02-01 03:00:00,91.11864431,0.001,False
2014-02-01 03:05:00,91.45654932,0.218,False
2014-02-01 03:10:00,89.84820699,0.836,False
2014-02-01 03:15:00,90.26374484,0.638,False
2014-02-01 03:20:00,89.53905128,1.162,False
2014-02-01 03:25:00,89.68569351,1.144,False
2014-02-01 03:30:00,90.01679421,0.861,False
2014-02-01 03:35:00,89.90626023,0.926,False
2014-02-01 03:40:00,88.45779571,2.06,False
2014-02-01 03:45:00,89.71530166,1.188,False
2014-02-01 03:50:00,90.10542338,0.946,False
2014-02-01 03:55:00,90.43742117,0.832,False
2014-02-01 04:00:00,90.28838619,1.045,False
2014-02-01 04:05:00,91.20309856,0.422,False
2014-02-01 04:10:00,91.11679234,0.39,False
2014-02-01 04:15:00,90.88467281,0.557,False
2014-02-01 04:20:00,90.44195154,0.89,False
2014-02-01 04:25:00,91.12110674,0.413,False
2014-02-01 04:30:00,90.88101227,0.59,False
2014-02-01 04:35:00,91.88452337,0.046,False
2014-02-01 04:40:00,91.22723135,0.342,False
2014-02-01 04:45:00,93.12089094,0.983,False
2014-02-01 04:50:00,92.8822441,0.776,False
2014-02-01 04:55:00,93.04545239,0.926,False
2014-02-01 05:00:00,94.32129526,1.849,False
2014-02-01 05:05:00,93.51308734,1.251,False
2014-02-01 05:10:00,94.30889985,1.967,False
2014-02-01 05:15:00,94.2434594,2.033,False
2014-02-01 05:20:00,94.37602784,2.047,False
2014-02-01 05:25:00,93.88168078,1.644,False
2014-02-01 05:30:00,94.08375137,1.711,False
2014-02-01 05:35:00,93.73553436,1.533,False
2014-02-01 05:40:00,92.11036747,0.386,False
2014-02-01 05:45:00,93.23765926,1.231,False
2014-02-01 05:50:00,92.31591776,0.467,False
2014-02-01 05:55:00,91.97328507,0.203,False
2014-02-01 06:00:00,94.01318917,1.726,False
2014-02-01 06:05:00,93.43817971,1.295,False
2014-02-01 06:10:00,92.58938292,0.659,False
2014-02-01 06:15:00,92.45827375,0.576,False
2014-02-01 06:20:00,91.85074392,0.109,False
2014-02-01 06:25:00,93.65369754,1.563,False
2014-02-01 06:30:00,93.46675046,1.475,False
2014-02-01 06:35:00,91.898535,0.162,False
2014-02-01 06:40:00,92.66474783,0.84,False
2014-02-01 06:45:00,91.95774665,0.218,False
2014-02-01 06:50:00,91.79312093,0.075,False
2014-02-01 06:55:00,92.83552017,1.008,False
2014-02-01 07:00:00,91.08470326,0.572,False
2014-02-01 07:05:00,91.51566334,0.178,False
2014-02-01 07:10:00,91.03806158,0.601,False
2014-02-01 07:15:00,91.56418085,0.129,False
2014-02-01 07:20:00,92.04445808,0.298,False
2014-02-01 07:25:00,91.01095907,0.625,False
2014-02-01 07:30:00,91.97717629,0.238,False
2014-02-01 07:35:00,91.35183827,0.32,False
2014-02-01 07:40:00,92.4049345,0.725,False
2014-02-01 07:45:00,92.2569199,0.592,False
2014-02-01 07:50:00,90.00974891,1.412,False
2014-02-01 07:55:00,90.04601139,1.408,False
2014-02-01 08:00:00,91.54068664,0.013,False
2014-02-01 08:05:00,91.62620615,0.179,False
2014-02-01 08:10:00,90.97224084,0.37,False
2014-02-01 08:15:00,91.88100349,0.508,False
2014-02-01 08:20:00,90.17960714,1.129,False
2014-02-01 08:25:00,91.88714309,0.575,False
2014-02-01 08:30:00,89.85631476,1.3,False
2014-02-01 08:35:00,90.13008213,1.001,False
2014-02-01 08:40:00,91.97772286,0.879,False
2014-02-01 08:45:00,91.95955907,0.872,False
2014-02-01 08:50:00,90.38297204,0.686,False
2014-02-01 08:55:00,89.99927326,1.05,False
2014-02-01 09:00:00,90.67845705,0.345,False
2014-02-01 09:05:00,91.34863625,0.361,False
2014-02-01 09:10:00,90.59743566,0.324,False
2014-02-01 09:15:00,90.68418872,0.085,False
2014-02-01 09:20:00,90.49754104,0.191,False
2014-02-01 09:25:00,91.36365124,0.754,False
2014-02-01 09:30:00,89.84206411,0.754,False
2014-02-01 09:35:00,91.23355995,0.811,False
2014-02-01 09:40:00,91.35248554,0.997,False
2014-02-01 09:45:00,90.38757713,0.003,False
2014-02-01 09:50:00,91.08975741,0.854,False
2014-02-01 09:55:00,90.22971105,0.027,False
2014-02-01 10:00:00,91.53837388,1.507,False
2014-02-01 10:05:00,90.84740619,0.819,False
2014-02-01 10:10:00,91.03553509,1.03,False
2014-02-01 10:15:00,91.13390898,1.137,False
2014-02-01 10:20:00,89.92904553,0.096,False
2014-02-01 10:25:00,91.12902415,1.132,False
2014-02-01 10:30:00,89.46519721,0.502,False
2014-02-01 10:35:00,90.04198204,0.15,False
2014-02-01 10:40:00,89.71973275,0.127,False
2014-02-01 10:45:00,89.6890768,0.09,False
2014-02-01 10:50:00,89.09126185,0.589,False
2014-02-01 10:55:00,90.45247713,0.841,False
2014-02-01 11:00:00,90.03547138,0.672,False
2014-02-01 11:05:00,87.94564851,1.156,False
2014-02-01 11:10:00,88.18222144,0.818,False
2014-02-01 11:15:00,89.20683133,0.237,False
2014-02-01 11:20:00,87.52648322,1.041,False
2014-02-01 11:25:00,88.2566613,0.091,False
2014-02-01 11:30:00,88.93552324,0.589,False
2014-02-01 11:35:00,88.02357535,0.222,False
2014-02-01 11:40:00,88.97632583,0.692,False
2014-02-01 11:45:00,88.26195043,0.055,False
2014-02-01 11:50:00,88.37095749999996,0.257,False
2014-02-01 11:55:00,87.19964289,0.74,False
2014-02-01 12:00:00,88.22667005,0.423,False
2014-02-01 12:05:00,87.35217372,0.216,False
2014-02-01 12:10:00,86.39717899,1.001,False
2014-02-01 12:15:00,88.33482246,0.86,False
2014-02-01 12:20:00,86.86572662,0.387,False
2014-02-01 12:25:00,87.62731348,0.331,False
2014-02-01 12:30:00,86.43793597,0.723,False
2014-02-01 12:35:00,87.18123377,0.009,False
2014-02-01 12:40:00,86.6435182,0.539,False
2014-02-01 12:45:00,87.12258806,0.069,False
2014-02-01 12:50:00,85.37328057,1.773,False
2014-02-01 12:55:00,86.79143568,0.388,False
2014-02-01 13:00:00,85.37839493,1.828,False
2014-02-01 13:05:00,85.88813533,1.326,False
2014-02-01 13:10:00,86.12504667,1.082,False
2014-02-01 13:15:00,86.52097749,0.682,False
2014-02-01 13:20:00,86.28485883,0.898,False
2014-02-01 13:25:00,86.32507641,0.856,False
2014-02-01 13:30:00,86.58081506,0.607,False
2014-02-01 13:35:00,84.42438286,2.846,False
2014-02-01 13:40:00,84.34109611,2.933,False
2014-02-01 13:45:00,84.93109765,2.316,False
2014-02-01 13:50:00,85.11789789,2.092,False
2014-02-01 13:55:00,84.38260334,2.851,False
2014-02-01 14:00:00,86.47373719,0.691,False
2014-02-01 14:05:00,86.83641845,0.321,False
2014-02-01 14:10:00,85.09811303,2.141,False
2014-02-01 14:15:00,85.87936416,1.377,False
2014-02-01 14:20:00,86.54244719,0.629,False
2014-02-01 14:25:00,85.72892698,1.48,False
2014-02-01 14:30:00,86.48836700000004,0.685,False
2014-02-01 14:35:00,85.59308121,1.67,False
2014-02-01 14:40:00,86.54348792,0.646,False
2014-02-01 14:45:00,85.85590559,1.447,False
2014-02-01 14:50:00,86.3483941,0.856,False
2014-02-01 14:55:00,87.09819318,0.047,False
2014-02-01 15:00:00,87.06588841,0.085,False
2014-02-01 15:05:00,87.07733805,0.072,False
2014-02-01 15:10:00,87.69111146,0.602,False
2014-02-01 15:15:00,86.41110205,0.856,False
2014-02-01 15:20:00,87.52894926,0.401,False
2014-02-01 15:25:00,87.16367079,0.067,False
2014-02-01 15:30:00,88.23585408,1.138,False
2014-02-01 15:35:00,87.80580027,0.47,False
2014-02-01 15:40:00,87.26473974,0.388,False
2014-02-01 15:45:00,86.46181034,1.389,False
2014-02-01 15:50:00,87.85905396,0.147,False
2014-02-01 15:55:00,88.32135964,0.609,False
2014-02-01 16:00:00,87.79935103,0.004,False
2014-02-01 16:05:00,88.87988983,1.169,False
2014-02-01 16:10:00,88.38727756,0.429,False
2014-02-01 16:15:00,87.05522275,1.279,False
2014-02-01 16:20:00,88.23454574,0.001,False
2014-02-01 16:25:00,87.70383982,0.6,False
2014-02-01 16:30:00,89.39533729,1.253,False
2014-02-01 16:35:00,88.52438042,0.191,False
2014-02-01 16:40:00,88.40889072,0.012,False
2014-02-01 16:45:00,89.67480427,1.402,False
2014-02-01 16:50:00,88.23915056,0.28,False
2014-02-01 16:55:00,89.72833042,1.308,False
2014-02-01 17:00:00,89.16761776,0.518,False
2014-02-01 17:05:00,87.75157121,1.255,False
2014-02-01 17:10:00,88.45149327,0.471,False
2014-02-01 17:15:00,88.15128885,0.931,False
2014-02-01 17:20:00,90.07029626,1.069,False
2014-02-01 17:25:00,88.85895714,0.437,False
2014-02-01 17:30:00,89.60213477,0.272,False
2014-02-01 17:35:00,90.07190696,0.647,False
2014-02-01 17:40:00,89.93700502,0.378,False
2014-02-01 17:45:00,88.61071274,1.183,False
2014-02-01 17:50:00,89.07481337,0.754,False
2014-02-01 17:55:00,90.2843852,0.628,False
2014-02-01 18:00:00,89.96843498,0.201,False
2014-02-01 18:05:00,90.06279602,0.288,False
2014-02-01 18:10:00,89.84769799,0.008,False
2014-02-01 18:15:00,90.46456273,0.714,False
2014-02-01 18:20:00,89.96642681,0.076,False
2014-02-01 18:25:00,90.19524938,0.28,False
2014-02-01 18:30:00,89.80721561,0.184,False
2014-02-01 18:35:00,90.79320086,0.914,False
2014-02-01 18:40:00,89.79498755,0.319,False
2014-02-01 18:45:00,88.8240717,1.466,False
2014-02-01 18:50:00,91.05873351,1.088,False
2014-02-01 18:55:00,89.32574769,1.027,False
2014-02-01 19:00:00,90.81580632,0.672,False
2014-02-01 19:05:00,89.86601856,0.392,False
2014-02-01 19:10:00,91.35525732,1.268,False
2014-02-01 19:15:00,91.36512653,1.263,False
2014-02-01 19:20:00,91.51397102,1.427,False
2014-02-01 19:25:00,89.60036432,0.67,False
2014-02-01 19:30:00,90.70786355,0.498,False
2014-02-01 19:35:00,91.30633152,1.107,False
2014-02-01 19:40:00,90.24072317,0.021,False
2014-02-01 19:45:00,91.52716663,1.164,False
2014-02-01 19:50:00,90.91692739,0.622,False
2014-02-01 19:55:00,89.83426336,0.36,False
2014-02-01 20:00:00,91.64972316,1.167,False
2014-02-01 20:05:00,91.88234707,1.312,False
2014-02-01 20:10:00,92.19699696,1.587,False
2014-02-01 20:15:00,91.95208836,1.209,False
2014-02-01 20:20:00,92.10377895,1.253,False
2014-02-01 20:25:00,91.55083756,0.765,False
2014-02-01 20:30:00,91.42121045,0.564,False
2014-02-01 20:35:00,92.27488518,1.145,False
2014-02-01 20:40:00,90.56902932,0.149,False
2014-02-01 20:45:00,91.04022609,0.166,False
2014-02-01 20:50:00,91.92834465,0.746,False
2014-02-01 20:55:00,91.36339729,0.255,False
2014-02-01 21:00:00,91.60941731,0.372,False
2014-02-01 21:05:00,91.39746422,0.142,False
2014-02-01 21:10:00,91.90414385,0.366,False
2014-02-01 21:15:00,90.75710971,0.384,False
2014-02-01 21:20:00,92.41553095,0.66,False
2014-02-01 21:25:00,91.65221218,0.164,False
2014-02-01 21:30:00,91.53930885,0.079,False
2014-02-01 21:35:00,91.96410087,0.301,False
2014-02-01 21:40:00,91.7271995,0.125,False
2014-02-01 21:45:00,90.65563827,0.532,False
2014-02-01 21:50:00,90.56411568,0.615,False
2014-02-01 21:55:00,88.72273746,1.771,False
2014-02-01 22:00:00,88.36276195,2.01,False
2014-02-01 22:05:00,87.27127055,2.693,False
2014-02-01 22:10:00,87.7943171,2.376,False
2014-02-01 22:15:00,86.61133397,3.163,False
2014-02-01 22:20:00,86.64487538,3.182,False
2014-02-01 22:25:00,87.6149462,2.675,False
2014-02-01 22:30:00,89.19501723,1.653,False
2014-02-01 22:35:00,89.48321201,1.462,False
2014-02-01 22:40:00,88.85456463,2.023,False
2014-02-01 22:45:00,89.77488408,1.445,False
2014-02-01 22:50:00,90.36056232,1.072,False
2014-02-01 22:55:00,89.95195221,1.348,False
2014-02-01 23:00:00,91.58209658,0.243,False
2014-02-01 23:05:00,91.97489614,0.027,False
2014-02-01 23:10:00,93.88275721,1.353,False
2014-02-01 23:15:00,93.8913593,1.389,False
2014-02-01 23:20:00,93.9536988,1.473,False
2014-02-01 23:25:00,95.40031524,2.529,False
2014-02-01 23:30:00,95.87067875,2.957,False
2014-02-01 23:35:00,93.8535479,1.368,False
2014-02-01 23:40:00,95.58450239,2.741,False
2014-02-01 23:45:00,94.48320948,1.898,False
2014-02-01 23:50:00,94.0257907,1.553,False
2014-02-01 23:55:00,92.91797332,0.716,False
2014-02-02 00:00:00,92.95366466,0.743,False
2014-02-02 00:05:00,94.23868781,1.714,False
2014-02-02 00:10:00,92.43559721,0.332,False
2014-02-02 00:15:00,93.82936837,1.345,False
2014-02-02 00:20:00,93.57127605,1.152,False
2014-02-02 00:25:00,91.87733791,0.087,False
2014-02-02 00:30:00,92.07787842,0.065,False
2014-02-02 00:35:00,92.57779501,0.446,False
2014-02-02 00:40:00,91.60922314,0.287,False
2014-02-02 00:45:00,92.10906112,0.087,False
2014-02-02 00:50:00,91.18356121,0.6,False
2014-02-02 00:55:00,92.00938168,0.013,False
2014-02-02 01:00:00,93.07022448,0.824,False
2014-02-02 01:05:00,92.44661198,0.347,False
2014-02-02 01:10:00,92.7828596,0.604,False
2014-02-02 01:15:00,91.53813535,0.347,False
2014-02-02 01:20:00,92.67051415,0.518,False
2014-02-02 01:25:00,92.19227064,0.153,False
2014-02-02 01:30:00,91.40673734,0.447,False
2014-02-02 01:35:00,92.63526182,0.491,False
2014-02-02 01:40:00,92.18277927,0.146,False
2014-02-02 01:45:00,91.94436712,0.036,False
2014-02-02 01:50:00,92.98251979,0.757,False
2014-02-02 01:55:00,92.30123077,0.243,False
2014-02-02 02:00:00,91.08330395,0.715,False
2014-02-02 02:05:00,93.12788125,0.894,False
2014-02-02 02:10:00,92.05668186,0.063,False
2014-02-02 02:15:00,91.19291287,0.587,False
2014-02-02 02:20:00,92.94842926,0.927,False
2014-02-02 02:25:00,92.41584889,0.614,False
2014-02-02 02:30:00,92.62939377,0.854,False
2014-02-02 02:35:00,91.62199521,0.039,False
2014-02-02 02:40:00,92.18179028,0.568,False
2014-02-02 02:45:00,91.51247758,0.024,False
2014-02-02 02:50:00,90.5130819,0.899,False
2014-02-02 02:55:00,91.54186225,0.015,False
2014-02-02 03:00:00,90.61846891,0.784,False
2014-02-02 03:05:00,92.35263377,0.833,False
2014-02-02 03:10:00,92.33239471,0.843,False
2014-02-02 03:15:00,91.11324439,0.323,False
2014-02-02 03:20:00,91.04712172,0.399,False
2014-02-02 03:25:00,91.75190449,0.361,False
2014-02-02 03:30:00,91.54261183,0.243,False
2014-02-02 03:35:00,90.30986067,0.927,False
2014-02-02 03:40:00,90.04687696,1.131,False
2014-02-02 03:45:00,91.14634176,0.069,False
2014-02-02 03:50:00,90.69504973,0.479,False
2014-02-02 03:55:00,91.0363579,0.175,False
2014-02-02 04:00:00,89.97830803,1.198,False
2014-02-02 04:05:00,89.09050322,2.046,False
2014-02-02 04:10:00,89.20216263,1.871,False
2014-02-02 04:15:00,89.32123406,1.76,False
2014-02-02 04:20:00,89.88161981,1.237,False
2014-02-02 04:25:00,88.93985265,2.115,False
2014-02-02 04:30:00,88.89349603,2.159,False
2014-02-02 04:35:00,89.58709988,1.512,False
2014-02-02 04:40:00,89.97589822,1.149,False
2014-02-02 04:45:00,88.27264023,2.737,False
2014-02-02 04:50:00,90.41536566,0.74,False
2014-02-02 04:55:00,90.16341002,0.975,False
2014-02-02 05:00:00,90.64986129,0.521,False
2014-02-02 05:05:00,90.72486944,0.46,False
2014-02-02 05:10:00,91.21677275,0.001,False
2014-02-02 05:15:00,90.12017408,1.023,False
2014-02-02 05:20:00,90.66444813,0.533,False
2014-02-02 05:25:00,89.59688823,1.492,False
2014-02-02 05:30:00,91.39041927,0.123,False
2014-02-02 05:35:00,90.68054923,0.589,False
2014-02-02 05:40:00,90.1765957,1.104,False
2014-02-02 05:45:00,89.99580101,1.317,False
2014-02-02 05:50:00,91.86444485,0.634,False
2014-02-02 05:55:00,90.57117524,0.855,False
2014-02-02 06:00:00,92.14247756,0.834,False
2014-02-02 06:05:00,91.99260771,0.62,False
2014-02-02 06:10:00,93.14094272,1.92,False
2014-02-02 06:15:00,91.80049607,0.419,False
2014-02-02 06:20:00,91.20051039,0.346,False
2014-02-02 06:25:00,91.21890951,0.474,False
2014-02-02 06:30:00,91.15999526,0.534,False
2014-02-02 06:35:00,92.84367467,0.939,False
2014-02-02 06:40:00,91.87772179,0.006,False
2014-02-02 06:45:00,91.09475879,0.78,False
2014-02-02 06:50:00,91.47454511,0.511,False
2014-02-02 06:55:00,92.66020644,0.381,False
2014-02-02 07:00:00,91.19448196,0.913,False
2014-02-02 07:05:00,93.20524002,0.697,False
2014-02-02 07:10:00,91.2958518,1.01,False
2014-02-02 07:15:00,92.91437507,0.201,False
2014-02-02 07:20:00,93.06770592,0.252,False
2014-02-02 07:25:00,92.86544552,0.009,False
2014-02-02 07:30:00,92.27867806,0.503,False
2014-02-02 07:35:00,93.20796844,0.178,False
2014-02-02 07:40:00,92.38714612,0.561,False
2014-02-02 07:45:00,93.06937413,0.029,False
2014-02-02 07:50:00,92.32955561,0.694,False
2014-02-02 07:55:00,93.25809906,0.041,False
2014-02-02 08:00:00,94.11262318,0.705,False
2014-02-02 08:05:00,93.87520390000002,0.35,False
2014-02-02 08:10:00,92.67978162,0.851,False
2014-02-02 08:15:00,95.31888297,1.057,False
2014-02-02 08:20:00,93.61739063,0.828,False
2014-02-02 08:25:00,95.29383172,0.038,False
2014-02-02 08:30:00,95.75478386,0.35,False
2014-02-02 08:35:00,95.1962756,0.266,False
2014-02-02 08:40:00,96.28600433,0.208,False
2014-02-02 08:45:00,96.42367284,0.055,False
2014-02-02 08:50:00,96.68297309,0.104,False
2014-02-02 08:55:00,97.96330047,0.977,False
2014-02-02 09:00:00,96.80431085,0.18,False
2014-02-02 09:05:00,97.25555182,0.136,False
2014-02-02 09:10:00,97.84024473,0.154,False
2014-02-02 09:15:00,99.27951638,1.21,False
2014-02-02 09:20:00,99.69434794,1.536,False
2014-02-02 09:25:00,98.785216,0.811,False
2014-02-02 09:30:00,99.0211965,0.999,False
2014-02-02 09:35:00,100.429832,1.975,False
2014-02-02 09:40:00,100.7359067,2.262,False
2014-02-02 09:45:00,101.0286987,2.443,False
2014-02-02 09:50:00,99.8318679,1.508,False
2014-02-02 09:55:00,101.1442337,2.533,False
2014-02-02 10:00:00,101.4045321,2.737,False
2014-02-02 10:05:00,100.1580362,1.717,False
2014-02-02 10:10:00,99.11096677,0.875,False
2014-02-02 10:15:00,99.49787743,1.203,False
2014-02-02 10:20:00,99.83009285,1.463,False
2014-02-02 10:25:00,100.6371378,2.036,False
2014-02-02 10:30:00,100.92524,2.256,False
2014-02-02 10:35:00,99.81222454,1.409,False
2014-02-02 10:40:00,99.73525324,1.35,False
2014-02-02 10:45:00,99.69250375,1.318,False
2014-02-02 10:50:00,100.0196329,1.553,False
2014-02-02 10:55:00,99.91332266,1.46,False
2014-02-02 11:00:00,98.42959329,0.35,False
2014-02-02 11:05:00,98.8791095,0.686,False
2014-02-02 11:10:00,98.05885991,0.073,False
2014-02-02 11:15:00,99.31499901,1.022,False
2014-02-02 11:20:00,99.43704021,1.114,False
2014-02-02 11:25:00,98.92234933,0.779,False
2014-02-02 11:30:00,97.69842733,0.213,False
2014-02-02 11:35:00,98.67310041,0.537,False
2014-02-02 11:40:00,98.45111101,0.366,False
2014-02-02 11:45:00,98.15215346,0.141,False
2014-02-02 11:50:00,98.21032296,0.184,False
2014-02-02 11:55:00,99.14752273,0.872,False
2014-02-02 12:00:00,97.59732896,0.245,False
2014-02-02 12:05:00,98.01832816,0.065,False
2014-02-02 12:10:00,98.44799415,0.381,False
2014-02-02 12:15:00,97.01237782,0.674,False
2014-02-02 12:20:00,97.40940545,0.287,False
2014-02-02 12:25:00,97.47652842,0.148,False
2014-02-02 12:30:00,98.51983469,0.659,False
2014-02-02 12:35:00,97.11533665,0.311,False
2014-02-02 12:40:00,96.34808476,0.819,False
2014-02-02 12:45:00,97.25190185,0.059,False
2014-02-02 12:50:00,96.97039332,0.193,False
2014-02-02 12:55:00,97.65576859,0.378,False
2014-02-02 13:00:00,97.95857321,0.679,False
2014-02-02 13:05:00,97.90113426,0.691,False
2014-02-02 13:10:00,96.85326362,0.044,False
2014-02-02 13:15:00,97.20082054,0.397,False
2014-02-02 13:20:00,95.40884925,1.031,False
2014-02-02 13:25:00,96.57456134,0.143,False
2014-02-02 13:30:00,95.91197796,0.463,False
2014-02-02 13:35:00,96.28091593,0.212,False
2014-02-02 13:40:00,95.31023717,0.541,False
2014-02-02 13:45:00,96.51173329,1.357,False
2014-02-02 13:50:00,94.04063231,1.735,False
2014-02-02 13:55:00,94.42771619,0.86,False
2014-02-02 14:00:00,95.53696704,1.031,False
2014-02-02 14:05:00,94.26724043,0.478,False
2014-02-02 14:10:00,94.85331155,0.469,False
2014-02-02 14:15:00,92.88847825,2.031,False
2014-02-02 14:20:00,94.5714482,0.186,False
2014-02-02 14:25:00,94.01627815,0.54,False
2014-02-02 14:30:00,93.36168972,1.415,False
2014-02-02 14:35:00,92.91402645,1.924,False
2014-02-02 14:40:00,93.05348177,1.69,False
2014-02-02 14:45:00,94.26617795,0.019,False
2014-02-02 14:50:00,93.06942017,1.593,False
2014-02-02 14:55:00,94.43316711,0.219,False
2014-02-02 15:00:00,93.29325561,1.181,False
2014-02-02 15:05:00,93.02371322,1.368,False
2014-02-02 15:10:00,93.90525188,0.207,False
2014-02-02 15:15:00,92.95311598,1.436,False
2014-02-02 15:20:00,93.51707679,0.661,False
2014-02-02 15:25:00,92.98045765,1.285,False
2014-02-02 15:30:00,93.01804175,1.224,False
2014-02-02 15:35:00,93.75667884,0.286,False
2014-02-02 15:40:00,92.64485371,1.624,False
2014-02-02 15:45:00,93.97698437,0.098,False
2014-02-02 15:50:00,94.34125809,0.665,False
2014-02-02 15:55:00,92.43639521,1.629,False
2014-02-02 16:00:00,92.52315321,1.392,False
2014-02-02 16:05:00,94.43296993,1.155,False
2014-02-02 16:10:00,93.99609847,0.59,False
2014-02-02 16:15:00,93.1227855,0.523,False
2014-02-02 16:20:00,93.89708431,0.476,False
2014-02-02 16:25:00,93.6353626,0.249,False
2014-02-02 16:30:00,92.69160019,0.853,False
2014-02-02 16:35:00,93.27095491,0.132,False
2014-02-02 16:40:00,92.84721932,0.58,False
2014-02-02 16:45:00,92.94158005,0.408,False
2014-02-02 16:50:00,94.67795578,1.429,False
2014-02-02 16:55:00,93.24046813,0.044,False
2014-02-02 17:00:00,92.92621373,0.349,False
2014-02-02 17:05:00,94.29377387,1.098,False
2014-02-02 17:10:00,94.08665465,0.903,False
2014-02-02 17:15:00,94.41316401,1.311,False
2014-02-02 17:20:00,92.80419951,0.4,False
2014-02-02 17:25:00,94.5541437,1.46,False
2014-02-02 17:30:00,92.57135378,0.56,False
2014-02-02 17:35:00,92.93484003,0.149,False
2014-02-02 17:40:00,92.82551027,0.291,False
2014-02-02 17:45:00,94.54869726,1.533,False
2014-02-02 17:50:00,92.75024048,0.345,False
2014-02-02 17:55:00,93.56311733,0.49,False
2014-02-02 18:00:00,92.31965155,0.826,False
2014-02-02 18:05:00,94.53471709,1.518,False
2014-02-02 18:10:00,94.30203436,1.272,False
2014-02-02 18:15:00,93.99346383,0.89,False
2014-02-02 18:20:00,92.43110409,0.682,False
2014-02-02 18:25:00,93.22572799,0.145,False
2014-02-02 18:30:00,92.22099301,0.853,False
2014-02-02 18:35:00,93.07753778,0.024,False
2014-02-02 18:40:00,93.42891256,0.374,False
2014-02-02 18:45:00,93.07419178,0.002,False
2014-02-02 18:50:00,92.85311055,0.234,False
2014-02-02 18:55:00,93.44491277,0.427,False
2014-02-02 19:00:00,92.01489103,1.11,False
2014-02-02 19:05:00,94.1068414,1.167,False
2014-02-02 19:10:00,93.60998742,0.696,False
2014-02-02 19:15:00,92.16726254,0.844,False
2014-02-02 19:20:00,93.06473069,0.137,False
2014-02-02 19:25:00,94.18920182,1.361,False
2014-02-02 19:30:00,92.0407127,0.927,False
2014-02-02 19:35:00,93.51466711,0.667,False
2014-02-02 19:40:00,92.60542133,0.309,False
2014-02-02 19:45:00,93.74757048,0.853,False
2014-02-02 19:50:00,92.03315279,0.902,False
2014-02-02 19:55:00,91.9314363,1.008,False
2014-02-02 20:00:00,93.70490156,0.881,False
2014-02-02 20:05:00,92.44264298,0.41,False
2014-02-02 20:10:00,92.32616409,0.509,False
2014-02-02 20:15:00,92.37517388,0.448,False
2014-02-02 20:20:00,94.0647662,1.295,False
2014-02-02 20:25:00,92.23936602,0.61,False
2014-02-02 20:30:00,91.73997236,1.14,False
2014-02-02 20:35:00,93.63999196,0.859,False
2014-02-02 20:40:00,92.01585257,0.804,False
2014-02-02 20:45:00,92.53851585,0.212,False
2014-02-02 20:50:00,93.52866897,0.768,False
2014-02-02 20:55:00,93.12727996,0.445,False
2014-02-02 21:00:00,93.92696695,1.227,False
2014-02-02 21:05:00,91.82299832,0.686,False
2014-02-02 21:10:00,91.69140464,0.775,False
2014-02-02 21:15:00,91.92153885,0.594,False
2014-02-02 21:20:00,93.72893608,1.201,False
2014-02-02 21:25:00,93.45795508,0.936,False
2014-02-02 21:30:00,93.01795494,0.502,False
2014-02-02 21:35:00,92.86900173,0.367,False
2014-02-02 21:40:00,92.8114717,0.366,False
2014-02-02 21:45:00,92.73952656,0.353,False
2014-02-02 21:50:00,91.55327335,0.645,False
2014-02-02 21:55:00,92.83883221,0.544,False
2014-02-02 22:00:00,92.76067263,0.507,False
2014-02-02 22:05:00,92.54943078,0.328,False
2014-02-02 22:10:00,91.47964095,0.632,False
2014-02-02 22:15:00,93.66030926,1.522,False
2014-02-02 22:20:00,92.20901445,0.165,False
2014-02-02 22:25:00,92.05170885,0.015,False
2014-02-02 22:30:00,91.22329409,0.83,False
2014-02-02 22:35:00,93.02123062,1.092,False
2014-02-02 22:40:00,93.48508551,1.615,False
2014-02-02 22:45:00,91.38739466,0.503,False
2014-02-02 22:50:00,93.33585576,1.611,False
2014-02-02 22:55:00,92.08750661,0.388,False
2014-02-02 23:00:00,93.27725975,1.669,False
2014-02-02 23:05:00,92.51676974,0.929,False
2014-02-02 23:10:00,92.82300108,1.304,False
2014-02-02 23:15:00,91.66083601,0.151,False
2014-02-02 23:20:00,91.39337621,0.045,False
2014-02-02 23:25:00,91.59059531,0.209,False
2014-02-02 23:30:00,92.48882592,1.234,False
2014-02-02 23:35:00,90.69322688,0.276,False
2014-02-02 23:40:00,87.96739664,1.424,False
2014-02-02 23:45:00,86.22077422,0.935,False
2014-02-02 23:50:00,85.10816924,0.581,False
2014-02-02 23:55:00,82.20848783,1.553,False
2014-02-03 00:00:00,80.63245002,0.833,False
2014-02-03 00:05:00,78.6220717,1.088,False
2014-02-03 00:10:00,78.00399345,0.335,False
2014-02-03 00:15:00,75.77023043,1.229,False
2014-02-03 00:20:00,74.47757955,0.7,False
2014-02-03 00:25:00,70.96892826,1.899,False
2014-02-03 00:30:00,69.79464216,1.097,False
2014-02-03 00:35:00,70.12348463,0.265,False
2014-02-03 00:40:00,70.61281741,0.708,False
2014-02-03 00:45:00,68.36768599999999,1.339,False
2014-02-03 00:50:00,69.4147723,0.567,False
2014-02-03 00:55:00,67.42533793,0.631,False
2014-02-03 01:00:00,67.33857823,0.215,False
2014-02-03 01:05:00,67.62976359999999,0.269,False
2014-02-03 01:10:00,66.52378621,0.719,False
2014-02-03 01:15:00,67.06989527,0.131,False
2014-02-03 01:20:00,66.82157148,0.162,False
2014-02-03 01:25:00,65.64012744,0.574,False
2014-02-03 01:30:00,65.81380399,0.092,False
2014-02-03 01:35:00,63.50375258,1.16,False
2014-02-03 01:40:00,63.29867633,0.111,False
2014-02-03 01:45:00,62.32450495,0.861,False
2014-02-03 01:50:00,62.86278248,0.131,False
2014-02-03 01:55:00,61.2671666,1.38,False
2014-02-03 02:00:00,62.63358627,0.917,False
2014-02-03 02:05:00,60.60212365,0.735,False
2014-02-03 02:10:00,61.15558054,0.041,False
2014-02-03 02:15:00,61.22673277,0.396,False
2014-02-03 02:20:00,59.46361368,1.041,False
2014-02-03 02:25:00,59.77500259,0.264,False
2014-02-03 02:30:00,58.58201649,1.363,False
2014-02-03 02:35:00,60.15318782,0.473,False
2014-02-03 02:40:00,59.23844462,0.353,False
2014-02-03 02:45:00,58.42980744,1.026,False
2014-02-03 02:50:00,59.87904039,0.696,False
2014-02-03 02:55:00,58.62164145,0.719,False
2014-02-03 03:00:00,59.26754636,0.1,False
2014-02-03 03:05:00,59.66820096,0.872,False
2014-02-03 03:10:00,59.12791737,0.531,False
2014-02-03 03:15:00,59.26888175,0.791,False
2014-02-03 03:20:00,57.44314814,1.26,False
2014-02-03 03:25:00,58.73754878,0.403,False
2014-02-03 03:30:00,57.32320038,1.208,False
2014-02-03 03:35:00,58.31850562,0.015,False
2014-02-03 03:40:00,57.89453521,0.434,False
2014-02-03 03:45:00,58.25755107,0.038,False
2014-02-03 03:50:00,58.36580995,0.381,False
2014-02-03 03:55:00,57.24896251,0.593,False
2014-02-03 04:00:00,58.2927741,0.859,False
2014-02-03 04:05:00,58.19406663,0.888,False
2014-02-03 04:10:00,56.17257156,1.219,False
2014-02-03 04:15:00,57.64487343,0.5,False
2014-02-03 04:20:00,56.86077004,0.202,False
2014-02-03 04:25:00,55.7943082,1.205,False
2014-02-03 04:30:00,56.918643,0.115,False
2014-02-03 04:35:00,55.714123,1.133,False
2014-02-03 04:40:00,57.16981026,0.616,False
2014-02-03 04:45:00,56.44556635,0.149,False
2014-02-03 04:50:00,54.80554442,1.49,False
2014-02-03 04:55:00,56.76640281,0.669,False
2014-02-03 05:00:00,55.78266146,0.191,False
2014-02-03 05:05:00,56.7649007,1.065,False
2014-02-03 05:10:00,54.48414675,1.379,False
2014-02-03 05:15:00,56.16947655,0.592,False
2014-02-03 05:20:00,54.17798824,1.308,False
2014-02-03 05:25:00,55.53970615,0.468,False
2014-02-03 05:30:00,56.1214043,1.277,False
2014-02-03 05:35:00,53.73629886,1.263,False
2014-02-03 05:40:00,54.90622261,0.078,False
2014-02-03 05:45:00,55.21377671,0.541,False
2014-02-03 05:50:00,54.8638041,0.317,False
2014-02-03 05:55:00,55.0147672,0.548,False
2014-02-03 06:00:00,53.81547716,0.7,False
2014-02-03 06:05:00,53.54966189,0.823,False
2014-02-03 06:10:00,53.84124637,0.256,False
2014-02-03 06:15:00,52.97369337,1.07,False
2014-02-03 06:20:00,54.61781056,0.821,False
2014-02-03 06:25:00,54.52809362,0.788,False
2014-02-03 06:30:00,52.18800178,1.788,False
2014-02-03 06:35:00,54.43020747,0.814,False
2014-02-03 06:40:00,53.9730706,0.401,False
2014-02-03 06:45:00,53.93649222,0.753,False
2014-02-03 06:50:00,51.98615458,1.029,False
2014-02-03 06:55:00,52.72023489,0.109,False
2014-02-03 07:00:00,53.67776283,0.978,False
2014-02-03 07:05:00,52.35162439,0.238,False
2014-02-03 07:10:00,51.97540589,0.438,False
2014-02-03 07:15:00,52.88545179,0.642,False
2014-02-03 07:20:00,52.43903981,0.358,False
2014-02-03 07:25:00,52.75928256,0.764,False
2014-02-03 07:30:00,50.63527694,1.237,False
2014-02-03 07:35:00,51.43447038,0.181,False
2014-02-03 07:40:00,51.12552639,0.263,False
2014-02-03 07:45:00,50.59661334,0.606,False
2014-02-03 07:50:00,50.22150673,0.713,False
2014-02-03 07:55:00,50.2662818,0.53,False
2014-02-03 08:00:00,51.81597989,0.961,False
2014-02-03 08:05:00,49.81559975,0.696,False
2014-02-03 08:10:00,50.81262286,0.182,False
2014-02-03 08:15:00,50.12846268,0.356,False
2014-02-03 08:20:00,50.48572661,0.021,False
2014-02-03 08:25:00,50.60703532,0.217,False
2014-02-03 08:30:00,51.37155247,0.945,False
2014-02-03 08:35:00,48.93508502,1.039,False
2014-02-03 08:40:00,50.88528478,0.722,False
2014-02-03 08:45:00,49.52295139,0.301,False
2014-02-03 08:50:00,48.63095252,0.945,False
2014-02-03 08:55:00,50.43692539,0.434,False
2014-02-03 09:00:00,49.49746594,0.272,False
2014-02-03 09:05:00,49.06554792,0.576,False
2014-02-03 09:10:00,49.91850516,0.035,False
2014-02-03 09:15:00,49.86739198,0.001,False
2014-02-03 09:20:00,48.96407003,0.555,False
2014-02-03 09:25:00,49.87075617,0.001,False
2014-02-03 09:30:00,48.31568935,0.927,False
2014-02-03 09:35:00,49.27527992,0.358,False
2014-02-03 09:40:00,49.47535323,0.238,False
2014-02-03 09:45:00,48.51089795,0.811,False
2014-02-03 09:50:00,48.73634681,0.676,False
2014-02-03 09:55:00,48.15278578,1.024,False
2014-02-03 10:00:00,48.4171427,0.867,False
2014-02-03 10:05:00,47.84020769,1.211,False
2014-02-03 10:10:00,47.47862847,1.427,False
2014-02-03 10:15:00,46.55879317,1.976,False
2014-02-03 10:20:00,48.22882113,0.979,False
2014-02-03 10:25:00,46.24988012,2.16,False
2014-02-03 10:30:00,48.20282348,0.994,False
2014-02-03 10:35:00,46.00798634,2.304,False
2014-02-03 10:40:00,47.54683829,1.386,False
2014-02-03 10:45:00,45.83463393,2.408,False
2014-02-03 10:50:00,45.74162255,2.463,False
2014-02-03 10:55:00,46.83084682,1.813,False
2014-02-03 11:00:00,47.12750298,1.636,False
2014-02-03 11:05:00,45.43152885,2.648,False
2014-02-03 11:10:00,44.67244412,3.117,False
2014-02-03 11:15:00,46.08151724,2.238,False
2014-02-03 11:20:00,44.6126224,3.1,False
2014-02-03 11:25:00,44.80696725,2.986,False
2014-02-03 11:30:00,45.03879087,2.85,False
2014-02-03 11:35:00,45.22417529,2.741,False
2014-02-03 11:40:00,43.9247014,3.624,False
2014-02-03 11:45:00,44.21495123,3.45,False
2014-02-03 11:50:00,49.97062583,0.14,False
2014-02-03 11:55:00,60.11197269,3.129,False
2014-02-03 12:00:00,68.16056591,2.603,False
2014-02-03 12:05:00,77.27662004,2.949,False
2014-02-03 12:10:00,80.55869877,1.062,False
2014-02-03 12:15:00,82.77453867,0.717,False
2014-02-03 12:20:00,85.71248638,0.941,False
2014-02-03 12:25:00,88.57751268,0.918,False
2014-02-03 12:30:00,90.47530161,0.608,False
2014-02-03 12:35:00,92.24661871,0.605,False
2014-02-03 12:40:00,93.9523618,0.908,False
2014-02-03 12:45:00,92.99917866,0.314,False
2014-02-03 12:50:00,94.46915113,0.358,False
2014-02-03 12:55:00,94.89605085,0.572,False
2014-02-03 13:00:00,93.92669357,0.254,False
2014-02-03 13:05:00,94.41550323,0.02,False
2014-02-03 13:10:00,94.78236789,0.225,False
2014-02-03 13:15:00,95.07974535,0.404,False
2014-02-03 13:20:00,94.16402265,0.387,False
2014-02-03 13:25:00,94.79393419,0.004,False
2014-02-03 13:30:00,96.11729782,0.964,False
2014-02-03 13:35:00,95.96522354,0.74,False
2014-02-03 13:40:00,94.47820749,0.533,False
2014-02-03 13:45:00,94.57436377,0.568,False
2014-02-03 13:50:00,95.32532471,0.074,False
2014-02-03 13:55:00,95.58198241,0.031,False
2014-02-03 14:00:00,95.50702156,0.106,False
2014-02-03 14:05:00,95.68956676,0.009,False
2014-02-03 14:10:00,97.00436343,1.009,False
2014-02-03 14:15:00,96.44812513,0.352,False
2014-02-03 14:20:00,95.27379475,0.774,False
2014-02-03 14:25:00,95.71168603,0.538,False
2014-02-03 14:30:00,97.20586373,0.538,False
2014-02-03 14:35:00,96.22005599,0.618,False
2014-02-03 14:40:00,97.9889575,0.837,False
2014-02-03 14:45:00,97.82756107,0.574,False
2014-02-03 14:50:00,97.23680335,0.04,False
2014-02-03 14:55:00,98.26732586,0.883,False
2014-02-03 15:00:00,97.6646878,0.149,False
2014-02-03 15:05:00,97.60728352,0.028,False
2014-02-03 15:10:00,97.90108223,0.202,False
2014-02-03 15:15:00,96.78726916,1.018,False
2014-02-03 15:20:00,98.40478245,0.575,False
2014-02-03 15:25:00,98.69404923,0.797,False
2014-02-03 15:30:00,97.31763795,0.885,False
2014-02-03 15:35:00,97.74119938,0.65,False
2014-02-03 15:40:00,97.41859681,1.104,False
2014-02-03 15:45:00,99.83148903,1.552,False
2014-02-03 15:50:00,99.04593681,0.512,False
2014-02-03 15:55:00,99.41018035,0.903,False
2014-02-03 16:00:00,98.47270799,0.154,False
2014-02-03 16:05:00,99.64395934,1.096,False
2014-02-03 16:10:00,100.3975677,1.645,False
2014-02-03 16:15:00,98.42690949,0.6,False
2014-02-03 16:20:00,99.64357135,0.614,False
2014-02-03 16:25:00,100.8958082,1.788,False
2014-02-03 16:30:00,100.7623435,1.654,False
2014-02-03 16:35:00,99.01608827,0.095,False
2014-02-03 16:40:00,99.41504904,0.304,False
2014-02-03 16:45:00,99.44444719,0.335,False
2014-02-03 16:50:00,99.28905138,0.176,False
2014-02-03 16:55:00,101.5430142,2.486,False
2014-02-03 17:00:00,100.5655896,1.47,False
2014-02-03 17:05:00,99.35166811,0.17,False
2014-02-03 17:10:00,101.0229057,1.743,False
2014-02-03 17:15:00,100.9953279,1.817,False
2014-02-03 17:20:00,100.3788857,1.134,False
2014-02-03 17:25:00,99.41220334,0.198,False
2014-02-03 17:30:00,101.4061208,1.889,False
2014-02-03 17:35:00,99.90046675,0.567,False
2014-02-03 17:40:00,100.757853,1.32,False
2014-02-03 17:45:00,99.220609,0.033,False
2014-02-03 17:50:00,99.43258095,0.156,False
2014-02-03 17:55:00,100.5003101,1.058,False
2014-02-03 18:00:00,100.4242906,1.027,False
2014-02-03 18:05:00,99.18658442,0.058,False
2014-02-03 18:10:00,100.0856138,0.706,False
2014-02-03 18:15:00,99.0085859,0.209,False
2014-02-03 18:20:00,100.760308,1.311,False
2014-02-03 18:25:00,99.4580706,0.173,False
2014-02-03 18:30:00,100.1636139,0.765,False
2014-02-03 18:35:00,99.17648078,0.067,False
2014-02-03 18:40:00,99.59504512,0.289,False
2014-02-03 18:45:00,100.5360186,1.088,False
2014-02-03 18:50:00,98.41643948,0.686,False
2014-02-03 18:55:00,98.53305614,0.584,False
2014-02-03 19:00:00,98.38081679,0.722,False
2014-02-03 19:05:00,99.45309686,0.245,False
2014-02-03 19:10:00,99.93334569,0.723,False
2014-02-03 19:15:00,100.1761794,0.995,False
2014-02-03 19:20:00,99.51269527,0.397,False
2014-02-03 19:25:00,98.55745131,0.432,False
2014-02-03 19:30:00,97.72522133,1.219,False
2014-02-03 19:35:00,98.13561715,0.843,False
2014-02-03 19:40:00,99.05832926,0.147,False
2014-02-03 19:45:00,98.00966108,0.789,False
2014-02-03 19:50:00,98.84410284,0.045,False
2014-02-03 19:55:00,99.08589564,0.322,False
2014-02-03 20:00:00,99.67195072,0.982,False
2014-02-03 20:05:00,97.35198366,1.269,False
2014-02-03 20:10:00,97.96743519,0.573,False
2014-02-03 20:15:00,97.61779606,0.85,False
2014-02-03 20:20:00,99.54339248,1.173,False
2014-02-03 20:25:00,99.48757665,1.18,False
2014-02-03 20:30:00,97.63586245,0.646,False
2014-02-03 20:35:00,98.02267815,0.192,False
2014-02-03 20:40:00,98.24026079,0.079,False
2014-02-03 20:45:00,97.19533444,1.04,False
2014-02-03 20:50:00,97.23551447,0.891,False
2014-02-03 20:55:00,97.36342451,0.716,False
2014-02-03 21:00:00,98.96303401,1.01,False
2014-02-03 21:05:00,98.75092685,0.826,False
2014-02-03 21:10:00,98.05367677,0.059,False
2014-02-03 21:15:00,98.74076344,0.856,False
2014-02-03 21:20:00,96.88282423,1.146,False
2014-02-03 21:25:00,98.84176116,1.061,False
2014-02-03 21:30:00,97.47438117,0.322,False
2014-02-03 21:35:00,97.4923445,0.225,False
2014-02-03 21:40:00,98.62208039,0.993,False
2014-02-03 21:45:00,97.84514427,0.218,False
2014-02-03 21:50:00,97.46983011,0.168,False
2014-02-03 21:55:00,98.16006431,0.573,False
2014-02-03 22:00:00,98.16762393,0.639,False
2014-02-03 22:05:00,98.29199233,0.858,False
2014-02-03 22:10:00,96.52654698,1.048,False
2014-02-03 22:15:00,98.05353709,0.653,False
2014-02-03 22:20:00,97.99035666,0.645,False
2014-02-03 22:25:00,96.99364349,0.463,False
2014-02-03 22:30:00,97.63422551,0.3,False
2014-02-03 22:35:00,96.48216762,0.981,False
2014-02-03 22:40:00,97.35779547,0.026,False
2014-02-03 22:45:00,97.89605895,0.68,False
2014-02-03 22:50:00,97.13474515,0.132,False
2014-02-03 22:55:00,96.93104809,0.327,False
2014-02-03 23:00:00,97.52596823,0.355,False
2014-02-03 23:05:00,95.95996912,1.354,False
2014-02-03 23:10:00,96.1693174,1.076,False
2014-02-03 23:15:00,96.8868478,0.212,False
2014-02-03 23:20:00,95.88115818,1.348,False
2014-02-03 23:25:00,96.50833612,0.656,False
2014-02-03 23:30:00,97.20930433,0.15,False
2014-02-03 23:35:00,96.31406256,0.902,False
2014-02-03 23:40:00,96.68448665,0.463,False
2014-02-03 23:45:00,96.29248834,0.848,False
2014-02-03 23:50:00,96.64126363,0.44,False
2014-02-03 23:55:00,96.53844325,0.565,False
2014-02-04 00:00:00,96.88130647,0.161,False
2014-02-04 00:05:00,95.81566457,1.415,False
2014-02-04 00:10:00,97.04285679,0.029,False
2014-02-04 00:15:00,97.69279442,0.788,False
2014-02-04 00:20:00,95.87081412,1.351,False
2014-02-04 00:25:00,96.05914218,1.202,False
2014-02-04 00:30:00,96.34052688,0.902,False
2014-02-04 00:35:00,97.26402679,0.216,False
2014-02-04 00:40:00,96.45401723,0.738,False
2014-02-04 00:45:00,96.97571191,0.128,False
2014-02-04 00:50:00,97.90369199,0.969,False
2014-02-04 00:55:00,96.3474403,0.863,False
2014-02-04 01:00:00,96.76404961,0.373,False
2014-02-04 01:05:00,96.67316047,0.493,False
2014-02-04 01:10:00,96.57709369,0.65,False
2014-02-04 01:15:00,96.104593,1.382,False
2014-02-04 01:20:00,97.7958958,0.905,False
2014-02-04 01:25:00,96.6498416,0.66,False
2014-02-04 01:30:00,97.31858132,0.221,False
2014-02-04 01:35:00,96.82848919,0.421,False
2014-02-04 01:40:00,96.40232017,1.045,False
2014-02-04 01:45:00,96.8176013,0.461,False
2014-02-04 01:50:00,96.11611283,1.432,False
2014-02-04 01:55:00,96.40195704,1.041,False
2014-02-04 02:00:00,97.11853858,0.15,False
2014-02-04 02:05:00,96.38703448,1.048,False
2014-02-04 02:10:00,96.23090669,1.332,False
2014-02-04 02:15:00,97.677992,0.488,False
2014-02-04 02:20:00,97.42124613,0.106,False
2014-02-04 02:25:00,97.53292769,0.193,False
2014-02-04 02:30:00,97.49513058,0.103,False
2014-02-04 02:35:00,98.18174875,1.029,False
2014-02-04 02:40:00,96.98605129,0.596,False
2014-02-04 02:45:00,98.27735505,1.099,False
2014-02-04 02:50:00,97.29679416,0.294,False
2014-02-04 02:55:00,98.24037838,0.937,False
2014-02-04 03:00:00,98.27770827,0.936,False
2014-02-04 03:05:00,98.6498254,1.349,False
2014-02-04 03:10:00,98.60068288,1.232,False
2014-02-04 03:15:00,98.0042103,0.38,False
2014-02-04 03:20:00,97.17571539,0.8,False
2014-02-04 03:25:00,98.24157773,0.566,False
2014-02-04 03:30:00,97.174909,0.9,False
2014-02-04 03:35:00,97.88800059,0.029,False
2014-02-04 03:40:00,98.07865414,0.246,False
2014-02-04 03:45:00,99.08935454,1.566,False
2014-02-04 03:50:00,98.44391975,0.662,False
2014-02-04 03:55:00,97.41832547,0.727,False
2014-02-04 04:00:00,97.55009167,0.576,False
2014-02-04 04:05:00,98.1060317,0.143,False
2014-02-04 04:10:00,97.84468529,0.243,False
2014-02-04 04:15:00,97.43308522,0.79,False
2014-02-04 04:20:00,97.99051902,0.126,False
2014-02-04 04:25:00,98.97330737,1.072,False
2014-02-04 04:30:00,97.42018643,0.813,False
2014-02-04 04:35:00,98.27063675,0.185,False
2014-02-04 04:40:00,99.0300688,1.041,False
2014-02-04 04:45:00,97.94794074,0.181,False
2014-02-04 04:50:00,97.60845384,0.567,False
2014-02-04 04:55:00,98.71555244,0.623,False
2014-02-04 05:00:00,97.36234937,0.966,False
2014-02-04 05:05:00,98.11079872,0.122,False
2014-02-04 05:10:00,98.58894679,0.396,False
2014-02-04 05:15:00,97.84279075,0.454,False
2014-02-04 05:20:00,98.14690345,0.123,False
2014-02-04 05:25:00,99.22784711,1.039,False
2014-02-04 05:30:00,97.95154369,0.355,False
2014-02-04 05:35:00,99.2478866,0.966,False
2014-02-04 05:40:00,98.45625297,0.007,False
2014-02-04 05:45:00,99.13121307,0.75,False
2014-02-04 05:50:00,97.96934035,0.553,False
2014-02-04 05:55:00,98.23690565,0.309,False
2014-02-04 06:00:00,98.06866156,0.564,False
2014-02-04 06:05:00,98.54773061,0.053,False
2014-02-04 06:10:00,97.7486628,0.965,False
2014-02-04 06:15:00,100.0030305,1.696,False
2014-02-04 06:20:00,99.8432362,1.482,False
2014-02-04 06:25:00,99.00521958,0.488,False
2014-02-04 06:30:00,99.44720549,1.003,False
2014-02-04 06:35:00,99.01229045,0.487,False
2014-02-04 06:40:00,99.31472961,0.827,False
2014-02-04 06:45:00,99.79032856,1.292,False
2014-02-04 06:50:00,99.72654067,1.282,False
2014-02-04 06:55:00,99.20333475,0.674,False
2014-02-04 07:00:00,99.21565578,0.688,False
2014-02-04 07:05:00,99.29316252,0.778,False
2014-02-04 07:10:00,100.3418054,1.921,False
2014-02-04 07:15:00,99.73979554,1.072,False
2014-02-04 07:20:00,98.10352445,0.792,False
2014-02-04 07:25:00,98.10531778,0.776,False
2014-02-04 07:30:00,99.78583527,1.125,False
2014-02-04 07:35:00,98.07945599,0.819,False
2014-02-04 07:40:00,97.99122331,0.92,False
2014-02-04 07:45:00,99.72912388,1.128,False
2014-02-04 07:50:00,98.48777457,0.365,False
2014-02-04 07:55:00,98.60457475,0.287,False
2014-02-04 08:00:00,98.20087983,0.799,False
2014-02-04 08:05:00,99.58569404,0.778,False
2014-02-04 08:10:00,99.42002209,0.512,False
2014-02-04 08:15:00,100.0276455,1.194,False
2014-02-04 08:20:00,99.65675744,0.73,False
2014-02-04 08:25:00,99.00845757,0.002,False
2014-02-04 08:30:00,99.28707457,0.367,False
2014-02-04 08:35:00,98.5995687,0.41,False
2014-02-04 08:40:00,98.33716408,0.705,False
2014-02-04 08:45:00,100.0879876,1.262,False
2014-02-04 08:50:00,98.92392157,0.024,False
2014-02-04 08:55:00,99.32919363,0.415,False
2014-02-04 09:00:00,99.33662313,0.418,False
2014-02-04 09:05:00,99.5721383,0.678,False
2014-02-04 09:10:00,98.55905855,0.452,False
2014-02-04 09:15:00,98.88128777,0.093,False
2014-02-04 09:20:00,98.31639735,0.654,False
2014-02-04 09:25:00,98.63082768,0.265,False
2014-02-04 09:30:00,97.65644817,1.329,False
2014-02-04 09:35:00,99.2281508,0.482,False
2014-02-04 09:40:00,99.38575397,0.653,False
2014-02-04 09:45:00,98.16402247,0.681,False
2014-02-04 09:50:00,97.58994107,1.345,False
2014-02-04 09:55:00,98.2655013,0.561,False
2014-02-04 10:00:00,98.22793742,0.598,False
2014-02-04 10:05:00,99.20781683,0.526,False
2014-02-04 10:10:00,99.33403757,0.774,False
2014-02-04 10:15:00,97.95055003,0.824,False
2014-02-04 10:20:00,97.73901699,1.079,False
2014-02-04 10:25:00,99.1513615,0.624,False
2014-02-04 10:30:00,98.0177866,0.782,False
2014-02-04 10:35:00,98.28320189,0.445,False
2014-02-04 10:40:00,98.7826729,0.124,False
2014-02-04 10:45:00,98.82660228,0.181,False
2014-02-04 10:50:00,99.05022405,0.471,False
2014-02-04 10:55:00,99.33942386,0.845,False
2014-02-04 11:00:00,97.83753777,1.099,False
2014-02-04 11:05:00,99.28959376,0.781,False
2014-02-04 11:10:00,98.63712469,0.004,False
2014-02-04 11:15:00,99.0591847,0.559,False
2014-02-04 11:20:00,98.61799978,0.008,False
2014-02-04 11:25:00,98.74661244,0.178,False
2014-02-04 11:30:00,97.62939455,1.232,False
2014-02-04 11:35:00,99.17603216,0.796,False
2014-02-04 11:40:00,98.05879562,0.64,False
2014-02-04 11:45:00,98.85224798,0.387,False
2014-02-04 11:50:00,99.06824083,0.667,False
2014-02-04 11:55:00,97.40855386,1.4,False
2014-02-04 12:00:00,97.22833287,1.628,False
2014-02-04 12:05:00,98.75853047,0.42,False
2014-02-04 12:10:00,97.52531821,1.107,False
2014-02-04 12:15:00,97.56728702,0.973,False
2014-02-04 12:20:00,97.96397644,0.442,False
2014-02-04 12:25:00,97.84920181,0.61,False
2014-02-04 12:30:00,98.56283993,0.304,False
2014-02-04 12:35:00,99.41487032,1.369,False
2014-02-04 12:40:00,97.70171391,0.742,False
2014-02-04 12:45:00,98.85751627,0.64,False
2014-02-04 12:50:00,98.24088942,0.12,False
2014-02-04 12:55:00,99.21759307,1.095,False
2014-02-04 13:00:00,98.91139598,0.625,False
2014-02-04 13:05:00,98.30767398,0.089,False
2014-02-04 13:10:00,97.69574572,0.729,False
2014-02-04 13:15:00,98.98007935,0.721,False
2014-02-04 13:20:00,97.64138395,0.833,False
2014-02-04 13:25:00,97.97374471,0.438,False
2014-02-04 13:30:00,99.02633632,0.841,False
2014-02-04 13:35:00,98.73580786,0.496,False
2014-02-04 13:40:00,98.42150088,0.118,False
2014-02-04 13:45:00,98.82449982,0.627,False
2014-02-04 13:50:00,98.25855109,0.01,False
2014-02-04 13:55:00,98.54756779,0.363,False
2014-02-04 14:00:00,97.58061681,0.668,False
2014-02-04 14:05:00,97.24356509,1.049,False
2014-02-04 14:10:00,97.17920408,1.067,False
2014-02-04 14:15:00,98.7146761,0.784,False
2014-02-04 14:20:00,98.35149397,0.429,False
2014-02-04 14:25:00,98.44266624,0.542,False
2014-02-04 14:30:00,97.42464229,0.545,False
2014-02-04 14:35:00,97.78483458,0.141,False
2014-02-04 14:40:00,97.24684047,0.685,False
2014-02-04 14:45:00,98.96533184,1.289,False
2014-02-04 14:50:00,97.22066539,0.587,False
2014-02-04 14:55:00,99.03812361,1.472,False
2014-02-04 15:00:00,97.95606852,0.283,False
2014-02-04 15:05:00,97.05684585,0.72,False
2014-02-04 15:10:00,97.01266143,0.739,False
2014-02-04 15:15:00,97.26026053,0.467,False
2014-02-04 15:20:00,98.46987972,0.88,False
2014-02-04 15:25:00,98.33119969,0.739,False
2014-02-04 15:30:00,96.78526519,0.901,False
2014-02-04 15:35:00,98.43000798,0.895,False
2014-02-04 15:40:00,98.55499788,1.068,False
2014-02-04 15:45:00,98.8190349,1.408,False
2014-02-04 15:50:00,97.5182404,0.016,False
2014-02-04 15:55:00,98.97665407,1.626,False
2014-02-04 16:00:00,96.62125434,0.841,False
2014-02-04 16:05:00,96.85485217,0.469,False
2014-02-04 16:10:00,98.86604273,1.699,False
2014-02-04 16:15:00,97.54748524,0.318,False
2014-02-04 16:20:00,98.14383358,0.982,False
2014-02-04 16:25:00,97.67501373,0.512,False
2014-02-04 16:30:00,98.20130506,1.135,False
2014-02-04 16:35:00,97.60839393,0.601,False
2014-02-04 16:40:00,97.31719817,0.379,False
2014-02-04 16:45:00,97.5851538,0.719,False
2014-02-04 16:50:00,97.86448101,1.011,False
2014-02-04 16:55:00,96.86895087,0.049,False
2014-02-04 17:00:00,95.44981906,1.233,False
2014-02-04 17:05:00,96.02403092,0.478,False
2014-02-04 17:10:00,95.10564614,1.258,False
2014-02-04 17:15:00,96.88659665,0.471,False
2014-02-04 17:20:00,95.71289001,0.466,False
2014-02-04 17:25:00,96.42279276,0.49,False
2014-02-04 17:30:00,96.38170946,0.577,False
2014-02-04 17:35:00,96.4100375,0.724,False
2014-02-04 17:40:00,94.76990767,0.425,False
2014-02-04 17:45:00,94.50797952,0.416,False
2014-02-04 17:50:00,95.76018512,0.759,False
2014-02-04 17:55:00,93.61948726,0.852,False
2014-02-04 18:00:00,94.00773966,0.402,False
2014-02-04 18:05:00,93.74410913,0.555,False
2014-02-04 18:10:00,94.9359818,0.616,False
2014-02-04 18:15:00,93.52657827,0.282,False
2014-02-04 18:20:00,94.34645333,0.536,False
2014-02-04 18:25:00,94.46833747,0.692,False
2014-02-04 18:30:00,93.55039788,0.009,False
2014-02-04 18:35:00,93.16565873,0.281,False
2014-02-04 18:40:00,93.22139426,0.119,False
2014-02-04 18:45:00,91.49314798,1.287,False
2014-02-04 18:50:00,93.23591333,0.016,False
2014-02-04 18:55:00,92.80251786,0.29,False
2014-02-04 19:00:00,92.50277066,0.502,False
2014-02-04 19:05:00,92.17993263,0.69,False
2014-02-04 19:10:00,91.74537707,0.947,False
2014-02-04 19:15:00,92.60188517,0.349,False
2014-02-04 19:20:00,90.45571667,1.622,False
2014-02-04 19:25:00,90.9693014,1.183,False
2014-02-04 19:30:00,89.71539132,1.932,False
2014-02-04 19:35:00,90.83401941,1.117,False
2014-02-04 19:40:00,91.32620837,0.76,False
2014-02-04 19:45:00,91.08759121,0.906,False
2014-02-04 19:50:00,91.04824287,0.907,False
2014-02-04 19:55:00,90.48712084,1.119,False
2014-02-04 20:00:00,89.11388351,1.895,False
2014-02-04 20:05:00,89.12625895,1.995,False
2014-02-04 20:10:00,90.58534685,0.967,False
2014-02-04 20:15:00,89.98811845,1.247,False
2014-02-04 20:20:00,89.29124523,1.632,False
2014-02-04 20:25:00,90.03455942,1.122,False
2014-02-04 20:30:00,90.37036385,0.9,False
2014-02-04 20:35:00,89.99341355,1.067,False
2014-02-04 20:40:00,90.16206969,0.875,False
2014-02-04 20:45:00,91.49552546,0.056,False
2014-02-04 20:50:00,90.6965556,0.403,False
2014-02-04 20:55:00,92.41253604,0.79,False
2014-02-04 21:00:00,91.00601444,0.04,False
2014-02-04 21:05:00,92.47509146,0.934,False
2014-02-04 21:10:00,93.20795559,1.424,False
2014-02-04 21:15:00,91.80789095,0.533,False
2014-02-04 21:20:00,92.22802174,0.835,False
2014-02-04 21:25:00,91.74177654,0.563,False
2014-02-04 21:30:00,93.90652473,2.025,False
2014-02-04 21:35:00,92.21101191,0.963,False
2014-02-04 21:40:00,93.09974543,1.557,False
2014-02-04 21:45:00,92.48907365,1.184,False
2014-02-04 21:50:00,93.98181094,2.205,False
2014-02-04 21:55:00,93.29178551,1.791,False
2014-02-04 22:00:00,93.72671785,2.116,False
2014-02-04 22:05:00,92.77573705,1.536,False
2014-02-04 22:10:00,91.30714141,0.668,False
2014-02-04 22:15:00,91.96549985,1.223,False
2014-02-04 22:20:00,90.91845144,0.57,False
2014-02-04 22:25:00,90.08726469,0.05,False
2014-02-04 22:30:00,91.73951477,1.25,False
2014-02-04 22:35:00,90.71258823,0.552,False
2014-02-04 22:40:00,89.6556263,0.233,False
2014-02-04 22:45:00,90.74658705,0.706,False
2014-02-04 22:50:00,91.02866245,1.038,False
2014-02-04 22:55:00,90.59348217,0.801,False
2014-02-04 23:00:00,89.44636975,0.044,False
2014-02-04 23:05:00,89.55092485,0.045,False
2014-02-04 23:10:00,89.77698822,0.25,False
2014-02-04 23:15:00,89.91868787,0.493,False
2014-02-04 23:20:00,89.04114623,0.129,False
2014-02-04 23:25:00,88.96848138,0.081,False
2014-02-04 23:30:00,89.0672255,0.061,False
2014-02-04 23:35:00,88.03735572,0.729,False
2014-02-04 23:40:00,88.3378519,0.188,False
2014-02-04 23:45:00,86.99953213,1.48,False
2014-02-04 23:50:00,87.53947990000002,0.674,False
2014-02-04 23:55:00,88.5094572,0.594,False
2014-02-05 00:00:00,88.53317352,0.815,False
2014-02-05 00:05:00,87.35851386,0.232,False
2014-02-05 00:10:00,87.17008171,0.272,False
2014-02-05 00:15:00,87.65304167,0.379,False
2014-02-05 00:20:00,87.8190556,0.708,False
2014-02-05 00:25:00,87.01648762,0.008,False
2014-02-05 00:30:00,86.00119463,0.55,False
2014-02-05 00:35:00,86.12962468,0.063,False
2014-02-05 00:40:00,84.8063995,1.035,False
2014-02-05 00:45:00,84.70160072,0.964,False
2014-02-05 00:50:00,85.73319892,0.494,False
2014-02-05 00:55:00,84.76300079999999,0.021,False
2014-02-05 01:00:00,84.40858393,0.316,False
2014-02-05 01:05:00,85.64746051,1.054,False
2014-02-05 01:10:00,84.01906692,0.391,False
2014-02-05 01:15:00,83.44066428,0.827,False
2014-02-05 01:20:00,83.78814637,0.298,False
2014-02-05 01:25:00,83.27862538,0.634,False
2014-02-05 01:30:00,84.43224803,0.582,False
2014-02-05 01:35:00,83.59051868,0.093,False
2014-02-05 01:40:00,82.6564309,0.805,False
2014-02-05 01:45:00,84.167725,0.701,False
2014-02-05 01:50:00,83.83803277,0.477,False
2014-02-05 01:55:00,83.34011426,0.336,False
2014-02-05 02:00:00,81.88213028,0.485,False
2014-02-05 02:05:00,82.18392736,0.061,False
2014-02-05 02:10:00,80.64534436,1.129,False
2014-02-05 02:15:00,82.04297114,0.189,False
2014-02-05 02:20:00,81.74180902,0.426,False
2014-02-05 02:25:00,79.98509727,0.489,False
2014-02-05 02:30:00,80.66393075,0.128,False
2014-02-05 02:35:00,79.59799271,0.534,False
2014-02-05 02:40:00,80.31395385,0.108,False
2014-02-05 02:45:00,79.27173339,0.329,False
2014-02-05 02:50:00,78.27571127,0.978,False
2014-02-05 02:55:00,76.32761764,2.235,False
2014-02-05 03:00:00,75.31922192,2.885,False
2014-02-05 03:05:00,76.89386828,1.87,False
2014-02-05 03:10:00,75.88731690000002,2.519,False
2014-02-05 03:15:00,74.18020352,3.62,False
2014-02-05 03:20:00,73.06701566,4.339,False
2014-02-05 03:25:00,73.24239954,4.225,False
2014-02-05 03:30:00,71.76496162,5.179,False
2014-02-05 03:35:00,71.49616996,5.352,False
2014-02-05 03:40:00,71.02424536,5.657,False
2014-02-05 03:45:00,69.83593132,6.549,True
2014-02-05 03:50:00,70.08380138,6.386,True
2014-02-05 03:55:00,68.81851316,7.218,True
2014-02-05 04:00:00,68.6038139,7.359,True
2014-02-05 04:05:00,68.74318586,7.104,True
2014-02-05 04:10:00,68.94454649,7.135,True
2014-02-05 04:15:00,67.71716215,7.909,True
2014-02-05 04:20:00,67.94087601,7.62,True
2014-02-05 04:25:00,68.14824495,6.988,True
2014-02-05 04:30:00,67.04043949,7.247,True
2014-02-05 04:35:00,66.69135649,7.039,True
2014-02-05 04:40:00,67.96152382,6.058,True
2014-02-05 04:45:00,67.60006407,5.805,False
2014-02-05 04:50:00,65.83920135,5.824,False
2014-02-05 04:55:00,66.23358874,4.765,False
2014-02-05 05:00:00,66.08796681,4.106,False
2014-02-05 05:05:00,71.11490961,2.224,False
2014-02-05 05:10:00,73.78692264,1.401,False
2014-02-05 05:15:00,77.66883176,0.491,False
2014-02-05 05:20:00,78.59786257,0.252,False
2014-02-05 05:25:00,78.83271027,0.184,False
2014-02-05 05:30:00,80.4224992,0.09,False
2014-02-05 05:35:00,78.77619955,0.226,False
2014-02-05 05:40:00,79.30023435,0.199,False
2014-02-05 05:45:00,81.48613664,0.187,False
2014-02-05 05:50:00,80.48967947,0.028,False
2014-02-05 05:55:00,81.62078126,0.087,False
2014-02-05 06:00:00,80.80153066,0.136,False
2014-02-05 06:05:00,83.43306823,0.189,False
2014-02-05 06:10:00,83.20389609,0.021,False
2014-02-05 06:15:00,84.08073593,0.11,False
2014-02-05 06:20:00,83.71309761,0.016,False
2014-02-05 06:25:00,83.73514878,0.002,False
2014-02-05 06:30:00,83.55584211,0.077,False
2014-02-05 06:35:00,85.74872106,0.187,False
2014-02-05 06:40:00,86.45518021,0.157,False
2014-02-05 06:45:00,86.50972722,0.089,False
2014-02-05 06:50:00,85.80163194,0.16,False
2014-02-05 06:55:00,86.58139246,0.009,False
2014-02-05 07:00:00,88.16487321,0.349,False
2014-02-05 07:05:00,87.11434892,0.013,False
2014-02-05 07:10:00,88.1856302,0.354,False
2014-02-05 07:15:00,88.87206407,0.659,False
2014-02-05 07:20:00,89.53523782,0.992,False
2014-02-05 07:25:00,90.08484664,1.305,False
2014-02-05 07:30:00,90.03973928,1.351,False
2014-02-05 07:35:00,90.72226659,1.79,False
2014-02-05 07:40:00,90.93138665,2.028,False
2014-02-05 07:45:00,90.81408478,2.007,False
2014-02-05 07:50:00,91.80694422,2.643,False
2014-02-05 07:55:00,92.28429583,2.946,False
2014-02-05 08:00:00,92.68768338,3.25,False
2014-02-05 08:05:00,92.86361977,3.426,False
2014-02-05 08:10:00,92.45088666,3.178,False
2014-02-05 08:15:00,91.81050182,2.793,False
2014-02-05 08:20:00,92.37982895,3.135,False
2014-02-05 08:25:00,89.8673287,1.671,False
2014-02-05 08:30:00,90.23523865,1.898,False
2014-02-05 08:35:00,91.00637526,2.311,False
2014-02-05 08:40:00,90.93000623,2.326,False
2014-02-05 08:45:00,90.27383379,1.956,False
2014-02-05 08:50:00,90.77387722,2.171,False
2014-02-05 08:55:00,88.67487324,0.911,False
2014-02-05 09:00:00,90.23742227,1.822,False
2014-02-05 09:05:00,90.05816443,1.716,False
2014-02-05 09:10:00,89.99893314,1.681,False
2014-02-05 09:15:00,88.66583875,0.877,False
2014-02-05 09:20:00,87.95086932,0.462,False
2014-02-05 09:25:00,87.23518757,0.044,False
2014-02-05 09:30:00,88.95195205,1.006,False
2014-02-05 09:35:00,87.82993347,0.378,False
2014-02-05 09:40:00,87.86163135,0.395,False
2014-02-05 09:45:00,87.26302340000002,0.058,False
2014-02-05 09:50:00,87.99730846,0.453,False
2014-02-05 09:55:00,88.08897709,0.503,False
2014-02-05 10:00:00,87.19804962,0.023,False
2014-02-05 10:05:00,85.91035477,0.655,False
2014-02-05 10:10:00,85.36173372,0.628,False
2014-02-05 10:15:00,85.30620239,0.354,False
2014-02-05 10:20:00,87.04300623,0.632,False
2014-02-05 10:25:00,84.53502440000003,0.796,False
2014-02-05 10:30:00,85.45779067,0.157,False
2014-02-05 10:35:00,84.71225290000002,0.461,False
2014-02-05 10:40:00,84.17344928,0.742,False
2014-02-05 10:45:00,84.50232978,0.555,False
2014-02-05 10:50:00,85.38293874,0.033,False
2014-02-05 10:55:00,85.2588028,0.11,False
2014-02-05 11:00:00,84.87026413,0.356,False
2014-02-05 11:05:00,84.19993533,0.811,False
2014-02-05 11:10:00,83.94602916,1.04,False
2014-02-05 11:15:00,83.02479839,1.682,False
2014-02-05 11:20:00,84.91179436,0.367,False
2014-02-05 11:25:00,84.52323081,0.657,False
2014-02-05 11:30:00,83.39275317,1.477,False
2014-02-05 11:35:00,84.75532635,0.499,False
2014-02-05 11:40:00,84.49526216,0.724,False
2014-02-05 11:45:00,83.20308458,1.745,False
2014-02-05 11:50:00,85.19595379,0.189,False
2014-02-05 11:55:00,84.2848358,0.925,False
2014-02-05 12:00:00,84.68152263,0.607,False
2014-02-05 12:05:00,84.77965963,0.534,False
2014-02-05 12:10:00,84.08338787,1.129,False
2014-02-05 12:15:00,85.41911464,0.016,False
2014-02-05 12:20:00,84.14171387,1.128,False
2014-02-05 12:25:00,85.17492946,0.238,False
2014-02-05 12:30:00,84.35336441,0.98,False
2014-02-05 12:35:00,84.29245525,1.072,False
2014-02-05 12:40:00,84.05296262,1.251,False
2014-02-05 12:45:00,85.55443999,0.102,False
2014-02-05 12:50:00,84.99866448,0.377,False
2014-02-05 12:55:00,85.92096328,0.414,False
2014-02-05 13:00:00,84.44583161,0.853,False
2014-02-05 13:05:00,85.90046283,0.397,False
2014-02-05 13:10:00,85.95287259,0.452,False
2014-02-05 13:15:00,84.09895176,1.243,False
2014-02-05 13:20:00,84.6984543,0.725,False
2014-02-05 13:25:00,84.21906774,1.178,False
2014-02-05 13:30:00,84.10731591,1.539,False
2014-02-05 13:35:00,84.84290769,1.014,False
2014-02-05 13:40:00,85.49252173,0.441,False
2014-02-05 13:45:00,86.52203902,0.291,False
2014-02-05 13:50:00,86.50873477,0.001,False
2014-02-05 13:55:00,86.68319459,0.169,False
2014-02-05 14:00:00,87.27847897,0.675,False
2014-02-05 14:05:00,86.50986896,0.274,False
2014-02-05 14:10:00,88.21354249,1.266,False
2014-02-05 14:15:00,88.28109637,1.255,False
2014-02-05 14:20:00,87.18669765,0.071,False
2014-02-05 14:25:00,87.62730243,0.401,False
2014-02-05 14:30:00,88.10970782,0.834,False
2014-02-05 14:35:00,87.3716047,0.046,False
2014-02-05 14:40:00,88.31659921,0.897,False
2014-02-05 14:45:00,88.81756627,1.294,False
2014-02-05 14:50:00,87.58764523,0.004,False
2014-02-05 14:55:00,88.45632511,0.843,False
2014-02-05 15:00:00,87.00255093,0.674,False
2014-02-05 15:05:00,87.59604317,0.149,False
2014-02-05 15:10:00,87.83838825,0.037,False
2014-02-05 15:15:00,88.66685061,0.704,False
2014-02-05 15:20:00,88.31445305,0.244,False
2014-02-05 15:25:00,88.06000806,0.022,False
2014-02-05 15:30:00,88.57341588,0.409,False
2014-02-05 15:35:00,88.91483549,0.744,False
2014-02-05 15:40:00,86.88864325,1.29,False
2014-02-05 15:45:00,87.25983086,0.949,False
2014-02-05 15:50:00,87.04409131,1.131,False
2014-02-05 15:55:00,89.05331499,0.704,False
2014-02-05 16:00:00,88.45332171,0.134,False
2014-02-05 16:05:00,88.92213901,0.54,False
2014-02-05 16:10:00,87.76078874,0.477,False
2014-02-05 16:15:00,87.48678528,0.749,False
2014-02-05 16:20:00,88.11688095,0.234,False
2014-02-05 16:25:00,88.15503773,0.242,False
2014-02-05 16:30:00,88.20798366,0.236,False
2014-02-05 16:35:00,88.93047185,0.415,False
2014-02-05 16:40:00,88.39982626,0.175,False
2014-02-05 16:45:00,88.98647039,0.348,False
2014-02-05 16:50:00,89.05228526,0.296,False
2014-02-05 16:55:00,87.72916681,1.075,False
2014-02-05 17:00:00,88.02116944,0.843,False
2014-02-05 17:05:00,89.23501638,0.302,False
2014-02-05 17:10:00,89.93440824,0.897,False
2014-02-05 17:15:00,90.02214005,0.947,False
2014-02-05 17:20:00,90.42732295,1.261,False
2014-02-05 17:25:00,90.34926448,1.17,False
2014-02-05 17:30:00,89.03503961,0.007,False
2014-02-05 17:35:00,89.05031874,0.001,False
2014-02-05 17:40:00,91.59478138,2.164,False
2014-02-05 17:45:00,90.05264411,0.837,False
2014-02-05 17:50:00,90.81294864,1.431,False
2014-02-05 17:55:00,91.19987738,1.642,False
2014-02-05 18:00:00,92.91188582,2.902,False
2014-02-05 18:05:00,91.88419509,1.873,False
2014-02-05 18:10:00,92.18060303,1.951,False
2014-02-05 18:15:00,92.40823987,1.907,False
2014-02-05 18:20:00,91.46575825,1.157,False
2014-02-05 18:25:00,89.17673414,0.43,False
2014-02-05 18:30:00,89.42502544,0.316,False
2014-02-05 18:35:00,90.08842351,0.073,False
2014-02-05 18:40:00,88.24408057,1.183,False
2014-02-05 18:45:00,89.03304637,0.697,False
2014-02-05 18:50:00,88.89353511,0.791,False
2014-02-05 18:55:00,88.57690029,1.009,False
2014-02-05 19:00:00,89.47169035,0.405,False
2014-02-05 19:05:00,87.92961501,1.447,False
2014-02-05 19:10:00,89.77024737,0.213,False
2014-02-05 19:15:00,88.37918596,1.147,False
2014-02-05 19:20:00,89.85473355,0.152,False
2014-02-05 19:25:00,89.58549266,0.321,False
2014-02-05 19:30:00,90.11906451,0.021,False
2014-02-05 19:35:00,89.08685898,0.604,False
2014-02-05 19:40:00,91.19955434,0.67,False
2014-02-05 19:45:00,90.54847415,0.271,False
2014-02-05 19:50:00,90.10748509,0.012,False
2014-02-05 19:55:00,89.76562799,0.172,False
2014-02-05 20:00:00,90.67272953,0.309,False
2014-02-05 20:05:00,91.09572927,0.493,False
2014-02-05 20:10:00,91.21363321,0.531,False
2014-02-05 20:15:00,91.64193049,0.735,False
2014-02-05 20:20:00,90.52902875,0.198,False
2014-02-05 20:25:00,93.07927278,1.464,False
2014-02-05 20:30:00,90.90687343,0.41,False
2014-02-05 20:35:00,91.94260781,0.946,False
2014-02-05 20:40:00,91.35638929,0.616,False
2014-02-05 20:45:00,93.55572452,1.931,False
2014-02-05 20:50:00,92.72496716,1.4,False
2014-02-05 20:55:00,93.76418161,2.118,False
2014-02-05 21:00:00,92.52323068,1.427,False
2014-02-05 21:05:00,92.93737632,1.677,False
2014-02-05 21:10:00,92.87917069,1.702,False
2014-02-05 21:15:00,92.2779358,1.392,False
2014-02-05 21:20:00,92.74610761,1.768,False
2014-02-05 21:25:00,91.53116189,0.952,False
2014-02-05 21:30:00,91.6200074,1.012,False
2014-02-05 21:35:00,90.73439215,0.375,False
2014-02-05 21:40:00,91.10927429,0.603,False
2014-02-05 21:45:00,89.64295814,0.419,False
2014-02-05 21:50:00,89.65820088,0.458,False
2014-02-05 21:55:00,89.48994358,0.597,False
2014-02-05 22:00:00,89.60746612,0.545,False
2014-02-05 22:05:00,90.08266988,0.251,False
2014-02-05 22:10:00,88.03470278,1.797,False
2014-02-05 22:15:00,87.37413744,2.232,False
2014-02-05 22:20:00,87.87201528,2.033,False
2014-02-05 22:25:00,87.43960853,2.369,False
2014-02-05 22:30:00,88.76143202,1.415,False
2014-02-05 22:35:00,87.53330916,2.202,False
2014-02-05 22:40:00,89.22535998,1.068,False
2014-02-05 22:45:00,89.1894079,1.138,False
2014-02-05 22:50:00,88.28973365,1.804,False
2014-02-05 22:55:00,90.21035523,0.393,False
2014-02-05 23:00:00,88.86937261,1.317,False
2014-02-05 23:05:00,88.86968205,1.316,False
2014-02-05 23:10:00,90.00697736,0.476,False
2014-02-05 23:15:00,90.32449755,0.27,False
2014-02-05 23:20:00,90.73731219,0.04,False
2014-02-05 23:25:00,90.34902114,0.3,False
2014-02-05 23:30:00,89.91675529,0.632,False
2014-02-05 23:35:00,90.79915957,0.093,False
2014-02-05 23:40:00,91.15767966,0.462,False
2014-02-05 23:45:00,91.37646432,0.647,False
2014-02-05 23:50:00,89.67150595,0.767,False
2014-02-05 23:55:00,90.63703201,0.065,False
2014-02-06 00:00:00,91.75114774,1.044,False
2014-02-06 00:05:00,90.81568124,0.224,False
2014-02-06 00:10:00,91.57183136,0.908,False
2014-02-06 00:15:00,89.95876433,0.552,False
2014-02-06 00:20:00,91.96910811,1.342,False
2014-02-06 00:25:00,89.96026731,0.489,False
2014-02-06 00:30:00,91.72284218,1.217,False
2014-02-06 00:35:00,90.17920157,0.297,False
2014-02-06 00:40:00,90.90385945,0.44,False
2014-02-06 00:45:00,91.06960816,0.662,False
2014-02-06 00:50:00,89.92058483,0.521,False
2014-02-06 00:55:00,89.77711741,0.685,False
2014-02-06 01:00:00,91.76979505,1.249,False
2014-02-06 01:05:00,89.99907307,0.565,False
2014-02-06 01:10:00,91.90400864,1.326,False
2014-02-06 01:15:00,91.1359162,0.534,False
2014-02-06 01:20:00,90.58078625,0.109,False
2014-02-06 01:25:00,90.84518427,0.108,False
2014-02-06 01:30:00,89.73414144,1.048,False
2014-02-06 01:35:00,90.18020903,0.606,False
2014-02-06 01:40:00,90.76215867,0.02,False
2014-02-06 01:45:00,91.90698383,1.162,False
2014-02-06 01:50:00,91.5884372,0.801,False
2014-02-06 01:55:00,89.71618489,1.178,False
2014-02-06 02:00:00,90.19512804,0.696,False
2014-02-06 02:05:00,89.64198682,1.312,False
2014-02-06 02:10:00,91.46068681,0.583,False
2014-02-06 02:15:00,90.92444488,0.005,False
2014-02-06 02:20:00,91.67409302,0.775,False
2014-02-06 02:25:00,90.54308058,0.421,False
2014-02-06 02:30:00,91.73879398,0.843,False
2014-02-06 02:35:00,90.13799845,0.849,False
2014-02-06 02:40:00,91.78258045,0.857,False
2014-02-06 02:45:00,90.48566411,0.488,False
2014-02-06 02:50:00,91.7663783,0.834,False
2014-02-06 02:55:00,91.24978663,0.272,False
2014-02-06 03:00:00,91.78582294,0.766,False
2014-02-06 03:05:00,90.86173035,0.189,False
2014-02-06 03:10:00,90.58594019,0.538,False
2014-02-06 03:15:00,90.43648223,0.704,False
2014-02-06 03:20:00,90.47095097,0.657,False
2014-02-06 03:25:00,90.95762226,0.091,False
2014-02-06 03:30:00,91.48059026,0.454,False
2014-02-06 03:35:00,90.01919467,1.008,False
2014-02-06 03:40:00,90.05064786,0.969,False
2014-02-06 03:45:00,91.63274467,0.662,False
2014-02-06 03:50:00,90.74519382,0.219,False
2014-02-06 03:55:00,91.44537798,0.496,False
2014-02-06 04:00:00,91.25264985,0.3,False
2014-02-06 04:05:00,91.47260691,0.541,False
2014-02-06 04:10:00,91.01792688,0.075,False
2014-02-06 04:15:00,91.57257204,0.638,False
2014-02-06 04:20:00,90.95913279,0.066,False
2014-02-06 04:25:00,89.79645623,0.999,False
2014-02-06 04:30:00,90.91532254,0.024,False
2014-02-06 04:35:00,91.90431465,0.913,False
2014-02-06 04:40:00,91.89282167,0.871,False
2014-02-06 04:45:00,91.9277182,0.901,False
2014-02-06 04:50:00,89.8035332,0.976,False
2014-02-06 04:55:00,91.5201755,0.578,False
2014-02-06 05:00:00,91.70418247,0.746,False
2014-02-06 05:05:00,91.60313577,0.626,False
2014-02-06 05:10:00,91.21394838,0.285,False
2014-02-06 05:15:00,91.79684224,0.765,False
2014-02-06 05:20:00,90.43174891,0.385,False
2014-02-06 05:25:00,90.65359613,0.125,False
2014-02-06 05:30:00,89.99641487,0.747,False
2014-02-06 05:35:00,91.54212826,0.545,False
2014-02-06 05:40:00,92.42209271,1.278,False
2014-02-06 05:45:00,92.79675709,1.59,False
2014-02-06 05:50:00,91.17688574,0.24,False
2014-02-06 05:55:00,91.6574727,0.672,False
2014-02-06 06:00:00,91.45560911,0.505,False
2014-02-06 06:05:00,91.33897485,0.408,False
2014-02-06 06:10:00,91.30016117,0.354,False
2014-02-06 06:15:00,90.04817248,0.678,False
2014-02-06 06:20:00,90.31704214,0.509,False
2014-02-06 06:25:00,89.0857852,1.521,False
2014-02-06 06:30:00,88.34385564,2.132,False
2014-02-06 06:35:00,87.96099777,2.386,False
2014-02-06 06:40:00,88.77869841,1.809,False
2014-02-06 06:45:00,86.84555739,3.446,False
2014-02-06 06:50:00,86.52162385,3.715,False
2014-02-06 06:55:00,86.35458023,3.861,False
2014-02-06 07:00:00,87.53512362,2.882,False
2014-02-06 07:05:00,87.84475571,2.625,False
2014-02-06 07:10:00,87.12640355,3.184,False
2014-02-06 07:15:00,86.69263492,3.541,False
2014-02-06 07:20:00,89.14944352,1.521,False
2014-02-06 07:25:00,89.423139,1.285,False
2014-02-06 07:30:00,89.04905182,1.686,False
2014-02-06 07:35:00,89.44063275,1.405,False
2014-02-06 07:40:00,90.60568094,0.452,False
2014-02-06 07:45:00,90.99953875,0.125,False
2014-02-06 07:50:00,91.15137684,0.001,False
2014-02-06 07:55:00,90.29678574,0.725,False
2014-02-06 08:00:00,89.62272888,1.296,False
2014-02-06 08:05:00,90.0138051,0.965,False
2014-02-06 08:10:00,92.07404296,0.779,False
2014-02-06 08:15:00,91.9373701,0.663,False
2014-02-06 08:20:00,90.278692,0.741,False
2014-02-06 08:25:00,91.49402387,0.277,False
2014-02-06 08:30:00,92.13289039,0.796,False
2014-02-06 08:35:00,90.71642513,0.435,False
2014-02-06 08:40:00,92.31205253,0.957,False
2014-02-06 08:45:00,90.8316739,0.334,False
2014-02-06 08:50:00,90.30895366,0.79,False
2014-02-06 08:55:00,91.44668539,0.158,False
2014-02-06 09:00:00,91.00084638,0.227,False
2014-02-06 09:05:00,91.53925242,0.242,False
2014-02-06 09:10:00,90.29335837,0.844,False
2014-02-06 09:15:00,91.69579966,0.353,False
2014-02-06 09:20:00,90.61903387,0.642,False
2014-02-06 09:25:00,91.56982691,0.125,False
2014-02-06 09:30:00,92.70581971,1.102,False
2014-02-06 09:35:00,91.20645942,0.228,False
2014-02-06 09:40:00,91.33942753,0.132,False
2014-02-06 09:45:00,91.50074453,0.003,False
2014-02-06 09:50:00,91.22300698,0.25,False
2014-02-06 09:55:00,91.40789309,0.102,False
2014-02-06 10:00:00,91.70363417,0.141,False
2014-02-06 10:05:00,90.60384519,0.859,False
2014-02-06 10:10:00,91.48601804,0.132,False
2014-02-06 10:15:00,91.05049925,0.588,False
2014-02-06 10:20:00,93.01552744,1.12,False
2014-02-06 10:25:00,91.14895047,0.731,False
2014-02-06 10:30:00,92.03954556,0.08,False
2014-02-06 10:35:00,92.59744217,0.598,False
2014-02-06 10:40:00,91.15666539,0.975,False
2014-02-06 10:45:00,91.98156127,0.088,False
2014-02-06 10:50:00,93.20516487,1.244,False
2014-02-06 10:55:00,92.57308521,0.549,False
2014-02-06 11:00:00,93.05076605,1.034,False
2014-02-06 11:05:00,91.43833493,0.859,False
2014-02-06 11:10:00,91.5034705,0.871,False
2014-02-06 11:15:00,93.40785837,1.358,False
2014-02-06 11:20:00,91.55465715,0.942,False
2014-02-06 11:25:00,92.22264558,0.192,False
2014-02-06 11:30:00,92.06013426,0.515,False
2014-02-06 11:35:00,92.75974816,0.253,False
2014-02-06 11:40:00,93.58967275,1.199,False
2014-02-06 11:45:00,93.45334712,1.007,False
2014-02-06 11:50:00,91.88799464,1.062,False
2014-02-06 11:55:00,92.24327331,0.752,False
2014-02-06 12:00:00,93.19721135,0.317,False
2014-02-06 12:05:00,93.32937216,0.372,False
2014-02-06 12:10:00,92.06589608,1.191,False
2014-02-06 12:15:00,92.06456992,1.28,False
2014-02-06 12:20:00,93.70181457,0.582,False
2014-02-06 12:25:00,93.29968706,0.056,False
2014-02-06 12:30:00,92.54355317,0.92,False
2014-02-06 12:35:00,92.29649043,1.28,False
2014-02-06 12:40:00,92.87438681,0.646,False
2014-02-06 12:45:00,94.20077952,0.789,False
2014-02-06 12:50:00,94.65498064,1.187,False
2014-02-06 12:55:00,92.43924378,1.284,False
2014-02-06 13:00:00,94.8490889,0.954,False
2014-02-06 13:05:00,93.07606414,1.228,False
2014-02-06 13:10:00,93.59461994,0.718,False
2014-02-06 13:15:00,94.37306482,0.05,False
2014-02-06 13:20:00,94.26249148,0.195,False
2014-02-06 13:25:00,94.27831891,0.349,False
2014-02-06 13:30:00,95.17224965,0.618,False
2014-02-06 13:35:00,94.50179731,0.291,False
2014-02-06 13:40:00,95.14544713,0.334,False
2014-02-06 13:45:00,94.88281394,0.165,False
2014-02-06 13:50:00,94.65490073,0.633,False
2014-02-06 13:55:00,96.08993195,1.089,False
2014-02-06 14:00:00,95.27455889,0.11,False
2014-02-06 14:05:00,96.08026286,0.611,False
2014-02-06 14:10:00,97.0664696,1.606,False
2014-02-06 14:15:00,95.76490165,0.068,False
2014-02-06 14:20:00,97.15755439,1.461,False
2014-02-06 14:25:00,97.39526011,1.648,False
2014-02-06 14:30:00,95.67709012,0.424,False
2014-02-06 14:35:00,96.73060808,0.695,False
2014-02-06 14:40:00,96.0427986,0.043,False
2014-02-06 14:45:00,96.06261,0.074,False
2014-02-06 14:50:00,96.42187271,0.172,False
2014-02-06 14:55:00,97.3531063,1.03,False
2014-02-06 15:00:00,96.34554688,0.038,False
2014-02-06 15:05:00,97.478268,0.962,False
2014-02-06 15:10:00,95.98742331,0.604,False
2014-02-06 15:15:00,95.45912134,1.134,False
2014-02-06 15:20:00,96.18116789,0.483,False
2014-02-06 15:25:00,96.62436627,0.207,False
2014-02-06 15:30:00,95.87955261,0.985,False
2014-02-06 15:35:00,96.32247305,0.653,False
2014-02-06 15:40:00,96.97168737,0.209,False
2014-02-06 15:45:00,96.59382966,0.615,False
2014-02-06 15:50:00,96.62218794,0.582,False
2014-02-06 15:55:00,97.24970022,0.109,False
2014-02-06 16:00:00,97.2997726,0.124,False
2014-02-06 16:05:00,98.61481558,0.974,False
2014-02-06 16:10:00,97.66514029,0.314,False
2014-02-06 16:15:00,98.35498883,0.022,False
2014-02-06 16:20:00,98.31082762,0.17,False
2014-02-06 16:25:00,99.09330244,0.233,False
2014-02-06 16:30:00,99.69630527,0.787,False
2014-02-06 16:35:00,99.63235554,0.444,False
2014-02-06 16:40:00,99.50798576,0.203,False
2014-02-06 16:45:00,99.44242301,0.138,False
2014-02-06 16:50:00,100.2375723,0.859,False
2014-02-06 16:55:00,100.3081954,0.894,False
2014-02-06 17:00:00,101.6494908,2.073,False
2014-02-06 17:05:00,101.9777547,2.22,False
2014-02-06 17:10:00,100.4949096,0.908,False
2014-02-06 17:15:00,101.596684,1.739,False
2014-02-06 17:20:00,101.6368092,1.651,False
2014-02-06 17:25:00,102.6201627,2.343,False
2014-02-06 17:30:00,101.8721296,1.817,False
2014-02-06 17:35:00,101.8577761,1.742,False
2014-02-06 17:40:00,101.3583901,1.37,False
2014-02-06 17:45:00,102.2207013,1.941,False
2014-02-06 17:50:00,101.2994802,1.313,False
2014-02-06 17:55:00,101.976632,1.687,False
2014-02-06 18:00:00,102.1406529,1.726,False
2014-02-06 18:05:00,100.8597241,0.935,False
2014-02-06 18:10:00,100.9444025,0.968,False
2014-02-06 18:15:00,100.6917857,0.82,False
2014-02-06 18:20:00,100.704298,0.842,False
2014-02-06 18:25:00,100.6158117,0.729,False
2014-02-06 18:30:00,100.5964493,0.693,False
2014-02-06 18:35:00,99.55533553,0.074,False
2014-02-06 18:40:00,99.22008875,0.129,False
2014-02-06 18:45:00,101.0936668,1.004,False
2014-02-06 18:50:00,100.2198607,0.44,False
2014-02-06 18:55:00,100.2527761,0.422,False
2014-02-06 19:00:00,99.55650194,0.011,False
2014-02-06 19:05:00,100.0362846,0.274,False
2014-02-06 19:10:00,99.42486827,0.094,False
2014-02-06 19:15:00,99.853853,0.105,False
2014-02-06 19:20:00,99.89602116,0.106,False
2014-02-06 19:25:00,98.43061205,0.697,False
2014-02-06 19:30:00,99.36111804,0.241,False
2014-02-06 19:35:00,99.93323619,0.039,False
2014-02-06 19:40:00,98.65515146,0.598,False
2014-02-06 19:45:00,99.22244963,0.335,False
2014-02-06 19:50:00,98.81103608,0.535,False
2014-02-06 19:55:00,98.75336151,0.538,False
2014-02-06 20:00:00,97.28878069,1.231,False
2014-02-06 20:05:00,97.8801412,0.947,False
2014-02-06 20:10:00,98.4466548,0.664,False
2014-02-06 20:15:00,98.1701622,0.772,False
2014-02-06 20:20:00,97.7825379,0.943,False
2014-02-06 20:25:00,96.74898052,1.411,False
2014-02-06 20:30:00,96.92836381,1.293,False
2014-02-06 20:35:00,98.27813859,0.627,False
2014-02-06 20:40:00,98.86303237,0.31,False
2014-02-06 20:45:00,97.67906708,0.896,False
2014-02-06 20:50:00,97.25254225,1.14,False
2014-02-06 20:55:00,97.84634073,0.839,False
2014-02-06 21:00:00,98.03287632,0.723,False
2014-02-06 21:05:00,97.67678206,0.898,False
2014-02-06 21:10:00,98.83799046,0.221,False
2014-02-06 21:15:00,98.64059488,0.309,False
2014-02-06 21:20:00,99.95318585,0.514,False
2014-02-06 21:25:00,99.51802677,0.287,False
2014-02-06 21:30:00,99.12307381,0.066,False
2014-02-06 21:35:00,98.99478042,0.045,False
2014-02-06 21:40:00,99.43240111,0.397,False
2014-02-06 21:45:00,100.4590943,1.07,False
2014-02-06 21:50:00,100.8265046,1.433,False
2014-02-06 21:55:00,99.85614029,0.808,False
2014-02-06 22:00:00,99.70451019,0.73,False
2014-02-06 22:05:00,100.2637238,1.188,False
2014-02-06 22:10:00,99.80815237,0.946,False
2014-02-06 22:15:00,100.8177619,1.585,False
2014-02-06 22:20:00,101.3679873,1.995,False
2014-02-06 22:25:00,100.7452686,1.642,False
2014-02-06 22:30:00,101.31745440000002,2.165,False
2014-02-06 22:35:00,101.3299467,2.215,False
2014-02-06 22:40:00,101.2020442,2.174,False
2014-02-06 22:45:00,99.3226003,0.924,False
2014-02-06 22:50:00,99.75191049,1.274,False
2014-02-06 22:55:00,99.03852348,0.812,False
2014-02-06 23:00:00,100.0372342,1.605,False
2014-02-06 23:05:00,99.41813754,1.158,False
2014-02-06 23:10:00,98.19528846,0.331,False
2014-02-06 23:15:00,97.73165268,0.02,False
2014-02-06 23:20:00,99.04890455,1.105,False
2014-02-06 23:25:00,98.36164644,0.659,False
2014-02-06 23:30:00,97.02790285,0.457,False
2014-02-06 23:35:00,98.07551661,0.425,False
2014-02-06 23:40:00,97.9365447,0.554,False
2014-02-06 23:45:00,97.47127093,0.275,False
2014-02-06 23:50:00,97.04011538,0.006,False
2014-02-06 23:55:00,96.76467782,0.141,False
2014-02-07 00:00:00,96.17939425,0.635,False
2014-02-07 00:05:00,96.19292252,0.47,False
2014-02-07 00:10:00,96.50158958,0.18,False
2014-02-07 00:15:00,96.71157362,0.613,False
2014-02-07 00:20:00,95.92528635,0.145,False
2014-02-07 00:25:00,95.92536324,0.0,False
2014-02-07 00:30:00,94.88872923,1.046,False
2014-02-07 00:35:00,95.09317699,0.504,False
2014-02-07 00:40:00,94.34442982,1.142,False
2014-02-07 00:45:00,95.31712945,0.128,False
2014-02-07 00:50:00,95.38074215,0.4,False
2014-02-07 00:55:00,93.99445853,1.129,False
2014-02-07 01:00:00,95.69142331,0.961,False
2014-02-07 01:05:00,94.24185721,0.612,False
2014-02-07 01:10:00,93.24153645,1.63,False
2014-02-07 01:15:00,94.13988818,0.343,False
2014-02-07 01:20:00,94.28759423,0.067,False
2014-02-07 01:25:00,94.27039357,0.06,False
2014-02-07 01:30:00,94.60605535,0.401,False
2014-02-07 01:35:00,93.99660491,0.371,False
2014-02-07 01:40:00,93.09323764,1.565,False
2014-02-07 01:45:00,94.99684617,1.084,False
2014-02-07 01:50:00,92.70017402,1.841,False
2014-02-07 01:55:00,93.72046445,0.37,False
2014-02-07 02:00:00,94.87983142,1.376,False
2014-02-07 02:05:00,92.96499377,0.825,False
2014-02-07 02:10:00,94.48405785,1.497,False
2014-02-07 02:15:00,93.12337414,0.353,False
2014-02-07 02:20:00,93.06873054,0.405,False
2014-02-07 02:25:00,94.29808046,1.342,False
2014-02-07 02:30:00,93.36693251,0.157,False
2014-02-07 02:35:00,93.15011579,0.063,False
2014-02-07 02:40:00,94.33665971,1.664,False
2014-02-07 02:45:00,92.4547498,0.906,False
2014-02-07 02:50:00,92.54850584,0.727,False
2014-02-07 02:55:00,92.57981741,0.665,False
2014-02-07 03:00:00,91.91779477,1.481,False
2014-02-07 03:05:00,93.02427155,0.01,False
2014-02-07 03:10:00,93.41804686,0.566,False
2014-02-07 03:15:00,92.00252507,1.091,False
2014-02-07 03:20:00,93.3907413,0.942,False
2014-02-07 03:25:00,92.1706264,0.597,False
2014-02-07 03:30:00,92.10059691,0.658,False
2014-02-07 03:35:00,92.32374512,0.345,False
2014-02-07 03:40:00,92.2038224,0.449,False
2014-02-07 03:45:00,92.08892624,0.525,False
2014-02-07 03:50:00,91.62261626,1.017,False
2014-02-07 03:55:00,91.74758547,0.763,False
2014-02-07 04:00:00,92.14144286,0.213,False
2014-02-07 04:05:00,92.30037998,0.058,False
2014-02-07 04:10:00,91.24448152,1.224,False
2014-02-07 04:15:00,92.64413965,0.607,False
2014-02-07 04:20:00,91.67053174,0.618,False
2014-02-07 04:25:00,93.06588594,1.187,False
2014-02-07 04:30:00,91.7236191,0.482,False
2014-02-07 04:35:00,91.70667483,0.484,False
2014-02-07 04:40:00,91.53971247,0.664,False
2014-02-07 04:45:00,93.2617746,1.485,False
2014-02-07 04:50:00,93.37316653,1.723,False
2014-02-07 04:55:00,91.1564431,0.933,False
2014-02-07 05:00:00,91.62895249,0.347,False
2014-02-07 05:05:00,91.90851258,0.007,False
2014-02-07 05:10:00,92.63606197,1.014,False
2014-02-07 05:15:00,92.62113445,1.104,False
2014-02-07 05:20:00,91.92307356,0.259,False
2014-02-07 05:25:00,91.13912541,0.671,False
2014-02-07 05:30:00,91.89748628,0.309,False
2014-02-07 05:35:00,93.00970615,1.725,False
2014-02-07 05:40:00,92.20904419,0.767,False
2014-02-07 05:45:00,92.11552443,0.721,False
2014-02-07 05:50:00,91.38955604,0.074,False
2014-02-07 05:55:00,92.42168912,1.274,False
2014-02-07 06:00:00,91.36833678,0.076,False
2014-02-07 06:05:00,90.62860348,0.698,False
2014-02-07 06:10:00,90.94161991,0.252,False
2014-02-07 06:15:00,92.10517367,1.3,False
2014-02-07 06:20:00,91.5103711,0.886,False
2014-02-07 06:25:00,89.66110415,0.86,False
2014-02-07 06:30:00,89.23959598,0.82,False
2014-02-07 06:35:00,89.46073087,0.293,False
2014-02-07 06:40:00,89.7492324,0.225,False
2014-02-07 06:45:00,88.64813719,0.84,False
2014-02-07 06:50:00,90.07305404,1.117,False
2014-02-07 06:55:00,89.04102655,0.24,False
2014-02-07 07:00:00,87.88311003,0.472,False
2014-02-07 07:05:00,86.98432784,0.555,False
2014-02-07 07:10:00,86.15032452,0.515,False
2014-02-07 07:15:00,84.90700678,0.78,False
2014-02-07 07:20:00,83.84176572,0.668,False
2014-02-07 07:25:00,81.53893927,1.422,False
2014-02-07 07:30:00,79.69557935,1.138,False
2014-02-07 07:35:00,78.36315662,0.814,False
2014-02-07 07:40:00,77.71112911,0.39,False
2014-02-07 07:45:00,75.30327928,1.448,False
2014-02-07 07:50:00,72.97256412,1.439,False
2014-02-07 07:55:00,72.93406558,0.024,False
2014-02-07 08:00:00,70.89712279,1.258,False
2014-02-07 08:05:00,70.68196895,0.129,False
2014-02-07 08:10:00,69.55201532,0.941,False
2014-02-07 08:15:00,70.04434672,0.286,False
2014-02-07 08:20:00,68.22417325,0.771,False
2014-02-07 08:25:00,67.37361521,0.494,False
2014-02-07 08:30:00,66.90289902,0.267,False
2014-02-07 08:35:00,66.05875171,0.686,False
2014-02-07 08:40:00,64.72078593,1.808,False
2014-02-07 08:45:00,65.13812894,1.153,False
2014-02-07 08:50:00,66.42455465,0.628,False
2014-02-07 08:55:00,65.25399254,0.488,False
2014-02-07 09:00:00,66.20486702,0.938,False
2014-02-07 09:05:00,65.60082801,0.397,False
2014-02-07 09:10:00,65.17106338,0.046,False
2014-02-07 09:15:00,65.7531513,0.658,False
2014-02-07 09:20:00,64.48092727,0.503,False
2014-02-07 09:25:00,64.01832634,0.766,False
2014-02-07 09:30:00,65.25862842,0.759,False
2014-02-07 09:35:00,64.68185081,0.28,False
2014-02-07 09:40:00,63.85259744,0.608,False
2014-02-07 09:45:00,64.40916477,0.047,False
2014-02-07 09:50:00,64.38178145,0.136,False
2014-02-07 09:55:00,63.63368454,0.592,False
2014-02-07 10:00:00,64.35081361,0.289,False
2014-02-07 10:05:00,63.45416658,0.521,False
2014-02-07 10:10:00,64.16565567,0.349,False
2014-02-07 10:15:00,63.52130972,0.23,False
2014-02-07 10:20:00,63.01977779,0.663,False
2014-02-07 10:25:00,62.54072887,1.114,False
2014-02-07 10:30:00,62.27588943,1.37,False
2014-02-07 10:35:00,64.1574854,0.711,False
2014-02-07 10:40:00,62.9611136,0.413,False
2014-02-07 10:45:00,63.61319317,0.469,False
2014-02-07 10:50:00,63.82137768,0.824,False
2014-02-07 10:55:00,63.65514071,0.745,False
2014-02-07 11:00:00,61.47987631,1.425,False
2014-02-07 11:05:00,63.22159123,0.829,False
2014-02-07 11:10:00,63.12054966,0.784,False
2014-02-07 11:15:00,61.45810233,1.014,False
2014-02-07 11:20:00,62.41852064,0.162,False
2014-02-07 11:25:00,61.19419879,1.192,False
2014-02-07 11:30:00,61.53271138,0.58,False
2014-02-07 11:35:00,62.44732987,0.825,False
2014-02-07 11:40:00,61.56667984,0.01,False
2014-02-07 11:45:00,61.12660832,0.473,False
2014-02-07 11:50:00,62.20405108,0.814,False
2014-02-07 11:55:00,60.99970182,0.535,False
2014-02-07 12:00:00,62.27738636,1.014,False
2014-02-07 12:05:00,60.04913256,1.298,False
2014-02-07 12:10:00,60.47793838,0.756,False
2014-02-07 12:15:00,61.54982216,0.417,False
2014-02-07 12:20:00,59.87591761,1.265,False
2014-02-07 12:25:00,61.88016599,0.9,False
2014-02-07 12:30:00,60.54079922,0.243,False
2014-02-07 12:35:00,59.64191135,0.939,False
2014-02-07 12:40:00,61.25836734,0.941,False
2014-02-07 12:45:00,59.62652336,0.686,False
2014-02-07 12:50:00,60.16891854,0.04,False
2014-02-07 12:55:00,61.18708865,1.059,False
2014-02-07 13:00:00,59.17573623,0.898,False
2014-02-07 13:05:00,61.01030551,0.946,False
2014-02-07 13:10:00,60.02933991,0.075,False
2014-02-07 13:15:00,60.10958633,0.335,False
2014-02-07 13:20:00,58.36810595,1.211,False
2014-02-07 13:25:00,59.33224067,0.213,False
2014-02-07 13:30:00,60.29989144,0.849,False
2014-02-07 13:35:00,59.49235844,0.228,False
2014-02-07 13:40:00,60.247066,1.072,False
2014-02-07 13:45:00,59.07752442,0.071,False
2014-02-07 13:50:00,58.32780483,0.55,False
2014-02-07 13:55:00,58.58264870000001,0.267,False
2014-02-07 14:00:00,58.57316036,0.217,False
2014-02-07 14:05:00,58.17149797,0.546,False
2014-02-07 14:10:00,57.50610463,1.088,False
2014-02-07 14:15:00,58.93005052,0.337,False
2014-02-07 14:20:00,57.37813848,1.129,False
2014-02-07 14:25:00,58.78096438,0.306,False
2014-02-07 14:30:00,58.89608158,0.515,False
2014-02-07 14:35:00,57.02967621,1.146,False
2014-02-07 14:40:00,58.82677044,0.81,False
2014-02-07 14:45:00,57.73621073,0.038,False
2014-02-07 14:50:00,58.70478919,0.958,False
2014-02-07 14:55:00,56.61483009,0.719,False
2014-02-07 15:00:00,58.54309852,0.971,False
2014-02-07 15:05:00,56.62658705,0.673,False
2014-02-07 15:10:00,57.6476225,0.295,False
2014-02-07 15:15:00,57.4172663,0.245,False
2014-02-07 15:20:00,56.07181039,0.899,False
2014-02-07 15:25:00,56.23120728,0.604,False
2014-02-07 15:30:00,56.64008609,0.05,False
2014-02-07 15:35:00,56.7428876,0.106,False
2014-02-07 15:40:00,55.45043091,1.244,False
2014-02-07 15:45:00,55.46055846,1.075,False
2014-02-07 15:50:00,57.35815675,1.268,False
2014-02-07 15:55:00,57.30151815,1.294,False
2014-02-07 16:00:00,54.94743095,1.184,False
2014-02-07 16:05:00,55.4991216,0.42,False
2014-02-07 16:10:00,56.96373673,1.412,False
2014-02-07 16:15:00,56.21488376,0.55,False
2014-02-07 16:20:00,54.63929078,1.139,False
2014-02-07 16:25:00,55.84158999,0.402,False
2014-02-07 16:30:00,54.34649094,1.391,False
2014-02-07 16:35:00,55.71710588,0.286,False
2014-02-07 16:40:00,55.85396973,0.48,False
2014-02-07 16:45:00,53.94512994,1.666,False
2014-02-07 16:50:00,55.20485317,0.024,False
2014-02-07 16:55:00,54.05353004,1.133,False
2014-02-07 17:00:00,54.60434771,0.278,False
2014-02-07 17:05:00,55.80050852,1.057,False
2014-02-07 17:10:00,54.82408561,0.2,False
2014-02-07 17:15:00,55.50191671,1.063,False
2014-02-07 17:20:00,55.513949200000006,1.052,False
2014-02-07 17:25:00,53.08544973,1.374,False
2014-02-07 17:30:00,54.55492721,0.423,False
2014-02-07 17:35:00,55.16412478,1.16,False
2014-02-07 17:40:00,52.79960487,1.652,False
2014-02-07 17:45:00,54.20788462,0.264,False
2014-02-07 17:50:00,54.15442894,0.473,False
2014-02-07 17:55:00,54.16841525,0.861,False
2014-02-07 18:00:00,53.2899425,0.007,False
2014-02-07 18:05:00,53.54628475,0.415,False
2014-02-07 18:10:00,52.63167141,0.522,False
2014-02-07 18:15:00,52.60527715,0.419,False
2014-02-07 18:20:00,52.01212855,0.893,False
2014-02-07 18:25:00,51.82580383,1.03,False
2014-02-07 18:30:00,53.08036793,0.585,False
2014-02-07 18:35:00,52.26365347,0.216,False
2014-02-07 18:40:00,51.84605205,0.409,False
2014-02-07 18:45:00,53.30265066,1.696,False
2014-02-07 18:50:00,51.50709686,0.745,False
2014-02-07 18:55:00,51.58508497,0.647,False
2014-02-07 19:00:00,51.49392143,0.675,False
2014-02-07 19:05:00,51.35311072,0.76,False
2014-02-07 19:10:00,50.93129028,1.336,False
2014-02-07 19:15:00,52.92987927,1.608,False
2014-02-07 19:20:00,51.35722503,0.508,False
2014-02-07 19:25:00,51.90121149,0.518,False
2014-02-07 19:30:00,50.5048612,1.365,False
2014-02-07 19:35:00,51.84752349,0.616,False
2014-02-07 19:40:00,50.34139952,1.39,False
2014-02-07 19:45:00,52.07474509,1.051,False
2014-02-07 19:50:00,52.04462736,1.199,False
2014-02-07 19:55:00,52.05680749,1.257,False
2014-02-07 20:00:00,50.86876313,0.209,False
2014-02-07 20:05:00,51.07622721,0.174,False
2014-02-07 20:10:00,51.26331469,0.498,False
2014-02-07 20:15:00,49.47553976,1.869,False
2014-02-07 20:20:00,50.60060323,0.143,False
2014-02-07 20:25:00,50.96662291,0.567,False
2014-02-07 20:30:00,50.80944237,0.445,False
2014-02-07 20:35:00,50.31178874,0.169,False
2014-02-07 20:40:00,49.59730685,1.093,False
2014-02-07 20:45:00,51.07746106,1.109,False
2014-02-07 20:50:00,48.62938293,2.176,False
2014-02-07 20:55:00,49.12552808,1.018,False
2014-02-07 21:00:00,50.3515059,1.026,False
2014-02-07 21:05:00,48.93097271,0.972,False
2014-02-07 21:10:00,50.50442682,1.261,False
2014-02-07 21:15:00,49.92951294,0.533,False
2014-02-07 21:20:00,49.44730018,0.062,False
2014-02-07 21:25:00,49.59755235,0.185,False
2014-02-07 21:30:00,49.71708375,0.434,False
2014-02-07 21:35:00,49.10182838,0.185,False
2014-02-07 21:40:00,48.97980874,0.172,False
2014-02-07 21:45:00,49.57133942,0.68,False
2014-02-07 21:50:00,49.35000845,0.506,False
2014-02-07 21:55:00,49.51040382,0.745,False
2014-02-07 22:00:00,47.52361042,1.61,False
2014-02-07 22:05:00,48.46513678,0.126,False
2014-02-07 22:10:00,48.92819317,0.536,False
2014-02-07 22:15:00,47.53537232,1.011,False
2014-02-07 22:20:00,47.44274773,0.984,False
2014-02-07 22:25:00,48.501459,0.751,False
2014-02-07 22:30:00,47.59503947,0.036,False
2014-02-07 22:35:00,48.28377166,0.951,False
2014-02-07 22:40:00,47.47392072,0.03,False
2014-02-07 22:45:00,46.41796917,1.312,False
2014-02-07 22:50:00,48.16173707,1.039,False
2014-02-07 22:55:00,46.94337792,0.417,False
2014-02-07 23:00:00,47.16443489,0.073,False
2014-02-07 23:05:00,46.13365072,1.148,False
2014-02-07 23:10:00,47.05679088,0.088,False
2014-02-07 23:15:00,45.76381338,1.157,False
2014-02-07 23:20:00,47.34047672,1.25,False
2014-02-07 23:25:00,46.2342002,0.19,False
2014-02-07 23:30:00,46.41004714,0.08,False
2014-02-07 23:35:00,45.40564636,1.064,False
2014-02-07 23:40:00,46.33290026,0.174,False
2014-02-07 23:45:00,47.03048844,1.264,False
2014-02-07 23:50:00,45.35114179,0.42,False
2014-02-07 23:55:00,45.40691829,0.271,False
2014-02-08 00:00:00,44.80688124,0.886,False
2014-02-08 00:05:00,46.36014108,1.287,False
2014-02-08 00:10:00,45.61237411,0.33,False
2014-02-08 00:15:00,44.892107,0.692,False
2014-02-08 00:20:00,44.4510149,1.176,False
2014-02-08 00:25:00,44.50873845,0.907,False
2014-02-08 00:30:00,44.92545998,0.212,False
2014-02-08 00:35:00,45.63077534,0.815,False
2014-02-08 00:40:00,44.85854179,0.061,False
2014-02-08 00:45:00,44.19545717,0.819,False
2014-02-08 00:50:00,45.37164579,0.649,False
2014-02-08 00:55:00,44.79635945,0.006,False
2014-02-08 01:00:00,45.29413471,0.798,False
2014-02-08 01:05:00,43.2713445,1.502,False
2014-02-08 01:10:00,45.16192645,0.893,False
2014-02-08 01:15:00,44.3891277,0.117,False
2014-02-08 01:20:00,45.02539706,1.053,False
2014-02-08 01:25:00,44.10650919,0.029,False
2014-02-08 01:30:00,43.90195256,0.094,False
2014-02-08 01:35:00,42.61768752,1.482,False
2014-02-08 01:40:00,43.5560632,0.337,False
2014-02-08 01:45:00,44.05794739,0.473,False
2014-02-08 01:50:00,42.69159807,0.933,False
2014-02-08 01:55:00,43.89784601,0.691,False
2014-02-08 02:00:00,42.01888967,1.418,False
2014-02-08 02:05:00,43.37673591,0.228,False
2014-02-08 02:10:00,42.93136273,0.102,False
2014-02-08 02:15:00,43.11795765,0.295,False
2014-02-08 02:20:00,43.77390143,1.209,False
2014-02-08 02:25:00,42.76450933,0.132,False
2014-02-08 02:30:00,43.21855143,0.933,False
2014-02-08 02:35:00,41.42083316,0.919,False
2014-02-08 02:40:00,41.29397229,0.95,False
2014-02-08 02:45:00,41.54173341,0.532,False
2014-02-08 02:50:00,42.097787200000006,0.277,False
2014-02-08 02:55:00,41.12757419,0.679,False
2014-02-08 03:00:00,41.5399956,0.004,False
2014-02-08 03:05:00,41.94835863,0.491,False
2014-02-08 03:10:00,42.2700777,0.951,False
2014-02-08 03:15:00,40.50350095,0.987,False
2014-02-08 03:20:00,40.65499531,0.686,False
2014-02-08 03:25:00,40.79634379,0.444,False
2014-02-08 03:30:00,41.80214643,0.882,False
2014-02-08 03:35:00,40.23128179,0.864,False
2014-02-08 03:40:00,41.05704826,0.394,False
2014-02-08 03:45:00,40.28389419,0.571,False
2014-02-08 03:50:00,40.69634404,0.03,False
2014-02-08 03:55:00,40.33576107,0.369,False
2014-02-08 04:00:00,41.54545549,1.559,False
2014-02-08 04:05:00,41.20191724,1.14,False
2014-02-08 04:10:00,40.46801319,0.098,False
2014-02-08 04:15:00,39.26537555,1.659,False
2014-02-08 04:20:00,39.51530054,1.208,False
2014-02-08 04:25:00,39.34890418,1.409,False
2014-02-08 04:30:00,39.32321689,1.301,False
2014-02-08 04:35:00,40.4303953,0.482,False
2014-02-08 04:40:00,39.89494125,0.157,False
2014-02-08 04:45:00,40.72720565,1.548,False
2014-02-08 04:50:00,40.37632385,1.301,False
2014-02-08 04:55:00,40.10114535,1.018,False
2014-02-08 05:00:00,38.07540386,1.855,False
2014-02-08 05:05:00,40.12608065,1.26,False
2014-02-08 05:10:00,39.46909278,0.375,False
2014-02-08 05:15:00,39.16355231,0.037,False
2014-02-08 05:20:00,38.78312964,0.242,False
2014-02-08 05:25:00,39.11268638,0.674,False
2014-02-08 05:30:00,38.47910082,0.071,False
2014-02-08 05:35:00,38.01951263,0.714,False
2014-02-08 05:40:00,37.71402559,0.963,False
2014-02-08 05:45:00,38.50288978,0.54,False
2014-02-08 05:50:00,38.21991984,0.267,False
2014-02-08 05:55:00,37.02328168,1.34,False
2014-02-08 06:00:00,38.55219768,1.258,False
2014-02-08 06:05:00,36.94350456,1.11,False
2014-02-08 06:10:00,36.79074012,1.188,False
2014-02-08 06:15:00,37.38743031,0.221,False
2014-02-08 06:20:00,37.76166671,0.471,False
2014-02-08 06:25:00,37.54001524,0.428,False
2014-02-08 06:30:00,37.52627528,0.689,False
2014-02-08 06:35:00,36.86034799,0.203,False
2014-02-08 06:40:00,36.64729792,0.532,False
2014-02-08 06:45:00,37.13821984,0.38,False
2014-02-08 06:50:00,36.91895932,0.053,False
2014-02-08 06:55:00,35.79444832,1.708,False
2014-02-08 07:00:00,36.83927414,0.037,False
2014-02-08 07:05:00,36.93841282,0.275,False
2014-02-08 07:10:00,37.61005781,1.401,False
2014-02-08 07:15:00,36.3088873,0.407,False
2014-02-08 07:20:00,36.52423117,0.112,False
2014-02-08 07:25:00,35.41025841,1.409,False
2014-02-08 07:30:00,35.87612205,0.328,False
2014-02-08 07:35:00,35.19517988,1.008,False
2014-02-08 07:40:00,34.896682500000004,1.135,False
2014-02-08 07:45:00,36.72271914,1.892,False
2014-02-08 07:50:00,34.50600617,1.456,False
2014-02-08 07:55:00,36.37180059,1.684,False
2014-02-08 08:00:00,34.66410663,0.612,False
2014-02-08 08:05:00,34.31753233,0.923,False
2014-02-08 08:10:00,34.91045416,0.081,False
2014-02-08 08:15:00,34.43275866,0.575,False
2014-02-08 08:20:00,34.82385733,0.146,False
2014-02-08 08:25:00,35.450041799999994,1.183,False
2014-02-08 08:30:00,34.75154534,0.13,False
2014-02-08 08:35:00,35.49786592,1.299,False
2014-02-08 08:40:00,34.67205532,0.097,False
2014-02-08 08:45:00,34.66278524,0.209,False
2014-02-08 08:50:00,34.70927264,0.374,False
2014-02-08 08:55:00,33.41287418,1.498,False
2014-02-08 09:00:00,34.12959421,0.146,False
2014-02-08 09:05:00,32.81618429,1.972,False
2014-02-08 09:10:00,34.56199658,0.821,False
2014-02-08 09:15:00,33.63998163,0.475,False
2014-02-08 09:20:00,33.20924363,0.864,False
2014-02-08 09:25:00,34.03420212,0.51,False
2014-02-08 09:30:00,33.37793471,0.368,False
2014-02-08 09:35:00,33.73597375,0.258,False
2014-02-08 09:40:00,33.49156022,0.056,False
2014-02-08 09:45:00,34.03521109,0.906,False
2014-02-08 09:50:00,32.13076877,1.609,False
2014-02-08 09:55:00,33.85643289,1.168,False
2014-02-08 10:00:00,33.61549172,1.212,False
2014-02-08 10:05:00,31.55514265,1.383,False
2014-02-08 10:10:00,31.45281656,1.222,False
2014-02-08 10:15:00,32.70383369,0.682,False
2014-02-08 10:20:00,32.35902129,0.569,False
2014-02-08 10:25:00,31.24466023,0.673,False
2014-02-08 10:30:00,31.68283609,0.019,False
2014-02-08 10:35:00,31.08796919,0.801,False
2014-02-08 10:40:00,31.56471764,0.071,False
2014-02-08 10:45:00,31.71067997,0.213,False
2014-02-08 10:50:00,31.04573726,0.664,False
2014-02-08 10:55:00,32.31308445,1.197,False
2014-02-08 11:00:00,30.81680427,0.751,False
2014-02-08 11:05:00,30.79737598,0.582,False
2014-02-08 11:10:00,31.477618,0.425,False
2014-02-08 11:15:00,31.76443225,0.868,False
2014-02-08 11:20:00,31.14882249,0.067,False
2014-02-08 11:25:00,30.32212341,0.948,False
2014-02-08 11:30:00,31.19156563,0.332,False
2014-02-08 11:35:00,30.66658199,0.179,False
2014-02-08 11:40:00,31.66734549,1.097,False
2014-02-08 11:45:00,30.02190974,0.917,False
2014-02-08 11:50:00,30.77339762,0.061,False
2014-02-08 11:55:00,29.60027776,1.163,False
2014-02-08 12:00:00,29.13736079,1.494,False
2014-02-08 12:05:00,31.10798131,0.972,False
2014-02-08 12:10:00,30.57627902,0.549,False
2014-02-08 12:15:00,30.80034788,0.885,False
2014-02-08 12:20:00,29.93062046,0.1,False
2014-02-08 12:25:00,30.13984525,0.467,False
2014-02-08 12:30:00,29.02950232,0.582,False
2014-02-08 12:35:00,29.74236248,0.186,False
2014-02-08 12:40:00,29.65401173,0.257,False
2014-02-08 12:45:00,28.2004452,0.9,False
2014-02-08 12:50:00,29.26456305,0.058,False
2014-02-08 12:55:00,28.87987444,0.182,False
2014-02-08 13:00:00,28.88453303,0.158,False
2014-02-08 13:05:00,27.96898542,0.987,False
2014-02-08 13:10:00,29.46889572,0.401,False
2014-02-08 13:15:00,28.52259684,0.569,False
2014-02-08 13:20:00,28.43934042,0.657,False
2014-02-08 13:25:00,28.65628801,0.427,False
2014-02-08 13:30:00,28.19350637,0.845,False
2014-02-08 13:35:00,28.58495502,0.463,False
2014-02-08 13:40:00,28.68956624,0.334,False
2014-02-08 13:45:00,26.90880571,1.947,False
2014-02-08 13:50:00,28.42258634,0.576,False
2014-02-08 13:55:00,27.86689974,1.08,False
2014-02-08 14:00:00,27.00944268,2.002,False
2014-02-08 14:05:00,27.05223016,1.818,False
2014-02-08 14:10:00,26.90334248,1.952,False
2014-02-08 14:15:00,26.43806278,2.374,False
2014-02-08 14:20:00,27.60635926,1.316,False
2014-02-08 14:25:00,27.02299853,1.844,False
2014-02-08 14:30:00,25.88775208,2.978,False
2014-02-08 14:35:00,26.57709669,2.22,False
2014-02-08 14:40:00,27.86252302,1.016,False
2014-02-08 14:45:00,26.7177708,2.094,False
2014-02-08 14:50:00,27.13922521,1.803,False
2014-02-08 14:55:00,27.44186472,1.391,False
2014-02-08 15:00:00,26.43479209,2.257,False
2014-02-08 15:05:00,27.01604579,1.918,False
2014-02-08 15:10:00,26.63045192,2.28,False
2014-02-08 15:15:00,26.81343428,2.109,False
2014-02-08 15:20:00,26.71674166,2.379,False
2014-02-08 15:25:00,28.13966046,0.863,False
2014-02-08 15:30:00,27.30947589,1.643,False
2014-02-08 15:35:00,29.25443175,0.078,False
2014-02-08 15:40:00,27.8822206,1.211,False
2014-02-08 15:45:00,28.76582717,0.381,False
2014-02-08 15:50:00,28.51500186,0.699,False
2014-02-08 15:55:00,29.08801264,0.257,False
2014-02-08 16:00:00,30.87096441,0.989,False
2014-02-08 16:05:00,30.281602000000003,0.189,False
2014-02-08 16:10:00,30.04490016,0.087,False
2014-02-08 16:15:00,30.24229096,0.021,False
2014-02-08 16:20:00,30.54091457,0.248,False
2014-02-08 16:25:00,31.65497151,1.152,False
2014-02-08 16:30:00,31.07138954,0.54,False
2014-02-08 16:35:00,31.61677641,0.977,False
2014-02-08 16:40:00,30.09155091,0.522,False
2014-02-08 16:45:00,30.19489085,0.558,False
2014-02-08 16:50:00,31.30731434,0.429,False
2014-02-08 16:55:00,31.04771674,0.13,False
2014-02-08 17:00:00,31.97747291,1.034,False
2014-02-08 17:05:00,30.4335528,0.617,False
2014-02-08 17:10:00,31.32774235,0.289,False
2014-02-08 17:15:00,31.771592,0.745,False
2014-02-08 17:20:00,31.68724275,0.581,False
2014-02-08 17:25:00,30.97404213,0.273,False
2014-02-08 17:30:00,32.21898830000001,1.025,False
2014-02-08 17:35:00,32.42664943,1.219,False
2014-02-08 17:40:00,30.81792026,0.666,False
2014-02-08 17:45:00,31.7571751,0.239,False
2014-02-08 17:50:00,30.49232606,1.202,False
2014-02-08 17:55:00,32.482214,0.988,False
2014-02-08 18:00:00,32.26613405,0.707,False
2014-02-08 18:05:00,32.68969593,1.177,False
2014-02-08 18:10:00,31.24735179,0.462,False
2014-02-08 18:15:00,31.65539567,0.018,False
2014-02-08 18:20:00,30.94754751,0.902,False
2014-02-08 18:25:00,31.57327092,0.223,False
2014-02-08 18:30:00,32.40552021,0.735,False
2014-02-08 18:35:00,31.51350875,0.342,False
2014-02-08 18:40:00,31.20747208,0.724,False
2014-02-08 18:45:00,32.80990187,1.066,False
2014-02-08 18:50:00,32.05204694,0.097,False
2014-02-08 18:55:00,30.82959784,1.352,False
2014-02-08 19:00:00,32.00308397,0.014,False
2014-02-08 19:05:00,32.86862643,1.044,False
2014-02-08 19:10:00,31.56908839,0.545,False
2014-02-08 19:15:00,32.41766216,0.337,False
2014-02-08 19:20:00,31.64681807,0.662,False
2014-02-08 19:25:00,32.82323411,0.67,False
2014-02-08 19:30:00,31.08794276,1.412,False
2014-02-08 19:35:00,31.97895463,0.417,False
2014-02-08 19:40:00,32.85257126,0.584,False
2014-02-08 19:45:00,31.84616818,0.659,False
2014-02-08 19:50:00,31.79928547,0.743,False
2014-02-08 19:55:00,32.33982306,0.1,False
2014-02-08 20:00:00,32.79175195,0.409,False
2014-02-08 20:05:00,32.75479137,0.337,False
2014-02-08 20:10:00,33.39425162,1.057,False
2014-02-08 20:15:00,33.47059509,1.057,False
2014-02-08 20:20:00,33.55600437,1.123,False
2014-02-08 20:25:00,33.02089301,0.433,False
2014-02-08 20:30:00,32.48597077,0.289,False
2014-02-08 20:35:00,32.37352649,0.495,False
2014-02-08 20:40:00,33.71018249,1.278,False
2014-02-08 20:45:00,33.20641473,0.594,False
2014-02-08 20:50:00,31.79080695,1.365,False
2014-02-08 20:55:00,32.01247028,1.078,False
2014-02-08 21:00:00,32.72379014,0.13,False
2014-02-08 21:05:00,31.96246545,1.231,False
2014-02-08 21:10:00,32.60499863,0.36,False
2014-02-08 21:15:00,32.807984399999995,0.091,False
2014-02-08 21:20:00,32.21157653,0.917,False
2014-02-08 21:25:00,32.89711276,0.087,False
2014-02-08 21:30:00,33.57320645,0.678,False
2014-02-08 21:35:00,34.00083928,1.175,False
2014-02-08 21:40:00,34.39073063,1.613,False
2014-02-08 21:45:00,33.62566204,0.57,False
2014-02-08 21:50:00,32.33442622,1.185,False
2014-02-08 21:55:00,32.88137963,0.57,False
2014-02-08 22:00:00,33.39889347,0.003,False
2014-02-08 22:05:00,32.63991739,0.964,False
2014-02-08 22:10:00,33.66054894,0.21,False
2014-02-08 22:15:00,32.68991757,1.063,False
2014-02-08 22:20:00,34.52993116,1.171,False
2014-02-08 22:25:00,33.12343341,0.529,False
2014-02-08 22:30:00,32.7765795,0.93,False
2014-02-08 22:35:00,33.14127672,0.543,False
2014-02-08 22:40:00,33.95895848,0.482,False
2014-02-08 22:45:00,34.40905618,0.946,False
2014-02-08 22:50:00,33.51633481,0.09,False
2014-02-08 22:55:00,33.62106205,0.002,False
2014-02-08 23:00:00,33.17277264,0.484,False
2014-02-08 23:05:00,35.02164686,1.481,False
2014-02-08 23:10:00,34.20195241,0.57,False
2014-02-08 23:15:00,33.75380103,0.062,False
2014-02-08 23:20:00,34.08313728,0.419,False
2014-02-08 23:25:00,33.27561114,0.533,False
2014-02-08 23:30:00,34.15093414,0.411,False
2014-02-08 23:35:00,34.93813896,1.175,False
2014-02-08 23:40:00,33.57399823,0.31,False
2014-02-08 23:45:00,35.60656429,1.874,False
2014-02-08 23:50:00,35.70630711,1.904,False
2014-02-08 23:55:00,33.86527719,0.006,False
2014-02-09 00:00:00,35.24360884,1.485,False
2014-02-09 00:05:00,35.41470784,1.658,False
2014-02-09 00:10:00,35.65706533,1.91,False
2014-02-09 00:15:00,34.06766503,0.195,False
2014-02-09 00:20:00,33.68182589,0.194,False
2014-02-09 00:25:00,35.26670386,1.422,False
2014-02-09 00:30:00,34.86762689,0.934,False
2014-02-09 00:35:00,35.84027351,1.867,False
2014-02-09 00:40:00,35.69880674,1.864,False
2014-02-09 00:45:00,35.50477858,1.755,False
2014-02-09 00:50:00,35.32467369,1.529,False
2014-02-09 00:55:00,34.49045616,0.666,False
2014-02-09 01:00:00,35.35994363,1.558,False
2014-02-09 01:05:00,33.57565861,0.304,False
2014-02-09 01:10:00,34.080054,0.212,False
2014-02-09 01:15:00,34.87488318,1.048,False
2014-02-09 01:20:00,33.24968612,0.675,False
2014-02-09 01:25:00,34.8372465,1.046,False
2014-02-09 01:30:00,33.53836862,0.357,False
2014-02-09 01:35:00,33.88047495,0.01,False
2014-02-09 01:40:00,35.17879383,1.415,False
2014-02-09 01:45:00,32.89429465,1.04,False
2014-02-09 01:50:00,34.83487287,1.063,False
2014-02-09 01:55:00,33.22510702,0.674,False
2014-02-09 02:00:00,33.84525593,0.007,False
2014-02-09 02:05:00,34.27752887,0.457,False
2014-02-09 02:10:00,34.73131416,1.008,False
2014-02-09 02:15:00,33.18397705,0.575,False
2014-02-09 02:20:00,34.05587785,0.392,False
2014-02-09 02:25:00,33.85905904,0.21,False
2014-02-09 02:30:00,34.41294062,0.766,False
2014-02-09 02:35:00,34.76213872,1.117,False
2014-02-09 02:40:00,32.83038455,0.714,False
2014-02-09 02:45:00,32.53890559,0.976,False
2014-02-09 02:50:00,33.87651268,0.397,False
2014-02-09 02:55:00,33.20007261,0.173,False
2014-02-09 03:00:00,32.59371201,0.689,False
2014-02-09 03:05:00,33.92571243,0.66,False
2014-02-09 03:10:00,32.16713992,1.051,False
2014-02-09 03:15:00,32.15556743,1.096,False
2014-02-09 03:20:00,33.09459729,0.095,False
2014-02-09 03:25:00,33.90626907,0.766,False
2014-02-09 03:30:00,33.68414188,0.614,False
2014-02-09 03:35:00,32.48968314,0.577,False
2014-02-09 03:40:00,32.68721261,0.259,False
2014-02-09 03:45:00,32.23851375,0.733,False
2014-02-09 03:50:00,33.37451325,0.557,False
2014-02-09 03:55:00,34.00517853,1.298,False
2014-02-09 04:00:00,33.61901353,0.918,False
2014-02-09 04:05:00,32.95856944,0.235,False
2014-02-09 04:10:00,32.75826772,0.04,False
2014-02-09 04:15:00,32.7049341,0.009,False
2014-02-09 04:20:00,32.58980702,0.073,False
2014-02-09 04:25:00,31.65797734,1.061,False
2014-02-09 04:30:00,33.1051823,0.572,False
2014-02-09 04:35:00,32.73642516,0.167,False
2014-02-09 04:40:00,33.38664638,0.879,False
2014-02-09 04:45:00,32.62814228,0.127,False
2014-02-09 04:50:00,31.31787296,1.256,False
2014-02-09 04:55:00,32.02004341,0.441,False
2014-02-09 05:00:00,32.56562591,0.217,False
2014-02-09 05:05:00,32.38219045,0.08,False
2014-02-09 05:10:00,31.31242532,0.961,False
2014-02-09 05:15:00,31.25437694,0.984,False
2014-02-09 05:20:00,33.19498125,1.058,False
2014-02-09 05:25:00,32.15461056,0.0,False
2014-02-09 05:30:00,32.89047391,0.727,False
2014-02-09 05:35:00,30.85579742,1.171,False
2014-02-09 05:40:00,32.38311623,0.338,False
2014-02-09 05:45:00,32.86380858,0.837,False
2014-02-09 05:50:00,30.84735142,1.062,False
2014-02-09 05:55:00,31.61899359,0.23,False
2014-02-09 06:00:00,30.67199471,1.097,False
2014-02-09 06:05:00,31.86207774,0.09,False
2014-02-09 06:10:00,32.04210451,0.28,False
2014-02-09 06:15:00,30.79829419,0.977,False
2014-02-09 06:20:00,32.11113412,0.387,False
2014-02-09 06:25:00,31.85660645,0.173,False
2014-02-09 06:30:00,31.96266078,0.295,False
2014-02-09 06:35:00,31.76931259,0.104,False
2014-02-09 06:40:00,31.56246065,0.092,False
2014-02-09 06:45:00,32.40106536,0.74,False
2014-02-09 06:50:00,30.7490175,0.847,False
2014-02-09 06:55:00,30.64807823,0.877,False
2014-02-09 07:00:00,30.68700009,0.811,False
2014-02-09 07:05:00,32.21416306,0.755,False
2014-02-09 07:10:00,30.22603884,1.058,False
2014-02-09 07:15:00,31.77508786,0.457,False
2014-02-09 07:20:00,31.16640691,0.062,False
2014-02-09 07:25:00,30.18797053,0.916,False
2014-02-09 07:30:00,29.81913504,1.276,False
2014-02-09 07:35:00,31.65603994,0.506,False
2014-02-09 07:40:00,31.66608085,0.515,False
2014-02-09 07:45:00,30.08070418,0.924,False
2014-02-09 07:50:00,30.74814355,0.24,False
2014-02-09 07:55:00,30.33908486,0.639,False
2014-02-09 08:00:00,30.20230209,0.729,False
2014-02-09 08:05:00,30.28800307,0.645,False
2014-02-09 08:10:00,30.08058068,0.773,False
2014-02-09 08:15:00,31.75949762,0.823,False
2014-02-09 08:20:00,31.70716786,0.807,False
2014-02-09 08:25:00,31.76282306,0.913,False
2014-02-09 08:30:00,30.03444646,0.842,False
2014-02-09 08:35:00,30.02144253,0.843,False
2014-02-09 08:40:00,29.42616166,1.48,False
2014-02-09 08:45:00,30.44556784,0.42,False
2014-02-09 08:50:00,31.62264517,0.775,False
2014-02-09 08:55:00,30.24051153,0.675,False
2014-02-09 09:00:00,30.98434971,0.077,False
2014-02-09 09:05:00,31.2150728,0.264,False
2014-02-09 09:10:00,29.9492614,0.934,False
2014-02-09 09:15:00,30.6985552,0.23,False
2014-02-09 09:20:00,29.58859552,1.269,False
2014-02-09 09:25:00,31.67843945,0.674,False
2014-02-09 09:30:00,30.22828132,0.661,False
2014-02-09 09:35:00,30.95195602,0.0,False
2014-02-09 09:40:00,31.555293,0.539,False
2014-02-09 09:45:00,30.47071162,0.431,False
2014-02-09 09:50:00,29.83845524,1.017,False
2014-02-09 09:55:00,29.8409167,1.043,False
2014-02-09 10:00:00,31.00616551,0.024,False
2014-02-09 10:05:00,30.63659232,0.336,False
2014-02-09 10:10:00,29.66527319,1.3,False
2014-02-09 10:15:00,29.54228857,1.512,False
2014-02-09 10:20:00,31.05835626,0.026,False
2014-02-09 10:25:00,31.32606052,0.298,False
2014-02-09 10:30:00,30.72721278,0.348,False
2014-02-09 10:35:00,31.72620384,0.652,False
2014-02-09 10:40:00,30.87167037,0.207,False
2014-02-09 10:45:00,30.95263689,0.123,False
2014-02-09 10:50:00,30.5728712,0.486,False
2014-02-09 10:55:00,29.60733531,1.441,False
2014-02-09 11:00:00,31.09676165,0.161,False
2014-02-09 11:05:00,29.78973653,1.496,False
2014-02-09 11:10:00,31.08115456,0.403,False
2014-02-09 11:15:00,31.4758338,0.105,False
2014-02-09 11:20:00,29.81358016,1.652,False
2014-02-09 11:25:00,31.6290113,0.037,False
2014-02-09 11:30:00,30.25417261,1.251,False
2014-02-09 11:35:00,31.08622547,0.528,False
2014-02-09 11:40:00,30.93886148,0.733,False
2014-02-09 11:45:00,30.97552758,0.758,False
2014-02-09 11:50:00,35.62412938,1.998,False
2014-02-09 11:55:00,43.97130304,4.278,False
2014-02-09 12:00:00,53.13574860000001,4.525,False
2014-02-09 12:05:00,64.13476858,5.156,False
2014-02-09 12:10:00,69.6041593,2.544,False
2014-02-09 12:15:00,74.69958936,2.389,False
2014-02-09 12:20:00,77.91332204,1.495,False
2014-02-09 12:25:00,81.76457746,1.791,False
2014-02-09 12:30:00,82.11611974,0.163,False
2014-02-09 12:35:00,83.63358819,0.71,False
2014-02-09 12:40:00,83.9425348,0.14,False
2014-02-09 12:45:00,84.34225792,0.181,False
2014-02-09 12:50:00,84.36168238,0.009,False
2014-02-09 12:55:00,85.59894096,0.572,False
2014-02-09 13:00:00,85.53380606,0.029,False
2014-02-09 13:05:00,86.77091392,0.452,False
2014-02-09 13:10:00,87.46526139,0.456,False
2014-02-09 13:15:00,86.97571035,0.179,False
2014-02-09 13:20:00,88.02313019,0.501,False
2014-02-09 13:25:00,88.89931641,1.197,False
2014-02-09 13:30:00,89.31911797,1.463,False
2014-02-09 13:35:00,89.34582320000001,1.303,False
2014-02-09 13:40:00,90.58776669,2.147,False
2014-02-09 13:45:00,91.33042506,2.685,False
2014-02-09 13:50:00,89.88694116,1.443,False
2014-02-09 13:55:00,88.9978105,0.646,False
2014-02-09 14:00:00,90.40857347,1.636,False
2014-02-09 14:05:00,89.17687081,0.413,False
2014-02-09 14:10:00,88.76698589,0.079,False
2014-02-09 14:15:00,89.87878079,0.955,False
2014-02-09 14:20:00,90.02473464,1.017,False
2014-02-09 14:25:00,89.37720244,0.437,False
2014-02-09 14:30:00,88.92251062,0.011,False
2014-02-09 14:35:00,88.83296112,0.076,False
2014-02-09 14:40:00,88.5998363,0.299,False
2014-02-09 14:45:00,88.05676644,0.832,False
2014-02-09 14:50:00,87.60606329,1.251,False
2014-02-09 14:55:00,87.43993162,1.411,False
2014-02-09 15:00:00,88.27698766,0.808,False
2014-02-09 15:05:00,87.69933793,1.356,False
2014-02-09 15:10:00,89.11978208,0.207,False
2014-02-09 15:15:00,88.13677766,1.2,False
2014-02-09 15:20:00,88.65384083,0.934,False
2014-02-09 15:25:00,88.16302758,1.479,False
2014-02-09 15:30:00,90.27314745,0.369,False
2014-02-09 15:35:00,88.6908997,1.082,False
2014-02-09 15:40:00,89.1807799,0.662,False
2014-02-09 15:45:00,88.92033574,0.969,False
2014-02-09 15:50:00,91.14032082,1.036,False
2014-02-09 15:55:00,91.3954696,1.193,False
2014-02-09 16:00:00,91.47948676,1.143,False
2014-02-09 16:05:00,90.91854536,0.554,False
2014-02-09 16:10:00,91.91979846,1.373,False
2014-02-09 16:15:00,90.5882597,0.131,False
2014-02-09 16:20:00,89.77893541,0.658,False
2014-02-09 16:25:00,90.92283255,0.286,False
2014-02-09 16:30:00,90.59513941,0.003,False
2014-02-09 16:35:00,91.45743542,0.736,False
2014-02-09 16:40:00,91.56651487,0.727,False
2014-02-09 16:45:00,90.12938209,0.707,False
2014-02-09 16:50:00,91.31765272,0.408,False
2014-02-09 16:55:00,89.63006982,1.265,False
2014-02-09 17:00:00,91.93783084,0.989,False
2014-02-09 17:05:00,91.59705536,0.583,False
2014-02-09 17:10:00,91.30024032,0.187,False
2014-02-09 17:15:00,91.52358514,0.401,False
2014-02-09 17:20:00,91.19718418,0.032,False
2014-02-09 17:25:00,89.89437278,1.342,False
2014-02-09 17:30:00,90.85804833,0.397,False
2014-02-09 17:35:00,89.85478676,1.482,False
2014-02-09 17:40:00,91.68225792,0.397,False
2014-02-09 17:45:00,90.46966434,0.866,False
2014-02-09 17:50:00,90.0315822,1.318,False
2014-02-09 17:55:00,90.67295749,0.671,False
2014-02-09 18:00:00,90.30279168,1.083,False
2014-02-09 18:05:00,92.11785186,0.776,False
2014-02-09 18:10:00,92.0556715,0.725,False
2014-02-09 18:15:00,92.10413139,0.748,False
2014-02-09 18:20:00,92.08444878,0.716,False
2014-02-09 18:25:00,91.52032245,0.056,False
2014-02-09 18:30:00,91.86487618,0.397,False
2014-02-09 18:35:00,90.93549504,0.617,False
2014-02-09 18:40:00,91.11392623,0.469,False
2014-02-09 18:45:00,91.63523695,0.068,False
2014-02-09 18:50:00,92.61367811,1.172,False
2014-02-09 18:55:00,92.67770012,1.229,False
2014-02-09 19:00:00,92.70934291,1.253,False
2014-02-09 19:05:00,92.00100551,0.443,False
2014-02-09 19:10:00,92.31565131,0.76,False
2014-02-09 19:15:00,92.12288057,0.537,False
2014-02-09 19:20:00,93.00637719,1.56,False
2014-02-09 19:25:00,92.26800968,0.706,False
2014-02-09 19:30:00,91.39177408,0.307,False
2014-02-09 19:35:00,91.19237485,0.582,False
2014-02-09 19:40:00,91.11909587,0.667,False
2014-02-09 19:45:00,92.17129646,0.544,False
2014-02-09 19:50:00,91.29406044,0.501,False
2014-02-09 19:55:00,92.77789267,1.161,False
2014-02-09 20:00:00,91.37494072,0.527,False
2014-02-09 20:05:00,92.39230034,0.644,False
2014-02-09 20:10:00,91.28900513,0.626,False
2014-02-09 20:15:00,91.57978646,0.291,False
2014-02-09 20:20:00,91.60053808,0.267,False
2014-02-09 20:25:00,91.90583541,0.075,False
2014-02-09 20:30:00,92.09087324,0.288,False
2014-02-09 20:35:00,91.38686442,0.52,False
2014-02-09 20:40:00,92.38304983,0.573,False
2014-02-09 20:45:00,91.14887665,0.926,False
2014-02-09 20:50:00,91.32958889,0.809,False
2014-02-09 20:55:00,92.8482045,0.95,False
2014-02-09 21:00:00,91.80069012,0.264,False
2014-02-09 21:05:00,92.28385318,0.3,False
2014-02-09 21:10:00,93.15683535,1.382,False
2014-02-09 21:15:00,91.73819122,0.228,False
2014-02-09 21:20:00,92.86527919,1.15,False
2014-02-09 21:25:00,92.56536297,0.851,False
2014-02-09 21:30:00,93.13199691,1.496,False
2014-02-09 21:35:00,92.36391667,0.639,False
2014-02-09 21:40:00,93.15988058,1.549,False
2014-02-09 21:45:00,91.56994493,0.269,False
2014-02-09 21:50:00,93.24749839,1.601,False
2014-02-09 21:55:00,92.66611436,0.976,False
2014-02-09 22:00:00,92.27631114,0.543,False
2014-02-09 22:05:00,92.8923715,1.246,False
2014-02-09 22:10:00,92.42353407,0.714,False
2014-02-09 22:15:00,91.58797344,0.184,False
2014-02-09 22:20:00,91.16793886,0.651,False
2014-02-09 22:25:00,91.00862151,0.841,False
2014-02-09 22:30:00,91.71443086,0.045,False
2014-02-09 22:35:00,91.0334192,0.847,False
2014-02-09 22:40:00,91.18588945,0.691,False
2014-02-09 22:45:00,92.37854665,0.644,False
2014-02-09 22:50:00,92.53605468,0.777,False
2014-02-09 22:55:00,92.90681987,1.152,False
2014-02-09 23:00:00,92.48886859,0.705,False
2014-02-09 23:05:00,91.40406004,0.475,False
2014-02-09 23:10:00,91.7769379,0.097,False
2014-02-09 23:15:00,91.50672879,0.431,False
2014-02-09 23:20:00,91.81630115,0.208,False
2014-02-09 23:25:00,91.55083259,0.591,False
2014-02-09 23:30:00,91.14300051,1.09,False
2014-02-09 23:35:00,92.19366028,0.085,False
2014-02-09 23:40:00,92.50526855,0.214,False
2014-02-09 23:45:00,92.28968851,0.003,False
2014-02-09 23:50:00,91.00374495,1.294,False
2014-02-09 23:55:00,91.18786388,1.136,False
2014-02-10 00:00:00,91.9586165,0.412,False
2014-02-10 00:05:00,91.1407523,1.199,False
2014-02-10 00:10:00,90.58517874,1.754,False
2014-02-10 00:15:00,90.73104247,1.679,False
2014-02-10 00:20:00,91.20780185,1.247,False
2014-02-10 00:25:00,90.5987841,1.883,False
2014-02-10 00:30:00,90.13957511,2.387,False
2014-02-10 00:35:00,90.50228376,2.064,False
2014-02-10 00:40:00,91.76849281,0.751,False
2014-02-10 00:45:00,91.50919668,1.018,False
2014-02-10 00:50:00,90.91270146,1.63,False
2014-02-10 00:55:00,91.83984941,0.69,False
2014-02-10 01:00:00,91.5364861,0.997,False
2014-02-10 01:05:00,91.56931046,0.985,False
2014-02-10 01:10:00,93.12128877,0.574,False
2014-02-10 01:15:00,92.40194697,0.197,False
2014-02-10 01:20:00,93.07180676,0.309,False
2014-02-10 01:25:00,92.62193128,0.351,False
2014-02-10 01:30:00,92.57461351,0.493,False
2014-02-10 01:35:00,93.03473993,0.064,False
2014-02-10 01:40:00,94.68770186,1.081,False
2014-02-10 01:45:00,95.39324994,1.154,False
2014-02-10 01:50:00,94.15522886,0.342,False
2014-02-10 01:55:00,95.82263227,0.947,False
2014-02-10 02:00:00,94.33667458,0.784,False
2014-02-10 02:05:00,94.97929281,0.342,False
2014-02-10 02:10:00,95.33170003,0.034,False
2014-02-10 02:15:00,96.42971635,0.928,False
2014-02-10 02:20:00,95.34020543,0.169,False
2014-02-10 02:25:00,95.62387401,0.019,False
2014-02-10 02:30:00,96.76147876,0.905,False
2014-02-10 02:35:00,95.46323073,0.475,False
2014-02-10 02:40:00,95.58258155,0.598,False
2014-02-10 02:45:00,96.70254403,0.157,False
2014-02-10 02:50:00,97.89649234,1.026,False
2014-02-10 02:55:00,96.19273562,0.443,False
2014-02-10 03:00:00,98.27067931,1.269,False
2014-02-10 03:05:00,96.59201113,0.339,False
2014-02-10 03:10:00,96.7688251,0.525,False
2014-02-10 03:15:00,97.24166601,0.357,False
2014-02-10 03:20:00,98.46712774,0.6,False
2014-02-10 03:25:00,98.69150028,0.563,False
2014-02-10 03:30:00,97.74061544,0.582,False
2014-02-10 03:35:00,99.26979553,0.697,False
2014-02-10 03:40:00,99.60458759,0.964,False
2014-02-10 03:45:00,97.54110601,1.235,False
2014-02-10 03:50:00,99.98637983,1.28,False
2014-02-10 03:55:00,99.97077427,1.162,False
2014-02-10 04:00:00,100.2111901,1.207,False
2014-02-10 04:05:00,98.61733195,0.477,False
2014-02-10 04:10:00,99.99278313,0.945,False
2014-02-10 04:15:00,98.72846459,0.41,False
2014-02-10 04:20:00,99.72262751,0.622,False
2014-02-10 04:25:00,99.6453342,0.413,False
2014-02-10 04:30:00,99.21703996,0.026,False
2014-02-10 04:35:00,100.2913224,1.031,False
2014-02-10 04:40:00,100.2254318,0.849,False
2014-02-10 04:45:00,100.2940626,0.955,False
2014-02-10 04:50:00,101.323486,2.053,False
2014-02-10 04:55:00,100.6931878,1.346,False
2014-02-10 05:00:00,99.55303147,0.176,False
2014-02-10 05:05:00,99.50316658,0.128,False
2014-02-10 05:10:00,100.3115484,0.982,False
2014-02-10 05:15:00,99.7866304,0.416,False
2014-02-10 05:20:00,100.2572159,0.899,False
2014-02-10 05:25:00,101.0449797,1.707,False
2014-02-10 05:30:00,101.0401671,1.631,False
2014-02-10 05:35:00,100.2209908,0.811,False
2014-02-10 05:40:00,100.1778791,0.768,False
2014-02-10 05:45:00,99.83616203,0.451,False
2014-02-10 05:50:00,100.3856556,1.015,False
2014-02-10 05:55:00,99.62332533,0.24,False
2014-02-10 06:00:00,101.1199762,1.769,False
2014-02-10 06:05:00,99.96474855,0.583,False
2014-02-10 06:10:00,98.92079891,0.468,False
2014-02-10 06:15:00,98.82118308,0.566,False
2014-02-10 06:20:00,99.46836395,0.071,False
2014-02-10 06:25:00,100.3924943,0.979,False
2014-02-10 06:30:00,99.41101113,0.014,False
2014-02-10 06:35:00,99.3868099,0.009,False
2014-02-10 06:40:00,99.37688486,0.018,False
2014-02-10 06:45:00,100.4024196,1.004,False
2014-02-10 06:50:00,100.188373,0.793,False
2014-02-10 06:55:00,100.00946009999998,0.698,False
2014-02-10 07:00:00,98.53806037,0.806,False
2014-02-10 07:05:00,99.0165735,0.232,False
2014-02-10 07:10:00,98.31578993,1.01,False
2014-02-10 07:15:00,98.45493647,0.862,False
2014-02-10 07:20:00,99.82991733,0.689,False
2014-02-10 07:25:00,98.45786665,0.775,False
2014-02-10 07:30:00,98.46238861,0.668,False
2014-02-10 07:35:00,99.82278838,0.877,False
2014-02-10 07:40:00,99.12626437,0.202,False
2014-02-10 07:45:00,98.68127908,0.267,False
2014-02-10 07:50:00,99.40639876,0.61,False
2014-02-10 07:55:00,97.92809895,0.971,False
2014-02-10 08:00:00,98.1564091,0.599,False
2014-02-10 08:05:00,98.43415492,0.195,False
2014-02-10 08:10:00,99.31104588,0.834,False
2014-02-10 08:15:00,99.23458371,0.834,False
2014-02-10 08:20:00,97.94394961,0.592,False
2014-02-10 08:25:00,99.20182019,0.875,False
2014-02-10 08:30:00,99.57188152,1.364,False
2014-02-10 08:35:00,98.56361626,0.146,False
2014-02-10 08:40:00,98.42022642,0.009,False
2014-02-10 08:45:00,98.0500784,0.389,False
2014-02-10 08:50:00,98.15489328,0.096,False
2014-02-10 08:55:00,97.39246896,0.933,False
2014-02-10 09:00:00,98.92780676,0.976,False
2014-02-10 09:05:00,98.95670554,1.055,False
2014-02-10 09:10:00,98.05539027,0.017,False
2014-02-10 09:15:00,97.67311595,0.461,False
2014-02-10 09:20:00,98.08378697,0.05,False
2014-02-10 09:25:00,98.02418105,0.009,False
2014-02-10 09:30:00,97.09705594,1.056,False
2014-02-10 09:35:00,96.80960964,1.347,False
2014-02-10 09:40:00,97.46376529,0.518,False
2014-02-10 09:45:00,97.02730369,0.971,False
2014-02-10 09:50:00,97.66679305,0.25,False
2014-02-10 09:55:00,97.75217343,0.148,False
2014-02-10 10:00:00,97.48697085,0.379,False
2014-02-10 10:05:00,97.72299416,0.019,False
2014-02-10 10:10:00,97.89692444,0.208,False
2014-02-10 10:15:00,98.46571397,0.985,False
2014-02-10 10:20:00,98.64756932,1.283,False
2014-02-10 10:25:00,97.39661559,0.237,False
2014-02-10 10:30:00,96.54701029,1.218,False
2014-02-10 10:35:00,96.93348161,0.652,False
2014-02-10 10:40:00,96.20565342,1.561,False
2014-02-10 10:45:00,97.34750954,0.059,False
2014-02-10 10:50:00,97.86417323,0.581,False
2014-02-10 10:55:00,96.37236075,1.131,False
2014-02-10 11:00:00,98.10417613,0.942,False
2014-02-10 11:05:00,98.03879641,0.887,False
2014-02-10 11:10:00,97.29109974,0.049,False
2014-02-10 11:15:00,96.86987074,0.338,False
2014-02-10 11:20:00,97.35905632,0.252,False
2014-02-10 11:25:00,97.24772005,0.182,False
2014-02-10 11:30:00,97.89189212,0.895,False
2014-02-10 11:35:00,97.96096534,1.104,False
2014-02-10 11:40:00,97.71761361,0.881,False
2014-02-10 11:45:00,95.9565711,0.868,False
2014-02-10 11:50:00,96.74597708,0.031,False
2014-02-10 11:55:00,96.35511341,0.311,False
2014-02-10 12:00:00,95.82593686,0.738,False
2014-02-10 12:05:00,95.64684324,0.907,False
2014-02-10 12:10:00,96.1813042,0.318,False
2014-02-10 12:15:00,96.37425031,0.038,False
2014-02-10 12:20:00,97.2382876,0.899,False
2014-02-10 12:25:00,95.51209837,0.885,False
2014-02-10 12:30:00,95.84923514,0.448,False
2014-02-10 12:35:00,97.39446393,1.249,False
2014-02-10 12:40:00,96.00217682,0.166,False
2014-02-10 12:45:00,95.3198539,0.804,False
2014-02-10 12:50:00,95.91176772,0.156,False
2014-02-10 12:55:00,94.99370971,0.978,False
2014-02-10 13:00:00,95.68013875,0.296,False
2014-02-10 13:05:00,97.14253334,1.085,False
2014-02-10 13:10:00,95.79726401,0.127,False
2014-02-10 13:15:00,95.47696883,0.374,False
2014-02-10 13:20:00,96.60748228,0.713,False
2014-02-10 13:25:00,95.21211258,0.566,False
2014-02-10 13:30:00,94.88237428,0.86,False
2014-02-10 13:35:00,96.89386224,1.002,False
2014-02-10 13:40:00,96.46690006,0.674,False
2014-02-10 13:45:00,94.80118164,0.815,False
2014-02-10 13:50:00,95.00946115,0.528,False
2014-02-10 13:55:00,94.95100065,0.512,False
2014-02-10 14:00:00,94.618299,0.821,False
2014-02-10 14:05:00,94.75768459,0.689,False
2014-02-10 14:10:00,96.13521584,0.656,False
2014-02-10 14:15:00,94.68350161,0.669,False
2014-02-10 14:20:00,96.44663783,1.131,False
2014-02-10 14:25:00,96.14184547,0.889,False
2014-02-10 14:30:00,94.75616249,0.439,False
2014-02-10 14:35:00,94.85762975,0.343,False
2014-02-10 14:40:00,94.52143221,0.661,False
2014-02-10 14:45:00,94.96919623,0.238,False
2014-02-10 14:50:00,94.01095285,1.143,False
2014-02-10 14:55:00,95.04416343,0.152,False
2014-02-10 15:00:00,94.84893974,0.295,False
2014-02-10 15:05:00,95.13763746,0.028,False
2014-02-10 15:10:00,94.10073034,0.936,False
2014-02-10 15:15:00,94.47317972,0.572,False
2014-02-10 15:20:00,95.22956713,0.126,False
2014-02-10 15:25:00,94.58302547,0.411,False
2014-02-10 15:30:00,94.05299511,0.885,False
2014-02-10 15:35:00,94.11896248,0.798,False
2014-02-10 15:40:00,94.12470996,0.776,False
2014-02-10 15:45:00,96.00491531,0.952,False
2014-02-10 15:50:00,95.98394222,0.968,False
2014-02-10 15:55:00,93.81075105,0.935,False
2014-02-10 16:00:00,93.9985301,0.754,False
2014-02-10 16:05:00,95.43396368,0.496,False
2014-02-10 16:10:00,94.26268925,0.467,False
2014-02-10 16:15:00,93.90797744,0.712,False
2014-02-10 16:20:00,94.80249154,0.018,False
2014-02-10 16:25:00,95.8262296,0.836,False
2014-02-10 16:30:00,96.07464314,1.028,False
2014-02-10 16:35:00,94.53792686,0.141,False
2014-02-10 16:40:00,94.16883924,0.378,False
2014-02-10 16:45:00,95.49674794,0.677,False
2014-02-10 16:50:00,94.18987763,0.316,False
2014-02-10 16:55:00,94.62352777,0.048,False
2014-02-10 17:00:00,96.03397077,1.118,False
2014-02-10 17:05:00,95.19831301,0.504,False
2014-02-10 17:10:00,94.47924236,0.002,False
2014-02-10 17:15:00,94.9578501,0.385,False
2014-02-10 17:20:00,94.75409776,0.309,False
2014-02-10 17:25:00,95.35626632,0.723,False
2014-02-10 17:30:00,95.93991952,1.117,False
2014-02-10 17:35:00,95.76125421,1.019,False
2014-02-10 17:40:00,96.088435,1.242,False
2014-02-10 17:45:00,96.0877508,1.213,False
2014-02-10 17:50:00,94.27859374,0.124,False
2014-02-10 17:55:00,94.83560622,0.479,False
2014-02-10 18:00:00,95.42446237,0.883,False
2014-02-10 18:05:00,93.95343191,0.014,False
2014-02-10 18:10:00,95.7561225,1.153,False
2014-02-10 18:15:00,95.36597899,0.951,False
2014-02-10 18:20:00,93.29609234,0.161,False
2014-02-10 18:25:00,92.83580652,0.436,False
2014-02-10 18:30:00,92.31732258,0.705,False
2014-02-10 18:35:00,91.95226389,0.845,False
2014-02-10 18:40:00,91.64314325,0.948,False
2014-02-10 18:45:00,92.67570433,0.408,False
2014-02-10 18:50:00,90.89257009,1.153,False
2014-02-10 18:55:00,90.92059187,1.134,False
2014-02-10 19:00:00,91.20506325,0.977,False
2014-02-10 19:05:00,90.03262153,1.477,False
2014-02-10 19:10:00,88.66696138,2.067,False
2014-02-10 19:15:00,88.94712879999999,1.836,False
2014-02-10 19:20:00,89.1569362,1.694,False
2014-02-10 19:25:00,88.37628147,2.022,False
2014-02-10 19:30:00,87.57671565,2.33,False
2014-02-10 19:35:00,86.83752364,2.636,False
2014-02-10 19:40:00,87.69244629,2.282,False
2014-02-10 19:45:00,87.69588944,2.28,False
2014-02-10 19:50:00,87.97699779,2.101,False
2014-02-10 19:55:00,87.10660552,2.409,False
2014-02-10 20:00:00,87.60510736,2.181,False
2014-02-10 20:05:00,87.80579216,2.1,False
2014-02-10 20:10:00,87.48088556,2.199,False
2014-02-10 20:15:00,87.82400164,2.036,False
2014-02-10 20:20:00,90.51819557,0.951,False
2014-02-10 20:25:00,89.07461405,1.509,False
2014-02-10 20:30:00,90.56836839,0.885,False
2014-02-10 20:35:00,91.75609873,0.391,False
2014-02-10 20:40:00,90.3008504,0.974,False
2014-02-10 20:45:00,91.75467877,0.346,False
2014-02-10 20:50:00,92.50311222,0.041,False
2014-02-10 20:55:00,92.26703186,0.012,False
2014-02-10 21:00:00,93.08483854,0.364,False
2014-02-10 21:05:00,92.60573944,0.162,False
2014-02-10 21:10:00,92.92647875,0.35,False
2014-02-10 21:15:00,93.095763,0.485,False
2014-02-10 21:20:00,94.33975401,1.085,False
2014-02-10 21:25:00,94.10280573,0.975,False
2014-02-10 21:30:00,95.57331417,1.668,False
2014-02-10 21:35:00,95.4770379,1.624,False
2014-02-10 21:40:00,95.41529368,1.58,False
2014-02-10 21:45:00,93.63657319,0.707,False
2014-02-10 21:50:00,93.75459214,0.735,False
2014-02-10 21:55:00,94.03526583,0.809,False
2014-02-10 22:00:00,93.60767294,0.6,False
2014-02-10 22:05:00,93.73484405,0.605,False
2014-02-10 22:10:00,92.95811496,0.181,False
2014-02-10 22:15:00,95.23271085,1.26,False
2014-02-10 22:20:00,93.46603296,0.448,False
2014-02-10 22:25:00,94.80787852,1.108,False
2014-02-10 22:30:00,93.93376397,0.686,False
2014-02-10 22:35:00,93.44776895,0.444,False
2014-02-10 22:40:00,93.36701174,0.404,False
2014-02-10 22:45:00,94.26562325,0.859,False
2014-02-10 22:50:00,92.80916012,0.128,False
2014-02-10 22:55:00,92.03821164,0.259,False
2014-02-10 23:00:00,93.60108566,0.525,False
2014-02-10 23:05:00,92.72397883,0.085,False
2014-02-10 23:10:00,92.1928564,0.181,False
2014-02-10 23:15:00,93.36060733,0.405,False
2014-02-10 23:20:00,91.34119557,0.609,False
2014-02-10 23:25:00,91.97454212,0.291,False
2014-02-10 23:30:00,91.19009535,0.687,False
2014-02-10 23:35:00,92.26997366,0.15,False
2014-02-10 23:40:00,91.41197934,0.601,False
2014-02-10 23:45:00,91.46793537,0.572,False
2014-02-10 23:50:00,91.82893472,0.382,False
2014-02-10 23:55:00,91.28810469,0.644,False
2014-02-11 00:00:00,89.82174040000002,1.416,False
2014-02-11 00:05:00,91.60236948,0.391,False
2014-02-11 00:10:00,91.53425055,0.427,False
2014-02-11 00:15:00,92.77790006,0.218,False
2014-02-11 00:20:00,92.8229476,0.241,False
2014-02-11 00:25:00,91.99742583,0.175,False
2014-02-11 00:30:00,93.51013071,0.587,False
2014-02-11 00:35:00,94.77993003,1.226,False
2014-02-11 00:40:00,94.61282359,1.142,False
2014-02-11 00:45:00,93.83289309,0.749,False
2014-02-11 00:50:00,93.88676753,0.776,False
2014-02-11 00:55:00,94.89239003,1.283,False
2014-02-11 01:00:00,94.10313406,0.923,False
2014-02-11 01:05:00,94.1363382,0.94,False
2014-02-11 01:10:00,92.42051078,0.102,False
2014-02-11 01:15:00,92.19922545,0.014,False
2014-02-11 01:20:00,90.70107123,0.827,False
2014-02-11 01:25:00,91.16776277,0.521,False
2014-02-11 01:30:00,89.56389149,1.348,False
2014-02-11 01:35:00,90.57342444,0.776,False
2014-02-11 01:40:00,90.68942169,0.636,False
2014-02-11 01:45:00,88.48356182,1.645,False
2014-02-11 01:50:00,89.00610697,1.328,False
2014-02-11 01:55:00,88.02565454,1.721,False
2014-02-11 02:00:00,87.38116289,1.968,False
2014-02-11 02:05:00,89.69452567,0.847,False
2014-02-11 02:10:00,88.44561437,1.38,False
2014-02-11 02:15:00,89.66080239,0.806,False
2014-02-11 02:20:00,88.42168267,1.335,False
2014-02-11 02:25:00,90.09627219,0.59,False
2014-02-11 02:30:00,90.63208988,0.354,False
2014-02-11 02:35:00,90.94004484,0.227,False
2014-02-11 02:40:00,89.88682433,0.682,False
2014-02-11 02:45:00,90.71313805,0.317,False
2014-02-11 02:50:00,91.73342294,0.078,False
2014-02-11 02:55:00,91.26084861,0.101,False
2014-02-11 03:00:00,91.46018357,0.028,False
2014-02-11 03:05:00,92.58111787,0.385,False
2014-02-11 03:10:00,93.15808244,0.579,False
2014-02-11 03:15:00,93.09551013,0.468,False
2014-02-11 03:20:00,93.74724894,0.715,False
2014-02-11 03:25:00,94.8432357,1.132,False
2014-02-11 03:30:00,94.06444774,0.806,False
2014-02-11 03:35:00,94.46036428,0.945,False
2014-02-11 03:40:00,95.34170232,1.291,False
2014-02-11 03:45:00,95.2241074,1.301,False
2014-02-11 03:50:00,93.46816107,0.604,False
2014-02-11 03:55:00,93.09611734,0.457,False
2014-02-11 04:00:00,93.74436714,0.754,False
2014-02-11 04:05:00,91.52412871,0.093,False
2014-02-11 04:10:00,92.25063332,0.227,False
2014-02-11 04:15:00,91.53591708,0.09,False
2014-02-11 04:20:00,89.44412270000002,1.016,False
2014-02-11 04:25:00,90.47078015,0.636,False
2014-02-11 04:30:00,89.94156154,0.87,False
2014-02-11 04:35:00,89.9994777,0.846,False
2014-02-11 04:40:00,87.70368238,1.864,False
2014-02-11 04:45:00,87.44249375,1.98,False
2014-02-11 04:50:00,86.48327472,2.518,False
2014-02-11 04:55:00,86.59927796,2.536,False
2014-02-11 05:00:00,87.88821174,2.033,False
2014-02-11 05:05:00,88.30328702,1.898,False
2014-02-11 05:10:00,88.62656036,1.737,False
2014-02-11 05:15:00,90.01046321,1.047,False
2014-02-11 05:20:00,90.1455172,0.98,False
2014-02-11 05:25:00,92.15681321,0.022,False
2014-02-11 05:30:00,94.40644206,1.196,False
2014-02-11 05:35:00,93.28081013,0.541,False
2014-02-11 05:40:00,94.6499816,1.159,False
2014-02-11 05:45:00,94.37220584,1.008,False
2014-02-11 05:50:00,95.73299975,1.557,False
2014-02-11 05:55:00,93.42568499,0.421,False
2014-02-11 06:00:00,93.61123403,0.492,False
2014-02-11 06:05:00,94.06339202,0.706,False
2014-02-11 06:10:00,94.07244805,0.716,False
2014-02-11 06:15:00,93.01110765,0.243,False
2014-02-11 06:20:00,93.72565051,0.66,False
2014-02-11 06:25:00,92.54999723,0.096,False
2014-02-11 06:30:00,94.49788264,1.173,False
2014-02-11 06:35:00,92.55751031,0.171,False
2014-02-11 06:40:00,93.84297717,0.953,False
2014-02-11 06:45:00,92.24590152,0.075,False
2014-02-11 06:50:00,92.84766366,0.462,False
2014-02-11 06:55:00,93.14095631,0.676,False
2014-02-11 07:00:00,91.74382093,0.121,False
2014-02-11 07:05:00,93.25794208,0.794,False
2014-02-11 07:10:00,93.1930579,0.755,False
2014-02-11 07:15:00,93.08935467,0.7,False
2014-02-11 07:20:00,92.06825246,0.089,False
2014-02-11 07:25:00,91.2704974,0.378,False
2014-02-11 07:30:00,90.98090942,0.558,False
2014-02-11 07:35:00,90.87501188,0.621,False
2014-02-11 07:40:00,91.08364189,0.498,False
2014-02-11 07:45:00,92.46563183,0.336,False
2014-02-11 07:50:00,91.77963429,0.087,False
2014-02-11 07:55:00,90.97850268,0.606,False
2014-02-11 08:00:00,91.87238569,0.028,False
2014-02-11 08:05:00,89.91635532,1.337,False
2014-02-11 08:10:00,89.82279163,1.442,False
2014-02-11 08:15:00,90.32243478,1.11,False
2014-02-11 08:20:00,90.88088174,0.772,False
2014-02-11 08:25:00,91.79139504,0.194,False
2014-02-11 08:30:00,93.50131039,0.954,False
2014-02-11 08:35:00,93.74840147,1.119,False
2014-02-11 08:40:00,92.57540433,0.335,False
2014-02-11 08:45:00,93.59521814,1.017,False
2014-02-11 08:50:00,92.94280907,0.581,False
2014-02-11 08:55:00,93.62024319,1.102,False
2014-02-11 09:00:00,92.0804168,0.092,False
2014-02-11 09:05:00,91.6655978,0.185,False
2014-02-11 09:10:00,91.92152724,0.004,False
2014-02-11 09:15:00,91.91071323,0.014,False
2014-02-11 09:20:00,92.89728246,0.731,False
2014-02-11 09:25:00,91.94129575,0.066,False
2014-02-11 09:30:00,92.3893766,0.41,False
2014-02-11 09:35:00,91.94971195,0.117,False
2014-02-11 09:40:00,91.83397449,0.047,False
2014-02-11 09:45:00,90.62189236,0.782,False
2014-02-11 09:50:00,89.88678638,1.244,False
2014-02-11 09:55:00,90.59522306,0.661,False
2014-02-11 10:00:00,89.41510727,1.369,False
2014-02-11 10:05:00,90.54149055,0.569,False
2014-02-11 10:10:00,90.00472543,0.883,False
2014-02-11 10:15:00,88.67724026,1.716,False
2014-02-11 10:20:00,90.09995364,0.79,False
2014-02-11 10:25:00,90.28642732,0.664,False
2014-02-11 10:30:00,89.96516187,0.927,False
2014-02-11 10:35:00,90.87496672,0.309,False
2014-02-11 10:40:00,91.03188049,0.259,False
2014-02-11 10:45:00,91.06691808,0.235,False
2014-02-11 10:50:00,90.95200755,0.28,False
2014-02-11 10:55:00,91.42331382,0.038,False
2014-02-11 11:00:00,91.40650934,0.027,False
2014-02-11 11:05:00,92.3265269,0.642,False
2014-02-11 11:10:00,92.48138871,0.721,False
2014-02-11 11:15:00,93.45512632,1.396,False
2014-02-11 11:20:00,93.01210851,1.075,False
2014-02-11 11:25:00,93.38183516,1.381,False
2014-02-11 11:30:00,93.22172338,1.294,False
2014-02-11 11:35:00,94.09453651,2.038,False
2014-02-11 11:40:00,94.15535241,2.15,False
2014-02-11 11:45:00,93.47632161,1.618,False
2014-02-11 11:50:00,91.86405488,0.409,False
2014-02-11 11:55:00,91.50245771,0.103,False
2014-02-11 12:00:00,91.21742384,0.183,False
2014-02-11 12:05:00,91.75375297,0.312,False
2014-02-11 12:10:00,91.26858711,0.106,False
2014-02-11 12:15:00,89.62221591,1.419,False
2014-02-11 12:20:00,90.93418468,0.364,False
2014-02-11 12:25:00,89.70888601,1.323,False
2014-02-11 12:30:00,89.61088308,1.4,False
2014-02-11 12:35:00,90.30287034,0.807,False
2014-02-11 12:40:00,88.66252402,1.984,False
2014-02-11 12:45:00,89.35771769,1.39,False
2014-02-11 12:50:00,90.19864303,0.884,False
2014-02-11 12:55:00,89.7908133,1.195,False
2014-02-11 13:00:00,89.19720272,1.667,False
2014-02-11 13:05:00,90.45362576,0.79,False
2014-02-11 13:10:00,90.23099669,1.017,False
2014-02-11 13:15:00,91.60989152,0.042,False
2014-02-11 13:20:00,91.7557376,0.094,False
2014-02-11 13:25:00,92.19413295,0.412,False
2014-02-11 13:30:00,90.72174754,0.827,False
2014-02-11 13:35:00,91.5057054,0.202,False
2014-02-11 13:40:00,91.29086753,0.4,False
2014-02-11 13:45:00,91.32626057,0.382,False
2014-02-11 13:50:00,92.27561028,0.427,False
2014-02-11 13:55:00,91.12502425,0.514,False
2014-02-11 14:00:00,92.78547301,0.842,False
2014-02-11 14:05:00,91.80962962,0.024,False
2014-02-11 14:10:00,91.11215563,0.521,False
2014-02-11 14:15:00,92.6012928,0.689,False
2014-02-11 14:20:00,92.43168893,0.556,False
2014-02-11 14:25:00,91.07585701,0.541,False
2014-02-11 14:30:00,91.67210621,0.037,False
2014-02-11 14:35:00,91.08187885,0.524,False
2014-02-11 14:40:00,91.74763261,0.046,False
2014-02-11 14:45:00,91.39299573,0.272,False
2014-02-11 14:50:00,92.2087921,0.492,False
2014-02-11 14:55:00,92.8384899,0.98,False
2014-02-11 15:00:00,93.13000461,1.205,False
2014-02-11 15:05:00,92.4796428,0.668,False
2014-02-11 15:10:00,92.50027975,0.685,False
2014-02-11 15:15:00,93.18626341,1.24,False
2014-02-11 15:20:00,92.86688544,0.98,False
2014-02-11 15:25:00,92.49359054,0.669,False
2014-02-11 15:30:00,92.74331993,0.872,False
2014-02-11 15:35:00,91.27221475,0.32,False
2014-02-11 15:40:00,93.2209664,1.259,False
2014-02-11 15:45:00,91.71165196,0.016,False
2014-02-11 15:50:00,92.79483835,0.901,False
2014-02-11 15:55:00,93.1534668,1.183,False
2014-02-11 16:00:00,91.27721784,0.367,False
2014-02-11 16:05:00,92.56112644,0.748,False
2014-02-11 16:10:00,92.02917976,0.252,False
2014-02-11 16:15:00,92.31227845,0.525,False
2014-02-11 16:20:00,91.80546568,0.002,False
2014-02-11 16:25:00,92.91986931,0.877,False
2014-02-11 16:30:00,91.66240302,0.167,False
2014-02-11 16:35:00,91.72348281,0.17,False
2014-02-11 16:40:00,92.53593544,0.451,False
2014-02-11 16:45:00,93.3210398,0.974,False
2014-02-11 16:50:00,91.11086356,0.893,False
2014-02-11 16:55:00,91.42595208,0.63,False
2014-02-11 17:00:00,93.30654524,0.81,False
2014-02-11 17:05:00,91.32586963,0.756,False
2014-02-11 17:10:00,91.11316548,0.951,False
2014-02-11 17:15:00,92.24878613,0.065,False
2014-02-11 17:20:00,91.66050574,0.538,False
2014-02-11 17:25:00,91.25194376,0.865,False
2014-02-11 17:30:00,91.71263397,0.511,False
2014-02-11 17:35:00,91.14969983,0.915,False
2014-02-11 17:40:00,92.39063441,0.032,False
2014-02-11 17:45:00,91.2106113,0.903,False
2014-02-11 17:50:00,90.92300765,1.107,False
2014-02-11 17:55:00,90.77276081,1.213,False
2014-02-11 18:00:00,91.14741611,0.964,False
2014-02-11 18:05:00,92.58714225,0.074,False
2014-02-11 18:10:00,92.34836774,0.091,False
2014-02-11 18:15:00,91.51692698,0.686,False
2014-02-11 18:20:00,90.33416552,1.496,False
2014-02-11 18:25:00,90.9623432,1.019,False
2014-02-11 18:30:00,89.9262533,1.734,False
2014-02-11 18:35:00,91.31887462,0.738,False
2014-02-11 18:40:00,91.93927224,0.29,False
2014-02-11 18:45:00,90.95894699,0.942,False
2014-02-11 18:50:00,92.29975938,0.02,False
2014-02-11 18:55:00,93.01574486,0.456,False
2014-02-11 19:00:00,91.92282979,0.255,False
2014-02-11 19:05:00,93.74709021,0.93,False
2014-02-11 19:10:00,92.37380645,0.028,False
2014-02-11 19:15:00,93.59733411,0.796,False
2014-02-11 19:20:00,93.24473422,0.559,False
2014-02-11 19:25:00,93.73814554,0.871,False
2014-02-11 19:30:00,95.07436527,1.749,False
2014-02-11 19:35:00,95.36717898,1.931,False
2014-02-11 19:40:00,96.07818598,2.372,False
2014-02-11 19:45:00,95.01850279,1.683,False
2014-02-11 19:50:00,94.13805396,1.121,False
2014-02-11 19:55:00,93.3629255,0.56,False
2014-02-11 20:00:00,93.15457599,0.33,False
2014-02-11 20:05:00,93.17049461,0.352,False
2014-02-11 20:10:00,93.49820931,0.452,False
2014-02-11 20:15:00,92.90746331,0.035,False
2014-02-11 20:20:00,93.60337949,0.406,False
2014-02-11 20:25:00,94.51107149,0.986,False
2014-02-11 20:30:00,94.16739183,0.702,False
2014-02-11 20:35:00,94.16931364,0.692,False
2014-02-11 20:40:00,93.83736739,0.449,False
2014-02-11 20:45:00,92.37822948,0.66,False
2014-02-11 20:50:00,92.45464381,0.661,False
2014-02-11 20:55:00,93.37015717,0.047,False
2014-02-11 21:00:00,93.0084506,0.409,False
2014-02-11 21:05:00,92.09045974,1.173,False
2014-02-11 21:10:00,92.72925012,0.726,False
2014-02-11 21:15:00,91.07650686,2.063,False
2014-02-11 21:20:00,90.57815363,2.497,False
2014-02-11 21:25:00,91.67190753,1.673,False
2014-02-11 21:30:00,92.13784504,1.43,False
2014-02-11 21:35:00,91.27164946,2.304,False
2014-02-11 21:40:00,91.28916552,2.432,False
2014-02-11 21:45:00,90.94855856,2.735,False
2014-02-11 21:50:00,92.40620996,1.669,False
2014-02-11 21:55:00,91.47621316,2.793,False
2014-02-11 22:00:00,93.1356782,1.623,False
2014-02-11 22:05:00,93.72493262,1.27,False
2014-02-11 22:10:00,93.97476317,1.325,False
2014-02-11 22:15:00,96.13332374,0.231,False
2014-02-11 22:20:00,95.65348216,0.39,False
2014-02-11 22:25:00,96.96877046,0.69,False
2014-02-11 22:30:00,96.24423382,0.049,False
2014-02-11 22:35:00,97.03623554,0.476,False
2014-02-11 22:40:00,96.9515903,0.271,False
2014-02-11 22:45:00,96.64090455,0.034,False
2014-02-11 22:50:00,96.66982713,0.119,False
2014-02-11 22:55:00,96.91251262,0.018,False
2014-02-11 23:00:00,97.50593443,0.521,False
2014-02-11 23:05:00,98.2631339,1.171,False
2014-02-11 23:10:00,96.35398392,0.793,False
2014-02-11 23:15:00,97.40675571,0.013,False
2014-02-11 23:20:00,98.06238312,0.571,False
2014-02-11 23:25:00,98.60740919,1.003,False
2014-02-11 23:30:00,96.6874185,0.755,False
2014-02-11 23:35:00,97.52009047,0.018,False
2014-02-11 23:40:00,97.43473591,0.17,False
2014-02-11 23:45:00,98.56287006,0.768,False
2014-02-11 23:50:00,97.55874588,0.378,False
2014-02-11 23:55:00,97.4403497,0.677,False
2014-02-12 00:00:00,98.87314529,0.612,False
2014-02-12 00:05:00,97.66734873,0.561,False
2014-02-12 00:10:00,99.07077322,0.747,False
2014-02-12 00:15:00,98.36892773,0.036,False
2014-02-12 00:20:00,99.40936097,1.027,False
2014-02-12 00:25:00,99.18229766,0.698,False
2014-02-12 00:30:00,98.27889167,0.325,False
2014-02-12 00:35:00,99.34740619,0.784,False
2014-02-12 00:40:00,99.30338731,0.644,False
2014-02-12 00:45:00,98.7789584,0.044,False
2014-02-12 00:50:00,97.84818246,1.118,False
2014-02-12 00:55:00,98.90308224,0.016,False
2014-02-12 01:00:00,98.85998009,0.084,False
2014-02-12 01:05:00,99.54972012,0.613,False
2014-02-12 01:10:00,98.29626493,0.836,False
2014-02-12 01:15:00,98.20066249,1.042,False
2014-02-12 01:20:00,99.01269694,0.258,False
2014-02-12 01:25:00,98.4278395,1.006,False
2014-02-12 01:30:00,100.1980143,0.919,False
2014-02-12 01:35:00,100.1506754,0.793,False
2014-02-12 01:40:00,98.62834853,0.955,False
2014-02-12 01:45:00,101.0483874,1.702,False
2014-02-12 01:50:00,99.93439346,0.416,False
2014-02-12 01:55:00,98.97012038,0.657,False
2014-02-12 02:00:00,100.5595563,1.068,False
2014-02-12 02:05:00,100.7164967,1.175,False
2014-02-12 02:10:00,99.85675279,0.257,False
2014-02-12 02:15:00,100.0454615,0.465,False
2014-02-12 02:20:00,100.6961805,1.179,False
2014-02-12 02:25:00,100.2324292,0.65,False
2014-02-12 02:30:00,100.1823936,0.594,False
2014-02-12 02:35:00,99.7235673,0.037,False
2014-02-12 02:40:00,99.59781983,0.176,False
2014-02-12 02:45:00,100.9325621,1.214,False
2014-02-12 02:50:00,99.57630082,0.327,False
2014-02-12 02:55:00,101.4597793,1.722,False
2014-02-12 03:00:00,101.0476236,1.295,False
2014-02-12 03:05:00,99.92690557,0.017,False
2014-02-12 03:10:00,99.87885684,0.037,False
2014-02-12 03:15:00,99.88840365,0.027,False
2014-02-12 03:20:00,101.033864,1.262,False
2014-02-12 03:25:00,100.5616769,0.738,False
2014-02-12 03:30:00,99.44694892,0.566,False
2014-02-12 03:35:00,100.9017474,1.136,False
2014-02-12 03:40:00,101.1947062,1.501,False
2014-02-12 03:45:00,100.4885558,0.663,False
2014-02-12 03:50:00,100.9630183,1.226,False
2014-02-12 03:55:00,100.9458362,1.221,False
2014-02-12 04:00:00,101.2219634,1.553,False
2014-02-12 04:05:00,99.78600671,0.174,False
2014-02-12 04:10:00,99.89717471,0.04,False
2014-02-12 04:15:00,101.0124943,1.285,False
2014-02-12 04:20:00,100.0436685,0.134,False
2014-02-12 04:25:00,101.12867359999998,1.423,False
2014-02-12 04:30:00,101.0770096,1.361,False
2014-02-12 04:35:00,100.5033557,0.68,False
2014-02-12 04:40:00,99.36737704,0.669,False
2014-02-12 04:45:00,99.56136063,0.508,False
2014-02-12 04:50:00,100.150413,0.261,False
2014-02-12 04:55:00,99.64690616,0.315,False
2014-02-12 05:00:00,100.7466684,1.004,False
2014-02-12 05:05:00,99.48061829,0.5,False
2014-02-12 05:10:00,99.04034277,1.023,False
2014-02-12 05:15:00,99.48171928,0.488,False
2014-02-12 05:20:00,99.65748726,0.266,False
2014-02-12 05:25:00,99.05655083,0.973,False
2014-02-12 05:30:00,100.2919741,0.566,False
2014-02-12 05:35:00,101.1004911,1.534,False
2014-02-12 05:40:00,100.9673353,1.374,False
2014-02-12 05:45:00,100.0853165,0.309,False
2014-02-12 05:50:00,101.005701,1.433,False
2014-02-12 05:55:00,100.1355035,0.399,False
2014-02-12 06:00:00,100.6830751,1.088,False
2014-02-12 06:05:00,99.48252209,0.321,False
2014-02-12 06:10:00,99.87882743,0.22,False
2014-02-12 06:15:00,100.1041226,0.524,False
2014-02-12 06:20:00,99.33874651,0.38,False
2014-02-12 06:25:00,98.93023277,0.869,False
2014-02-12 06:30:00,99.46145505,0.172,False
2014-02-12 06:35:00,99.66590136,0.074,False
2014-02-12 06:40:00,98.51276634,1.214,False
2014-02-12 06:45:00,99.28938657,0.232,False
2014-02-12 06:50:00,99.7719676,0.351,False
2014-02-12 06:55:00,99.13043586,0.42,False
2014-02-12 07:00:00,99.81228851,0.415,False
2014-02-12 07:05:00,98.37896856,1.264,False
2014-02-12 07:10:00,98.75654881,0.751,False
2014-02-12 07:15:00,98.6742778,0.806,False
2014-02-12 07:20:00,99.38980188,0.067,False
2014-02-12 07:25:00,98.46107304,1.017,False
2014-02-12 07:30:00,100.2399451,1.118,False
2014-02-12 07:35:00,100.1654904,1.051,False
2014-02-12 07:40:00,100.0795228,0.922,False
2014-02-12 07:45:00,98.31892133,0.941,False
2014-02-12 07:50:00,99.11728123,0.031,False
2014-02-12 07:55:00,98.88998024,0.226,False
2014-02-12 08:00:00,98.53868039,0.519,False
2014-02-12 08:05:00,99.72630878,0.622,False
2014-02-12 08:10:00,99.32728738,0.259,False
2014-02-12 08:15:00,99.83849243,0.785,False
2014-02-12 08:20:00,99.27068784,0.324,False
2014-02-12 08:25:00,99.65934428,0.686,False
2014-02-12 08:30:00,100.3098045,1.304,False
2014-02-12 08:35:00,99.16526733,0.378,False
2014-02-12 08:40:00,99.47596995,0.698,False
2014-02-12 08:45:00,99.30819201,0.614,False
2014-02-12 08:50:00,98.01691805,0.418,False
2014-02-12 08:55:00,98.83649354,0.287,False
2014-02-12 09:00:00,99.26728751,0.679,False
2014-02-12 09:05:00,98.0645901,0.257,False
2014-02-12 09:10:00,99.0677038,0.575,False
2014-02-12 09:15:00,98.61599917,0.339,False
2014-02-12 09:20:00,98.38842051,0.157,False
2014-02-12 09:25:00,96.99059091,0.832,False
2014-02-12 09:30:00,97.57740979,0.31,False
2014-02-12 09:35:00,96.94036566,0.796,False
2014-02-12 09:40:00,96.99093185,0.703,False
2014-02-12 09:45:00,97.52816846,0.304,False
2014-02-12 09:50:00,96.37821289,1.194,False
2014-02-12 09:55:00,96.94822941,0.753,False
2014-02-12 10:00:00,97.15087745,0.596,False
2014-02-12 10:05:00,97.44083903,0.371,False
2014-02-12 10:10:00,96.49983616,1.1,False
2014-02-12 10:15:00,96.61327914,0.989,False
2014-02-12 10:20:00,97.79609553,0.093,False
2014-02-12 10:25:00,96.75940848,0.864,False
2014-02-12 10:30:00,96.35956868,1.141,False
2014-02-12 10:35:00,95.74133578,1.622,False
2014-02-12 10:40:00,95.59159824,1.733,False
2014-02-12 10:45:00,95.90284968,1.502,False
2014-02-12 10:50:00,95.84160772,1.593,False
2014-02-12 10:55:00,95.73811967,1.596,False
2014-02-12 11:00:00,94.72575552,2.336,False
2014-02-12 11:05:00,96.48803151,1.026,False
2014-02-12 11:10:00,94.97052243,2.084,False
2014-02-12 11:15:00,95.78174972,1.496,False
2014-02-12 11:20:00,95.80469324,1.48,False
2014-02-12 11:25:00,94.96097342,2.071,False
2014-02-12 11:30:00,95.8595537,1.394,False
2014-02-12 11:35:00,96.61658098,0.882,False
2014-02-12 11:40:00,95.72378589,1.486,False
2014-02-12 11:45:00,95.93368328,1.344,False
2014-02-12 11:50:00,96.2695777,1.117,False
2014-02-12 11:55:00,96.16472469,1.166,False
2014-02-12 12:00:00,96.38940045,1.017,False
2014-02-12 12:05:00,96.48498347,0.945,False
2014-02-12 12:10:00,97.63784857,0.186,False
2014-02-12 12:15:00,98.51242096,0.39,False
2014-02-12 12:20:00,96.96478526,0.629,False
2014-02-12 12:25:00,97.91969141,0.001,False
2014-02-12 12:30:00,99.23843088,0.672,False
2014-02-12 12:35:00,97.92140122,0.601,False
2014-02-12 12:40:00,99.79369467,0.238,False
2014-02-12 12:45:00,100.4464139,0.455,False
2014-02-12 12:50:00,100.6157568,0.434,False
2014-02-12 12:55:00,100.3513482,0.216,False
2014-02-12 13:00:00,100.5873331,0.365,False
2014-02-12 13:05:00,101.266456,0.705,False
2014-02-12 13:10:00,101.0668459,0.579,False
2014-02-12 13:15:00,101.8717519,1.029,False
2014-02-12 13:20:00,100.7186376,0.212,False
2014-02-12 13:25:00,101.9571287,1.035,False
2014-02-12 13:30:00,100.5196538,0.025,False
2014-02-12 13:35:00,101.3322521,0.566,False
2014-02-12 13:40:00,101.0689583,0.384,False
2014-02-12 13:45:00,100.7803729,0.182,False
2014-02-12 13:50:00,102.9023094,1.774,False
2014-02-12 13:55:00,100.883233,0.27,False
2014-02-12 14:00:00,102.6715843,1.686,False
2014-02-12 14:05:00,102.2393425,1.379,False
2014-02-12 14:10:00,101.6812378,0.935,False
2014-02-12 14:15:00,101.3710763,0.684,False
2014-02-12 14:20:00,100.6074902,0.063,False
2014-02-12 14:25:00,101.6816754,0.953,False
2014-02-12 14:30:00,102.4620806,1.599,False
2014-02-12 14:35:00,101.418846,0.758,False
2014-02-12 14:40:00,100.2911044,0.209,False
2014-02-12 14:45:00,100.9736182,0.39,False
2014-02-12 14:50:00,101.5414915,0.902,False
2014-02-12 14:55:00,100.54267790000002,0.011,False
2014-02-12 15:00:00,101.7939424,1.175,False
2014-02-12 15:05:00,100.0067634,0.504,False
2014-02-12 15:10:00,100.0123948,0.523,False
2014-02-12 15:15:00,100.6551758,0.125,False
2014-02-12 15:20:00,101.6429119,1.12,False
2014-02-12 15:25:00,99.59735565,0.984,False
2014-02-12 15:30:00,101.8071064,1.345,False
2014-02-12 15:35:00,100.6728304,0.155,False
2014-02-12 15:40:00,101.6439769,1.25,False
2014-02-12 15:45:00,101.3590812,0.93,False
2014-02-12 15:50:00,101.181944,0.731,False
2014-02-12 15:55:00,99.66496077,0.882,False
2014-02-12 16:00:00,101.2535712,0.948,False
2014-02-12 16:05:00,99.95604062,0.399,False
2014-02-12 16:10:00,100.8715697,0.72,False
2014-02-12 16:15:00,101.3017042,1.301,False
2014-02-12 16:20:00,99.21945467,1.042,False
2014-02-12 16:25:00,100.8406561,0.967,False
2014-02-12 16:30:00,100.7684548,0.919,False
2014-02-12 16:35:00,100.1938025,0.271,False
2014-02-12 16:40:00,100.3311661,0.5,False
2014-02-12 16:45:00,99.58714054,0.311,False
2014-02-12 16:50:00,99.85007786,0.106,False
2014-02-12 16:55:00,99.05754849,0.684,False
2014-02-12 17:00:00,100.1723853,0.619,False
2014-02-12 17:05:00,99.85825097,0.299,False
2014-02-12 17:10:00,99.97226483,0.486,False
2014-02-12 17:15:00,99.49188022,0.136,False
2014-02-12 17:20:00,98.18354979,1.18,False
2014-02-12 17:25:00,98.34224517,0.951,False
2014-02-12 17:30:00,98.36967265,0.833,False
2014-02-12 17:35:00,99.64549895,0.661,False
2014-02-12 17:40:00,98.75277597,0.267,False
2014-02-12 17:45:00,98.8365249,0.071,False
2014-02-12 17:50:00,98.54332871,0.306,False
2014-02-12 17:55:00,98.10185077,0.759,False
2014-02-12 18:00:00,98.10603154,0.692,False
2014-02-12 18:05:00,98.43199003,0.223,False
2014-02-12 18:10:00,98.96672668,0.441,False
2014-02-12 18:15:00,98.84168544,0.351,False
2014-02-12 18:20:00,99.02635067,0.584,False
2014-02-12 18:25:00,98.5377545,0.103,False
2014-02-12 18:30:00,98.44798859,0.049,False
2014-02-12 18:35:00,98.83472881,0.497,False
2014-02-12 18:40:00,97.91430708,0.417,False
2014-02-12 18:45:00,99.20344544,0.916,False
2014-02-12 18:50:00,98.29251392,0.026,False
2014-02-12 18:55:00,98.21890933,0.099,False
2014-02-12 19:00:00,99.24897417,0.937,False
2014-02-12 19:05:00,97.67624696,0.583,False
2014-02-12 19:10:00,98.44380074,0.181,False
2014-02-12 19:15:00,97.74145717,0.48,False
2014-02-12 19:20:00,97.12429518,1.006,False
2014-02-12 19:25:00,97.61020634,0.527,False
2014-02-12 19:30:00,97.79575594,0.35,False
2014-02-12 19:35:00,97.51010137,0.621,False
2014-02-12 19:40:00,97.20935569,0.889,False
2014-02-12 19:45:00,96.2384015,1.71,False
2014-02-12 19:50:00,96.45467477,1.438,False
2014-02-12 19:55:00,95.1671582,2.379,False
2014-02-12 20:00:00,95.25379793,2.158,False
2014-02-12 20:05:00,94.52337159,2.639,False
2014-02-12 20:10:00,93.91043568,2.984,False
2014-02-12 20:15:00,93.2062052,3.503,False
2014-02-12 20:20:00,93.72391499,3.032,False
2014-02-12 20:25:00,94.92382021,2.121,False
2014-02-12 20:30:00,94.62177571,2.292,False
2014-02-12 20:35:00,93.85812316,2.804,False
2014-02-12 20:40:00,94.39770654,2.34,False
2014-02-12 20:45:00,95.55003493,1.49,False
2014-02-12 20:50:00,96.75586717,0.614,False
2014-02-12 20:55:00,96.39356513,0.835,False
2014-02-12 21:00:00,97.30753143,0.18,False
2014-02-12 21:05:00,97.39419034,0.091,False
2014-02-12 21:10:00,98.16266304,0.491,False
2014-02-12 21:15:00,97.99945481,0.448,False
2014-02-12 21:20:00,97.89740502,0.421,False
2014-02-12 21:25:00,98.15934276,0.627,False
2014-02-12 21:30:00,97.65258612,0.331,False
2014-02-12 21:35:00,97.90029573,0.513,False
2014-02-12 21:40:00,98.50992759,0.913,False
2014-02-12 21:45:00,98.74386673,1.05,False
2014-02-12 21:50:00,99.17668918,1.285,False
2014-02-12 21:55:00,99.08563774,1.315,False
2014-02-12 22:00:00,97.54233571,0.54,False
2014-02-12 22:05:00,98.89913102,1.293,False
2014-02-12 22:10:00,98.42252618,0.983,False
2014-02-12 22:15:00,98.16485846,0.851,False
2014-02-12 22:20:00,97.87667805,0.744,False
2014-02-12 22:25:00,96.91107018,0.303,False
2014-02-12 22:30:00,98.92739635,1.226,False
2014-02-12 22:35:00,97.62033065,0.807,False
2014-02-12 22:40:00,97.26762176,0.685,False
2014-02-12 22:45:00,98.0378343,1.058,False
2014-02-12 22:50:00,96.46139073,0.502,False
2014-02-12 22:55:00,97.01859082,0.743,False
2014-02-12 23:00:00,97.5953066,1.011,False
2014-02-12 23:05:00,96.61916948,0.665,False
2014-02-12 23:10:00,95.60568569,0.262,False
2014-02-12 23:15:00,96.19956403,0.498,False
2014-02-12 23:20:00,97.10381529,0.858,False
2014-02-12 23:25:00,94.97002714,0.009,False
2014-02-12 23:30:00,95.67933481,0.351,False
2014-02-12 23:35:00,96.20475851,0.605,False
2014-02-12 23:40:00,93.7465658,0.373,False
2014-02-12 23:45:00,94.27175221,0.139,False
2014-02-12 23:50:00,95.13655405,0.427,False
2014-02-12 23:55:00,93.37610426,0.173,False
2014-02-13 00:00:00,93.10435966,0.182,False
2014-02-13 00:05:00,92.69565417,0.251,False
2014-02-13 00:10:00,93.87396707,0.271,False
2014-02-13 00:15:00,93.2786132,0.151,False
2014-02-13 00:20:00,91.82743014,0.39,False
2014-02-13 00:25:00,91.29929276,0.383,False
2014-02-13 00:30:00,90.96735667,0.515,False
2014-02-13 00:35:00,90.77976722,0.589,False
2014-02-13 00:40:00,89.90590983,0.937,False
2014-02-13 00:45:00,90.62265357,0.652,False
2014-02-13 00:50:00,91.31398837,0.373,False
2014-02-13 00:55:00,90.54167295,0.689,False
2014-02-13 01:00:00,88.82651161,1.39,False
2014-02-13 01:05:00,89.32706668,1.186,False
2014-02-13 01:10:00,88.45114798,1.553,False
2014-02-13 01:15:00,88.8879693,1.417,False
2014-02-13 01:20:00,87.90683165,1.901,False
2014-02-13 01:25:00,86.89827265,2.401,False
2014-02-13 01:30:00,88.67916273,1.601,False
2014-02-13 01:35:00,88.30260874,1.77,False
2014-02-13 01:40:00,87.79791351,1.997,False
2014-02-13 01:45:00,86.82433092,2.475,False
2014-02-13 01:50:00,86.26399824,2.731,False
2014-02-13 01:55:00,88.20605704,1.844,False
2014-02-13 02:00:00,86.70288594,2.53,False
2014-02-13 02:05:00,87.60841427,2.136,False
2014-02-13 02:10:00,89.19361832,1.44,False
2014-02-13 02:15:00,89.37141971,1.356,False
2014-02-13 02:20:00,88.28326640000002,1.87,False
2014-02-13 02:25:00,88.31411369,1.903,False
2014-02-13 02:30:00,89.8194934,1.174,False
2014-02-13 02:35:00,88.90346274,1.617,False
2014-02-13 02:40:00,88.75542029,1.735,False
2014-02-13 02:45:00,90.582469,0.826,False
2014-02-13 02:50:00,89.79708961,1.217,False
2014-02-13 02:55:00,90.77146951,0.732,False
2014-02-13 03:00:00,90.78793165,0.724,False
2014-02-13 03:05:00,90.68703825,0.774,False
2014-02-13 03:10:00,91.53994879,0.35,False
2014-02-13 03:15:00,92.9197937,0.336,False
2014-02-13 03:20:00,91.31620745,0.461,False
2014-02-13 03:25:00,93.84936796,0.527,False
2014-02-13 03:30:00,94.05947737,0.451,False
2014-02-13 03:35:00,93.87700812,0.238,False
2014-02-13 03:40:00,94.53281419,0.529,False
2014-02-13 03:45:00,92.65928431,0.53,False
2014-02-13 03:50:00,95.08710152,0.725,False
2014-02-13 03:55:00,93.38440858,0.166,False
2014-02-13 04:00:00,93.41225415,0.16,False
2014-02-13 04:05:00,95.16774812,0.752,False
2014-02-13 04:10:00,94.52439325,0.384,False
2014-02-13 04:15:00,95.28798275,0.85,False
2014-02-13 04:20:00,94.99792384,0.684,False
2014-02-13 04:25:00,93.89760629,0.021,False
2014-02-13 04:30:00,95.5466924,1.022,False
2014-02-13 04:35:00,95.73554522,1.143,False
2014-02-13 04:40:00,95.15979897,0.77,False
2014-02-13 04:45:00,96.01878535,1.34,False
2014-02-13 04:50:00,94.59082773,0.415,False
2014-02-13 04:55:00,95.69219282,1.179,False
2014-02-13 05:00:00,94.99238905,0.719,False
2014-02-13 05:05:00,93.93866817,0.056,False
2014-02-13 05:10:00,94.1892679,0.125,False
2014-02-13 05:15:00,94.17676712,0.118,False
2014-02-13 05:20:00,94.6639618,0.489,False
2014-02-13 05:25:00,94.82342489,0.616,False
2014-02-13 05:30:00,94.87855744,0.677,False
2014-02-13 05:35:00,93.92049098,0.136,False
2014-02-13 05:40:00,95.28129639,0.917,False
2014-02-13 05:45:00,93.83161777,0.286,False
2014-02-13 05:50:00,95.43415288,1.019,False
2014-02-13 05:55:00,95.37480072,0.978,False
2014-02-13 06:00:00,94.83773227,0.525,False
2014-02-13 06:05:00,94.52837508,0.276,False
2014-02-13 06:10:00,95.52565103,1.115,False
2014-02-13 06:15:00,95.03382755,0.686,False
2014-02-13 06:20:00,95.0213657,0.676,False
2014-02-13 06:25:00,93.57257892,0.516,False
2014-02-13 06:30:00,95.07869912,0.739,False
2014-02-13 06:35:00,93.97312095,0.194,False
2014-02-13 06:40:00,95.52742492,1.116,False
2014-02-13 06:45:00,93.20768561,0.82,False
2014-02-13 06:50:00,93.45439602,0.612,False
2014-02-13 06:55:00,93.21081612,0.788,False
2014-02-13 07:00:00,94.78697977,0.526,False
2014-02-13 07:05:00,94.21030284,0.051,False
2014-02-13 07:10:00,93.96814726,0.081,False
2014-02-13 07:15:00,94.81680793,0.67,False
2014-02-13 07:20:00,94.91198368,0.767,False
2014-02-13 07:25:00,95.20400366,1.019,False
2014-02-13 07:30:00,94.11869712,0.134,False
2014-02-13 07:35:00,92.77648477,0.933,False
2014-02-13 07:40:00,92.9076178,0.804,False
2014-02-13 07:45:00,93.88247196,0.015,False
2014-02-13 07:50:00,93.7763891,0.103,False
2014-02-13 07:55:00,93.24195687,0.541,False
2014-02-13 08:00:00,94.52866862,0.516,False
2014-02-13 08:05:00,93.3523392,0.461,False
2014-02-13 08:10:00,93.23402088,0.561,False
2014-02-13 08:15:00,93.06773027,0.686,False
2014-02-13 08:20:00,94.01566975,0.094,False
2014-02-13 08:25:00,93.81268459,0.073,False
2014-02-13 08:30:00,94.68856435,0.646,False
2014-02-13 08:35:00,94.74088949,0.691,False
2014-02-13 08:40:00,94.7332456,0.673,False
2014-02-13 08:45:00,92.78406416,0.95,False
2014-02-13 08:50:00,93.59168575,0.308,False
2014-02-13 08:55:00,94.49799156,0.453,False
2014-02-13 09:00:00,93.46745799,0.42,False
2014-02-13 09:05:00,92.98042681,0.837,False
2014-02-13 09:10:00,92.54244524,1.212,False
2014-02-13 09:15:00,93.33585654,0.535,False
2014-02-13 09:20:00,92.67126565,1.106,False
2014-02-13 09:25:00,93.47409739,0.416,False
2014-02-13 09:30:00,93.74689626,0.192,False
2014-02-13 09:35:00,91.37412739,2.23,False
2014-02-13 09:40:00,91.21149683,2.381,False
2014-02-13 09:45:00,90.91894178,2.631,False
2014-02-13 09:50:00,91.26539935,2.406,False
2014-02-13 09:55:00,91.19237585,2.544,False
2014-02-13 10:00:00,91.27708079,2.646,False
2014-02-13 10:05:00,90.43831713,3.405,False
2014-02-13 10:10:00,90.08104425,3.858,False
2014-02-13 10:15:00,92.00308755,2.156,False
2014-02-13 10:20:00,91.70717002,2.513,False
2014-02-13 10:25:00,92.08954027,2.171,False
2014-02-13 10:30:00,92.23295064,2.152,False
2014-02-13 10:35:00,93.18527188,1.275,False
2014-02-13 10:40:00,94.18949831,0.467,False
2014-02-13 10:45:00,93.94871144,0.706,False
2014-02-13 10:50:00,94.90300168,0.07,False
2014-02-13 10:55:00,96.47011461,0.673,False
2014-02-13 11:00:00,96.67448877,0.162,False
2014-02-13 11:05:00,96.50027585,0.074,False
2014-02-13 11:10:00,98.69110491,1.495,False
2014-02-13 11:15:00,98.4581384,1.014,False
2014-02-13 11:20:00,97.8925653,0.42,False
2014-02-13 11:25:00,97.61879262,0.137,False
2014-02-13 11:30:00,98.09080577,0.516,False
2014-02-13 11:35:00,97.73273054,0.142,False
2014-02-13 11:40:00,97.46368858,0.145,False
2014-02-13 11:45:00,98.37221626,0.585,False
2014-02-13 11:50:00,98.67974374,0.825,False
2014-02-13 11:55:00,97.1603697,0.599,False
2014-02-13 12:00:00,98.59009071,0.607,False
2014-02-13 12:05:00,98.34910217,0.381,False
2014-02-13 12:10:00,97.8740172,0.077,False
2014-02-13 12:15:00,99.32813993,1.107,False
2014-02-13 12:20:00,97.3491727,0.695,False
2014-02-13 12:25:00,99.54540021,1.135,False
2014-02-13 12:30:00,97.78465339,0.443,False
2014-02-13 12:35:00,97.50889529,0.738,False
2014-02-13 12:40:00,97.4527162,0.834,False
2014-02-13 12:45:00,99.18337139,0.594,False
2014-02-13 12:50:00,99.12504082,0.506,False
2014-02-13 12:55:00,99.23167991,0.538,False
2014-02-13 13:00:00,98.89043479,0.191,False
2014-02-13 13:05:00,98.24370203,0.489,False
2014-02-13 13:10:00,97.6487888,1.138,False
2014-02-13 13:15:00,99.63014496,0.674,False
2014-02-13 13:20:00,98.00909618,0.866,False
2014-02-13 13:25:00,98.92782006,0.096,False
2014-02-13 13:30:00,98.22711046,0.886,False
2014-02-13 13:35:00,99.97204383,0.839,False
2014-02-13 13:40:00,99.94252856,0.79,False
2014-02-13 13:45:00,97.9179854,1.233,False
2014-02-13 13:50:00,99.74305085,0.559,False
2014-02-13 13:55:00,100.1500086,0.913,False
2014-02-13 14:00:00,100.2414516,1.005,False
2014-02-13 14:05:00,100.2112852,0.975,False
2014-02-13 14:10:00,98.84561901,0.406,False
2014-02-13 14:15:00,99.12513032,0.18,False
2014-02-13 14:20:00,100.0337879,0.701,False
2014-02-13 14:25:00,99.32225871,0.011,False
2014-02-13 14:30:00,100.24669509999998,0.907,False
2014-02-13 14:35:00,99.90920784,0.565,False
2014-02-13 14:40:00,99.71595899,0.378,False
2014-02-13 14:45:00,99.79766855,0.455,False
2014-02-13 14:50:00,99.57641672,0.248,False
2014-02-13 14:55:00,100.8171321,1.422,False
2014-02-13 15:00:00,98.53702079,0.73,False
2014-02-13 15:05:00,100.2992323,0.947,False
2014-02-13 15:10:00,99.13844272,0.161,False
2014-02-13 15:15:00,100.1932908,0.796,False
2014-02-13 15:20:00,98.92464072,0.307,False
2014-02-13 15:25:00,99.74276417,0.446,False
2014-02-13 15:30:00,99.29877464,0.072,False
2014-02-13 15:35:00,100.183714,0.92,False
2014-02-13 15:40:00,100.6981642,1.413,False
2014-02-13 15:45:00,99.16447388,0.057,False
2014-02-13 15:50:00,100.1740885,0.982,False
2014-02-13 15:55:00,99.1703205,0.055,False
2014-02-13 16:00:00,100.923889,1.634,False
2014-02-13 16:05:00,100.1185433,0.864,False
2014-02-13 16:10:00,100.5233045,1.199,False
2014-02-13 16:15:00,99.63582596,0.4,False
2014-02-13 16:20:00,99.54767066,0.328,False
2014-02-13 16:25:00,99.7256033,0.481,False
2014-02-13 16:30:00,99.63410237,0.39,False
2014-02-13 16:35:00,100.4247994,1.052,False
2014-02-13 16:40:00,100.4510805,1.087,False
2014-02-13 16:45:00,101.3427602,1.788,False
2014-02-13 16:50:00,99.9788363,0.685,False
2014-02-13 16:55:00,99.21478809,0.112,False
2014-02-13 17:00:00,98.82998973,0.111,False
2014-02-13 17:05:00,100.2415192,1.061,False
2014-02-13 17:10:00,99.74859641,0.712,False
2014-02-13 17:15:00,97.82934858,0.673,False
2014-02-13 17:20:00,99.01877336,0.347,False
2014-02-13 17:25:00,98.58509227,0.085,False
2014-02-13 17:30:00,97.17842,0.689,False
2014-02-13 17:35:00,98.40417,0.613,False
2014-02-13 17:40:00,97.12435932,0.098,False
2014-02-13 17:45:00,96.87287742,0.202,False
2014-02-13 17:50:00,96.7348319,0.19,False
2014-02-13 17:55:00,97.3360058,0.38,False
2014-02-13 18:00:00,96.36719855,0.131,False
2014-02-13 18:05:00,94.4530689,1.244,False
2014-02-13 18:10:00,94.68288257,0.674,False
2014-02-13 18:15:00,96.04621816,0.633,False
2014-02-13 18:20:00,95.22124272,0.17,False
2014-02-13 18:25:00,94.82644917,0.041,False
2014-02-13 18:30:00,95.07738940000002,0.281,False
2014-02-13 18:35:00,93.02321435,0.655,False
2014-02-13 18:40:00,93.08527866,0.373,False
2014-02-13 18:45:00,93.41061302,0.054,False
2014-02-13 18:50:00,93.11928346,0.091,False
2014-02-13 18:55:00,91.80167121,0.679,False
2014-02-13 19:00:00,91.00364928,1.056,False
2014-02-13 19:05:00,89.91608591,1.609,False
2014-02-13 19:10:00,86.49423358,3.248,False
2014-02-13 19:15:00,85.90717662,3.521,False
2014-02-13 19:20:00,84.56932409999997,4.121,False
2014-02-13 19:25:00,81.53946494,5.603,False
2014-02-13 19:30:00,79.86047368,6.387,True
2014-02-13 19:35:00,76.59064111,7.912,True
2014-02-13 19:40:00,75.98288572,7.519,True
2014-02-13 19:45:00,77.16500834,6.132,True
2014-02-13 19:50:00,79.33194830000002,5.248,False
2014-02-13 19:55:00,84.17805308,3.016,False
2014-02-13 20:00:00,85.91550951,2.18,False
2014-02-13 20:05:00,88.70848412,1.079,False
2014-02-13 20:10:00,88.43167208,1.102,False
2014-02-13 20:15:00,88.24073482,1.092,False
2014-02-13 20:20:00,90.3369088,0.295,False
2014-02-13 20:25:00,89.81851157,0.361,False
2014-02-13 20:30:00,90.19551815,0.147,False
2014-02-13 20:35:00,92.48354257,0.616,False
2014-02-13 20:40:00,92.87089913,0.71,False
2014-02-13 20:45:00,93.6164882,0.903,False
2014-02-13 20:50:00,92.35507907,0.574,False
2014-02-13 20:55:00,93.9678879,0.999,False
2014-02-13 21:00:00,92.35967757,0.595,False
2014-02-13 21:05:00,92.53336063,0.643,False
2014-02-13 21:10:00,92.54991013,0.647,False
2014-02-13 21:15:00,92.31444831,0.588,False
2014-02-13 21:20:00,92.77201495,0.702,False
2014-02-13 21:25:00,93.18246453,0.805,False
2014-02-13 21:30:00,90.97558966,0.254,False
2014-02-13 21:35:00,91.76105217,0.45,False
2014-02-13 21:40:00,91.95674207,0.498,False
2014-02-13 21:45:00,92.4344859,0.589,False
2014-02-13 21:50:00,91.54448317,0.378,False
2014-02-13 21:55:00,90.16285464,0.048,False
2014-02-13 22:00:00,90.18182032,0.052,False
2014-02-13 22:05:00,91.8602431,0.421,False
2014-02-13 22:10:00,89.99595144,0.011,False
2014-02-13 22:15:00,90.31370183,0.04,False
2014-02-13 22:20:00,90.39442538,0.049,False
2014-02-13 22:25:00,88.86635662,0.305,False
2014-02-13 22:30:00,87.70757065,0.605,False
2014-02-13 22:35:00,88.12074628,0.524,False
2014-02-13 22:40:00,87.50607956,0.712,False
2014-02-13 22:45:00,84.65184573,1.539,False
2014-02-13 22:50:00,83.76029982,1.854,False
2014-02-13 22:55:00,81.71258771,2.513,False
2014-02-13 23:00:00,80.60090239,2.928,False
2014-02-13 23:05:00,78.30848915,3.625,False
2014-02-13 23:10:00,77.82404881,3.905,False
2014-02-13 23:15:00,73.79891394,5.176,False
2014-02-13 23:20:00,74.83498879,4.962,False
2014-02-13 23:25:00,75.93165384,4.659,False
2014-02-13 23:30:00,78.56977593,3.915,False
2014-02-13 23:35:00,80.87615140000003,3.265,False
2014-02-13 23:40:00,82.02614426,2.938,False
2014-02-13 23:45:00,83.4573914,2.588,False
2014-02-13 23:50:00,87.23360038,1.541,False
2014-02-13 23:55:00,87.97386433,1.33,False
2014-02-14 00:00:00,89.21185116,0.975,False
2014-02-14 00:05:00,90.09890426,0.735,False
2014-02-14 00:10:00,90.76125727,0.534,False
2014-02-14 00:15:00,92.31099896,0.093,False
2014-02-14 00:20:00,93.07880975,0.086,False
2014-02-14 00:25:00,92.25720787,0.228,False
2014-02-14 00:30:00,94.39977968,0.512,False
2014-02-14 00:35:00,95.62816452,0.879,False
2014-02-14 00:40:00,96.20178879,1.008,False
2014-02-14 00:45:00,95.08898025,0.55,False
2014-02-14 00:50:00,97.90748581,1.465,False
2014-02-14 00:55:00,96.32321007,0.849,False
2014-02-14 01:00:00,98.03944429,1.405,False
2014-02-14 01:05:00,97.62699152,1.245,False
2014-02-14 01:10:00,97.74538997,1.28,False
2014-02-14 01:15:00,98.07656028,1.383,False
2014-02-14 01:20:00,95.90272299,0.611,False
2014-02-14 01:25:00,95.98046585,0.612,False
2014-02-14 01:30:00,97.32715944,1.065,False
2014-02-14 01:35:00,96.22429886,0.682,False
2014-02-14 01:40:00,96.10280136,0.635,False
2014-02-14 01:45:00,96.11275304,0.639,False
2014-02-14 01:50:00,96.73368352,0.838,False
2014-02-14 01:55:00,95.26577995,0.243,False
2014-02-14 02:00:00,94.25894655,0.166,False
2014-02-14 02:05:00,94.08493016,0.254,False
2014-02-14 02:10:00,95.26587958,0.21,False
2014-02-14 02:15:00,93.93188582,0.359,False
2014-02-14 02:20:00,95.61522617,0.314,False
2014-02-14 02:25:00,94.93717222,0.007,False
2014-02-14 02:30:00,94.71708309,0.14,False
2014-02-14 02:35:00,92.97503255,1.015,False
2014-02-14 02:40:00,93.64610144,0.787,False
2014-02-14 02:45:00,93.35677482,1.06,False
2014-02-14 02:50:00,94.64496765,0.503,False
2014-02-14 02:55:00,94.48444749,0.598,False
2014-02-14 03:00:00,94.40783061,0.702,False
2014-02-14 03:05:00,92.86200606,1.614,False
2014-02-14 03:10:00,94.27068054,0.898,False
2014-02-14 03:15:00,94.18152511,0.993,False
2014-02-14 03:20:00,94.11052382,1.053,False
2014-02-14 03:25:00,93.94075896,1.161,False
2014-02-14 03:30:00,94.02247854,1.136,False
2014-02-14 03:35:00,94.79995374,0.745,False
2014-02-14 03:40:00,94.78800428,0.78,False
2014-02-14 03:45:00,95.84950013,0.162,False
2014-02-14 03:50:00,95.94292159,0.153,False
2014-02-14 03:55:00,94.0424708,1.441,False
2014-02-14 04:00:00,94.63756358,1.075,False
2014-02-14 04:05:00,94.72213369,1.079,False
2014-02-14 04:10:00,96.23073577,0.051,False
2014-02-14 04:15:00,95.97161659,0.161,False
2014-02-14 04:20:00,94.96846619,0.98,False
2014-02-14 04:25:00,96.25229857,0.021,False
2014-02-14 04:30:00,96.29064589,0.042,False
2014-02-14 04:35:00,95.87894045,0.322,False
2014-02-14 04:40:00,97.28050903,0.9,False
2014-02-14 04:45:00,96.04710774,0.218,False
2014-02-14 04:50:00,97.59461711,1.177,False
2014-02-14 04:55:00,97.54497795,1.132,False
2014-02-14 05:00:00,95.62606628,0.701,False
2014-02-14 05:05:00,97.65543496,0.819,False
2014-02-14 05:10:00,96.50252924,0.517,False
2014-02-14 05:15:00,96.91727284,0.343,False
2014-02-14 05:20:00,96.27943449,1.01,False
2014-02-14 05:25:00,98.05216623,0.414,False
2014-02-14 05:30:00,96.32968784,1.111,False
2014-02-14 05:35:00,97.76303125,0.062,False
2014-02-14 05:40:00,98.41315807,0.573,False
2014-02-14 05:45:00,98.23061347,0.372,False
2014-02-14 05:50:00,98.18520294,0.278,False
2014-02-14 05:55:00,99.07148112,0.988,False
2014-02-14 06:00:00,97.82973727,0.128,False
2014-02-14 06:05:00,98.59799103,0.552,False
2014-02-14 06:10:00,97.97350617,0.039,False
2014-02-14 06:15:00,98.76843342,0.717,False
2014-02-14 06:20:00,97.34505387,0.78,False
2014-02-14 06:25:00,98.30695293,0.104,False
2014-02-14 06:30:00,98.30828911,0.044,False
2014-02-14 06:35:00,98.4290716,0.135,False
2014-02-14 06:40:00,97.99566432,0.416,False
2014-02-14 06:45:00,97.72591281,0.811,False
2014-02-14 06:50:00,99.55397928,1.27,False
2014-02-14 06:55:00,97.96993499,0.632,False
2014-02-14 07:00:00,98.03386041,0.669,False
2014-02-14 07:05:00,98.86447699,0.185,False
2014-02-14 07:10:00,97.89177962,1.05,False
2014-02-14 07:15:00,99.76960373,1.137,False
2014-02-14 07:20:00,98.78332901,0.081,False
2014-02-14 07:25:00,100.2177086,1.562,False
2014-02-14 07:30:00,98.94031726,0.068,False
2014-02-14 07:35:00,100.4408103,1.606,False
2014-02-14 07:40:00,98.64403221,0.565,False
2014-02-14 07:45:00,100.1533418,0.914,False
2014-02-14 07:50:00,98.45054492,1.274,False
2014-02-14 07:55:00,100.5462411,1.164,False
2014-02-14 08:00:00,100.6767373,1.234,False
2014-02-14 08:05:00,99.81877855,0.145,False
2014-02-14 08:10:00,99.20883001,0.633,False
2014-02-14 08:15:00,98.84117804,1.178,False
2014-02-14 08:20:00,100.9064106,1.37,False
2014-02-14 08:25:00,99.91100547,0.094,False
2014-02-14 08:30:00,100.0466489,0.261,False
2014-02-14 08:35:00,101.2524644,1.775,False
2014-02-14 08:40:00,99.05703376,1.048,False
2014-02-14 08:45:00,100.910289,1.221,False
2014-02-14 08:50:00,100.6286606,0.837,False
2014-02-14 08:55:00,100.0938607,0.107,False
2014-02-14 09:00:00,101.307629,1.664,False
2014-02-14 09:05:00,99.88148472,0.189,False
2014-02-14 09:10:00,100.0702182,0.026,False
2014-02-14 09:15:00,100.0115646,0.049,False
2014-02-14 09:20:00,100.6282236,0.727,False
2014-02-14 09:25:00,99.70006016,0.498,False
2014-02-14 09:30:00,100.90084240000002,1.063,False
2014-02-14 09:35:00,99.53133148,0.748,False
2014-02-14 09:40:00,99.69630222,0.54,False
2014-02-14 09:45:00,101.0003423,1.081,False
2014-02-14 09:50:00,100.0093238,0.226,False
2014-02-14 09:55:00,101.1189072,1.225,False
2014-02-14 10:00:00,100.2797192,0.124,False
2014-02-14 10:05:00,100.5040346,0.335,False
2014-02-14 10:10:00,100.5501614,0.396,False
2014-02-14 10:15:00,101.4507384,1.536,False
2014-02-14 10:20:00,100.500539,0.237,False
2014-02-14 10:25:00,101.2861384,1.261,False
2014-02-14 10:30:00,100.0534394,0.359,False
2014-02-14 10:35:00,99.57897834,0.986,False
2014-02-14 10:40:00,99.85676294,0.572,False
2014-02-14 10:45:00,99.79986128,0.694,False
2014-02-14 10:50:00,100.5154999,0.26,False
2014-02-14 10:55:00,101.2783023,1.3,False
2014-02-14 11:00:00,100.3811991,0.138,False
2014-02-14 11:05:00,101.1208825,1.351,False
2014-02-14 11:10:00,100.6291041,0.581,False
2014-02-14 11:15:00,100.0064868,0.289,False
2014-02-14 11:20:00,100.552987,0.551,False
2014-02-14 11:25:00,99.40205146,1.135,False
2014-02-14 11:30:00,100.2810578,0.26,False
2014-02-14 11:35:00,100.9141204,1.265,False
2014-02-14 11:40:00,100.6194004,0.798,False
2014-02-14 11:45:00,99.59515907,0.965,False
2014-02-14 11:50:00,100.6037358,0.773,False
2014-02-14 11:55:00,100.08806,0.027,False
2014-02-14 12:00:00,100.1264861,0.034,False
2014-02-14 12:05:00,100.44494190000002,0.558,False
2014-02-14 12:10:00,99.50083696,0.944,False
2014-02-14 12:15:00,101.0916115,1.581,False
2014-02-14 12:20:00,100.3692944,0.435,False
2014-02-14 12:25:00,100.1076984,0.019,False
2014-02-14 12:30:00,100.4256355,0.52,False
2014-02-14 12:35:00,100.6247718,0.869,False
2014-02-14 12:40:00,101.1465945,1.708,False
2014-02-14 12:45:00,100.5009359,0.644,False
2014-02-14 12:50:00,100.0515638,0.041,False
2014-02-14 12:55:00,99.18494249,1.406,False
2014-02-14 13:00:00,100.6562645,0.947,False
2014-02-14 13:05:00,99.80656154,0.388,False
2014-02-14 13:10:00,100.6637871,0.901,False
2014-02-14 13:15:00,100.4470183,0.615,False
2014-02-14 13:20:00,99.23385076,1.134,False
2014-02-14 13:25:00,99.47741681,0.713,False
2014-02-14 13:30:00,99.49313748,0.592,False
2014-02-14 13:35:00,100.05204609999998,0.295,False
2014-02-14 13:40:00,100.9777907,1.549,False
2014-02-14 13:45:00,100.1030416,0.398,False
2014-02-14 13:50:00,99.09913232,0.961,False
2014-02-14 13:55:00,99.18002363,0.834,False
2014-02-14 14:00:00,100.001847,0.31,False
2014-02-14 14:05:00,99.00434838,1.049,False
2014-02-14 14:10:00,99.81125766,0.178,False
2014-02-14 14:15:00,99.3892808,0.414,False
2014-02-14 14:20:00,99.4731694,0.23,False
2014-02-14 14:25:00,99.30709162,0.411,False
2014-02-14 14:30:00,99.76389799,0.22,False
2014-02-14 14:35:00,100.7477167,1.673,False
2014-02-14 14:40:00,100.5460724,1.392,False
2014-02-14 14:45:00,98.45398512,1.545,False
2014-02-14 14:50:00,99.98942739,0.802,False
2014-02-14 14:55:00,99.40540314,0.111,False
2014-02-14 15:00:00,99.61664627,0.25,False
2014-02-14 15:05:00,98.75489543,1.026,False
2014-02-14 15:10:00,99.09827112,0.467,False
2014-02-14 15:15:00,99.24028176,0.233,False
2014-02-14 15:20:00,100.1861207,1.168,False
2014-02-14 15:25:00,100.0664916,0.926,False
2014-02-14 15:30:00,99.2973225,0.107,False
2014-02-14 15:35:00,99.23622541,0.135,False
2014-02-14 15:40:00,100.1737757,1.207,False
2014-02-14 15:45:00,98.46706904,1.221,False
2014-02-14 15:50:00,98.78302695,0.731,False
2014-02-14 15:55:00,99.07593057,0.263,False
2014-02-14 16:00:00,98.29026722,1.427,False
2014-02-14 16:05:00,98.66331463,0.939,False
2014-02-14 16:10:00,98.85833607,0.586,False
2014-02-14 16:15:00,98.26301737,1.551,False
2014-02-14 16:20:00,99.78437036,0.809,False
2014-02-14 16:25:00,99.76888695,0.763,False
2014-02-14 16:30:00,98.17346679,1.723,False
2014-02-14 16:35:00,98.23445876,1.653,False
2014-02-14 16:40:00,98.98149918,0.386,False
2014-02-14 16:45:00,98.30547013,1.38,False
2014-02-14 16:50:00,99.3600686,0.243,False
2014-02-14 16:55:00,99.28601403,0.144,False
2014-02-14 17:00:00,98.99723613,0.34,False
2014-02-14 17:05:00,98.85514839,0.539,False
2014-02-14 17:10:00,99.83527994,1.048,False
2014-02-14 17:15:00,99.66340965,0.723,False
2014-02-14 17:20:00,99.16315103,0.01,False
2014-02-14 17:25:00,99.20988619,0.053,False
2014-02-14 17:30:00,98.79192976,0.499,False
2014-02-14 17:35:00,100.1367003,1.333,False
2014-02-14 17:40:00,99.42230657,0.413,False
2014-02-14 17:45:00,98.86993406,0.361,False
2014-02-14 17:50:00,98.11166828,1.676,False
2014-02-14 17:55:00,98.2049149,1.491,False
2014-02-14 18:00:00,99.51367354,0.664,False
2014-02-14 18:05:00,99.14358945,0.063,False
2014-02-14 18:10:00,98.5185623,0.877,False
2014-02-14 18:15:00,100.2001968,1.64,False
2014-02-14 18:20:00,99.80906807,1.051,False
2014-02-14 18:25:00,99.01635794,0.122,False
2014-02-14 18:30:00,99.18752145,0.231,False
2014-02-14 18:35:00,98.13959549,1.451,False
2014-02-14 18:40:00,99.26713824,0.429,False
2014-02-14 18:45:00,98.68897549,0.523,False
2014-02-14 18:50:00,98.85894499,0.267,False
2014-02-14 18:55:00,98.29352112,1.247,False
2014-02-14 19:00:00,99.48101312,0.685,False
2014-02-14 19:05:00,100.0320811,1.518,False
2014-02-14 19:10:00,99.15833377,0.047,False
2014-02-14 19:15:00,100.2825065,1.827,False
2014-02-14 19:20:00,100.078113,1.538,False
2014-02-14 19:25:00,99.32709782,0.357,False
2014-02-14 19:30:00,99.10486427,0.009,False
2014-02-14 19:35:00,100.2281876,1.841,False
2014-02-14 19:40:00,98.57939865,0.921,False
2014-02-14 19:45:00,99.17750655,0.079,False
2014-02-14 19:50:00,98.97362653,0.257,False
2014-02-14 19:55:00,98.77659761,0.572,False
2014-02-14 20:00:00,98.08917332,1.656,False
2014-02-14 20:05:00,100.1761158,1.658,False
2014-02-14 20:10:00,98.33412073,1.171,False
2014-02-14 20:15:00,98.09691314,1.491,False
2014-02-14 20:20:00,100.3904484,2.047,False
2014-02-14 20:25:00,98.88248193,0.295,False
2014-02-14 20:30:00,99.02561838,0.099,False
2014-02-14 20:35:00,98.90397592,0.282,False
2014-02-14 20:40:00,99.11544905,0.007,False
2014-02-14 20:45:00,99.40756381,0.423,False
2014-02-14 20:50:00,98.06204232,1.263,False
2014-02-14 20:55:00,99.16858073,0.047,False
2014-02-14 21:00:00,98.21485911,1.128,False
2014-02-14 21:05:00,98.54925366,0.725,False
2014-02-14 21:10:00,99.28426873,0.141,False
2014-02-14 21:15:00,99.45725211,0.33,False
2014-02-14 21:20:00,98.84799719,0.392,False
2014-02-14 21:25:00,98.90506191,0.323,False
2014-02-14 21:30:00,98.39816517,0.91,False
2014-02-14 21:35:00,98.85016106,0.368,False
2014-02-14 21:40:00,100.3189626,1.305,False
2014-02-14 21:45:00,99.59912083,0.496,False
2014-02-14 21:50:00,100.0355767,0.974,False
2014-02-14 21:55:00,99.3553504,0.189,False
2014-02-14 22:00:00,100.36503559999998,1.31,False
2014-02-14 22:05:00,100.3724776,1.339,False
2014-02-14 22:10:00,98.4985339,0.777,False
2014-02-14 22:15:00,98.77069412,0.47,False
2014-02-14 22:20:00,98.77081781,0.458,False
2014-02-14 22:25:00,99.78388433,0.695,False
2014-02-14 22:30:00,98.31755812,0.939,False
2014-02-14 22:35:00,99.32690463,0.201,False
2014-02-14 22:40:00,98.5025416,0.706,False
2014-02-14 22:45:00,98.52897783,0.67,False
2014-02-14 22:50:00,99.67312573,0.643,False
2014-02-14 22:55:00,99.09139626,0.035,False
2014-02-14 23:00:00,99.88388056,0.82,False
2014-02-14 23:05:00,98.06595943,1.245,False
2014-02-14 23:10:00,98.37151882,0.872,False
2014-02-14 23:15:00,99.0264121,0.138,False
2014-02-14 23:20:00,99.81850747,0.756,False
2014-02-14 23:25:00,99.580639,0.487,False
2014-02-14 23:30:00,99.21345366,0.072,False
2014-02-14 23:35:00,100.0111111,0.962,False
2014-02-14 23:40:00,99.00464094,0.16,False
2014-02-14 23:45:00,100.2448148,1.214,False
2014-02-14 23:50:00,100.240824,1.239,False
2014-02-14 23:55:00,100.2711526,1.272,False
2014-02-15 00:00:00,99.48379611,0.445,False
2014-02-15 00:05:00,100.1780704,1.219,False
2014-02-15 00:10:00,99.94897753,0.955,False
2014-02-15 00:15:00,99.19587211,0.157,False
2014-02-15 00:20:00,100.3345083,1.311,False
2014-02-15 00:25:00,100.067271,0.997,False
2014-02-15 00:30:00,98.42420393,0.527,False
2014-02-15 00:35:00,98.01829842,0.945,False
2014-02-15 00:40:00,98.6225613,0.373,False
2014-02-15 00:45:00,99.54283558,0.57,False
2014-02-15 00:50:00,100.152379,1.171,False
2014-02-15 00:55:00,99.33034233,0.516,False
2014-02-15 01:00:00,98.36219815,0.364,False
2014-02-15 01:05:00,100.0370261,1.19,False
2014-02-15 01:10:00,98.51697127,0.11,False
2014-02-15 01:15:00,98.80085788,0.15,False
2014-02-15 01:20:00,99.70758192,0.964,False
2014-02-15 01:25:00,99.06477979,0.419,False
2014-02-15 01:30:00,99.12956325,0.51,False
2014-02-15 01:35:00,98.63448784,0.096,False
2014-02-15 01:40:00,97.70592914,0.678,False
2014-02-15 01:45:00,98.63059264,0.098,False
2014-02-15 01:50:00,99.70090328,0.998,False
2014-02-15 01:55:00,99.19518297,0.634,False
2014-02-15 02:00:00,99.19361084,0.653,False
2014-02-15 02:05:00,98.10850199,0.103,False
2014-02-15 02:10:00,97.19535498,0.823,False
2014-02-15 02:15:00,98.05978809,0.042,False
2014-02-15 02:20:00,99.25707238,0.913,False
2014-02-15 02:25:00,97.0973918,0.719,False
2014-02-15 02:30:00,98.87898901,0.64,False
2014-02-15 02:35:00,96.77954917,0.901,False
2014-02-15 02:40:00,98.50696501,0.403,False
2014-02-15 02:45:00,96.96038121,0.611,False
2014-02-15 02:50:00,96.53449167,0.828,False
2014-02-15 02:55:00,97.07534407,0.289,False
2014-02-15 03:00:00,96.87005124,0.265,False
2014-02-15 03:05:00,96.23950198,0.631,False
2014-02-15 03:10:00,98.02481441,0.652,False
2014-02-15 03:15:00,97.98161939,0.639,False
2014-02-15 03:20:00,98.11718959,0.753,False
2014-02-15 03:25:00,96.03658988,0.61,False
2014-02-15 03:30:00,96.91614809,0.016,False
2014-02-15 03:35:00,96.17683173,0.451,False
2014-02-15 03:40:00,97.92142711,0.814,False
2014-02-15 03:45:00,95.63301702,0.658,False
2014-02-15 03:50:00,96.72218654,0.215,False
2014-02-15 03:55:00,97.67388474,0.922,False
2014-02-15 04:00:00,97.04918169,0.534,False
2014-02-15 04:05:00,95.80973476,0.186,False
2014-02-15 04:10:00,97.28509943,0.84,False
2014-02-15 04:15:00,96.23585842,0.25,False
2014-02-15 04:20:00,94.32394135,0.831,False
2014-02-15 04:25:00,94.50278371,0.615,False
2014-02-15 04:30:00,95.48442605,0.279,False
2014-02-15 04:35:00,93.6570216,0.492,False
2014-02-15 04:40:00,92.47429196,1.158,False
2014-02-15 04:45:00,92.98908812,0.807,False
2014-02-15 04:50:00,92.312598,1.147,False
2014-02-15 04:55:00,93.24748267,0.618,False
2014-02-15 05:00:00,91.81443284,1.435,False
2014-02-15 05:05:00,91.56284364,1.462,False
2014-02-15 05:10:00,92.2922762,0.962,False
2014-02-15 05:15:00,91.76406956,1.211,False
2014-02-15 05:20:00,90.63709101,1.784,False
2014-02-15 05:25:00,90.62735709,1.739,False
2014-02-15 05:30:00,90.50740967,1.758,False
2014-02-15 05:35:00,87.95835624,3.176,False
2014-02-15 05:40:00,89.13225768,2.418,False
2014-02-15 05:45:00,88.36185884,2.687,False
2014-02-15 05:50:00,87.92600299,2.746,False
2014-02-15 05:55:00,89.97820545,1.56,False
2014-02-15 06:00:00,90.53410456,1.208,False
2014-02-15 06:05:00,88.8805004,1.934,False
2014-02-15 06:10:00,91.70428029,0.36,False
2014-02-15 06:15:00,90.28991214,1.016,False
2014-02-15 06:20:00,91.08530318,0.599,False
2014-02-15 06:25:00,92.20978661,0.02,False
2014-02-15 06:30:00,91.88249661,0.081,False
2014-02-15 06:35:00,93.58103077,0.846,False
2014-02-15 06:40:00,94.29538817,1.178,False
2014-02-15 06:45:00,95.84813576,1.919,False
2014-02-15 06:50:00,94.31950373,1.208,False
2014-02-15 06:55:00,94.3661562,1.249,False
2014-02-15 07:00:00,93.57840801,0.9,False
2014-02-15 07:05:00,94.51953861,1.364,False
2014-02-15 07:10:00,93.83959829,1.044,False
2014-02-15 07:15:00,92.84422843,0.577,False
2014-02-15 07:20:00,93.75528876,1.028,False
2014-02-15 07:25:00,94.4705492,1.486,False
2014-02-15 07:30:00,94.01204149,1.247,False
2014-02-15 07:35:00,92.39673896,0.395,False
2014-02-15 07:40:00,93.98006461,1.23,False
2014-02-15 07:45:00,91.65965256,0.006,False
2014-02-15 07:50:00,91.84080443,0.134,False
2014-02-15 07:55:00,91.02059097,0.306,False
2014-02-15 08:00:00,92.78266293,0.715,False
2014-02-15 08:05:00,92.67748249,0.665,False
2014-02-15 08:10:00,91.14928219,0.273,False
2014-02-15 08:15:00,90.60199334,0.587,False
2014-02-15 08:20:00,90.84080058,0.444,False
2014-02-15 08:25:00,91.73467695,0.1,False
2014-02-15 08:30:00,90.82109245,0.58,False
2014-02-15 08:35:00,90.13450499,1.097,False
2014-02-15 08:40:00,91.05608213,0.438,False
2014-02-15 08:45:00,89.80769016,1.439,False
2014-02-15 08:50:00,91.64981792,0.056,False
2014-02-15 08:55:00,91.05638672,0.579,False
2014-02-15 09:00:00,90.03704346,1.48,False
2014-02-15 09:05:00,90.1825994,1.441,False
2014-02-15 09:10:00,91.31567203,0.483,False
2014-02-15 09:15:00,90.81946596,0.908,False
2014-02-15 09:20:00,91.64708139,0.213,False
2014-02-15 09:25:00,91.48511554,0.39,False
2014-02-15 09:30:00,90.9451959,0.859,False
2014-02-15 09:35:00,89.96783288,1.779,False
2014-02-15 09:40:00,91.96810287,0.047,False
2014-02-15 09:45:00,91.05813446,0.884,False
2014-02-15 09:50:00,90.85505908,1.07,False
2014-02-15 09:55:00,91.84942804,0.157,False
2014-02-15 10:00:00,92.31074134,0.272,False
2014-02-15 10:05:00,90.69777945,1.245,False
2014-02-15 10:10:00,90.98025515,1.0,False
2014-02-15 10:15:00,92.76615503,0.718,False
2014-02-15 10:20:00,91.53399508,0.478,False
2014-02-15 10:25:00,91.34274715,0.666,False
2014-02-15 10:30:00,91.82175315,0.196,False
2014-02-15 10:35:00,92.07180943,0.051,False
2014-02-15 10:40:00,91.85168082,0.166,False
2014-02-15 10:45:00,91.44343494,0.572,False
2014-02-15 10:50:00,91.47346485,0.709,False
2014-02-15 10:55:00,92.64749503,0.316,False
2014-02-15 11:00:00,93.20806714,0.842,False
2014-02-15 11:05:00,91.66666644,0.683,False
2014-02-15 11:10:00,91.39331236,0.964,False
2014-02-15 11:15:00,93.23721487,0.801,False
2014-02-15 11:20:00,92.36505803,0.149,False
2014-02-15 11:25:00,93.262562,0.705,False
2014-02-15 11:30:00,92.83969316,0.232,False
2014-02-15 11:35:00,93.67839165,0.955,False
2014-02-15 11:40:00,92.4941403,0.281,False
2014-02-15 11:45:00,93.50107099,0.658,False
2014-02-15 11:50:00,91.90282416,1.009,False
2014-02-15 11:55:00,92.53697936,0.517,False
2014-02-15 12:00:00,93.73545515,0.582,False
2014-02-15 12:05:00,93.43426778,0.249,False
2014-02-15 12:10:00,92.34451548,0.829,False
2014-02-15 12:15:00,94.07050388,0.773,False
2014-02-15 12:20:00,94.29049507,0.9,False
2014-02-15 12:25:00,92.79394576,0.588,False
2014-02-15 12:30:00,93.13287039,0.308,False
2014-02-15 12:35:00,93.10468911,0.446,False
2014-02-15 12:40:00,94.06554504,0.33,False
2014-02-15 12:45:00,93.06452266,0.726,False
2014-02-15 12:50:00,92.55961886,1.31,False
2014-02-15 12:55:00,93.407726,0.592,False
2014-02-15 13:00:00,94.10937249,0.074,False
2014-02-15 13:05:00,94.27946605,0.005,False
2014-02-15 13:10:00,95.1909969,0.62,False
2014-02-15 13:15:00,94.66308465,0.243,False
2014-02-15 13:20:00,96.63334714,0.636,False
2014-02-15 13:25:00,96.87239474,0.105,False
2014-02-15 13:30:00,97.86844492,0.768,False
2014-02-15 13:35:00,98.12614891,0.69,False
2014-02-15 13:40:00,97.46492013,0.165,False
2014-02-15 13:45:00,97.12271535,0.7,False
2014-02-15 13:50:00,98.70307723,0.484,False
2014-02-15 13:55:00,98.09312237,0.262,False
2014-02-15 14:00:00,98.84329934,0.057,False
2014-02-15 14:05:00,99.75459828,0.378,False
2014-02-15 14:10:00,101.2877783,1.164,False
2014-02-15 14:15:00,101.1432864,0.76,False
2014-02-15 14:20:00,102.3613943,1.625,False
2014-02-15 14:25:00,103.2838715,2.159,False
2014-02-15 14:30:00,103.1292831,1.978,False
2014-02-15 14:35:00,103.5743446,2.32,False
2014-02-15 14:40:00,103.1836322,1.926,False
2014-02-15 14:45:00,104.2462548,2.772,False
2014-02-15 14:50:00,102.9649953,1.675,False
2014-02-15 14:55:00,103.2693142,1.918,False
2014-02-15 15:00:00,103.11679,1.796,False
2014-02-15 15:05:00,103.569582,2.157,False
2014-02-15 15:10:00,103.9413343,2.453,False
2014-02-15 15:15:00,103.7575372,2.307,False
2014-02-15 15:20:00,102.4844524,1.27,False
2014-02-15 15:25:00,103.6289401,2.166,False
2014-02-15 15:30:00,101.8566544,0.773,False
2014-02-15 15:35:00,102.3218339,1.135,False
2014-02-15 15:40:00,102.7820279,1.492,False
2014-02-15 15:45:00,102.9136565,1.594,False
2014-02-15 15:50:00,101.8101936,0.737,False
2014-02-15 15:55:00,101.3230176,0.359,False
2014-02-15 16:00:00,103.0417688,1.694,False
2014-02-15 16:05:00,101.3350878,0.368,False
2014-02-15 16:10:00,100.8506373,0.008,False
2014-02-15 16:15:00,102.3324933,1.143,False
2014-02-15 16:20:00,100.8810636,0.016,False
2014-02-15 16:25:00,100.8713836,0.008,False
2014-02-15 16:30:00,102.7121306,1.438,False
2014-02-15 16:35:00,102.1722305,1.026,False
2014-02-15 16:40:00,100.4844981,0.289,False
2014-02-15 16:45:00,100.8766637,0.012,False
2014-02-15 16:50:00,101.0490688,0.142,False
2014-02-15 16:55:00,100.7525216,0.081,False
2014-02-15 17:00:00,101.1227273,0.189,False
2014-02-15 17:05:00,99.96752471,0.646,False
2014-02-15 17:10:00,100.5249113,0.243,False
2014-02-15 17:15:00,101.3359942,0.375,False
2014-02-15 17:20:00,101.8361338,0.782,False
2014-02-15 17:25:00,100.6576225,0.036,False
2014-02-15 17:30:00,99.57014969,0.804,False
2014-02-15 17:35:00,101.6448603,0.853,False
2014-02-15 17:40:00,100.7850181,0.237,False
2014-02-15 17:45:00,101.3597202,0.757,False
2014-02-15 17:50:00,99.24381521,1.168,False
2014-02-15 17:55:00,100.5029682,0.187,False
2014-02-15 18:00:00,100.1679463,0.107,False
2014-02-15 18:05:00,100.5786584,0.339,False
2014-02-15 18:10:00,99.35756389,0.973,False
2014-02-15 18:15:00,98.80631729,1.569,False
2014-02-15 18:20:00,98.98571359,1.324,False
2014-02-15 18:25:00,98.79825366,1.51,False
2014-02-15 18:30:00,99.47282612,0.675,False
2014-02-15 18:35:00,99.49075592,0.575,False
2014-02-15 18:40:00,100.2577302,0.313,False
2014-02-15 18:45:00,100.3468643,0.413,False
2014-02-15 18:50:00,98.39635153,1.881,False
2014-02-15 18:55:00,99.78257708,0.139,False
2014-02-15 19:00:00,99.63758995,0.293,False
2014-02-15 19:05:00,99.25186347,0.723,False
2014-02-15 19:10:00,100.1434016,0.384,False
2014-02-15 19:15:00,99.05072495,0.769,False
2014-02-15 19:20:00,100.2901227,0.851,False
2014-02-15 19:25:00,99.55649493,0.026,False
2014-02-15 19:30:00,100.250815,0.785,False
2014-02-15 19:35:00,98.6149177,1.105,False
2014-02-15 19:40:00,99.8446529,0.392,False
2014-02-15 19:45:00,98.39141202,1.346,False
2014-02-15 19:50:00,98.12148718,1.643,False
2014-02-15 19:55:00,98.26468553,1.457,False
2014-02-15 20:00:00,99.05601255,0.486,False
2014-02-15 20:05:00,99.01998148,0.485,False
2014-02-15 20:10:00,98.07596215,1.574,False
2014-02-15 20:15:00,99.41755412,0.036,False
2014-02-15 20:20:00,100.2502183,0.985,False
2014-02-15 20:25:00,98.95240796,0.496,False
2014-02-15 20:30:00,99.99283914,0.691,False
2014-02-15 20:35:00,99.37255339,0.016,False
2014-02-15 20:40:00,98.46670916,1.05,False
2014-02-15 20:45:00,100.0155368,0.721,False
2014-02-15 20:50:00,99.17191288,0.232,False
2014-02-15 20:55:00,100.183477,1.026,False
2014-02-15 21:00:00,99.40136278,0.047,False
2014-02-15 21:05:00,99.09582298,0.3,False
2014-02-15 21:10:00,99.17261084,0.149,False
2014-02-15 21:15:00,99.85592685,0.703,False
2014-02-15 21:20:00,98.33328824,1.07,False
2014-02-15 21:25:00,99.93974476,0.88,False
2014-02-15 21:30:00,98.64151785,0.753,False
2014-02-15 21:35:00,99.36369762,0.156,False
2014-02-15 21:40:00,100.1951951,1.318,False
2014-02-15 21:45:00,99.58381388,0.518,False
2014-02-15 21:50:00,98.40006748,0.972,False
2014-02-15 21:55:00,100.0943891,1.16,False
2014-02-15 22:00:00,99.09511018,0.046,False
2014-02-15 22:05:00,98.53650896,0.66,False
2014-02-15 22:10:00,99.50650735,0.517,False
2014-02-15 22:15:00,98.86092594,0.278,False
2014-02-15 22:20:00,98.78367364,0.392,False
2014-02-15 22:25:00,99.87383467,0.98,False
2014-02-15 22:30:00,98.33683923,0.93,False
2014-02-15 22:35:00,99.22805094,0.192,False
2014-02-15 22:40:00,99.65915095,0.81,False
2014-02-15 22:45:00,99.51950258,0.616,False
2014-02-15 22:50:00,99.02358444,0.072,False
2014-02-15 22:55:00,98.41645496,0.942,False
2014-02-15 23:00:00,98.89006043,0.285,False
2014-02-15 23:05:00,99.35951473,0.284,False
2014-02-15 23:10:00,98.67441997,0.578,False
2014-02-15 23:15:00,99.92533279,1.045,False
2014-02-15 23:20:00,99.82819885,0.874,False
2014-02-15 23:25:00,99.54563981,0.571,False
2014-02-15 23:30:00,100.2596624,1.461,False
2014-02-15 23:35:00,100.21064,1.397,False
2014-02-15 23:40:00,99.39528601,0.325,False
2014-02-15 23:45:00,99.0436594,0.112,False
2014-02-15 23:50:00,98.87284307,0.277,False
2014-02-15 23:55:00,98.35058504,0.886,False
2014-02-16 00:00:00,98.10615685,1.189,False
2014-02-16 00:05:00,98.31059796,0.93,False
2014-02-16 00:10:00,98.73696278,0.364,False
2014-02-16 00:15:00,98.61211242,0.475,False
2014-02-16 00:20:00,98.76432755,0.294,False
2014-02-16 00:25:00,98.19587193,1.031,False
2014-02-16 00:30:00,100.3248535,1.592,False
2014-02-16 00:35:00,99.0420284,0.001,False
2014-02-16 00:40:00,98.51984901,0.613,False
2014-02-16 00:45:00,99.3606833,0.429,False
2014-02-16 00:50:00,98.11713961,1.087,False
2014-02-16 00:55:00,98.04476634,1.229,False
2014-02-16 01:00:00,99.00193588,0.014,False
2014-02-16 01:05:00,99.25233631,0.321,False
2014-02-16 01:10:00,99.59240738,0.736,False
2014-02-16 01:15:00,98.99746496,0.019,False
2014-02-16 01:20:00,100.2409363,1.492,False
2014-02-16 01:25:00,98.65744643,0.439,False
2014-02-16 01:30:00,99.79523395,0.97,False
2014-02-16 01:35:00,98.85786245,0.183,False
2014-02-16 01:40:00,99.38418519,0.473,False
2014-02-16 01:45:00,98.10570647,1.092,False
2014-02-16 01:50:00,99.72059879,0.891,False
2014-02-16 01:55:00,98.29198461,0.756,False
2014-02-16 02:00:00,99.61375899,0.763,False
2014-02-16 02:05:00,98.95986795,0.039,False
2014-02-16 02:10:00,99.17769324,0.217,False
2014-02-16 02:15:00,98.13478713,1.002,False
2014-02-16 02:20:00,99.43018939,0.532,False
2014-02-16 02:25:00,98.44777458,0.615,False
2014-02-16 02:30:00,100.3290175,1.602,False
2014-02-16 02:35:00,99.67313319,0.887,False
2014-02-16 02:40:00,98.23252006,0.794,False
2014-02-16 02:45:00,98.09658596,0.953,False
2014-02-16 02:50:00,98.37702984,0.597,False
2014-02-16 02:55:00,98.6367743,0.355,False
2014-02-16 03:00:00,99.3756063,0.468,False
2014-02-16 03:05:00,98.12348613,0.971,False
2014-02-16 03:10:00,98.09424473,1.009,False
2014-02-16 03:15:00,99.776603,0.955,False
2014-02-16 03:20:00,99.08799316,0.151,False
2014-02-16 03:25:00,100.1303869,1.287,False
2014-02-16 03:30:00,99.76610334,0.861,False
2014-02-16 03:35:00,98.40445478,0.665,False
2014-02-16 03:40:00,98.98897339,0.035,False
2014-02-16 03:45:00,98.82498278,0.156,False
2014-02-16 03:50:00,99.33460124,0.443,False
2014-02-16 03:55:00,100.1521582,1.409,False
2014-02-16 04:00:00,98.58515953,0.44,False
2014-02-16 04:05:00,100.1678261,1.424,False
2014-02-16 04:10:00,99.98148157,1.198,False
2014-02-16 04:15:00,99.01141642,0.115,False
2014-02-16 04:20:00,98.51640831,0.395,False
2014-02-16 04:25:00,98.29360761,0.634,False
2014-02-16 04:30:00,97.81177421,1.18,False
2014-02-16 04:35:00,98.30617397,0.625,False
2014-02-16 04:40:00,98.26139143,0.678,False
2014-02-16 04:45:00,98.11280339,0.817,False
2014-02-16 04:50:00,98.74575754,0.072,False
2014-02-16 04:55:00,99.91260079,1.41,False
2014-02-16 05:00:00,99.67474748,1.125,False
2014-02-16 05:05:00,99.08561382,0.412,False
2014-02-16 05:10:00,97.80371641,1.172,False
2014-02-16 05:15:00,97.94927457,0.95,False
2014-02-16 05:20:00,99.33288553,0.806,False
2014-02-16 05:25:00,98.95326706,0.354,False
2014-02-16 05:30:00,97.49984493,1.519,False
2014-02-16 05:35:00,99.54453802,1.099,False
2014-02-16 05:40:00,98.9573072,0.356,False
2014-02-16 05:45:00,99.75106331,1.342,False
2014-02-16 05:50:00,99.25467961,0.67,False
2014-02-16 05:55:00,97.5760389,1.476,False
2014-02-16 06:00:00,98.34685052,0.491,False
2014-02-16 06:05:00,99.6839219,1.242,False
2014-02-16 06:10:00,98.48355827,0.278,False
2014-02-16 06:15:00,98.78777459,0.113,False
2014-02-16 06:20:00,99.60034523,1.203,False
2014-02-16 06:25:00,99.34020112,0.915,False
2014-02-16 06:30:00,98.31301613,0.333,False
2014-02-16 06:35:00,98.87342714,0.435,False
2014-02-16 06:40:00,98.08205383,0.595,False
2014-02-16 06:45:00,98.14311642,0.515,False
2014-02-16 06:50:00,98.84948613,0.431,False
2014-02-16 06:55:00,99.11152819,0.787,False
2014-02-16 07:00:00,99.01886407,0.698,False
2014-02-16 07:05:00,97.75487549,0.947,False
2014-02-16 07:10:00,98.48187179,0.001,False
2014-02-16 07:15:00,97.69066775,1.168,False
2014-02-16 07:20:00,97.58943697,1.238,False
2014-02-16 07:25:00,98.31095318,0.178,False
2014-02-16 07:30:00,98.68683222,0.27,False
2014-02-16 07:35:00,98.99462165,0.713,False
2014-02-16 07:40:00,98.33911944,0.212,False
2014-02-16 07:45:00,98.10194919,0.622,False
2014-02-16 07:50:00,98.4184382,0.199,False
2014-02-16 07:55:00,98.77398875,0.406,False
2014-02-16 08:00:00,98.71531944,0.373,False
2014-02-16 08:05:00,98.56198668,0.112,False
2014-02-16 08:10:00,98.47638675,0.034,False
2014-02-16 08:15:00,98.66395993,0.286,False
2014-02-16 08:20:00,98.26273816,0.398,False
2014-02-16 08:25:00,99.14084891,1.104,False
2014-02-16 08:30:00,97.1555224,2.266,False
2014-02-16 08:35:00,99.06715805,0.978,False
2014-02-16 08:40:00,98.82317689,0.583,False
2014-02-16 08:45:00,99.03972286,0.952,False
2014-02-16 08:50:00,97.40785764,1.84,False
2014-02-16 08:55:00,98.0815593,0.681,False
2014-02-16 09:00:00,97.2934288,2.031,False
2014-02-16 09:05:00,98.5087293,0.051,False
2014-02-16 09:10:00,98.12190174,0.612,False
2014-02-16 09:15:00,97.35352633,1.928,False
2014-02-16 09:20:00,97.32513446,1.97,False
2014-02-16 09:25:00,97.51688675,1.643,False
2014-02-16 09:30:00,98.26368113,0.368,False
2014-02-16 09:35:00,96.76581995,2.917,False
2014-02-16 09:40:00,98.93864238,0.721,False
2014-02-16 09:45:00,96.97674949,2.398,False
2014-02-16 09:50:00,98.14191046,0.621,False
2014-02-16 09:55:00,98.25599756,0.389,False
2014-02-16 10:00:00,98.91575897,0.529,False
2014-02-16 10:05:00,98.86684666,0.461,False
2014-02-16 10:10:00,98.48207375,0.133,False
2014-02-16 10:15:00,97.65381423,1.229,False
2014-02-16 10:20:00,97.03943504,2.188,False
2014-02-16 10:25:00,99.27757706,0.784,False
2014-02-16 10:30:00,99.04141941,0.449,False
2014-02-16 10:35:00,98.99353144,0.334,False
2014-02-16 10:40:00,99.13062666,0.547,False
2014-02-16 10:45:00,99.05450515,0.382,False
2014-02-16 10:50:00,98.69568856,0.132,False
2014-02-16 10:55:00,98.08940448,0.903,False
2014-02-16 11:00:00,98.59380262,0.343,False
2014-02-16 11:05:00,99.22071622,0.353,False
2014-02-16 11:10:00,97.72772992,1.355,False
2014-02-16 11:15:00,97.93150214,1.145,False
2014-02-16 11:20:00,99.01042524,0.009,False
2014-02-16 11:25:00,98.41100463,0.652,False
2014-02-16 11:30:00,99.12321644,0.102,False
2014-02-16 11:35:00,97.93923611,1.14,False
2014-02-16 11:40:00,97.92696297,1.152,False
2014-02-16 11:45:00,99.14485324,0.108,False
2014-02-16 11:50:00,98.0885381,0.97,False
2014-02-16 11:55:00,98.40024746,0.681,False
2014-02-16 12:00:00,98.15711345,0.922,False
2014-02-16 12:05:00,99.10734108,0.029,False
2014-02-16 12:10:00,98.77270524,0.335,False
2014-02-16 12:15:00,100.4903167,1.459,False
2014-02-16 12:20:00,100.2543585,1.277,False
2014-02-16 12:25:00,100.354145,1.41,False
2014-02-16 12:30:00,99.9458183,0.977,False
2014-02-16 12:35:00,100.0011319,1.039,False
2014-02-16 12:40:00,100.5986799,1.741,False
2014-02-16 12:45:00,99.13383773,0.061,False
2014-02-16 12:50:00,99.75854223,0.791,False
2014-02-16 12:55:00,99.68535593,0.693,False
2014-02-16 13:00:00,100.9949034,2.195,False
2014-02-16 13:05:00,100.3215396,1.423,False
2014-02-16 13:10:00,100.8347715,2.012,False
2014-02-16 13:15:00,99.57691523,0.56,False
2014-02-16 13:20:00,99.67064857,0.666,False
2014-02-16 13:25:00,99.10695292,0.03,False
2014-02-16 13:30:00,98.90937871,0.153,False
2014-02-16 13:35:00,99.2730346,0.262,False
2014-02-16 13:40:00,99.5287351,0.541,False
2014-02-16 13:45:00,100.3008084,1.433,False
2014-02-16 13:50:00,101.1515441,2.4,False
2014-02-16 13:55:00,101.1044822,2.253,False
2014-02-16 14:00:00,100.8345075,2.058,False
2014-02-16 14:05:00,100.07640759999998,1.24,False
2014-02-16 14:10:00,101.6070939,2.786,False
2014-02-16 14:15:00,99.99566308,1.167,False
2014-02-16 14:20:00,100.0936143,1.284,False
2014-02-16 14:25:00,100.2530858,1.47,False
2014-02-16 14:30:00,99.67830586,0.85,False
2014-02-16 14:35:00,99.23384034,0.41,False
2014-02-16 14:40:00,98.82312968,0.041,False
2014-02-16 14:45:00,98.92007766,0.067,False
2014-02-16 14:50:00,98.8980598,0.11,False
2014-02-16 14:55:00,99.64896449,0.957,False
2014-02-16 15:00:00,99.36784346,0.641,False
2014-02-16 15:05:00,98.47112133,0.367,False
2014-02-16 15:10:00,97.77820592,1.06,False
2014-02-16 15:15:00,98.93526775,0.405,False
2014-02-16 15:20:00,98.66960972,0.471,False
2014-02-16 15:25:00,98.02027492,0.134,False
2014-02-16 15:30:00,97.36375525,0.233,False
2014-02-16 15:35:00,97.02228631,0.352,False
2014-02-16 15:40:00,97.26098857,0.023,False
2014-02-16 15:45:00,97.30014623,0.184,False
2014-02-16 15:50:00,95.46746014,1.632,False
2014-02-16 15:55:00,96.78064506,0.365,False
2014-02-16 16:00:00,95.85066391,0.27,False
2014-02-16 16:05:00,96.01274112,0.003,False
2014-02-16 16:10:00,94.60848393,1.648,False
2014-02-16 16:15:00,95.26904835,0.762,False
2014-02-16 16:20:00,94.81542213,1.279,False
2014-02-16 16:25:00,93.95598192,2.47,False
2014-02-16 16:30:00,94.68309241,1.514,False
2014-02-16 16:35:00,95.24071305,0.777,False
2014-02-16 16:40:00,94.5470138,1.633,False
2014-02-16 16:45:00,95.8761734,0.161,False
2014-02-16 16:50:00,95.00462774,0.852,False
2014-02-16 16:55:00,95.47028745,0.267,False
2014-02-16 17:00:00,95.84403398,0.351,False
2014-02-16 17:05:00,94.23047318,1.819,False
2014-02-16 17:10:00,95.84160885,0.482,False
2014-02-16 17:15:00,94.98147971,0.689,False
2014-02-16 17:20:00,95.91006740000002,0.651,False
2014-02-16 17:25:00,95.43191249,0.06,False
2014-02-16 17:30:00,95.33684172,0.008,False
2014-02-16 17:35:00,94.69286731,0.918,False
2014-02-16 17:40:00,94.80683643,0.733,False
2014-02-16 17:45:00,93.91790369,1.882,False
2014-02-16 17:50:00,95.34769862,0.066,False
2014-02-16 17:55:00,94.64349537,0.813,False
2014-02-16 18:00:00,94.08574652,1.517,False
2014-02-16 18:05:00,95.72347171,0.662,False
2014-02-16 18:10:00,94.60033648,0.811,False
2014-02-16 18:15:00,95.83020598,0.863,False
2014-02-16 18:20:00,96.00790491,1.099,False
2014-02-16 18:25:00,95.20916458,0.036,False
2014-02-16 18:30:00,95.50855057,0.445,False
2014-02-16 18:35:00,95.21088977,0.167,False
2014-02-16 18:40:00,95.76522991,1.003,False
2014-02-16 18:45:00,96.1525477,1.572,False
2014-02-16 18:50:00,94.90293723,0.05,False
2014-02-16 18:55:00,95.6827413,1.052,False
2014-02-16 19:00:00,94.18832774,0.842,False
2014-02-16 19:05:00,94.37042151,0.595,False
2014-02-16 19:10:00,94.10747156,0.898,False
2014-02-16 19:15:00,95.15958267,0.406,False
2014-02-16 19:20:00,94.81659656,0.026,False
2014-02-16 19:25:00,95.17169398,0.441,False
2014-02-16 19:30:00,94.81744739,0.025,False
2014-02-16 19:35:00,95.19153239,0.464,False
2014-02-16 19:40:00,95.66617937,1.113,False
2014-02-16 19:45:00,93.90154411,1.261,False
2014-02-16 19:50:00,94.44590333,0.524,False
2014-02-16 19:55:00,94.42867173,0.541,False
2014-02-16 20:00:00,95.60920438,1.017,False
2014-02-16 20:05:00,94.08734099,0.965,False
2014-02-16 20:10:00,94.8293041,0.002,False
2014-02-16 20:15:00,94.24727726,0.744,False
2014-02-16 20:20:00,94.01119287,1.036,False
2014-02-16 20:25:00,94.25695233,0.69,False
2014-02-16 20:30:00,95.66040887,1.037,False
2014-02-16 20:35:00,95.5778383,0.92,False
2014-02-16 20:40:00,95.32737196,0.62,False
2014-02-16 20:45:00,94.36391537,0.517,False
2014-02-16 20:50:00,94.6994957,0.12,False
2014-02-16 20:55:00,93.95197789,0.968,False
2014-02-16 21:00:00,95.35348047,0.7,False
2014-02-16 21:05:00,94.50535208,0.318,False
2014-02-16 21:10:00,94.29929668,0.513,False
2014-02-16 21:15:00,94.20400714,0.627,False
2014-02-16 21:20:00,95.47225441,0.93,False
2014-02-16 21:25:00,94.75371919,0.184,False
2014-02-16 21:30:00,94.84199089,0.433,False
2014-02-16 21:35:00,94.69511723,0.304,False
2014-02-16 21:40:00,94.83194963,0.468,False
2014-02-16 21:45:00,95.25492241,0.994,False
2014-02-16 21:50:00,94.16126554,0.244,False
2014-02-16 21:55:00,94.05378649,0.365,False
2014-02-16 22:00:00,96.14782583,2.059,False
2014-02-16 22:05:00,95.66501046,1.501,False
2014-02-16 22:10:00,94.84073283,0.589,False
2014-02-16 22:15:00,93.86712835,0.537,False
2014-02-16 22:20:00,94.78623667,0.587,False
2014-02-16 22:25:00,94.42973403,0.203,False
2014-02-16 22:30:00,95.56733786,1.536,False
2014-02-16 22:35:00,94.36917366,0.214,False
2014-02-16 22:40:00,95.02390051,1.017,False
2014-02-16 22:45:00,95.93614215,2.125,False
2014-02-16 22:50:00,94.81547686,0.829,False
2014-02-16 22:55:00,95.95758922,2.16,False
2014-02-16 23:00:00,93.40625997,0.717,False
2014-02-16 23:05:00,93.40501862,0.66,False
2014-02-16 23:10:00,95.43399238,1.745,False
2014-02-16 23:15:00,93.6846762,0.101,False
2014-02-16 23:20:00,93.1318409,0.694,False
2014-02-16 23:25:00,93.00738838,0.58,False
2014-02-16 23:30:00,94.109224,0.599,False
2014-02-16 23:35:00,92.85061001,0.739,False
2014-02-16 23:40:00,94.37118666,1.027,False
2014-02-16 23:45:00,92.79318666,0.624,False
2014-02-16 23:50:00,93.37132828,0.078,False
2014-02-16 23:55:00,93.01688988,0.161,False
2014-02-17 00:00:00,92.462528,0.639,False
2014-02-17 00:05:00,93.04384756,0.014,False
2014-02-17 00:10:00,91.2629455,1.74,False
2014-02-17 00:15:00,92.29832632,0.639,False
2014-02-17 00:20:00,91.65182029,1.204,False
2014-02-17 00:25:00,91.23859481,1.603,False
2014-02-17 00:30:00,92.31245344,0.509,False
2014-02-17 00:35:00,90.76098107,1.998,False
2014-02-17 00:40:00,90.70606092,1.838,False
2014-02-17 00:45:00,91.18226277,1.225,False
2014-02-17 00:50:00,89.97696339,2.406,False
2014-02-17 00:55:00,90.37603947,1.977,False
2014-02-17 01:00:00,91.49112593,0.83,False
2014-02-17 01:05:00,91.77486928,0.538,False
2014-02-17 01:10:00,90.61988901,1.681,False
2014-02-17 01:15:00,92.39381661,0.091,False
2014-02-17 01:20:00,90.96328989,1.313,False
2014-02-17 01:25:00,91.46300269,0.556,False
2014-02-17 01:30:00,91.72913322,0.023,False
2014-02-17 01:35:00,91.71013591,0.042,False
2014-02-17 01:40:00,91.55464475,0.167,False
2014-02-17 01:45:00,92.46598772,0.747,False
2014-02-17 01:50:00,92.80044483,1.112,False
2014-02-17 01:55:00,91.60698378,0.061,False
2014-02-17 02:00:00,92.33306111,0.676,False
2014-02-17 02:05:00,92.3057319,0.673,False
2014-02-17 02:10:00,92.84840994,1.261,False
2014-02-17 02:15:00,94.0966893,2.576,False
2014-02-17 02:20:00,92.38775916,0.911,False
2014-02-17 02:25:00,94.64782318,3.206,False
2014-02-17 02:30:00,94.20279835,2.784,False
2014-02-17 02:35:00,92.87437187,1.442,False
2014-02-17 02:40:00,92.26803325,0.883,False
2014-02-17 02:45:00,93.21771508,1.827,False
2014-02-17 02:50:00,91.25497839,0.094,False
2014-02-17 02:55:00,90.19142363,1.092,False
2014-02-17 03:00:00,90.9136913,0.333,False
2014-02-17 03:05:00,89.66667129,1.401,False
2014-02-17 03:10:00,90.87245797,0.328,False
2014-02-17 03:15:00,90.65308219,0.522,False
2014-02-17 03:20:00,88.35708796,2.511,False
2014-02-17 03:25:00,90.87403112,0.267,False
2014-02-17 03:30:00,90.20379912,0.796,False
2014-02-17 03:35:00,89.96716550000002,0.872,False
2014-02-17 03:40:00,90.33341975,0.589,False
2014-02-17 03:45:00,90.85102934,0.196,False
2014-02-17 03:50:00,91.71966503,0.668,False
2014-02-17 03:55:00,89.93878117,1.14,False
2014-02-17 04:00:00,90.46247685,0.652,False
2014-02-17 04:05:00,91.42649859,0.419,False
2014-02-17 04:10:00,90.95300073,0.043,False
2014-02-17 04:15:00,90.75526809,0.255,False
2014-02-17 04:20:00,91.37886838,0.451,False
2014-02-17 04:25:00,90.74027563,0.207,False
2014-02-17 04:30:00,91.88160173,0.984,False
2014-02-17 04:35:00,89.87180042,1.023,False
2014-02-17 04:40:00,90.37920884,0.512,False
2014-02-17 04:45:00,91.65505826,0.778,False
2014-02-17 04:50:00,91.68084103,0.808,False
2014-02-17 04:55:00,89.77234725,1.119,False
2014-02-17 05:00:00,91.32071803,0.467,False
2014-02-17 05:05:00,91.38273027,0.541,False
2014-02-17 05:10:00,90.21523925,0.66,False
2014-02-17 05:15:00,90.31036031,0.522,False
2014-02-17 05:20:00,91.13307869,0.361,False
2014-02-17 05:25:00,89.75916164,1.064,False
2014-02-17 05:30:00,91.87783096,1.216,False
2014-02-17 05:35:00,90.56614567,0.179,False
2014-02-17 05:40:00,91.74044915,1.162,False
2014-02-17 05:45:00,90.57753892,0.102,False
2014-02-17 05:50:00,91.82056985,1.492,False
2014-02-17 05:55:00,89.72825332,1.092,False
2014-02-17 06:00:00,90.62730549,0.016,False
2014-02-17 06:05:00,91.85448739,1.44,False
2014-02-17 06:10:00,90.67178843,0.04,False
2014-02-17 06:15:00,90.09698187,0.634,False
2014-02-17 06:20:00,89.95387381,0.775,False
2014-02-17 06:25:00,89.69813212,1.134,False
2014-02-17 06:30:00,89.64581104,1.111,False
2014-02-17 06:35:00,90.24891715,0.465,False
2014-02-17 06:40:00,91.17433063,0.555,False
2014-02-17 06:45:00,91.5593614,1.082,False
2014-02-17 06:50:00,91.02318306,0.468,False
2014-02-17 06:55:00,91.04905341,0.571,False
2014-02-17 07:00:00,90.26374321,0.453,False
2014-02-17 07:05:00,90.84976848,0.328,False
2014-02-17 07:10:00,89.91800347,0.91,False
2014-02-17 07:15:00,90.72141933,0.185,False
2014-02-17 07:20:00,89.68193070000002,1.159,False
2014-02-17 07:25:00,91.45730284,1.098,False
2014-02-17 07:30:00,89.79791376,0.97,False
2014-02-17 07:35:00,91.63800468,1.475,False
2014-02-17 07:40:00,90.08423923,0.54,False
2014-02-17 07:45:00,90.95121154,0.493,False
2014-02-17 07:50:00,91.14857966,0.852,False
2014-02-17 07:55:00,90.83807168,0.57,False
2014-02-17 08:00:00,89.76790415,0.975,False
2014-02-17 08:05:00,90.09750765,0.412,False
2014-02-17 08:10:00,90.23736296,0.227,False
2014-02-17 08:15:00,91.99533242,1.932,False
2014-02-17 08:20:00,90.29335106,0.358,False
2014-02-17 08:25:00,91.47116691,1.156,False
2014-02-17 08:30:00,90.41969085,0.208,False
2014-02-17 08:35:00,90.34469138,0.306,False
2014-02-17 08:40:00,90.32970304,0.323,False
2014-02-17 08:45:00,90.81453908,0.314,False
2014-02-17 08:50:00,89.65993085,1.273,False
2014-02-17 08:55:00,89.95846241,0.731,False
2014-02-17 09:00:00,91.55079765,1.307,False
2014-02-17 09:05:00,90.09241112,0.551,False
2014-02-17 09:10:00,90.01061373,0.543,False
2014-02-17 09:15:00,89.69723708,0.907,False
2014-02-17 09:20:00,91.62452301,1.418,False
2014-02-17 09:25:00,91.0614875,0.741,False
2014-02-17 09:30:00,91.66664369,1.421,False
2014-02-17 09:35:00,91.41977069,1.144,False
2014-02-17 09:40:00,90.58483971,0.187,False
2014-02-17 09:45:00,89.91890913,0.464,False
2014-02-17 09:50:00,89.83968903,0.511,False
2014-02-17 09:55:00,89.89828742,0.423,False
2014-02-17 10:00:00,90.40859055,0.099,False
2014-02-17 10:05:00,90.97633436,0.681,False
2014-02-17 10:10:00,90.05503495,0.261,False
2014-02-17 10:15:00,91.52125533,1.239,False
2014-02-17 10:20:00,91.68811935,1.41,False
2014-02-17 10:25:00,90.15582781,0.186,False
2014-02-17 10:30:00,89.98289657,0.363,False
2014-02-17 10:35:00,90.11988165,0.257,False
2014-02-17 10:40:00,91.54014128,1.197,False
2014-02-17 10:45:00,89.69966468,0.717,False
2014-02-17 10:50:00,90.39730205,0.006,False
2014-02-17 10:55:00,91.19035256,0.754,False
2014-02-17 11:00:00,89.66796996,0.693,False
2014-02-17 11:05:00,91.54634323,1.06,False
2014-02-17 11:10:00,91.16112592,0.584,False
2014-02-17 11:15:00,90.93344993,0.24,False
2014-02-17 11:20:00,90.73958891,0.069,False
2014-02-17 11:25:00,91.83544644,0.847,False
2014-02-17 11:30:00,90.25971414,0.367,False
2014-02-17 11:35:00,91.83990398,0.828,False
2014-02-17 11:40:00,90.94120217,0.099,False
2014-02-17 11:45:00,90.81437081,0.046,False
2014-02-17 11:50:00,89.77743406,0.782,False
2014-02-17 11:55:00,91.17702531,0.187,False
2014-02-17 12:00:00,89.70267381,0.962,False
2014-02-17 12:05:00,89.0901719,1.377,False
2014-02-17 12:10:00,89.12157755,1.394,False
2014-02-17 12:15:00,88.92022579,1.369,False
2014-02-17 12:20:00,88.67067281,1.539,False
2014-02-17 12:25:00,88.39861863,1.687,False
2014-02-17 12:30:00,87.66724279,2.052,False
2014-02-17 12:35:00,88.56470759,1.438,False
2014-02-17 12:40:00,90.18217028,0.331,False
2014-02-17 12:45:00,89.14625323,0.976,False
2014-02-17 12:50:00,89.35800596,0.826,False
2014-02-17 12:55:00,91.04074958,0.218,False
2014-02-17 13:00:00,90.06400556,0.365,False
2014-02-17 13:05:00,91.92325474,0.679,False
2014-02-17 13:10:00,90.25694824,0.247,False
2014-02-17 13:15:00,91.03592182,0.207,False
2014-02-17 13:20:00,92.00114704,0.808,False
2014-02-17 13:25:00,92.04758615,0.858,False
2014-02-17 13:30:00,93.08420783,1.462,False
2014-02-17 13:35:00,93.13631807,1.469,False
2014-02-17 13:40:00,93.0115179,1.36,False
2014-02-17 13:45:00,92.28921914,0.932,False
2014-02-17 13:50:00,93.4216272,1.566,False
2014-02-17 13:55:00,93.98929969,1.874,False
2014-02-17 14:00:00,92.88996436,1.182,False
2014-02-17 14:05:00,92.64901182,0.974,False
2014-02-17 14:10:00,91.38550236,0.277,False
2014-02-17 14:15:00,92.24328125,0.725,False
2014-02-17 14:20:00,92.70608889,0.969,False
2014-02-17 14:25:00,90.60776208,0.195,False
2014-02-17 14:30:00,92.67963491,0.862,False
2014-02-17 14:35:00,91.37807557,0.173,False
2014-02-17 14:40:00,91.13070414,0.048,False
2014-02-17 14:45:00,90.06827019,0.483,False
2014-02-17 14:50:00,91.70305293,0.307,False
2014-02-17 14:55:00,90.83421569,0.157,False
2014-02-17 15:00:00,89.35741272,0.929,False
2014-02-17 15:05:00,91.44189982,0.037,False
2014-02-17 15:10:00,90.15587952,0.597,False
2014-02-17 15:15:00,90.51052051,0.426,False
2014-02-17 15:20:00,88.95605959,1.201,False
2014-02-17 15:25:00,89.27060677,1.044,False
2014-02-17 15:30:00,89.78129537,0.79,False
2014-02-17 15:35:00,90.62144433,0.371,False
2014-02-17 15:40:00,88.69500777,1.331,False
2014-02-17 15:45:00,89.83882951,0.753,False
2014-02-17 15:50:00,89.19837107,1.068,False
2014-02-17 15:55:00,89.71777717,0.812,False
2014-02-17 16:00:00,91.35530657,0.013,False
2014-02-17 16:05:00,89.55706104,0.899,False
2014-02-17 16:10:00,90.58753205,0.384,False
2014-02-17 16:15:00,90.00341221,0.679,False
2014-02-17 16:20:00,90.48266109,0.453,False
2014-02-17 16:25:00,90.68989836,0.355,False
2014-02-17 16:30:00,92.50044232,0.554,False
2014-02-17 16:35:00,91.03275422,0.19,False
2014-02-17 16:40:00,92.72838462,0.692,False
2014-02-17 16:45:00,91.45511037,0.028,False
2014-02-17 16:50:00,91.59509584,0.106,False
2014-02-17 16:55:00,92.69770227,0.708,False
2014-02-17 17:00:00,92.75074521,0.788,False
2014-02-17 17:05:00,91.47573411,0.045,False
2014-02-17 17:10:00,93.3605128,1.208,False
2014-02-17 17:15:00,92.52601477,0.676,False
2014-02-17 17:20:00,93.32281385,1.214,False
2014-02-17 17:25:00,94.35535658,1.988,False
2014-02-17 17:30:00,92.95194359,1.022,False
2014-02-17 17:35:00,93.09965966,1.146,False
2014-02-17 17:40:00,92.75733706,0.897,False
2014-02-17 17:45:00,92.7240624,0.873,False
2014-02-17 17:50:00,92.99282988,1.063,False
2014-02-17 17:55:00,92.01567795,0.383,False
2014-02-17 18:00:00,92.92246069,0.965,False
2014-02-17 18:05:00,91.16713336,0.329,False
2014-02-17 18:10:00,91.31856593,0.221,False
2014-02-17 18:15:00,89.94754781,1.286,False
2014-02-17 18:20:00,90.26200162,1.056,False
2014-02-17 18:25:00,89.22760319,1.812,False
2014-02-17 18:30:00,89.50791961,1.607,False
2014-02-17 18:35:00,88.49092069,2.35,False
2014-02-17 18:40:00,89.05463685,1.938,False
2014-02-17 18:45:00,89.25377444,1.793,False
2014-02-17 18:50:00,91.24093801,0.385,False
2014-02-17 18:55:00,91.41827739,0.274,False
2014-02-17 19:00:00,90.80698317,0.737,False
2014-02-17 19:05:00,90.7694848,0.766,False
2014-02-17 19:10:00,91.78431258,0.054,False
2014-02-17 19:15:00,92.47697844,0.41,False
2014-02-17 19:20:00,92.0560149,0.017,False
2014-02-17 19:25:00,93.16006781,0.935,False
2014-02-17 19:30:00,92.50979661,0.291,False
2014-02-17 19:35:00,92.76097682,0.511,False
2014-02-17 19:40:00,92.80568087,0.388,False
2014-02-17 19:45:00,93.20814233,0.739,False
2014-02-17 19:50:00,93.86744029,1.304,False
2014-02-17 19:55:00,93.02673282,0.485,False
2014-02-17 20:00:00,92.95121472,0.421,False
2014-02-17 20:05:00,92.915063,0.392,False
2014-02-17 20:10:00,92.69418805,0.202,False
2014-02-17 20:15:00,92.58476381,0.211,False
2014-02-17 20:20:00,92.84618365,0.611,False
2014-02-17 20:25:00,91.75641183,0.351,False
2014-02-17 20:30:00,92.89579261,0.795,False
2014-02-17 20:35:00,92.44320841,0.382,False
2014-02-17 20:40:00,91.11223748,0.942,False
2014-02-17 20:45:00,91.00254622,0.984,False
2014-02-17 20:50:00,91.65950544,0.263,False
2014-02-17 20:55:00,92.66928301,0.818,False
2014-02-17 21:00:00,92.73889973,0.941,False
2014-02-17 21:05:00,91.33780177,0.452,False
2014-02-17 21:10:00,92.59303832,0.776,False
2014-02-17 21:15:00,91.49600977,0.306,False
2014-02-17 21:20:00,90.14085276,1.707,False
2014-02-17 21:25:00,90.90648405,0.994,False
2014-02-17 21:30:00,90.17457404,1.777,False
2014-02-17 21:35:00,91.20062694,0.805,False
2014-02-17 21:40:00,90.61198543,1.515,False
2014-02-17 21:45:00,91.7774464,0.352,False
2014-02-17 21:50:00,91.91960292,0.261,False
2014-02-17 21:55:00,91.08717126,1.222,False
2014-02-17 22:00:00,91.77466638,0.472,False
2014-02-17 22:05:00,92.50536616,0.261,False
2014-02-17 22:10:00,92.24738324,0.056,False
2014-02-17 22:15:00,92.58655578,0.314,False
2014-02-17 22:20:00,92.08161815,0.226,False
2014-02-17 22:25:00,94.46290998,2.243,False
2014-02-17 22:30:00,93.04016699,0.817,False
2014-02-17 22:35:00,93.63568284,1.467,False
2014-02-17 22:40:00,92.85015773,0.639,False
2014-02-17 22:45:00,91.84699048,0.451,False
2014-02-17 22:50:00,92.7504021,0.599,False
2014-02-17 22:55:00,93.37643003,1.361,False
2014-02-17 23:00:00,92.86974728,0.771,False
2014-02-17 23:05:00,91.49784242,0.728,False
2014-02-17 23:10:00,92.16651987,0.056,False
2014-02-17 23:15:00,91.9154829,0.221,False
2014-02-17 23:20:00,90.74852306,1.385,False
2014-02-17 23:25:00,92.15002155,0.093,False
2014-02-17 23:30:00,91.14556743,0.935,False
2014-02-17 23:35:00,90.37567725,1.768,False
2014-02-17 23:40:00,89.90972586,2.17,False
2014-02-17 23:45:00,90.02233695,2.052,False
2014-02-17 23:50:00,91.44852412,0.551,False
2014-02-17 23:55:00,90.3991348,1.718,False
2014-02-18 00:00:00,91.07010568,0.949,False
2014-02-18 00:05:00,91.06644841,0.953,False
2014-02-18 00:10:00,92.38302496,0.36,False
2014-02-18 00:15:00,91.37346814,0.673,False
2014-02-18 00:20:00,93.54201267,1.517,False
2014-02-18 00:25:00,93.67901291,1.636,False
2014-02-18 00:30:00,92.31266232,0.201,False
2014-02-18 00:35:00,92.28470551,0.129,False
2014-02-18 00:40:00,93.39325054,1.214,False
2014-02-18 00:45:00,92.31242632,0.057,False
2014-02-18 00:50:00,92.5655763,0.297,False
2014-02-18 00:55:00,92.07908197,0.197,False
2014-02-18 01:00:00,93.10467191,0.784,False
2014-02-18 01:05:00,93.78020089,1.342,False
2014-02-18 01:10:00,92.03940375,0.24,False
2014-02-18 01:15:00,93.24387364,0.848,False
2014-02-18 01:20:00,92.29843855,0.01,False
2014-02-18 01:25:00,92.26526296,0.041,False
2014-02-18 01:30:00,92.84544291,0.459,False
2014-02-18 01:35:00,91.84468435,0.403,False
2014-02-18 01:40:00,91.72874595,0.524,False
2014-02-18 01:45:00,91.33901104,0.872,False
2014-02-18 01:50:00,92.28306093,0.026,False
2014-02-18 01:55:00,92.3724528,0.054,False
2014-02-18 02:00:00,91.3881448,0.846,False
2014-02-18 02:05:00,92.02369797,0.264,False
2014-02-18 02:10:00,92.32054413,0.004,False
2014-02-18 02:15:00,90.40887936,1.712,False
2014-02-18 02:20:00,90.4896047,1.575,False
2014-02-18 02:25:00,91.74515576,0.513,False
2014-02-18 02:30:00,91.71126161,0.522,False
2014-02-18 02:35:00,91.69310098,0.537,False
2014-02-18 02:40:00,91.03011576,1.182,False
2014-02-18 02:45:00,91.10590265,1.136,False
2014-02-18 02:50:00,92.51790852,0.161,False
2014-02-18 02:55:00,91.13443594,1.11,False
2014-02-18 03:00:00,93.08280463,0.69,False
2014-02-18 03:05:00,93.1435713,0.759,False
2014-02-18 03:10:00,93.27472768,0.889,False
2014-02-18 03:15:00,92.30801308,0.074,False
2014-02-18 03:20:00,93.2434724,0.732,False
2014-02-18 03:25:00,93.84606978,1.284,False
2014-02-18 03:30:00,95.13627235,2.465,False
2014-02-18 03:35:00,95.88277572,3.035,False
2014-02-18 03:40:00,95.91136389,2.915,False
2014-02-18 03:45:00,95.55923401,2.61,False
2014-02-18 03:50:00,93.39409595,0.699,False
2014-02-18 03:55:00,95.23011452,2.217,False
2014-02-18 04:00:00,93.6226953,0.825,False
2014-02-18 04:05:00,92.85660252,0.184,False
2014-02-18 04:10:00,93.24645747,0.509,False
2014-02-18 04:15:00,94.21592535,1.192,False
2014-02-18 04:20:00,93.70282935,0.771,False
2014-02-18 04:25:00,94.01903764,0.922,False
2014-02-18 04:30:00,93.08500323,0.185,False
2014-02-18 04:35:00,92.58759615,0.145,False
2014-02-18 04:40:00,92.05298389,0.582,False
2014-02-18 04:45:00,92.93332746,0.108,False
2014-02-18 04:50:00,92.48593375,0.24,False
2014-02-18 04:55:00,92.57282137,0.171,False
2014-02-18 05:00:00,92.89879859,0.086,False
2014-02-18 05:05:00,92.68505977,0.083,False
2014-02-18 05:10:00,91.07395992,1.3,False
2014-02-18 05:15:00,90.87094974,1.45,False
2014-02-18 05:20:00,92.13827556,0.496,False
2014-02-18 05:25:00,90.37215089,1.908,False
2014-02-18 05:30:00,89.88908497,2.207,False
2014-02-18 05:35:00,92.40212033,0.295,False
2014-02-18 05:40:00,92.13276279,0.5,False
2014-02-18 05:45:00,92.08721065,0.555,False
2014-02-18 05:50:00,91.68457507,0.909,False
2014-02-18 05:55:00,92.21598645,0.453,False
2014-02-18 06:00:00,92.95976105,0.134,False
2014-02-18 06:05:00,91.91074171,0.628,False
2014-02-18 06:10:00,93.4806937,0.624,False
2014-02-18 06:15:00,93.539473,0.731,False
2014-02-18 06:20:00,94.21068338,1.22,False
2014-02-18 06:25:00,94.67562262,1.594,False
2014-02-18 06:30:00,93.6695065,0.872,False
2014-02-18 06:35:00,95.84939082,2.695,False
2014-02-18 06:40:00,96.06136662,3.02,False
2014-02-18 06:45:00,95.73076622,2.816,False
2014-02-18 06:50:00,93.24295851,0.757,False
2014-02-18 06:55:00,92.92355927,0.504,False
2014-02-18 07:00:00,93.32260496,0.937,False
2014-02-18 07:05:00,94.60841519,2.16,False
2014-02-18 07:10:00,94.11005421,1.691,False
2014-02-18 07:15:00,93.01382931,0.757,False
2014-02-18 07:20:00,93.19210124,0.93,False
2014-02-18 07:25:00,92.35027435,0.244,False
2014-02-18 07:30:00,92.01613568,0.027,False
2014-02-18 07:35:00,92.7235973,0.595,False
2014-02-18 07:40:00,90.86023932,0.945,False
2014-02-18 07:45:00,91.82390654,0.069,False
2014-02-18 07:50:00,91.44215151,0.335,False
2014-02-18 07:55:00,92.04250435,0.216,False
2014-02-18 08:00:00,90.21169598,1.131,False
2014-02-18 08:05:00,90.03797774,1.247,False
2014-02-18 08:10:00,90.73760809,0.676,False
2014-02-18 08:15:00,90.84487256,0.596,False
2014-02-18 08:20:00,91.6607855,0.026,False
2014-02-18 08:25:00,90.07718336,1.133,False
2014-02-18 08:30:00,91.03948915,0.409,False
2014-02-18 08:35:00,91.90220682,0.217,False
2014-02-18 08:40:00,91.10529284,0.347,False
2014-02-18 08:45:00,91.14517273,0.267,False
2014-02-18 08:50:00,90.50571202,0.754,False
2014-02-18 08:55:00,92.37384652,0.671,False
2014-02-18 09:00:00,90.95058162,0.388,False
2014-02-18 09:05:00,92.64398988,0.911,False
2014-02-18 09:10:00,91.01288883,0.333,False
2014-02-18 09:15:00,92.36719755,0.751,False
2014-02-18 09:20:00,92.31996167,0.765,False
2014-02-18 09:25:00,91.59202888,0.223,False
2014-02-18 09:30:00,91.69577083,0.379,False
2014-02-18 09:35:00,91.52675339,0.326,False
2014-02-18 09:40:00,90.94966985,0.156,False
2014-02-18 09:45:00,90.80123225,0.28,False
2014-02-18 09:50:00,92.07753228,0.786,False
2014-02-18 09:55:00,91.46121616,0.271,False
2014-02-18 10:00:00,89.47570086,1.307,False
2014-02-18 10:05:00,90.13500593,0.788,False
2014-02-18 10:10:00,90.20561398,0.732,False
2014-02-18 10:15:00,88.56129644,2.133,False
2014-02-18 10:20:00,90.60748078,0.449,False
2014-02-18 10:25:00,90.19174164,0.799,False
2014-02-18 10:30:00,90.74815942,0.26,False
2014-02-18 10:35:00,90.48385403,0.478,False
2014-02-18 10:40:00,89.93458869,0.948,False
2014-02-18 10:45:00,88.88993018,1.87,False
2014-02-18 10:50:00,89.83927159999998,1.005,False
2014-02-18 10:55:00,90.11579819,0.697,False
2014-02-18 11:00:00,89.80922546,0.894,False
2014-02-18 11:05:00,89.82621771,0.881,False
2014-02-18 11:10:00,90.58913362,0.28,False
2014-02-18 11:15:00,91.45809358,0.404,False
2014-02-18 11:20:00,90.44640836,0.381,False
2014-02-18 11:25:00,91.31659809,0.284,False
2014-02-18 11:30:00,91.90032426,0.718,False
2014-02-18 11:35:00,89.75352365,0.839,False
2014-02-18 11:40:00,91.00541826,0.081,False
2014-02-18 11:45:00,92.23659562,0.966,False
2014-02-18 11:50:00,91.80321547,0.702,False
2014-02-18 11:55:00,90.20162591,0.389,False
2014-02-18 12:00:00,91.12703507,0.287,False
2014-02-18 12:05:00,92.18699309,1.039,False
2014-02-18 12:10:00,91.31711046,0.47,False
2014-02-18 12:15:00,90.94058897,0.23,False
2014-02-18 12:20:00,91.28410008,0.496,False
2014-02-18 12:25:00,90.92808567,0.301,False
2014-02-18 12:30:00,90.87453031,0.266,False
2014-02-18 12:35:00,92.41137158,1.266,False
2014-02-18 12:40:00,91.47150718,0.655,False
2014-02-18 12:45:00,93.01995443,1.662,False
2014-02-18 12:50:00,92.23709735,1.153,False
2014-02-18 12:55:00,91.7678013,0.848,False
2014-02-18 13:00:00,91.63069943,0.758,False
2014-02-18 13:05:00,92.30940986,1.175,False
2014-02-18 13:10:00,91.04668724,0.292,False
2014-02-18 13:15:00,91.36251082,0.485,False
2014-02-18 13:20:00,90.90811247,0.178,False
2014-02-18 13:25:00,89.64074473,0.68,False
2014-02-18 13:30:00,90.6276152,0.067,False
2014-02-18 13:35:00,90.29579405,0.319,False
2014-02-18 13:40:00,89.36954772,0.936,False
2014-02-18 13:45:00,90.65300999,0.165,False
2014-02-18 13:50:00,89.9290946,0.627,False
2014-02-18 13:55:00,89.07468533,1.235,False
2014-02-18 14:00:00,89.22166366,1.174,False
2014-02-18 14:05:00,89.35159963,1.143,False
2014-02-18 14:10:00,89.2868755,1.226,False
2014-02-18 14:15:00,87.83648714,2.225,False
2014-02-18 14:20:00,88.87451068,1.529,False
2014-02-18 14:25:00,88.89738453,1.54,False
2014-02-18 14:30:00,87.76122236,2.302,False
2014-02-18 14:35:00,86.41111552,3.171,False
2014-02-18 14:40:00,83.73185038,5.031,False
2014-02-18 14:45:00,82.95390561,5.579,False
2014-02-18 14:50:00,80.96953884,7.084,True
2014-02-18 14:55:00,82.22203864,7.115,True
2014-02-18 15:00:00,84.82780901,4.494,False
2014-02-18 15:05:00,86.68204599,3.201,False
2014-02-18 15:10:00,87.36108509,2.92,False
2014-02-18 15:15:00,88.66939374,1.898,False
2014-02-18 15:20:00,89.68015567,1.184,False
2014-02-18 15:25:00,90.71817711,0.455,False
2014-02-18 15:30:00,91.8110169,0.328,False
2014-02-18 15:35:00,91.20604073,0.122,False
2014-02-18 15:40:00,92.11020586,0.537,False
2014-02-18 15:45:00,91.50495681,0.095,False
2014-02-18 15:50:00,91.78562599,0.318,False
2014-02-18 15:55:00,91.59717604,0.187,False
2014-02-18 16:00:00,91.53883562,0.138,False
2014-02-18 16:05:00,92.86741124,1.334,False
2014-02-18 16:10:00,91.35939203,0.013,False
2014-02-18 16:15:00,91.3856661,0.016,False
2014-02-18 16:20:00,92.97994215,1.356,False
2014-02-18 16:25:00,93.05719872,1.388,False
2014-02-18 16:30:00,91.18285783,0.294,False
2014-02-18 16:35:00,92.80493222,1.16,False
2014-02-18 16:40:00,91.32455998,0.171,False
2014-02-18 16:45:00,93.2238681,1.421,False
2014-02-18 16:50:00,91.63609785,0.017,False
2014-02-18 16:55:00,91.1034138,0.511,False
2014-02-18 17:00:00,92.44973156,0.638,False
2014-02-18 17:05:00,91.26197086,0.487,False
2014-02-18 17:10:00,91.50323043,0.3,False
2014-02-18 17:15:00,92.57546225,0.842,False
2014-02-18 17:20:00,92.57784645,0.859,False
2014-02-18 17:25:00,91.71500612,0.129,False
2014-02-18 17:30:00,93.31044089,1.588,False
2014-02-18 17:35:00,92.96886554,1.114,False
2014-02-18 17:40:00,91.50779429,0.62,False
2014-02-18 17:45:00,92.42905844,0.453,False
2014-02-18 17:50:00,92.01207809,0.032,False
2014-02-18 17:55:00,91.09517169,1.139,False
2014-02-18 18:00:00,91.22270747,1.004,False
2014-02-18 18:05:00,92.07820639,0.018,False
2014-02-18 18:10:00,92.98724679,1.058,False
2014-02-18 18:15:00,91.82140633,0.344,False
2014-02-18 18:20:00,92.17128387,0.074,False
2014-02-18 18:25:00,91.77811528,0.395,False
2014-02-18 18:30:00,92.67103149,0.67,False
2014-02-18 18:35:00,93.23674132,1.308,False
2014-02-18 18:40:00,93.13729498,1.189,False
2014-02-18 18:45:00,92.10854011,0.037,False
2014-02-18 18:50:00,92.48467183,0.32,False
2014-02-18 18:55:00,93.38749229,1.319,False
2014-02-18 19:00:00,92.91872519,0.675,False
2014-02-18 19:05:00,92.96363055,0.663,False
2014-02-18 19:10:00,91.42174124,1.094,False
2014-02-18 19:15:00,92.86749586,0.605,False
2014-02-18 19:20:00,92.62826255,0.259,False
2014-02-18 19:25:00,92.99453257,0.678,False
2014-02-18 19:30:00,91.09548463,1.459,False
2014-02-18 19:35:00,93.16064546,0.93,False
2014-02-18 19:40:00,93.16576871,1.029,False
2014-02-18 19:45:00,92.39390808,0.052,False
2014-02-18 19:50:00,92.93455685,0.683,False
2014-02-18 19:55:00,91.83319543,0.663,False
2014-02-18 20:00:00,92.01187462,0.467,False
2014-02-18 20:05:00,92.06780821,0.39,False
2014-02-18 20:10:00,92.41051732,0.01,False
2014-02-18 20:15:00,92.88207125,0.529,False
2014-02-18 20:20:00,91.65363586,0.873,False
2014-02-18 20:25:00,93.32605558,1.158,False
2014-02-18 20:30:00,92.92461866,0.618,False
2014-02-18 20:35:00,93.24387331,1.06,False
2014-02-18 20:40:00,91.08367031,1.509,False
2014-02-18 20:45:00,91.66616476,0.814,False
2014-02-18 20:50:00,93.34061717,1.263,False
2014-02-18 20:55:00,91.93172492,0.497,False
2014-02-18 21:00:00,92.65001084,0.363,False
2014-02-18 21:05:00,91.02644553,1.588,False
2014-02-18 21:10:00,92.80600998,0.482,False
2014-02-18 21:15:00,91.61151982,0.943,False
2014-02-18 21:20:00,91.75759668,0.769,False
2014-02-18 21:25:00,91.72491316,0.808,False
2014-02-18 21:30:00,92.26199056,0.191,False
2014-02-18 21:35:00,91.93014479,0.575,False
2014-02-18 21:40:00,91.12305047,1.539,False
2014-02-18 21:45:00,92.52530494,0.147,False
2014-02-18 21:50:00,92.30235982,0.119,False
2014-02-18 21:55:00,93.00745666,0.716,False
2014-02-18 22:00:00,93.01726785,0.798,False
2014-02-18 22:05:00,91.60618249,0.823,False
2014-02-18 22:10:00,91.57598823,0.854,False
2014-02-18 22:15:00,93.10856937,0.919,False
2014-02-18 22:20:00,92.87895703,0.722,False
2014-02-18 22:25:00,91.89829295,0.354,False
2014-02-18 22:30:00,91.47116749,0.853,False
2014-02-18 22:35:00,91.74178146,0.653,False
2014-02-18 22:40:00,93.23275215,1.279,False
2014-02-18 22:45:00,92.65833837,0.645,False
2014-02-18 22:50:00,92.47221706,0.404,False
2014-02-18 22:55:00,93.18703753,1.275,False
2014-02-18 23:00:00,91.65597752,0.599,False
2014-02-18 23:05:00,91.35550009,0.948,False
2014-02-18 23:10:00,92.43589275,0.345,False
2014-02-18 23:15:00,92.14153352,0.009,False
2014-02-18 23:20:00,91.78454152,0.357,False
2014-02-18 23:25:00,92.59985157,0.534,False
2014-02-18 23:30:00,91.33266019,0.763,False
2014-02-18 23:35:00,92.50062717,0.512,False
2014-02-18 23:40:00,91.87816911,0.115,False
2014-02-18 23:45:00,91.75578642,0.248,False
2014-02-18 23:50:00,92.52773174,0.546,False
2014-02-18 23:55:00,92.13257846,0.106,False
2014-02-19 00:00:00,91.08755193,1.07,False
2014-02-19 00:05:00,92.99510468,1.105,False
2014-02-19 00:10:00,93.09561254,1.152,False
2014-02-19 00:15:00,92.08981438,0.053,False
2014-02-19 00:20:00,91.49441979,0.597,False
2014-02-19 00:25:00,92.67947095,0.697,False
2014-02-19 00:30:00,92.85169515,0.809,False
2014-02-19 00:35:00,92.46777712,0.389,False
2014-02-19 00:40:00,91.91005599,0.238,False
2014-02-19 00:45:00,91.90897674,0.251,False
2014-02-19 00:50:00,92.76846204,0.688,False
2014-02-19 00:55:00,91.97377095,0.18,False
2014-02-19 01:00:00,91.95462232,0.195,False
2014-02-19 01:05:00,93.26595479,1.199,False
2014-02-19 01:10:00,93.01369027,0.901,False
2014-02-19 01:15:00,91.87550857,0.447,False
2014-02-19 01:20:00,91.35535572,1.001,False
2014-02-19 01:25:00,93.18316297,0.895,False
2014-02-19 01:30:00,92.77126054,0.336,False
2014-02-19 01:35:00,92.13522182,0.292,False
2014-02-19 01:40:00,91.88991482,0.528,False
2014-02-19 01:45:00,93.34815183,0.828,False
2014-02-19 01:50:00,91.28576541,1.073,False
2014-02-19 01:55:00,92.7478669,0.264,False
2014-02-19 02:00:00,91.71042565,0.679,False
2014-02-19 02:05:00,91.38972918,0.99,False
2014-02-19 02:10:00,91.37055227,1.032,False
2014-02-19 02:15:00,91.05965121,1.277,False
2014-02-19 02:20:00,91.14017878,1.141,False
2014-02-19 02:25:00,91.08795249,1.153,False
2014-02-19 02:30:00,92.74092812,0.099,False
2014-02-19 02:35:00,91.99235498,0.531,False
2014-02-19 02:40:00,91.09062904,1.19,False
2014-02-19 02:45:00,92.52274298,0.168,False
2014-02-19 02:50:00,93.32550463,0.381,False
2014-02-19 02:55:00,91.87721439,0.61,False
2014-02-19 03:00:00,91.38290225,0.931,False
2014-02-19 03:05:00,92.19094424,0.468,False
2014-02-19 03:10:00,92.54192943,0.249,False
2014-02-19 03:15:00,91.85435469,0.673,False
2014-02-19 03:20:00,91.38886465,1.053,False
2014-02-19 03:25:00,92.44740652,0.452,False
2014-02-19 03:30:00,93.22292372,0.012,False
2014-02-19 03:35:00,92.40140735,0.495,False
2014-02-19 03:40:00,92.87651582,0.202,False
2014-02-19 03:45:00,93.51117492,0.187,False
2014-02-19 03:50:00,93.43513612,0.138,False
2014-02-19 03:55:00,94.54677927,0.789,False
2014-02-19 04:00:00,95.39636238,1.27,False
2014-02-19 04:05:00,94.84208486,0.933,False
2014-02-19 04:10:00,96.21808481,1.612,False
2014-02-19 04:15:00,95.55196478,1.169,False
2014-02-19 04:20:00,95.44575177,1.077,False
2014-02-19 04:25:00,96.01660414,1.316,False
2014-02-19 04:30:00,96.33561508,1.459,False
2014-02-19 04:35:00,97.45299644,1.959,False
2014-02-19 04:40:00,96.45923411,1.43,False
2014-02-19 04:45:00,96.32807279,1.303,False
2014-02-19 04:50:00,97.96467504,1.965,False
2014-02-19 04:55:00,97.34397129,1.542,False
2014-02-19 05:00:00,97.79451114,1.526,False
2014-02-19 05:05:00,97.84363009,1.485,False
2014-02-19 05:10:00,95.95932199,0.874,False
2014-02-19 05:15:00,96.85780564,1.146,False
2014-02-19 05:20:00,96.57618435,1.02,False
2014-02-19 05:25:00,95.6453417,0.749,False
2014-02-19 05:30:00,97.15528374,1.188,False
2014-02-19 05:35:00,95.78502035,0.789,False
2014-02-19 05:40:00,95.29218685,0.623,False
2014-02-19 05:45:00,95.23225602,0.591,False
2014-02-19 05:50:00,95.74484543,0.74,False
2014-02-19 05:55:00,95.60723911,0.7,False
2014-02-19 06:00:00,93.93801585,0.177,False
2014-02-19 06:05:00,94.59212629,0.337,False
2014-02-19 06:10:00,93.64611647,0.05,False
2014-02-19 06:15:00,93.17652092,0.098,False
2014-02-19 06:20:00,94.34625549,0.223,False
2014-02-19 06:25:00,93.51845468,0.023,False
2014-02-19 06:30:00,92.69543212,0.259,False
2014-02-19 06:35:00,93.12087559,0.185,False
2014-02-19 06:40:00,92.34893868,0.398,False
2014-02-19 06:45:00,91.2456595,0.747,False
2014-02-19 06:50:00,93.02051625,0.323,False
2014-02-19 06:55:00,91.6704062,0.734,False
2014-02-19 07:00:00,90.52242599,0.997,False
2014-02-19 07:05:00,90.89261836,0.842,False
2014-02-19 07:10:00,89.68593992,1.143,False
2014-02-19 07:15:00,90.3266829,0.952,False
2014-02-19 07:20:00,90.74457968,0.837,False
2014-02-19 07:25:00,89.14558655,1.235,False
2014-02-19 07:30:00,89.76994099,1.067,False
2014-02-19 07:35:00,90.45665062,0.884,False
2014-02-19 07:40:00,90.66244697,0.852,False
2014-02-19 07:45:00,88.82703554,1.44,False
2014-02-19 07:50:00,90.75903125,0.843,False
2014-02-19 07:55:00,90.93252661,0.775,False
2014-02-19 08:00:00,90.86765561,0.769,False
2014-02-19 08:05:00,90.0029766,1.028,False
2014-02-19 08:10:00,91.61253477,0.491,False
2014-02-19 08:15:00,90.71392049,0.782,False
2014-02-19 08:20:00,92.48726652,0.186,False
2014-02-19 08:25:00,92.43718434,0.18,False
2014-02-19 08:30:00,91.7896567,0.372,False
2014-02-19 08:35:00,93.43459034,0.204,False
2014-02-19 08:40:00,93.59667328,0.293,False
2014-02-19 08:45:00,92.95729827,0.096,False
2014-02-19 08:50:00,94.09305402,0.494,False
2014-02-19 08:55:00,94.7492771,0.728,False
2014-02-19 09:00:00,94.5380685,0.671,False
2014-02-19 09:05:00,94.65449801,0.715,False
2014-02-19 09:10:00,93.6062604,0.388,False
2014-02-19 09:15:00,95.79243484,1.086,False
2014-02-19 09:20:00,95.23423366,0.909,False
2014-02-19 09:25:00,95.67571663,1.047,False
2014-02-19 09:30:00,94.98376524,0.831,False
2014-02-19 09:35:00,93.50065717,0.368,False
2014-02-19 09:40:00,95.39554756,0.959,False
2014-02-19 09:45:00,94.49846593,0.665,False
2014-02-19 09:50:00,94.43552568,0.63,False
2014-02-19 09:55:00,93.9129355,0.463,False
2014-02-19 10:00:00,92.89568303,0.123,False
2014-02-19 10:05:00,93.34418768,0.262,False
2014-02-19 10:10:00,92.56307109,0.014,False
2014-02-19 10:15:00,93.96363158,0.452,False
2014-02-19 10:20:00,92.64510615,0.038,False
2014-02-19 10:25:00,92.297879,0.218,False
2014-02-19 10:30:00,93.90971046,0.48,False
2014-02-19 10:35:00,93.08963825,0.081,False
2014-02-19 10:40:00,93.26421001,0.145,False
2014-02-19 10:45:00,92.74007974,0.168,False
2014-02-19 10:50:00,92.12319709999998,0.589,False
2014-02-19 10:55:00,90.91537759,1.313,False
2014-02-19 11:00:00,91.18316937,1.187,False
2014-02-19 11:05:00,90.80631017,1.463,False
2014-02-19 11:10:00,92.54714016,0.483,False
2014-02-19 11:15:00,91.00585235,1.452,False
2014-02-19 11:20:00,90.72704516,1.648,False
2014-02-19 11:25:00,90.02528249,2.054,False
2014-02-19 11:30:00,91.55674386,1.16,False
2014-02-19 11:35:00,91.80333835,1.02,False
2014-02-19 11:40:00,90.80907674,1.581,False
2014-02-19 11:45:00,89.99003773,2.006,False
2014-02-19 11:50:00,91.41667275,1.258,False
2014-02-19 11:55:00,91.32135648,1.306,False
2014-02-19 12:00:00,91.41110499,1.261,False
2014-02-19 12:05:00,91.58023571,1.175,False
2014-02-19 12:10:00,93.00888737,0.455,False
2014-02-19 12:15:00,91.74865312,1.054,False
2014-02-19 12:20:00,93.7904813,0.071,False
2014-02-19 12:25:00,92.83149095,0.533,False
2014-02-19 12:30:00,93.26345399,0.337,False
2014-02-19 12:35:00,94.20188324,0.144,False
2014-02-19 12:40:00,92.73839155,0.599,False
2014-02-19 12:45:00,93.28696436,0.313,False
2014-02-19 12:50:00,94.52383633,0.309,False
2014-02-19 12:55:00,95.0154579,0.563,False
2014-02-19 13:00:00,93.40569091,0.231,False
2014-02-19 13:05:00,94.12446571,0.109,False
2014-02-19 13:10:00,93.65085461,0.144,False
2014-02-19 13:15:00,94.34209123,0.189,False
2014-02-19 13:20:00,94.61720496,0.3,False
2014-02-19 13:25:00,94.53407442,0.204,False
2014-02-19 13:30:00,94.8061269,0.306,False
2014-02-19 13:35:00,95.55318266,0.613,False
2014-02-19 13:40:00,94.65727967,0.16,False
2014-02-19 13:45:00,95.3773082,0.397,False
2014-02-19 13:50:00,96.8205562,0.899,False
2014-02-19 13:55:00,94.90090014,0.139,False
2014-02-19 14:00:00,95.10890051,0.218,False
2014-02-19 14:05:00,97.18435244,1.017,False
2014-02-19 14:10:00,95.55604323,0.408,False
2014-02-19 14:15:00,96.10357166,0.57,False
2014-02-19 14:20:00,95.96110704,0.55,False
2014-02-19 14:25:00,97.76087031,1.408,False
2014-02-19 14:30:00,97.17570413,1.162,False
2014-02-19 14:35:00,96.76856299,0.98,False
2014-02-19 14:40:00,96.73986798,0.942,False
2014-02-19 14:45:00,97.28457801,1.19,False
2014-02-19 14:50:00,97.54977357,1.307,False
2014-02-19 14:55:00,98.16295219,1.604,False
2014-02-19 15:00:00,97.36090483,1.229,False
2014-02-19 15:05:00,98.18541493,1.729,False
2014-02-19 15:10:00,97.80416849,1.498,False
2014-02-19 15:15:00,97.13546835,0.988,False
2014-02-19 15:20:00,98.05685212,1.516,False
2014-02-19 15:25:00,96.90386085,0.759,False
